dsd,version,position,dimension,codelist
BES_TERRIT,1.1,1,FREQ,CL_FREQ
BES_TERRIT,1.1,2,REF_AREA,CL_ITTER107
BES_TERRIT,1.1,3,DOMAIN,CL_SUS_DOMAIN
BES_TERRIT,1.1,4,DATA_TYPE,CL_BES_INDICATOR
BES_TERRIT,1.1,5,SEX,CL_SEXISTAT1
BES_TERRIT,1.1,6,EDITION,CL_T_BIS
COMP_FRA_IND_MUNICIPAL,1.0,1,FREQ,CL_FREQ
COMP_FRA_IND_MUNICIPAL,1.0,2,REF_AREA,CL_ITTER107
COMP_FRA_IND_MUNICIPAL,1.0,3,DATA_TYPE,CL_CFI_INDICATORS
CPI_CLOUDINV,1.0,1,FREQ,CL_FREQ
CPI_CLOUDINV,1.0,2,REF_AREA,CL_ITTER107
CPI_CLOUDINV,1.0,3,DATA_TYPE,CL_TIPO_DATO_CIS
CPI_CLOUDINV,1.0,4,ECON_ACTIVITY_NACE_2007,CL_ATECO_2007
CPI_CLOUDINV,1.0,5,PERS_EMPL_SIZE_CLASS,CL_CLLVT
CPI_CLOUDINV,1.0,6,USE_BUSS_MAN_SOFT,CL_STRATEGIE_IMP
CPI_CLOUDINV,1.0,7,USE_CLOUD_SERV,CL_STRATEGIE_IMP
CPI_CLOUDINV,1.0,8,PERC_TURN_PUB_CLOUD_SERV,CL_NUMEROSITA
CPI_CLOUDINV,1.0,9,PERC_TURN_PRI_CLOUD_SERV,CL_NUMEROSITA
CPI_CLOUDINV,1.0,10,PERC_TURN_CLOUD_SERV,CL_NUMEROSITA
CPI_CLOUDINV,1.0,11,INV_DGITECH_LAST_THREE_Y,CL_STRATEGIE_IMP
CPI_CLOUDINV,1.0,12,INV_DGITECH_NEXT_THREE_Y,CL_STRATEGIE_IMP
CPI_CLOUDINV,1.0,13,DIGIT_CONSEC,CL_CONSEG_OSTACOLI
CPI_INNOVDIG,1.0,1,FREQ,CL_FREQ
CPI_INNOVDIG,1.0,2,REF_AREA,CL_ITTER107
CPI_INNOVDIG,1.0,3,DATA_TYPE,CL_TIPO_DATO_CIS
CPI_INNOVDIG,1.0,4,ECON_ACTIVITY_NACE_2007,CL_ATECO_2007
CPI_INNOVDIG,1.0,5,PERS_EMPL_SIZE_CLASS,CL_CLLVT
CPI_INNOVDIG,1.0,6,ACT_OWN_INN_PRJ,CL_STRATEGIE_IMP
CPI_INNOVDIG,1.0,7,PERC_TURN_INNOV_PURP,CL_NUMEROSITA
CPI_INNOVDIG,1.0,8,DIGIT_PLAT_S_GOOD_P_SERV,CL_STRATEGIE_IMP
CPI_INNOVDIG,1.0,9,PERC_TURN_DIGIT_PLATF,CL_NUMEROSITA
CPI_INNOVDIG,1.0,10,DIGIT_PLAT,CL_NUMEROSITA
CPI_INNOVDIG,1.0,11,CONSEQ_DIGIT_MEDI_PLAT,CL_CONSEG_OSTACOLI
CPI_TRAINDIG,1.0,1,FREQ,CL_FREQ
CPI_TRAINDIG,1.0,2,REF_AREA,CL_ITTER107
CPI_TRAINDIG,1.0,3,DATA_TYPE,CL_TIPO_DATO_CIS
CPI_TRAINDIG,1.0,4,ECON_ACTIVITY_NACE_2007,CL_ATECO_2007
CPI_TRAINDIG,1.0,5,PERS_EMPL_SIZE_CLASS,CL_CLLVT
CPI_TRAINDIG,1.0,6,TRAI_DIGTECH_LASTYEAR,CL_STRATEGIE_IMP
CPI_TRAINDIG,1.0,7,REL_SKILL_FORCOMP,CL_STRATEGIE_IMP
CPI_TRAINDIG,1.0,8,SKILL_AD_HELD_PERS,CL_STRATEGIE_IMP
CPI_TRAINDIG,1.0,9,REL_TASK_BUSINESS,CL_STRATEGIE_IMP
CPI_TRAINDIG,1.0,10,REL_AREA_STAF_PERF,CL_ORD_LIVELLO
CPI_TRAINDIG,1.0,11,ACT_DEAL_CONS_MAN,CL_STRATEGIE_IMP
DCAR_ATT_NOTAR,1.0,1,FREQ,CL_FREQ
DCAR_ATT_NOTAR,1.0,2,REF_AREA,CL_ITTER107
DCAR_ATT_NOTAR,1.0,3,DISTRICT_NOTARIAL_ARCH,CL_ARCH_NOT
DCAR_ATT_NOTAR,1.0,4,TYPE_NOTARIAL_DEED,CL_TIPO_ATTO_NOT
DCAR_CONTECON_ASLAO,1.0,1,FREQ,CL_FREQ
DCAR_CONTECON_ASLAO,1.0,2,REF_AREA,CL_ITTER107
DCAR_CONTECON_ASLAO,1.0,3,INSTITUTIONAL_UNITS,CL_TIPOENTE
DCAR_CONTECON_ASLAO,1.0,4,PROFIT_LOSS,CL_FASECONTO
DCAR_CONTECON_CC,1.0,1,FREQ,CL_FREQ
DCAR_CONTECON_CC,1.0,2,REF_AREA,CL_ITTER107
DCAR_CONTECON_CC,1.0,3,INSTITUTIONAL_UNITS,CL_TIPOENTE
DCAR_CONTECON_CC,1.0,4,PROFIT_LOSS,CL_FASECONTO
DCAR_CONTECON_UNI,1.0,1,FREQ,CL_FREQ
DCAR_CONTECON_UNI,1.0,2,REF_AREA,CL_ITTER107
DCAR_CONTECON_UNI,1.0,3,BODY,CL_TIPOENTE
DCAR_CONTECON_UNI,1.0,4,PROFIT_LOSS,CL_FASECONTO
DCAR_CONV_ATT_NOT,1.0,1,FREQ,CL_FREQ
DCAR_CONV_ATT_NOT,1.0,2,REF_AREA,CL_ITTER107
DCAR_CONV_ATT_NOT,1.0,3,DISTRICT_NOTARIAL_ARCH,CL_ARCH_NOT
DCAR_CONV_ATT_NOT,1.0,4,TYPE_AGREEMENT,CL_TIPO_CONV
DCAR_DEC_AMM,1.0,1,FREQ,CL_FREQ
DCAR_DEC_AMM,1.0,2,REF_AREA,CL_ITTER107
DCAR_DEC_AMM,1.0,3,JUDICIAL_OFFICE,CL_GIUST_UFFICIO1
DCAR_DEC_AMM,1.0,4,TYPE_DECISION,CL_DECISIONE
DCAR_DIPENTIPREV,1.0,1,FREQ,CL_FREQ
DCAR_DIPENTIPREV,1.0,2,REF_AREA,CL_ITTER107
DCAR_DIPENTIPREV,1.0,3,SOCIAL_SECUR_FUNDS,CL_TIPOENTE
DCAR_DIPENTIPREV,1.0,4,TYPE_OF_CONTRACT,CL_CARATT_OCC
DCAR_DIPENTIPREV,1.0,5,Y_S13_MEMBERSHIP_LIST,CL_SI_NO
DCAR_ENTIST,1.0,1,FREQ,CL_FREQ
DCAR_ENTIST,1.0,2,REF_AREA,CL_ITTER107
DCAR_ENTIST,1.0,3,INSTITUTIONAL_UNITS,CL_TIPOENTE
DCAR_ENTIST,1.0,4,REVENUE_PHASE,CL_FASENTSPE
DCAR_ENTIST,1.0,5,REVENUE_TYPE,CL_TIPENTSPE
DCAR_ENTIST_PA,1.0,1,FREQ,CL_FREQ
DCAR_ENTIST_PA,1.0,2,REF_AREA,CL_ITTER107
DCAR_ENTIST_PA,1.0,3,INSTITUTIONAL_UNITS,CL_TIPOENTE
DCAR_ENTIST_PA,1.0,4,REVENUE_PHASE,CL_FASENTSPE
DCAR_ENTIST_PA,1.0,5,REVENUE_TYPE,CL_TIPENTSPE
DCAR_ENTPREVDIP,1.0,1,FREQ,CL_FREQ
DCAR_ENTPREVDIP,1.0,2,REF_AREA,CL_ITTER107
DCAR_ENTPREVDIP,1.0,3,SOCIAL_SECUR_FUNDS,CL_TIPOENTE
DCAR_ENTPREVDIP,1.0,4,TYPE_OF_CONTRACT,CL_CARATT_OCC
DCAR_ENTPREVDIP_PA,1.0,1,FREQ,CL_FREQ
DCAR_ENTPREVDIP_PA,1.0,2,REF_AREA,CL_ITTER107
DCAR_ENTPREVDIP_PA,1.0,3,SOCIAL_SECUR_FUNDS,CL_TIPOENTE
DCAR_ENTPREVDIP_PA,1.0,4,TYPE_OF_CONTRACT,CL_CARATT_OCC
DCAR_ENTPREVENT,1.0,1,FREQ,CL_FREQ
DCAR_ENTPREVENT,1.0,2,REF_AREA,CL_ITTER107
DCAR_ENTPREVENT,1.0,3,SOCIAL_SECUR_FUNDS,CL_TIPOENTE
DCAR_ENTPREVENT,1.0,4,REVENUE_PHASE,CL_FASENTSPE
DCAR_ENTPREVENT,1.0,5,REVENUE_TYPE,CL_TIPENTSPE
DCAR_ENTPREVENT_PA,1.0,1,FREQ,CL_FREQ
DCAR_ENTPREVENT_PA,1.0,2,REF_AREA,CL_ITTER107
DCAR_ENTPREVENT_PA,1.0,3,SOCIAL_SECUR_FUNDS,CL_TIPOENTE
DCAR_ENTPREVENT_PA,1.0,4,REVENUE_PHASE,CL_FASENTSPE
DCAR_ENTPREVENT_PA,1.0,5,REVENUE_TYPE,CL_TIPENTSPE
DCAR_ENTPREVSPE,1.0,1,FREQ,CL_FREQ
DCAR_ENTPREVSPE,1.0,2,REF_AREA,CL_ITTER107
DCAR_ENTPREVSPE,1.0,3,SOCIAL_SECUR_FUNDS,CL_TIPOENTE
DCAR_ENTPREVSPE,1.0,4,EXPENDIT_PHASE,CL_FASENTSPE
DCAR_ENTPREVSPE,1.0,5,EXPENDITURE_TYPE,CL_TIPENTSPE
DCAR_ENTPREVSPE_PA,1.0,1,FREQ,CL_FREQ
DCAR_ENTPREVSPE_PA,1.0,2,REF_AREA,CL_ITTER107
DCAR_ENTPREVSPE_PA,1.0,3,SOCIAL_SECUR_FUNDS,CL_TIPOENTE
DCAR_ENTPREVSPE_PA,1.0,4,EXPENDIT_PHASE,CL_FASENTSPE
DCAR_ENTPREVSPE_PA,1.0,5,EXPENDITURE_TYPE,CL_TIPENTSPE
DCAR_INDBILPER,1.0,1,FREQ,CL_FREQ
DCAR_INDBILPER,1.0,2,BODY_TYPE,CL_TIPOENTE
DCAR_INDBILPER,1.0,3,DATA_TYPE,CL_TIPO_DATO31
DCAR_INDCENS_PA,1.0,1,FREQ,CL_FREQ
DCAR_INDCENS_PA,1.0,2,REF_AREA,CL_ITTER107
DCAR_INDCENS_PA,1.0,3,DATA_TYPE,CL_TIPO_DATO31
DCAR_INDCENS_PA,1.0,4,BODY_TYPE,CL_TIPOENTE
DCAR_INDCENS_PA,1.0,5,PUBLIC_SERVICE,CL_SERVIZIO_PUBB
DCAR_NUM_PROC_CIV,1.0,1,FREQ,CL_FREQ
DCAR_NUM_PROC_CIV,1.0,2,REF_AREA,CL_ITTER107
DCAR_NUM_PROC_CIV,1.0,3,DATA_TYPE,CL_TIPO_DATO10
DCAR_NUM_PROC_CIV,1.0,4,FLOW_PROCEEDINGS,CL_GIUST_MOVIMENTO
DCAR_NUM_PROC_CIV,1.0,5,DEGREE_JUDGEMENT,CL_GIUST_GRADO
DCAR_NUM_PROC_CIV,1.0,6,JUDICIAL_OFFICE,CL_GIUST_UFFICIO
DCAR_NUM_PROC_CIV,1.0,7,DISTRICT_COURT_APPEAL,CL_GIUST_CORTE
DCAR_NUM_PROC_PEN,1.0,1,FREQ,CL_FREQ
DCAR_NUM_PROC_PEN,1.0,2,REF_AREA,CL_ITTER107
DCAR_NUM_PROC_PEN,1.0,3,FLOW_PROCEEDINGS,CL_GIUST_MOVIMENTO
DCAR_NUM_PROC_PEN,1.0,4,DEGREE_JUDGEMENT,CL_GIUST_GRADO
DCAR_NUM_PROC_PEN,1.0,5,JUDICIAL_OFFICE,CL_GIUST_UFFICIO
DCAR_PENSIONATI,1.0,1,FREQ,CL_FREQ
DCAR_PENSIONATI,1.0,2,REF_AREA,CL_ITTER107
DCAR_PENSIONATI,1.0,3,DATA_TYPE,CL_TIPO_DATO13
DCAR_PENSIONATI,1.0,4,PENSION_TYPE,CL_TIPO_PENSIONE
DCAR_PENSIONATI,1.0,5,SEX,CL_SEXISTAT1
DCAR_PENSIONATI,1.0,6,MONTHLY_AMOUNT_CLASS,CL_CLAIMPORTO12
DCAR_PENSIONATI,1.0,7,AGE,CL_CLASETA21
DCAR_PENSIONATI1,1.0,1,FREQ,CL_FREQ
DCAR_PENSIONATI1,1.0,2,REF_AREA,CL_ITTER107
DCAR_PENSIONATI1,1.0,3,DATA_TYPE,CL_TIPO_DATO38
DCAR_PENSIONATI1,1.0,4,PENSION_TYPE,CL_TIPO_PENSIONE1
DCAR_PENSIONATI1,1.0,5,MONTHLY_AMOUNT_CLASS,CL_IMPORTOEURO
DCAR_PENSIONATI1,1.0,6,SEX,CL_SEXISTAT1
DCAR_PENSIONATI1,1.0,7,AGE,CL_ETA1
DCAR_PENSIONATI2,1.0,1,FREQ,CL_FREQ
DCAR_PENSIONATI2,1.0,2,REF_AREA,CL_ITTER107
DCAR_PENSIONATI2,1.0,3,DATA_TYPE,CL_TIPO_DATO38
DCAR_PENSIONATI2,1.0,4,PENSION_TYPE,CL_TIPO_PENSIONE1
DCAR_PENSIONATI2,1.0,5,MONTHLY_AMOUNT_CLASS,CL_IMPORTOEURO
DCAR_PENSIONATI2,1.0,6,SEX,CL_SEXISTAT1
DCAR_PENSIONATI2,1.0,7,AGE,CL_ETA1
DCAR_PENSIONI,1.0,1,FREQ,CL_FREQ
DCAR_PENSIONI,1.0,2,REF_AREA,CL_ITTER107
DCAR_PENSIONI,1.0,3,DATA_TYPE,CL_TIPO_DATO13
DCAR_PENSIONI,1.0,4,PENSION_TYPE,CL_TIPO_PENSIONE
DCAR_PENSIONI,1.0,5,SEX,CL_SEXISTAT1
DCAR_PENSIONI,1.0,6,MONTHLY_AMOUNT_CLASS,CL_CLAIMPORTO12
DCAR_PENSIONI,1.0,7,AGE,CL_CLASETA21
DCAR_PENSIONI1,1.0,1,FREQ,CL_FREQ
DCAR_PENSIONI1,1.0,2,REF_AREA,CL_ITTER107
DCAR_PENSIONI1,1.0,3,DATA_TYPE,CL_TIPO_DATO38
DCAR_PENSIONI1,1.0,4,PENSION_TYPE,CL_TIPO_PENSIONE1
DCAR_PENSIONI1,1.0,5,MONTHLY_AMOUNT_CLASS,CL_IMPORTOEURO
DCAR_PENSIONI1,1.0,6,BODY_PENSION_SECTOR,CL_SETTORE
DCAR_PENSIONI1,1.0,7,SEX,CL_SEXISTAT1
DCAR_PENSIONI1,1.0,8,AGE,CL_ETA1
DCAR_PENSIONI1,1.0,9,EX_PROF_STATUS,CL_PROFILO_PROF
DCAR_PENSIONI2,1.0,1,FREQ,CL_FREQ
DCAR_PENSIONI2,1.0,2,REF_AREA,CL_ITTER107
DCAR_PENSIONI2,1.0,3,DATA_TYPE,CL_TIPO_DATO38
DCAR_PENSIONI2,1.0,4,PENSION_TYPE,CL_TIPO_PENSIONE1
DCAR_PENSIONI2,1.0,5,MONTHLY_AMOUNT_CLASS,CL_IMPORTOEURO
DCAR_PENSIONI2,1.0,6,PENSIONER_SECTOR_PUBPRIV,CL_SETTORE
DCAR_PENSIONI2,1.0,7,SEX,CL_SEXISTAT1
DCAR_PENSIONI2,1.0,8,AGE,CL_ETA1
DCAR_PENSIONI2,1.0,9,EX_PROF_STATUS,CL_PROFILO_PROF
DCAR_PROC_AMM,1.0,1,FREQ,CL_FREQ
DCAR_PROC_AMM,1.0,2,REF_AREA,CL_ITTER107
DCAR_PROC_AMM,1.0,3,JUDICIAL_OFFICE,CL_GIUST_UFFICIO1
DCAR_PROC_AMM,1.0,4,FLOW_PROCEEDINGS,CL_GIUST_MOVIMENTO
DCAR_PROC_AMM,1.0,5,SUBJECT,CL_GIUST_MATERIA1
DCAR_PROC_CIV,1.0,1,FREQ,CL_FREQ
DCAR_PROC_CIV,1.0,2,REF_AREA,CL_ITTER107
DCAR_PROC_CIV,1.0,3,FLOW_PROCEEDINGS,CL_GIUST_MOVIMENTO
DCAR_PROC_CIV,1.0,4,DEGREE_JUDGEMENT,CL_GIUST_GRADO
DCAR_PROC_CIV,1.0,5,SUBJECT,CL_GIUST_MATERIA
DCAR_PROTESTI,1.0,1,FREQ,CL_FREQ
DCAR_PROTESTI,1.0,2,TERR_REGISTRATION,CL_ITTER107
DCAR_PROTESTI,1.0,3,DATA_TYPE,CL_TIPO_DATO11
DCAR_PROTESTI,1.0,4,TYPE_CREDIT_INSTRUMENT,CL_TITOLO_CREDITO
DCAR_PROTESTI,1.0,5,AMOUNT_CREDIT_INSTRUMENT,CL_TAGLIO_CREDITO
DCAR_PROTESTI,1.0,6,TERR_OF_COLLECTION,CL_ITTER107
DCAR_PROTESTI,1.0,7,DISTRICT_COURT_APPEAL,CL_GIUST_CORTE
DCAR_SPEIST,1.0,1,FREQ,CL_FREQ
DCAR_SPEIST,1.0,2,REF_AREA,CL_ITTER107
DCAR_SPEIST,1.0,3,INSTITUTIONAL_UNITS,CL_TIPOENTE
DCAR_SPEIST,1.0,4,EXPENDIT_PHASE,CL_FASENTSPE
DCAR_SPEIST,1.0,5,EXPENDITURE_TYPE,CL_TIPENTSPE
DCAR_SPEIST_PA,1.0,1,FREQ,CL_FREQ
DCAR_SPEIST_PA,1.0,2,REF_AREA,CL_ITTER107
DCAR_SPEIST_PA,1.0,3,INSTITUTIONAL_UNITS,CL_TIPOENTE
DCAR_SPEIST_PA,1.0,4,EXPENDIT_PHASE,CL_FASENTSPE
DCAR_SPEIST_PA,1.0,5,EXPENDITURE_TYPE,CL_TIPENTSPE
DCAR_STATPATCC,1.1,1,FREQ,CL_FREQ
DCAR_STATPATCC,1.1,2,REF_AREA,CL_ITTER107
DCAR_STATPATCC,1.1,3,BALANCE_SHEET_CC,CL_STATO_PATRIMONIALE
DCAR_STATPAT_UNI,1.0,1,FREQ,CL_FREQ
DCAR_STATPAT_UNI,1.0,2,REF_AREA,CL_ITTER107
DCAR_STATPAT_UNI,1.0,3,BODY,CL_TIPOENTE
DCAR_STATPAT_UNI,1.0,4,BALANCE_SHEET_CC,CL_STATO_PATRIMONIALE
DCAR_UI,1.0,1,FREQ,CL_FREQ
DCAR_UI,1.0,2,REF_AREA,CL_ITTER107
DCAR_UI,1.0,3,INSTITUTIONAL_UNITS,CL_TIPOENTE
DCAT_CENSAGRIC2020,1.0,1,FREQ,CL_FREQ
DCAT_CENSAGRIC2020,1.0,2,REF_AREA,CL_ITTER107
DCAT_CENSAGRIC2020,1.0,3,DATA_TYPE,CL_TIPO_DATO5
DCAT_CENSAGRIC2020,1.0,4,LEGAL_FORM,CL_FORMGIUR
DCAT_CENSAGRIC2020,1.0,5,QWN_USE_MECH_MEANS,CL_TIT_POSSESSO
DCAT_CENSAGRIC2020,1.0,6,ALTIMETRIC_ZONE,CL_ZONA_ALTIM
DCAT_CENSAGRIC2020,1.0,7,AGRI_AREA_CLASS,CL_CLASSE_SAU
DCAT_CENSAGRIC2020,1.0,8,TYPE_OF_CROP,CL_AGRI_MADRE
DCAT_CENSAGRIC2020,1.0,9,TYPE_OF_HERD,CL_TIPO_ALLEVAMENTO
DCAT_CENSAGRIC2020,1.0,10,GAINFUL_ACTIVITIES,CL_ATTCONNESSE
DCAT_CENSAGRIC2020,1.0,11,KIND_OF_RENEW_ENERGY,CL_TIPO_FONTENERG
DCAT_CENSAGRIC2020,1.0,12,EDU_LEV_FARM_MAN,CL_TITOLO_STUDIO
DCAT_CENSAGRIC2020,1.0,13,LABOUR_FORCE_CATEG,CL_MANODOPERA
DCAT_CENSAGRIC2020,1.0,14,NAT_LAB_FORCE,CL_ISO
DCAT_CENSAGRIC2020,1.0,15,SUBCONTRACTING,CL_ENTERPRISE_FEATURES
DCAT_CENSAGRIC2020,1.0,16,INFORM_TECH_LEVEL,CL_ENTERPRISE_FEATURES
DCAT_CENSAGRIC2020,1.0,17,SEX,CL_SEXISTAT1
DCAT_CENSAGRIC2020,1.0,18,AGE,CL_ETA1
DCAT_CENSAGRIC2020,1.0,19,LABOUR_DAYS,CL_DURATA
DCAT_CENSAGRIC2020,1.0,20,HEADS_NUMBER,CL_NUMEROSITA
DCAT_CENSAGRIC2020,1.0,21,INVEST_SECTOR,CL_ENTERPRISE_FEATURES
DCAT_CENSAGRIC2020,1.0,22,IRRIGATION_SYSTEM,CL_ENTERPRISE_FEATURES
DCAT_CENSAGRIC2020,1.0,23,WATER_IRRIG_SOURCE,CL_ENTERPRISE_FEATURES
DCAT_CENSAGRIC2020,1.0,24,RELAYING_TYPE,CL_ENTERPRISE_FEATURES
DCAT_CENSAGRIC2020,1.0,25,TYPE_LIVESTOCK_EFFLUENTS,CL_ENTERPRISE_FEATURES
DCAT_CENSAGRIC2020,1.0,26,TYPE_STORAGE_EFFLUENTS,CL_ENTERPRISE_FEATURES
DCAT_CENSAGRIC2020,1.0,27,FARM_PRODUCT_SALE,CL_TIPO_MERCE
DCAT_CENSAGRIC2020,1.0,28,COMMMARKETING_CHANNEL,CL_ENTERPRISE_FEATURES
DCAT_CENSAGRIC2020,1.0,29,TURNOVER_SOURCE,CL_ENTERPRISE_FEATURES
DCAT_CENSAGRIC2020,1.0,30,COVID_EFFECTS,CL_ENTERPRISE_FEATURES
DCAT_CENSAGRIC2020,1.0,31,COVID_MEASURE,CL_ENTERPRISE_FEATURES
DCAT_CENSAGRIC2020,1.0,32,ECON_DIMEN_STAND_OUTPUT,CL_IMPORTOEURO
DCAT_CENSAGRIC2020,1.0,33,TYPE_OF_FARMING,CL_OTE
DCAT_CENSAGRIC2020_01,1.0,1,FREQ,CL_FREQ
DCAT_CENSAGRIC2020_01,1.0,2,REF_AREA,CL_ITTER107
DCAT_CENSAGRIC2020_01,1.0,3,DATA_TYPE,CL_TIPO_DATO5
DCAT_CENSAGRIC2020_01,1.0,4,LEGAL_FORM,CL_FORMGIUR
DCAT_CENSAGRIC2020_01,1.0,5,OWN_USE_MECH_MEANS,CL_TIT_POSSESSO
DCAT_CENSAGRIC2020_01,1.0,6,ALTIMETRIC_ZONE,CL_ZONA_ALTIM
DCAT_CENSAGRIC2020_01,1.0,7,AGRI_AREA_CLASS,CL_CLASSE_SAU
DCAT_CENSAGRIC2020_01,1.0,8,AWU_CLASS,CL_NUMEROSITA
DCAT_CENSAGRIC2020_01,1.0,9,TYPE_OF_CROP,CL_AGRI_MADRE
DCAT_CENSAGRIC2020_01,1.0,10,TYPE_OF_HERD,CL_TIPO_ALLEVAMENTO
DCAT_CENSAGRIC2020_01,1.0,11,GAINFUL_ACTIVITIES,CL_ATTCONNESSE
DCAT_CENSAGRIC2020_01,1.0,12,KIND_OF_RENEW_ENERGY,CL_TIPO_FONTENERG
DCAT_CENSAGRIC2020_01,1.0,13,EDU_LEV_FARM_MAN,CL_TITOLO_STUDIO
DCAT_CENSAGRIC2020_01,1.0,14,LABOUR_FORCE_CATEG,CL_MANODOPERA
DCAT_CENSAGRIC2020_01,1.0,15,NAT_LAB_FORCE,CL_ISO
DCAT_CENSAGRIC2020_01,1.0,16,AGRIFARM_FEATURES,CL_ENTERPRISE_FEATURES
DCAT_CENSAGRIC2020_01,1.0,17,SEX,CL_SEXISTAT1
DCAT_CENSAGRIC2020_01,1.0,18,AGE,CL_ETA1
DCAT_CENSAGRIC2020_01,1.0,19,LABOUR_DAYS,CL_DURATA
DCAT_CENSAGRIC2020_01,1.0,20,HEADS_NUMBER,CL_NUMEROSITA
DCAT_CENSAGRIC2020_01,1.0,21,INVEST_SECTOR,CL_ENTERPRISE_FEATURES
DCAT_CENSAGRIC2020_01,1.0,22,FARM_PRODUCT_SALE,CL_TIPO_MERCE
DCAT_CENSAGRIC2020_01,1.0,23,COMMMARKETING_CHANNEL,CL_ENTERPRISE_FEATURES
DCAT_CENSAGRIC2020_01,1.0,24,TURNOVER_SOURCE,CL_ENTERPRISE_FEATURES
DCAT_CENSAGRIC2020_01,1.0,25,COVID_EFFECTS,CL_ENTERPRISE_FEATURES
DCAT_CENSAGRIC2020_01,1.0,26,COVID_MEASURE,CL_ENTERPRISE_FEATURES
DCAT_CENSAGRIC2020_01,1.0,27,ECON_DIMEN_STAND_OUTPUT,CL_IMPORTOEURO
DCAT_CENSAGRIC2020_01,1.0,28,TYPE_OF_FARMING,CL_OTE
DCAT_CENSAGRIC2020_AGE,1.0,1,FREQ,CL_FREQ
DCAT_CENSAGRIC2020_AGE,1.0,2,REF_AREA,CL_ITTER107
DCAT_CENSAGRIC2020_AGE,1.0,3,DATA_TYPE,CL_TIPO_DATO5
DCAT_CENSAGRIC2020_AGE,1.0,4,AGE,CL_ETA1
DCAT_CENSAGRIC2020_AGE_ASS,1.0,1,FREQ,CL_FREQ
DCAT_CENSAGRIC2020_AGE_ASS,1.0,2,REF_AREA,CL_ITTER107
DCAT_CENSAGRIC2020_AGE_ASS,1.0,3,DATA_TYPE,CL_TIPO_DATO5
DCAT_CENSAGRIC2020_AGE_ASS,1.0,4,AGE,CL_ETA1
DCAT_CENSAGRIC2020_AGE_ASS,1.0,5,ASSOCIAZ,CL_ENTERPRISE_FEATURES
DCAT_CENSAGRIC2020_AGE_EDU,1.0,1,FREQ,CL_FREQ
DCAT_CENSAGRIC2020_AGE_EDU,1.0,2,REF_AREA,CL_ITTER107
DCAT_CENSAGRIC2020_AGE_EDU,1.0,3,DATA_TYPE,CL_TIPO_DATO5
DCAT_CENSAGRIC2020_AGE_EDU,1.0,4,AGE,CL_ETA1
DCAT_CENSAGRIC2020_AGE_EDU,1.0,5,EDU_LEV_FARM_MAN,CL_TITOLO_STUDIO
DCAT_CENSAGRIC2020_AGE_GAIN,1.0,1,FREQ,CL_FREQ
DCAT_CENSAGRIC2020_AGE_GAIN,1.0,2,REF_AREA,CL_ITTER107
DCAT_CENSAGRIC2020_AGE_GAIN,1.0,3,DATA_TYPE,CL_TIPO_DATO5
DCAT_CENSAGRIC2020_AGE_GAIN,1.0,4,AGE,CL_ETA1
DCAT_CENSAGRIC2020_AGE_GAIN,1.0,5,GAINFUL_ACTIVITIES,CL_ATTCONNESSE
DCAT_CENSAGRIC2020_AGE_INF,1.0,1,FREQ,CL_FREQ
DCAT_CENSAGRIC2020_AGE_INF,1.0,2,REF_AREA,CL_ITTER107
DCAT_CENSAGRIC2020_AGE_INF,1.0,3,DATA_TYPE,CL_TIPO_DATO5
DCAT_CENSAGRIC2020_AGE_INF,1.0,4,AGE,CL_ETA1
DCAT_CENSAGRIC2020_AGE_INF,1.0,5,INFORM_TECH_LEVEL,CL_ENTERPRISE_FEATURES
DCAT_CENSAGRIC2020_AGE_INV,1.0,1,FREQ,CL_FREQ
DCAT_CENSAGRIC2020_AGE_INV,1.0,2,REF_AREA,CL_ITTER107
DCAT_CENSAGRIC2020_AGE_INV,1.0,3,DATA_TYPE,CL_TIPO_DATO5
DCAT_CENSAGRIC2020_AGE_INV,1.0,4,AGE,CL_ETA1
DCAT_CENSAGRIC2020_AGE_INV,1.0,5,INVEST_SECTOR,CL_ENTERPRISE_FEATURES
DCAT_CENSAGRIC2020_AGE_MANDUR,1.0,1,FREQ,CL_FREQ
DCAT_CENSAGRIC2020_AGE_MANDUR,1.0,2,REF_AREA,CL_ITTER107
DCAT_CENSAGRIC2020_AGE_MANDUR,1.0,3,DATA_TYPE,CL_TIPO_DATO5
DCAT_CENSAGRIC2020_AGE_MANDUR,1.0,4,AGE,CL_ETA1
DCAT_CENSAGRIC2020_AGE_MANDUR,1.0,5,MANAG_DURAT,CL_ENTERPRISE_FEATURES
DCAT_CENSAGRIC2020_AGE_MANTOV,1.0,1,FREQ,CL_FREQ
DCAT_CENSAGRIC2020_AGE_MANTOV,1.0,2,REF_AREA,CL_ITTER107
DCAT_CENSAGRIC2020_AGE_MANTOV,1.0,3,DATA_TYPE,CL_TIPO_DATO5
DCAT_CENSAGRIC2020_AGE_MANTOV,1.0,4,AGE,CL_ETA1
DCAT_CENSAGRIC2020_AGE_MANTOV,1.0,5,MANAG_TAK_OV,CL_ENTERPRISE_FEATURES
DCAT_CENSAGRIC2020_AGE_MAR,1.0,1,FREQ,CL_FREQ
DCAT_CENSAGRIC2020_AGE_MAR,1.0,2,REF_AREA,CL_ITTER107
DCAT_CENSAGRIC2020_AGE_MAR,1.0,3,DATA_TYPE,CL_TIPO_DATO5
DCAT_CENSAGRIC2020_AGE_MAR,1.0,4,AGE,CL_ETA1
DCAT_CENSAGRIC2020_AGE_MAR,1.0,5,COMMMARKETING_CHANNEL,CL_ENTERPRISE_FEATURES
DCAT_CENSAGRIC2020_AGE_OWN,1.0,1,FREQ,CL_FREQ
DCAT_CENSAGRIC2020_AGE_OWN,1.0,2,REF_AREA,CL_ITTER107
DCAT_CENSAGRIC2020_AGE_OWN,1.0,3,DATA_TYPE,CL_TIPO_DATO5
DCAT_CENSAGRIC2020_AGE_OWN,1.0,4,AGE,CL_ETA1
DCAT_CENSAGRIC2020_AGE_OWN,1.0,5,OWN_USE_MECH_MEANS,CL_TIT_POSSESSO
DCAT_CENSAGRIC2020_AGE_SELF,1.0,1,FREQ,CL_FREQ
DCAT_CENSAGRIC2020_AGE_SELF,1.0,2,REF_AREA,CL_ITTER107
DCAT_CENSAGRIC2020_AGE_SELF,1.0,3,DATA_TYPE,CL_TIPO_DATO5
DCAT_CENSAGRIC2020_AGE_SELF,1.0,4,AGE,CL_ETA1
DCAT_CENSAGRIC2020_AGE_SELF,1.0,5,SELF_CONSUMPTION,CL_ENTERPRISE_FEATURES
DCAT_CENSAGRIC2020_ALL,1.0,1,FREQ,CL_FREQ
DCAT_CENSAGRIC2020_ALL,1.0,2,REF_AREA,CL_ITTER107
DCAT_CENSAGRIC2020_ALL,1.0,3,DATA_TYPE,CL_TIPO_DATO5
DCAT_CENSAGRIC2020_ALL,1.0,4,LEGAL_FORM,CL_FORMGIUR
DCAT_CENSAGRIC2020_ALL,1.0,5,OWN_USE_MECH_MEANS,CL_TIT_POSSESSO
DCAT_CENSAGRIC2020_ALL,1.0,6,ALTIMETRIC_ZONE,CL_ZONA_ALTIM
DCAT_CENSAGRIC2020_ALL,1.0,7,AGRI_AREA_CLASS,CL_CLASSE_SAU
DCAT_CENSAGRIC2020_ALL,1.0,8,AWU_CLASS,CL_NUMEROSITA
DCAT_CENSAGRIC2020_ALL,1.0,9,TYPE_OF_CROP,CL_AGRI_MADRE_CENS
DCAT_CENSAGRIC2020_ALL,1.0,10,TYPE_OF_HERD,CL_TIPO_ALLEVAMENTO
DCAT_CENSAGRIC2020_ALL,1.0,11,GAINFUL_ACTIVITIES,CL_ATTCONNESSE
DCAT_CENSAGRIC2020_ALL,1.0,12,KIND_OF_RENEW_ENERGY,CL_TIPO_FONTENERG
DCAT_CENSAGRIC2020_ALL,1.0,13,EDU_LEV_FARM_MAN,CL_TITOLO_STUDIO
DCAT_CENSAGRIC2020_ALL,1.0,14,LABOUR_FORCE_CATEG,CL_MANODOPERA
DCAT_CENSAGRIC2020_ALL,1.0,15,NAT_LAB_FORCE,CL_ISO
DCAT_CENSAGRIC2020_ALL,1.0,16,AGRIFARM_FEATURES,CL_ENTERPRISE_FEATURES
DCAT_CENSAGRIC2020_ALL,1.0,17,SEX,CL_SEXISTAT1
DCAT_CENSAGRIC2020_ALL,1.0,18,AGE,CL_ETA1
DCAT_CENSAGRIC2020_ALL,1.0,19,LABOUR_DAYS,CL_DURATA
DCAT_CENSAGRIC2020_ALL,1.0,20,HEADS_NUMBER,CL_NUMEROSITA
DCAT_CENSAGRIC2020_ALL,1.0,21,INVEST_SECTOR,CL_ENTERPRISE_FEATURES
DCAT_CENSAGRIC2020_ALL,1.0,22,FARM_PRODUCT_SALE,CL_TIPO_MERCE
DCAT_CENSAGRIC2020_ALL,1.0,23,COMMMARKETING_CHANNEL,CL_ENTERPRISE_FEATURES
DCAT_CENSAGRIC2020_ALL,1.0,24,TURNOVER_SOURCE,CL_ENTERPRISE_FEATURES
DCAT_CENSAGRIC2020_ALL,1.0,25,COVID_EFFECTS,CL_ENTERPRISE_FEATURES
DCAT_CENSAGRIC2020_ALL,1.0,26,COVID_MEASURE,CL_ENTERPRISE_FEATURES
DCAT_CENSAGRIC2020_ALL,1.0,27,ECON_DIMEN_STAND_OUTPUT,CL_IMPORTOEURO
DCAT_CENSAGRIC2020_ALL,1.0,28,TYPE_OF_FARMING,CL_OTE
DCAT_CENSAGRIC2020_CATTLE,1.0,1,FREQ,CL_FREQ
DCAT_CENSAGRIC2020_CATTLE,1.0,2,REF_AREA,CL_ITTER107
DCAT_CENSAGRIC2020_CATTLE,1.0,3,DATA_TYPE,CL_TIPO_DATO5
DCAT_CENSAGRIC2020_CATTLE,1.0,4,TYPE_OF_HERD,CL_TIPO_ALLEVAMENTO
DCAT_CENSAGRIC2020_CATTLE,1.0,5,HEADS_NUMBER,CL_NUMEROSITA
DCAT_CENSAGRIC2020_CROPS,1.0,1,FREQ,CL_FREQ
DCAT_CENSAGRIC2020_CROPS,1.0,2,REF_AREA,CL_ITTER107
DCAT_CENSAGRIC2020_CROPS,1.0,3,DATA_TYPE,CL_TIPO_DATO5
DCAT_CENSAGRIC2020_CROPS,1.0,4,TYPE_OF_CROP,CL_AGRI_MADRE_CENS
DCAT_CENSAGRIC2020_ECSIZE,1.0,1,FREQ,CL_FREQ
DCAT_CENSAGRIC2020_ECSIZE,1.0,2,REF_AREA,CL_ITTER107
DCAT_CENSAGRIC2020_ECSIZE,1.0,3,DATA_TYPE,CL_TIPO_DATO5
DCAT_CENSAGRIC2020_ECSIZE,1.0,4,ECON_DIMEN_STAND_OUTPUT,CL_IMPORTOEURO
DCAT_CENSAGRIC2020_ECSIZE,1.0,5,TYPE_OF_FARMING,CL_OTE
DCAT_CENSAGRIC2020_GAIN,1.0,1,FREQ,CL_FREQ
DCAT_CENSAGRIC2020_GAIN,1.0,2,REF_AREA,CL_ITTER107
DCAT_CENSAGRIC2020_GAIN,1.0,3,DATA_TYPE,CL_TIPO_DATO5
DCAT_CENSAGRIC2020_GAIN,1.0,4,GAINFUL_ACTIVITIES,CL_ATTCONNESSE
DCAT_CENSAGRIC2020_INV,1.0,1,FREQ,CL_FREQ
DCAT_CENSAGRIC2020_INV,1.0,2,REF_AREA,CL_ITTER107
DCAT_CENSAGRIC2020_INV,1.0,3,DATA_TYPE,CL_TIPO_DATO5
DCAT_CENSAGRIC2020_INV,1.0,4,INVEST_SECTOR,CL_ENTERPRISE_FEATURES
DCAT_CENSAGRIC2020_IRRCROPS,1.0,1,FREQ,CL_FREQ
DCAT_CENSAGRIC2020_IRRCROPS,1.0,2,REF_AREA,CL_ITTER107
DCAT_CENSAGRIC2020_IRRCROPS,1.0,3,DATA_TYPE,CL_TIPO_DATO5
DCAT_CENSAGRIC2020_IRRCROPS,1.0,4,TYPE_OF_CROP,CL_AGRI_MADRE
DCAT_CENSAGRIC2020_IRRSIS,1.0,1,FREQ,CL_FREQ
DCAT_CENSAGRIC2020_IRRSIS,1.0,2,REF_AREA,CL_ITTER107
DCAT_CENSAGRIC2020_IRRSIS,1.0,3,DATA_TYPE,CL_TIPO_DATO5
DCAT_CENSAGRIC2020_IRRSIS,1.0,4,IRRIGATION_SYSTEM,CL_IIRRIGATION
DCAT_CENSAGRIC2020_IRRSOU,1.0,1,FREQ,CL_FREQ
DCAT_CENSAGRIC2020_IRRSOU,1.0,2,REF_AREA,CL_ITTER107
DCAT_CENSAGRIC2020_IRRSOU,1.0,3,DATA_TYPE,CL_TIPO_DATO5
DCAT_CENSAGRIC2020_IRRSOU,1.0,4,WATER_IRRIG_SOURCE,CL_IIRRIGATION
DCAT_CENSAGRIC2020_LABCAT,1.0,1,FREQ,CL_FREQ
DCAT_CENSAGRIC2020_LABCAT,1.0,2,REF_AREA,CL_ITTER107
DCAT_CENSAGRIC2020_LABCAT,1.0,3,DATA_TYPE,CL_TIPO_DATO5
DCAT_CENSAGRIC2020_LABCAT,1.0,4,LABOUR_FORCE_CATEG,CL_MANODOPERA
DCAT_CENSAGRIC2020_LABCAT,1.0,5,SEX,CL_SEXISTAT1
DCAT_CENSAGRIC2020_LEGOWN,1.0,1,FREQ,CL_FREQ
DCAT_CENSAGRIC2020_LEGOWN,1.0,2,REF_AREA,CL_ITTER107
DCAT_CENSAGRIC2020_LEGOWN,1.0,3,DATA_TYPE,CL_TIPO_DATO5
DCAT_CENSAGRIC2020_LEGOWN,1.0,4,LEGAL_FORM,CL_FORMGIUR
DCAT_CENSAGRIC2020_LEGOWN,1.0,5,OWN_USE_MECH_MEANS,CL_TIT_POSSESSO
DCAT_CENSAGRIC2020_QUAL,1.0,1,FREQ,CL_FREQ
DCAT_CENSAGRIC2020_QUAL,1.0,2,REF_AREA,CL_ITTER107
DCAT_CENSAGRIC2020_QUAL,1.0,3,DATA_TYPE,CL_TIPO_DATO5
DCAT_CENSAGRIC2020_QUAL,1.0,4,EDU_LEV_FARM_MAN,CL_TITOLO_STUDIO
DCAT_CENSAGRIC2020_QUAL,1.0,5,LABOUR_FORCE_CATEG,CL_MANODOPERA
DCAT_CENSAGRIC2020_QUAL,1.0,6,SEX,CL_SEXISTAT1
DCAT_CENSAGRIC2020_QUAL,1.0,7,AGE,CL_ETA1
DCAT_CENSAGRIC2020_QUAL,1.0,8,LABOUR_DAYS,CL_DURATA
DCAT_CENSAGRIC2020_SAU_AZONE,1.0,1,FREQ,CL_FREQ
DCAT_CENSAGRIC2020_SAU_AZONE,1.0,2,REF_AREA,CL_ITTER107
DCAT_CENSAGRIC2020_SAU_AZONE,1.0,3,DATA_TYPE,CL_TIPO_DATO5
DCAT_CENSAGRIC2020_SAU_AZONE,1.0,4,AGRI_AREA_CLASS,CL_CLASSE_SAU
DCAT_CENSAGRIC2020_SAU_AZONE,1.0,5,ALTIMETRIC_ZONE,CL_ZONA_ALTIM
DCAT_CENSAGRIC2020_SAU_SELF,1.0,1,FREQ,CL_FREQ
DCAT_CENSAGRIC2020_SAU_SELF,1.0,2,REF_AREA,CL_ITTER107
DCAT_CENSAGRIC2020_SAU_SELF,1.0,3,DATA_TYPE,CL_TIPO_DATO5
DCAT_CENSAGRIC2020_SAU_SELF,1.0,4,AGRI_AREA_CLASS,CL_CLASSE_SAU
DCAT_CENSAGRIC2020_SAU_SELF,1.0,5,SELF_CONSUMPTION,CL_ENTERPRISE_FEATURES
DCAT_CENSAGRIC2020_SAU_SUBC,1.0,1,FREQ,CL_FREQ
DCAT_CENSAGRIC2020_SAU_SUBC,1.0,2,REF_AREA,CL_ITTER107
DCAT_CENSAGRIC2020_SAU_SUBC,1.0,3,DATA_TYPE,CL_TIPO_DATO5
DCAT_CENSAGRIC2020_SAU_SUBC,1.0,4,AGRI_AREA_CLASS,CL_CLASSE_SAU
DCAT_CENSAGRIC2020_SAU_SUBC,1.0,5,SUBCONTRACTING,CL_ENTERPRISE_FEATURES
DCAT_CENSAGRIC2020_SAU_TURN,1.0,1,FREQ,CL_FREQ
DCAT_CENSAGRIC2020_SAU_TURN,1.0,2,REF_AREA,CL_ITTER107
DCAT_CENSAGRIC2020_SAU_TURN,1.0,3,DATA_TYPE,CL_TIPO_DATO5
DCAT_CENSAGRIC2020_SAU_TURN,1.0,4,AGRI_AREA_CLASS,CL_CLASSE_SAU
DCAT_CENSAGRIC2020_SAU_TURN,1.0,5,TURNOVER_SOURCE,CL_ENTERPRISE_FEATURES
DCAT_CENSAGRIC2020_SURF,1.0,1,FREQ,CL_FREQ
DCAT_CENSAGRIC2020_SURF,1.0,2,REF_AREA,CL_ITTER107
DCAT_CENSAGRIC2020_SURF,1.0,3,DATA_TYPE,CL_TIPO_DATO5
DCAT_CENSAGRIC2020_TRAI,1.0,1,FREQ,CL_FREQ
DCAT_CENSAGRIC2020_TRAI,1.0,2,REF_AREA,CL_ITTER107
DCAT_CENSAGRIC2020_TRAI,1.0,3,DATA_TYPE,CL_TIPO_DATO5
DCAT_CENSAGRIC2020_TRAI,1.0,4,SEX,CL_SEXISTAT1
DCAT_CENSAGRIC2020_TRAI,1.0,5,AGE,CL_ETA1
DCAT_CENSAGRIC2020_UA_CATTLE,1.0,1,FREQ,CL_FREQ
DCAT_CENSAGRIC2020_UA_CATTLE,1.0,2,REF_AREA,CL_ITTER107
DCAT_CENSAGRIC2020_UA_CATTLE,1.0,3,DATA_TYPE,CL_TIPO_DATO5
DCAT_CENSAGRIC2020_UA_CATTLE,1.0,4,TYPE_OF_HERD,CL_TIPO_ALLEVAMENTO
DCAT_CENSAGRIC2020_UA_CATTLE,1.0,5,HEADS_NUMBER,CL_NUMEROSITA
DCAT_CENSAGRIC2020_UA_CATTLE,1.0,6,ALTIMETRIC_ZONE,CL_ZONA_ALTIM
DCAT_CENSAGRIC2020_UA_CROPS,1.0,1,FREQ,CL_FREQ
DCAT_CENSAGRIC2020_UA_CROPS,1.0,2,REF_AREA,CL_ITTER107
DCAT_CENSAGRIC2020_UA_CROPS,1.0,3,DATA_TYPE,CL_TIPO_DATO5
DCAT_CENSAGRIC2020_UA_CROPS,1.0,4,TYPE_OF_CROP,CL_AGRI_MADRE_CENS
DCAT_CENSAGRIC2020_UA_CROPS,1.0,5,ALTIMETRIC_ZONE,CL_ZONA_ALTIM
DCAT_CENSAGRIC2020_UA_SURF,1.0,1,FREQ,CL_FREQ
DCAT_CENSAGRIC2020_UA_SURF,1.0,2,REF_AREA,CL_ITTER107
DCAT_CENSAGRIC2020_UA_SURF,1.0,3,DATA_TYPE,CL_TIPO_DATO5
DCAT_CENSAGRIC2020_UA_SURF,1.0,4,ALTIMETRIC_ZONE,CL_ZONA_ALTIM
DCAT_SERVBANC_COM,1.0,1,FREQ,CL_FREQ
DCAT_SERVBANC_COM,1.0,2,REF_AREA,CL_ITTER107
DCAT_SERVBANC_COM,1.0,3,DATA_TYPE,CL_TIPO_DATO_BANCA_ITA
DCCN_AGGREGBRANCAN,1.0,1,FREQ,CL_FREQ
DCCN_AGGREGBRANCAN,1.0,2,REF_AREA,CL_ITTER107
DCCN_AGGREGBRANCAN,1.0,3,DATA_TYPE_AGGR,CL_TIPO_DATO_BRANCA
DCCN_AGGREGBRANCAN,1.0,4,MEASURE,CL_MISURA1
DCCN_AGGREGBRANCAN,1.0,5,BRKDW_INDUSTRY_NACE_REV2,CL_BRANCA_ATTIVITA
DCCN_AGGREGBRANCAN,1.0,6,VALUATION,CL_VAL
DCCN_AGGREGBRANCAN,1.0,7,ADJUSTMENT,CL_CORREZ
DCCN_AGGREGBRANCAN,1.0,8,PRICE,CL_TIPOLOG_PREZZO
DCCN_AGGREGBRANCAN,1.0,9,FREQUENCY,CL_FREQUENCY
DCCN_AGGREGBRANCAN,1.0,10,INSTITUTIONAL_SECTOR,CL_SETTIST
DCCN_AGGREGBRANCAN,1.0,11,EDITION,CL_T_BIS
DCCN_AGGREGBRANCANREV2,1.0,1,FREQ,CL_FREQ
DCCN_AGGREGBRANCANREV2,1.0,2,REF_AREA,CL_ITTER107
DCCN_AGGREGBRANCANREV2,1.0,3,DATA_TYPE_AGGR,CL_TIPO_DATO_BRANCA
DCCN_AGGREGBRANCANREV2,1.0,4,BRKDW_INDUSTRY_NACE_REV2,CL_BRANCA_ATTIVITAREV2
DCCN_AGGREGBRANCANREV2,1.0,5,VALUATION,CL_VAL
DCCN_AGGREGBRANCANREV2,1.0,6,ADJUSTMENT,CL_CORREZ
DCCN_AGGREGBRANCANREV2,1.0,7,PRICE,CL_TIPOLOG_PREZZO
DCCN_AGGREGBRANCANREV2,1.0,8,FREQUENCY,CL_FREQUENCY
DCCN_AGGREGBRANCANREV2,1.0,9,INSTITUTIONAL_SECTOR,CL_SETTIST
DCCN_AGGREGBRANCANREV2,1.0,10,EDITION,CL_T_BIS
DCCN_AGGREGBRANCAQ,1.0,1,FREQ,CL_FREQ
DCCN_AGGREGBRANCAQ,1.0,2,REF_AREA,CL_ITTER107
DCCN_AGGREGBRANCAQ,1.0,3,DATA_TYPE_AGGR,CL_TIPO_DATO_BRANCA
DCCN_AGGREGBRANCAQ,1.0,4,MEASURE,CL_MISURA1
DCCN_AGGREGBRANCAQ,1.0,5,BRKDW_INDUSTRY_NACE_REV2,CL_BRANCA_ATTIVITA
DCCN_AGGREGBRANCAQ,1.0,6,VALUATION,CL_VAL
DCCN_AGGREGBRANCAQ,1.0,7,ADJUSTMENT,CL_CORREZ
DCCN_AGGREGBRANCAQ,1.0,8,PRICE,CL_TIPOLOG_PREZZO
DCCN_AGGREGBRANCAQ,1.0,9,FREQUENCY,CL_FREQUENCY
DCCN_AGGREGBRANCAQ,1.0,10,INSTITUTIONAL_SECTOR,CL_SETTIST
DCCN_AGGREGBRANCAQ,1.0,11,EDITION,CL_T_BIS
DCCN_AGGREGBRANCAQREV2,1.0,1,FREQ,CL_FREQ
DCCN_AGGREGBRANCAQREV2,1.0,2,REF_AREA,CL_ITTER107
DCCN_AGGREGBRANCAQREV2,1.0,3,DATA_TYPE_AGGR,CL_TIPO_DATO_BRANCA
DCCN_AGGREGBRANCAQREV2,1.0,4,BRKDW_INDUSTRY_NACE_REV2,CL_BRANCA_ATTIVITAREV2
DCCN_AGGREGBRANCAQREV2,1.0,5,VALUATION,CL_VAL
DCCN_AGGREGBRANCAQREV2,1.0,6,ADJUSTMENT,CL_CORREZ
DCCN_AGGREGBRANCAQREV2,1.0,7,PRICE,CL_TIPOLOG_PREZZO
DCCN_AGGREGBRANCAQREV2,1.0,8,FREQUENCY,CL_FREQUENCY
DCCN_AGGREGBRANCAQREV2,1.0,9,INSTITUTIONAL_SECTOR,CL_SETTIST
DCCN_AGGREGBRANCAQREV2,1.0,10,EDITION,CL_T_BIS
DCCN_AGGREGBRANCAT,1.0,1,FREQ,CL_FREQ
DCCN_AGGREGBRANCAT,1.0,2,REF_AREA,CL_ITTER107
DCCN_AGGREGBRANCAT,1.0,3,DATA_TYPE_AGGR,CL_TIPO_DATO_BRANCA
DCCN_AGGREGBRANCAT,1.0,4,MEASURE,CL_MISURA1
DCCN_AGGREGBRANCAT,1.0,5,BRKDW_INDUSTRY_NACE_REV2,CL_BRANCA_ATTIVITA
DCCN_AGGREGBRANCAT,1.0,6,VALUATION,CL_VAL
DCCN_AGGREGBRANCAT,1.0,7,ADJUSTMENT,CL_CORREZ
DCCN_AGGREGBRANCAT,1.0,8,PRICE,CL_TIPOLOG_PREZZO
DCCN_AGGREGBRANCAT,1.0,9,FREQUENCY,CL_FREQUENCY
DCCN_AGGREGBRANCAT,1.0,10,INSTITUTIONAL_SECTOR,CL_SETTIST
DCCN_AGGREGBRANCAT,1.0,11,EDITION,CL_T_BIS
DCCN_AGGREGBRANCATREV2,1.0,1,FREQ,CL_FREQ
DCCN_AGGREGBRANCATREV2,1.0,2,REF_AREA,CL_ITTER107
DCCN_AGGREGBRANCATREV2,1.0,3,DATA_TYPE_AGGR,CL_TIPO_DATO_BRANCA
DCCN_AGGREGBRANCATREV2,1.0,4,BRKDW_INDUSTRY_NACE_REV2,CL_BRANCA_ATTIVITAREV2
DCCN_AGGREGBRANCATREV2,1.0,5,VALUATION,CL_VAL
DCCN_AGGREGBRANCATREV2,1.0,6,ADJUSTMENT,CL_CORREZ
DCCN_AGGREGBRANCATREV2,1.0,7,PRICE,CL_TIPOLOG_PREZZO
DCCN_AGGREGBRANCATREV2,1.0,8,FREQUENCY,CL_FREQUENCY
DCCN_AGGREGBRANCATREV2,1.0,9,INSTITUTIONAL_SECTOR,CL_SETTIST
DCCN_AGGREGBRANCATREV2,1.0,10,EDITION,CL_T_BIS
DCCN_AGGRPIL,1.0,1,FREQ,CL_FREQ
DCCN_AGGRPIL,1.0,2,REF_AREA,CL_ITTER107
DCCN_AGGRPIL,1.0,3,DATA_TYPE_AGGR,CL_TIPO_DATO_PRINCAGGREG
DCCN_AGGRPIL,1.0,4,MEASURE,CL_MISURA1
DCCN_AGGRPIL,1.0,5,VALUATION,CL_VAL
DCCN_AGGRPIL,1.0,6,FREQUENCY,CL_FREQUENCY
DCCN_AGGRPIL,1.0,7,EDITION,CL_T_BIS
DCCN_ANA,1.0,1,FREQ,CL_FREQ
DCCN_ANA,1.0,2,REF_AREA,CL_ITTER107
DCCN_ANA,1.0,3,DATA_TYPE_AGGR,CL_TIPO_DATO_CN1
DCCN_ANA,1.0,4,BRKDW_INDUSTRY_NACE_REV2,CL_BRANCA_ATTIVITAREV2
DCCN_ANA,1.0,5,NONFIN_ASSETS,CL_PRODOTTI1
DCCN_ANA,1.0,6,EXPEND_PURPOSE_COICOPCOFOG,CL_DCCN_COICOP_COFOG
DCCN_ANA,1.0,7,VALUATION,CL_VAL
DCCN_ANA,1.0,8,ADJUSTMENT,CL_CORREZ
DCCN_ANA,1.0,9,PRICE,CL_TIPOLOG_PREZZO
DCCN_ANA,1.0,10,EDITION,CL_T_BIS
DCCN_ANA1,1.0,1,FREQ,CL_FREQ
DCCN_ANA1,1.0,2,REF_AREA,CL_ITTER107
DCCN_ANA1,1.0,3,DATA_TYPE_AGGR,CL_TIPO_DATO_CN1
DCCN_ANA1,1.0,4,BRKDW_INDUSTRY_NACE_REV2,CL_BRANCA_ATTIVITAREV2
DCCN_ANA1,1.0,5,NONFIN_ASSETS,CL_PRODOTTI1
DCCN_ANA1,1.0,6,EXPEND_PURPOSE_COICOPCOFOG,CL_DCCN_COICOP2018_COFOG
DCCN_ANA1,1.0,7,VALUATION,CL_VAL
DCCN_ANA1,1.0,8,ADJUSTMENT,CL_CORREZ
DCCN_ANA1,1.0,9,PRICE,CL_TIPOLOG_PREZZO
DCCN_ANA1,1.0,10,EDITION,CL_T_BIS
DCCN_ANA_B14,1.0,1,FREQ,CL_FREQ
DCCN_ANA_B14,1.0,2,REF_AREA,CL_ITTER107
DCCN_ANA_B14,1.0,3,DATA_TYPE_AGGR,CL_TIPO_DATO_CN1
DCCN_ANA_B14,1.0,4,BRKDW_INDUSTRY_NACE_REV2,CL_BRANCA_ATTIVITAREV2
DCCN_ANA_B14,1.0,5,NONFIN_ASSETS,CL_PRODOTTI1
DCCN_ANA_B14,1.0,6,EXPEND_PURPOSE_COICOPCOFOG,CL_DCCN_COICOP_COFOG
DCCN_ANA_B14,1.0,7,VALUATION,CL_VAL
DCCN_ANA_B14,1.0,8,ADJUSTMENT,CL_CORREZ
DCCN_ANA_B14,1.0,9,PRICE,CL_TIPOLOG_PREZZO
DCCN_ANA_B14,1.0,10,EDITION,CL_T_BIS
DCCN_ANA_B14110661,1.0,1,FREQ,CL_FREQ
DCCN_ANA_B14110661,1.0,2,REF_AREA,CL_ITTER107
DCCN_ANA_B14110661,1.0,3,DATA_TYPE_AGGR,CL_TIPO_DATO_CN1
DCCN_ANA_B14110661,1.0,4,BRKDW_INDUSTRY_NACE_REV2,CL_BRANCA_ATTIVITAREV2
DCCN_ANA_B14110661,1.0,5,NONFIN_ASSETS,CL_PRODOTTI1
DCCN_ANA_B14110661,1.0,6,VALUATION,CL_VAL
DCCN_ANA_B14110661,1.0,7,ADJUSTMENT,CL_CORREZ
DCCN_ANA_B14110661,1.0,8,EDITION,CL_T_BIS
DCCN_ANA_B14218384,1.0,1,FREQ,CL_FREQ
DCCN_ANA_B14218384,1.0,2,REF_AREA,CL_ITTER107
DCCN_ANA_B14218384,1.0,3,DATA_TYPE_AGGR,CL_TIPO_DATO_CN1
DCCN_ANA_B14218384,1.0,4,BRKDW_INDUSTRY_NACE_REV2,CL_BRANCA_ATTIVITAREV2
DCCN_ANA_B14218384,1.0,5,NONFIN_ASSETS,CL_PRODOTTI1
DCCN_ANA_B14218384,1.0,6,VALUATION,CL_VAL
DCCN_ANA_B14218384,1.0,7,ADJUSTMENT,CL_CORREZ
DCCN_ANA_B14218384,1.0,8,EDITION,CL_T_BIS
DCCN_ANA_B14630749,1.0,1,FREQ,CL_FREQ
DCCN_ANA_B14630749,1.0,2,REF_AREA,CL_ITTER107
DCCN_ANA_B14630749,1.0,3,DATA_TYPE_AGGR,CL_TIPO_DATO_CN1
DCCN_ANA_B14630749,1.0,4,EXPEND_PURPOSE_COICOPCOFOG,CL_DCCN_COICOP_COFOG
DCCN_ANA_B14630749,1.0,5,VALUATION,CL_VAL
DCCN_ANA_B14630749,1.0,6,ADJUSTMENT,CL_CORREZ
DCCN_ANA_B14630749,1.0,7,EDITION,CL_T_BIS
DCCN_ANA_B14783218,1.0,1,FREQ,CL_FREQ
DCCN_ANA_B14783218,1.0,2,REF_AREA,CL_ITTER107
DCCN_ANA_B14783218,1.0,3,DATA_TYPE_AGGR,CL_TIPO_DATO_CN1
DCCN_ANA_B14783218,1.0,4,BRKDW_INDUSTRY_NACE_REV2,CL_BRANCA_ATTIVITAREV2
DCCN_ANA_B14783218,1.0,5,VALUATION,CL_VAL
DCCN_ANA_B14783218,1.0,6,ADJUSTMENT,CL_CORREZ
DCCN_ANA_B14783218,1.0,7,EDITION,CL_T_BIS
DCCN_ANA_B14916976,1.0,1,FREQ,CL_FREQ
DCCN_ANA_B14916976,1.0,2,REF_AREA,CL_ITTER107
DCCN_ANA_B14916976,1.0,3,DATA_TYPE_AGGR,CL_TIPO_DATO_CN1
DCCN_ANA_B14916976,1.0,4,BRKDW_INDUSTRY_NACE_REV2,CL_BRANCA_ATTIVITAREV2
DCCN_ANA_B14916976,1.0,5,VALUATION,CL_VAL
DCCN_ANA_B14916976,1.0,6,ADJUSTMENT,CL_CORREZ
DCCN_ANA_B14916976,1.0,7,EDITION,CL_T_BIS
DCCN_ANA_B14990346,1.0,1,FREQ,CL_FREQ
DCCN_ANA_B14990346,1.0,2,REF_AREA,CL_ITTER107
DCCN_ANA_B14990346,1.0,3,DATA_TYPE_AGGR,CL_TIPO_DATO_CN1
DCCN_ANA_B14990346,1.0,4,VALUATION,CL_VAL
DCCN_ANA_B14990346,1.0,5,ADJUSTMENT,CL_CORREZ
DCCN_ANA_B14990346,1.0,6,EDITION,CL_T_BIS
DCCN_ANA_NOTE,1.0,1,FREQ,CL_FREQ
DCCN_ANA_NOTE,1.0,2,REF_AREA,CL_ITTER107
DCCN_ANA_NOTE,1.0,3,DATA_TYPE_AGGR,CL_TIPO_DATO_CN1
DCCN_ANA_NOTE,1.0,4,BRKDW_INDUSTRY_NACE_REV2,CL_BRANCA_ATTIVITAREV2
DCCN_ANA_NOTE,1.0,5,NONFIN_ASSETS,CL_PRODOTTI1
DCCN_ANA_NOTE,1.0,6,EXPEND_PURPOSE_COICOPCOFOG,CL_DCCN_COICOP_COFOG
DCCN_ANA_NOTE,1.0,7,VALUATION,CL_VAL
DCCN_ANA_NOTE,1.0,8,ADJUSTMENT,CL_CORREZ
DCCN_ANA_NOTE,1.0,9,PRICE,CL_TIPOLOG_PREZZO
DCCN_ANA_NOTE,1.0,10,EDITION,CL_T_BIS
DCCN_CAPITALN,1.0,1,FREQ,CL_FREQ
DCCN_CAPITALN,1.0,2,REF_AREA,CL_ITTER107
DCCN_CAPITALN,1.0,3,DATA_TYPE_AGGR,CL_TIPO_DATO_CAPITALE
DCCN_CAPITALN,1.0,4,MEASURE,CL_MISURA1
DCCN_CAPITALN,1.0,5,BRKDW_INDUSTRY_NACE_REV2,CL_BRANCA_ATTIVITA
DCCN_CAPITALN,1.0,6,PRODUCT,CL_PRODOTTO_CAPITALE
DCCN_CAPITALN,1.0,7,VALUATION,CL_VAL
DCCN_CAPITALN,1.0,8,FREQUENCY,CL_FREQUENCY
DCCN_CAPITALN,1.0,9,INSTITUTIONAL_SECTOR,CL_SETTIST
DCCN_CAPITALN,1.0,10,EDITION,CL_T_BIS
DCCN_CAPITALNREV2,1.0,1,FREQ,CL_FREQ
DCCN_CAPITALNREV2,1.0,2,REF_AREA,CL_ITTER107
DCCN_CAPITALNREV2,1.0,3,DATA_TYPE_AGGR,CL_TIPO_DATO_CAPITALE
DCCN_CAPITALNREV2,1.0,4,BRKDW_INDUSTRY_NACE_REV2,CL_BRANCA_ATTIVITAREV2
DCCN_CAPITALNREV2,1.0,5,PRODUCT,CL_PRODOTTO_CAPITALE
DCCN_CAPITALNREV2,1.0,6,VALUATION,CL_VAL
DCCN_CAPITALNREV2,1.0,7,FREQUENCY,CL_FREQUENCY
DCCN_CAPITALNREV2,1.0,8,INSTITUTIONAL_SECTOR,CL_SETTIST
DCCN_CAPITALNREV2,1.0,9,EDITION,CL_T_BIS
DCCN_CAPITALT,1.0,1,FREQ,CL_FREQ
DCCN_CAPITALT,1.0,2,REF_AREA,CL_ITTER107
DCCN_CAPITALT,1.0,3,DATA_TYPE_AGGR,CL_TIPO_DATO_CAPITALE
DCCN_CAPITALT,1.0,4,MEASURE,CL_MISURA1
DCCN_CAPITALT,1.0,5,BRKDW_INDUSTRY_NACE_REV2,CL_BRANCA_ATTIVITA
DCCN_CAPITALT,1.0,6,PRODUCT,CL_PRODOTTO_CAPITALE
DCCN_CAPITALT,1.0,7,VALUATION,CL_VAL
DCCN_CAPITALT,1.0,8,FREQUENCY,CL_FREQUENCY
DCCN_CAPITALT,1.0,9,INSTITUTIONAL_SECTOR,CL_SETTIST
DCCN_CAPITALT,1.0,10,EDITION,CL_T_BIS
DCCN_CAPITALTREV2,1.0,1,FREQ,CL_FREQ
DCCN_CAPITALTREV2,1.0,2,REF_AREA,CL_ITTER107
DCCN_CAPITALTREV2,1.0,3,DATA_TYPE_AGGR,CL_TIPO_DATO_CAPITALE
DCCN_CAPITALTREV2,1.0,4,BRKDW_INDUSTRY_NACE_REV2,CL_BRANCA_ATTIVITAREV2
DCCN_CAPITALTREV2,1.0,5,PRODUCT,CL_PRODOTTO_CAPITALE
DCCN_CAPITALTREV2,1.0,6,VALUATION,CL_VAL
DCCN_CAPITALTREV2,1.0,7,FREQUENCY,CL_FREQUENCY
DCCN_CAPITALTREV2,1.0,8,INSTITUTIONAL_SECTOR,CL_SETTIST
DCCN_CAPITALTREV2,1.0,9,EDITION,CL_T_BIS
DCCN_CONSFAMN,1.0,1,FREQ,CL_FREQ
DCCN_CONSFAMN,1.0,2,REF_AREA,CL_ITTER107
DCCN_CONSFAMN,1.0,3,DATA_TYPE_AGGR,CL_TIPO_DATO_CONSUMIF
DCCN_CONSFAMN,1.0,4,MEASURE,CL_MISURA1
DCCN_CONSFAMN,1.0,5,EXPEND_PURPOSE_COICOP,CL_COICOP_DCCN
DCCN_CONSFAMN,1.0,6,VALUATION,CL_VAL
DCCN_CONSFAMN,1.0,7,ADJUSTMENT,CL_CORREZ
DCCN_CONSFAMN,1.0,8,FREQUENCY,CL_FREQUENCY
DCCN_CONSFAMN,1.0,9,INSTITUTIONAL_SECTOR,CL_SETTIST
DCCN_CONSFAMN,1.0,10,EDITION,CL_T_BIS
DCCN_CONSFAMQ,1.0,1,FREQ,CL_FREQ
DCCN_CONSFAMQ,1.0,2,REF_AREA,CL_ITTER107
DCCN_CONSFAMQ,1.0,3,DATA_TYPE_AGGR,CL_TIPO_DATO_CONSUMIF
DCCN_CONSFAMQ,1.0,4,MEASURE,CL_MISURA1
DCCN_CONSFAMQ,1.0,5,EXPEND_PURPOSE_COICOP,CL_COICOP_DCCN
DCCN_CONSFAMQ,1.0,6,VALUATION,CL_VAL
DCCN_CONSFAMQ,1.0,7,ADJUSTMENT,CL_CORREZ
DCCN_CONSFAMQ,1.0,8,FREQUENCY,CL_FREQUENCY
DCCN_CONSFAMQ,1.0,9,INSTITUTIONAL_SECTOR,CL_SETTIST
DCCN_CONSFAMQ,1.0,10,EDITION,CL_T_BIS
DCCN_CONSFAMT,1.0,1,FREQ,CL_FREQ
DCCN_CONSFAMT,1.0,2,REF_AREA,CL_ITTER107
DCCN_CONSFAMT,1.0,3,DATA_TYPE_AGGR,CL_TIPO_DATO_CONSUMIF
DCCN_CONSFAMT,1.0,4,MEASURE,CL_MISURA1
DCCN_CONSFAMT,1.0,5,EXPEND_PURPOSE_COICOP,CL_COICOP_DCCN
DCCN_CONSFAMT,1.0,6,VALUATION,CL_VAL
DCCN_CONSFAMT,1.0,7,ADJUSTMENT,CL_CORREZ
DCCN_CONSFAMT,1.0,8,FREQUENCY,CL_FREQUENCY
DCCN_CONSFAMT,1.0,9,INSTITUTIONAL_SECTOR,CL_SETTIST
DCCN_CONSFAMT,1.0,10,EDITION,CL_T_BIS
DCCN_CONSPAT,1.0,1,FREQ,CL_FREQ
DCCN_CONSPAT,1.0,2,REF_AREA,CL_ITTER107
DCCN_CONSPAT,1.0,3,DATA_TYPE_AGGR,CL_TIPO_DATO_CONSUMIF
DCCN_CONSPAT,1.0,4,MEASURE,CL_MISURA1
DCCN_CONSPAT,1.0,5,EXPEND_PURPOSE_COFOG,CL_SPESA_COFOG
DCCN_CONSPAT,1.0,6,VALUATION,CL_VAL
DCCN_CONSPAT,1.0,7,FREQUENCY,CL_FREQUENCY
DCCN_CONSPAT,1.0,8,INSTITUTIONAL_SECTOR,CL_SETTIST
DCCN_CONSPAT,1.0,9,EDITION,CL_T_BIS
DCCN_CONTIEMATM,1.0,1,FREQ,CL_FREQ
DCCN_CONTIEMATM,1.0,2,REF_AREA,CL_ITTER107
DCCN_CONTIEMATM,1.0,3,DATA_TYPE_AGGR,CL_TIPO_DATO4
DCCN_CONTIEMATM,1.0,4,BRKDW_INDUSTRY_NACE_REV1,CL_ATECO2002
DCCN_CONTIEMATM,1.0,5,CAUSE_EMISSIONS,CL_CAUSA_EMISSIONI
DCCN_CONTIEMATM,1.0,6,BRIDGING_ITEMS_BTW_TOTALS,CL_RACNAMUNF
DCCN_CONTIEMATM,1.0,7,POLLUTANTS_ENViSS,CL_INQUINANTI
DCCN_CONTIEMATM,1.0,8,VALUATION,CL_VAL
DCCN_CONTIEMATM,1.0,9,FREQUENCY,CL_FREQUENCY
DCCN_CONTIEMATM,1.0,10,EDITION,CL_T_BIS
DCCN_CONTIEMATMREV1,1.0,1,FREQ,CL_FREQ
DCCN_CONTIEMATMREV1,1.0,2,REF_AREA,CL_ITTER107
DCCN_CONTIEMATMREV1,1.0,3,DATA_TYPE_AGGR,CL_TIPO_DATO4
DCCN_CONTIEMATMREV1,1.0,4,BRKDW_INDUSTRY_NACE_REV2,CL_BRANCA_ATTIVITAREV2
DCCN_CONTIEMATMREV1,1.0,5,CAUSE_EMISSIONS,CL_CAUSA_EMISSIONI
DCCN_CONTIEMATMREV1,1.0,6,BRIDGING_ITEMS_BTW_TOTALS,CL_RACNAMUNF
DCCN_CONTIEMATMREV1,1.0,7,POLLUTANTS_ENViSS,CL_INQUINANTI
DCCN_CONTIEMATMREV1,1.0,8,VALUATION,CL_VAL
DCCN_CONTIEMATMREV1,1.0,9,FREQUENCY,CL_FREQUENCY
DCCN_CONTIEMATMREV1,1.0,10,EDITION,CL_T_BIS
DCCN_CONTIEMATMREV2,1.1,1,FREQ,CL_FREQ
DCCN_CONTIEMATMREV2,1.1,2,REF_AREA,CL_ITTER107
DCCN_CONTIEMATMREV2,1.1,3,DATA_TYPE_AGGR,CL_TIPO_DATO4
DCCN_CONTIEMATMREV2,1.1,4,BRKDW_INDUSTRY_NACE_REV2,CL_BRANCA_ATTIVITAREV2
DCCN_CONTIEMATMREV2,1.1,5,CAUSE_EMISSIONS,CL_CAUSA_EMISSIONI
DCCN_CONTIEMATMREV2,1.1,6,BRIDGING_ITEMS_BTW_TOTALS,CL_RACNAMUNF
DCCN_CONTIEMATMREV2,1.1,7,POLLUTANTS_ENViSS,CL_INQUINANTI
DCCN_CONTIEMATMREV2,1.1,8,VALUATION,CL_VAL
DCCN_CONTIEMATMREV2,1.1,9,FREQUENCY,CL_FREQUENCY
DCCN_CONTIEMATMREV2,1.1,10,EDITION,CL_T_BIS
DCCN_CONTIEMATMREV2_B14,1.0,1,FREQ,CL_FREQ
DCCN_CONTIEMATMREV2_B14,1.0,2,REF_AREA,CL_ITTER107
DCCN_CONTIEMATMREV2_B14,1.0,3,DATA_TYPE_AGGR,CL_TIPO_DATO4
DCCN_CONTIEMATMREV2_B14,1.0,4,BRKDW_INDUSTRY_NACE_REV2,CL_BRANCA_ATTIVITAREV2
DCCN_CONTIEMATMREV2_B14,1.0,5,CAUSE_EMISSIONS,CL_CAUSA_EMISSIONI
DCCN_CONTIEMATMREV2_B14,1.0,6,BRIDGING_ITEMS_BTW_TOTALS,CL_RACNAMUNF
DCCN_CONTIEMATMREV2_B14,1.0,7,POLLUTANTS_ENViSS,CL_INQUINANTI
DCCN_CONTIEMATMREV2_B14,1.0,8,VALUATION,CL_VAL
DCCN_CONTIEMATMREV2_B14,1.0,9,FREQUENCY,CL_FREQUENCY
DCCN_CONTIEMATMREV2_B14,1.0,10,EDITION,CL_T_BIS
DCCN_CONTIEMATMREV2_B19,1.0,1,FREQ,CL_FREQ
DCCN_CONTIEMATMREV2_B19,1.0,2,REF_AREA,CL_ITTER107
DCCN_CONTIEMATMREV2_B19,1.0,3,DATA_TYPE_AGGR,CL_TIPO_DATO4
DCCN_CONTIEMATMREV2_B19,1.0,4,BRKDW_INDUSTRY_NACE_REV2,CL_BRANCA_ATTIVITAREV2
DCCN_CONTIEMATMREV2_B19,1.0,5,CAUSE_EMISSIONS,CL_CAUSA_EMISSIONI
DCCN_CONTIEMATMREV2_B19,1.0,6,BRIDGING_ITEMS_BTW_TOTALS,CL_RACNAMUNF
DCCN_CONTIEMATMREV2_B19,1.0,7,POLLUTANTS_ENViSS,CL_INQUINANTI
DCCN_CONTIEMATMREV2_B19,1.0,8,VALUATION,CL_VAL
DCCN_CONTIEMATMREV2_B19,1.0,9,FREQUENCY,CL_FREQUENCY
DCCN_CONTIEMATMREV2_B19,1.0,10,EDITION,CL_T_BIS
DCCN_CONTRIBQ,1.0,1,FREQ,CL_FREQ
DCCN_CONTRIBQ,1.0,2,REF_AREA,CL_ITTER107
DCCN_CONTRIBQ,1.0,3,DATA_TYPE_AGGR,CL_TIPO_DATO26
DCCN_CONTRIBQ,1.0,4,MEASURE,CL_MISURA1
DCCN_CONTRIBQ,1.0,5,VALUATION,CL_VAL
DCCN_CONTRIBQ,1.0,6,ADJUSTMENT,CL_CORREZ
DCCN_CONTRIBQ,1.0,7,FREQUENCY,CL_FREQUENCY
DCCN_CONTRIBQ,1.0,8,EDITION,CL_T_BIS
DCCN_COSTMARGQ,1.0,1,FREQ,CL_FREQ
DCCN_COSTMARGQ,1.0,2,REF_AREA,CL_ITTER107
DCCN_COSTMARGQ,1.0,3,DATA_TYPE_AGGR,CL_TIPO_DATO27
DCCN_COSTMARGQ,1.0,4,MEASURE,CL_MISURA1
DCCN_COSTMARGQ,1.0,5,BRKDW_INDUSTRY_NACE_REV2,CL_BRANCA_ATTIVITA
DCCN_COSTMARGQ,1.0,6,ADJUSTMENT,CL_CORREZ
DCCN_COSTMARGQ,1.0,7,FREQUENCY,CL_FREQUENCY
DCCN_COSTMARGQ,1.0,8,INSTITUTIONAL_SECTOR,CL_SETTIST
DCCN_COSTMARGQ,1.0,9,EDITION,CL_T_BIS
DCCN_COSTMARGQREV2,1.0,1,FREQ,CL_FREQ
DCCN_COSTMARGQREV2,1.0,2,REF_AREA,CL_ITTER107
DCCN_COSTMARGQREV2,1.0,3,DATA_TYPE_AGGR,CL_TIPO_DATO27
DCCN_COSTMARGQREV2,1.0,4,BRKDW_INDUSTRY_NACE_REV2,CL_BRANCA_ATTIVITAREV2
DCCN_COSTMARGQREV2,1.0,5,ADJUSTMENT,CL_CORREZ
DCCN_COSTMARGQREV2,1.0,6,FREQUENCY,CL_FREQUENCY
DCCN_COSTMARGQREV2,1.0,7,INSTITUTIONAL_SECTOR,CL_SETTIST
DCCN_COSTMARGQREV2,1.0,8,EDITION,CL_T_BIS
DCCN_EGSS,1.0,1,FREQ,CL_FREQ
DCCN_EGSS,1.0,2,REF_AREA,CL_ITTER107
DCCN_EGSS,1.0,3,DATA_TYPE_AGGR,CL_TIPO_DATO4
DCCN_EGSS,1.0,4,INSTITUTIONAL_SECTOR,CL_SETTISTSEC2010
DCCN_EGSS,1.0,5,BRKDW_INDUSTRY_NACE_REV2,CL_BRANCA_ATTIVITAREV2
DCCN_EGSS,1.0,6,CEPA_CREMA_CLASS,CL_SPESA_CEPA
DCCN_EGSS,1.0,7,VALUATION,CL_VAL
DCCN_EGSS,1.0,8,FREQUENCY,CL_FREQUENCY
DCCN_EGSS,1.0,9,EDITION,CL_T_BIS
DCCN_EGSS1,1.0,1,FREQ,CL_FREQ
DCCN_EGSS1,1.0,2,REF_AREA,CL_ITTER107
DCCN_EGSS1,1.0,3,DATA_TYPE_AGGR,CL_TIPO_DATO4
DCCN_EGSS1,1.0,4,INSTITUTIONAL_SECTOR,CL_SETTISTSEC2010
DCCN_EGSS1,1.0,5,BRKDW_INDUSTRY_NACE_REV2,CL_BRANCA_ATTIVITAREV2
DCCN_EGSS1,1.0,6,CEP_CLASS,CL_CEP
DCCN_EGSS1,1.0,7,VALUATION,CL_VAL
DCCN_EGSS1,1.0,8,FREQUENCY,CL_FREQUENCY
DCCN_EGSS1,1.0,9,EDITION,CL_T_BIS
DCCN_EGSS_B14,1.0,1,FREQ,CL_FREQ
DCCN_EGSS_B14,1.0,2,REF_AREA,CL_ITTER107
DCCN_EGSS_B14,1.0,3,DATA_TYPE_AGGR,CL_TIPO_DATO4
DCCN_EGSS_B14,1.0,4,INSTITUTIONAL_SECTOR,CL_SETTISTSEC2010
DCCN_EGSS_B14,1.0,5,BRKDW_INDUSTRY_NACE_REV2,CL_BRANCA_ATTIVITAREV2
DCCN_EGSS_B14,1.0,6,CEPA_CREMA_CLASS,CL_SPESA_CEPA
DCCN_EGSS_B14,1.0,7,VALUATION,CL_VAL
DCCN_EGSS_B14,1.0,8,FREQUENCY,CL_FREQUENCY
DCCN_EGSS_B14,1.0,9,EDITION,CL_T_BIS
DCCN_EGSS_B14609003,1.0,1,FREQ,CL_FREQ
DCCN_EGSS_B14609003,1.0,2,REF_AREA,CL_ITTER107
DCCN_EGSS_B14609003,1.0,3,DATA_TYPE_AGGR,CL_TIPO_DATO4
DCCN_EGSS_B14609003,1.0,4,BRKDW_INDUSTRY_NACE_REV2,CL_BRANCA_ATTIVITAREV2
DCCN_EGSS_B14609003,1.0,5,CEPA_CREMA_CLASS,CL_SPESA_CEPA
DCCN_EGSS_B14609003,1.0,6,VALUATION,CL_VAL
DCCN_EGSS_B14609003,1.0,7,EDITION,CL_T_BIS
DCCN_EGSS_B14702940,1.0,1,FREQ,CL_FREQ
DCCN_EGSS_B14702940,1.0,2,REF_AREA,CL_ITTER107
DCCN_EGSS_B14702940,1.0,3,DATA_TYPE_AGGR,CL_TIPO_DATO4
DCCN_EGSS_B14702940,1.0,4,BRKDW_INDUSTRY_NACE_REV2,CL_BRANCA_ATTIVITAREV2
DCCN_EGSS_B14702940,1.0,5,CEPA_CREMA_CLASS,CL_SPESA_CEPA
DCCN_EGSS_B14702940,1.0,6,EDITION,CL_T_BIS
DCCN_EGSS_B19,1.0,1,FREQ,CL_FREQ
DCCN_EGSS_B19,1.0,2,REF_AREA,CL_ITTER107
DCCN_EGSS_B19,1.0,3,DATA_TYPE_AGGR,CL_TIPO_DATO4
DCCN_EGSS_B19,1.0,4,INSTITUTIONAL_SECTOR,CL_SETTISTSEC2010
DCCN_EGSS_B19,1.0,5,BRKDW_INDUSTRY_NACE_REV2,CL_BRANCA_ATTIVITAREV2
DCCN_EGSS_B19,1.0,6,CEPA_CREMA_CLASS,CL_SPESA_CEPA
DCCN_EGSS_B19,1.0,7,VALUATION,CL_VAL
DCCN_EGSS_B19,1.0,8,FREQUENCY,CL_FREQUENCY
DCCN_EGSS_B19,1.0,9,EDITION,CL_T_BIS
DCCN_ESST,1.0,1,FREQ,CL_FREQ
DCCN_ESST,1.0,2,REF_AREA,CL_ITTER107
DCCN_ESST,1.0,3,DATA_TYPE_AGGR,CL_TIPO_DATO4
DCCN_ESST,1.0,4,INSTITUTIONAL_SECTOR_PAY,CL_SETTISTSEC2010
DCCN_ESST,1.0,5,INSTITUTIONAL_SECTOR_REC,CL_SETTISTSEC2010
DCCN_ESST,1.0,6,BRKDW_INDUSTRY_NACE_REV2,CL_BRANCA_ATTIVITAREV2
DCCN_ESST,1.0,7,CEP_CLASS,CL_CEP
DCCN_ESST,1.0,8,VALUATION,CL_VAL
DCCN_ESST,1.0,9,FREQUENCY,CL_FREQUENCY
DCCN_ESST,1.0,10,EDITION,CL_T_BIS
DCCN_FLUMAT,1.0,1,FREQ,CL_FREQ
DCCN_FLUMAT,1.0,2,REF_AREA,CL_ITTER107
DCCN_FLUMAT,1.0,3,DATA_TYPE_AGGR,CL_TIPO_DATO4
DCCN_FLUMAT,1.0,4,TYPE_OF_MATERIAL,CL_MATERIALE_EWMFA
DCCN_FLUMAT,1.0,5,FREQUENCY,CL_FREQUENCY
DCCN_FLUMAT,1.0,6,EDITION,CL_T_BIS
DCCN_FLUMAT_B14,1.0,1,FREQ,CL_FREQ
DCCN_FLUMAT_B14,1.0,2,REF_AREA,CL_ITTER107
DCCN_FLUMAT_B14,1.0,3,DATA_TYPE_AGGR,CL_TIPO_DATO4
DCCN_FLUMAT_B14,1.0,4,TYPE_OF_MATERIAL,CL_MATERIALE_EWMFA
DCCN_FLUMAT_B14,1.0,5,FREQUENCY,CL_FREQUENCY
DCCN_FLUMAT_B14,1.0,6,EDITION,CL_T_BIS
DCCN_FLUMAT_B14174910,1.0,1,FREQ,CL_FREQ
DCCN_FLUMAT_B14174910,1.0,2,REF_AREA,CL_ITTER107
DCCN_FLUMAT_B14174910,1.0,3,DATA_TYPE_AGGR,CL_TIPO_DATO4
DCCN_FLUMAT_B14174910,1.0,4,TYPE_OF_MATERIAL,CL_MATERIALE_EWMFA
DCCN_FLUMAT_B14174910,1.0,5,EDITION,CL_T_BIS
DCCN_FLUMAT_B14663073,1.0,1,FREQ,CL_FREQ
DCCN_FLUMAT_B14663073,1.0,2,REF_AREA,CL_ITTER107
DCCN_FLUMAT_B14663073,1.0,3,DATA_TYPE_AGGR,CL_TIPO_DATO4
DCCN_FLUMAT_B14663073,1.0,4,EDITION,CL_T_BIS
DCCN_FLUMAT_B19,1.0,1,FREQ,CL_FREQ
DCCN_FLUMAT_B19,1.0,2,REF_AREA,CL_ITTER107
DCCN_FLUMAT_B19,1.0,3,DATA_TYPE_AGGR,CL_TIPO_DATO4
DCCN_FLUMAT_B19,1.0,4,TYPE_OF_MATERIAL,CL_MATERIALE_EWMFA
DCCN_FLUMAT_B19,1.0,5,FREQUENCY,CL_FREQUENCY
DCCN_FLUMAT_B19,1.0,6,EDITION,CL_T_BIS
DCCN_FPA,1.0,1,FREQ,CL_FREQ
DCCN_FPA,1.0,2,REF_AREA,CL_ITTER107
DCCN_FPA,1.0,3,DATA_TYPE_AGGR,CL_TIPO_DATO_DCCN_FP
DCCN_FPA,1.0,4,NONFIN_ASSETS,CL_PRODOTTI1
DCCN_FPA,1.0,5,VALUATION,CL_VAL
DCCN_FPA,1.0,6,ADJUSTMENT,CL_CORREZ
DCCN_FPA,1.0,7,INSTITUTIONAL_SECTOR,CL_SETTISTSEC2010
DCCN_FPA,1.0,8,EXPEND_PURPOSE,CL_DCCN_COICOP_COFOG
DCCN_FPA,1.0,9,EDITION,CL_T_BIS
DCCN_FPA_B14,1.0,1,FREQ,CL_FREQ
DCCN_FPA_B14,1.0,2,REF_AREA,CL_ITTER107
DCCN_FPA_B14,1.0,3,DATA_TYPE_AGGR,CL_TIPO_DATO_DCCN_FP
DCCN_FPA_B14,1.0,4,NONFIN_ASSETS,CL_PRODOTTI1
DCCN_FPA_B14,1.0,5,VALUATION,CL_VAL
DCCN_FPA_B14,1.0,6,ADJUSTMENT,CL_CORREZ
DCCN_FPA_B14,1.0,7,INSTITUTIONAL_SECTOR,CL_SETTISTSEC2010
DCCN_FPA_B14,1.0,8,EXPEND_PURPOSE,CL_DCCN_COICOP_COFOG
DCCN_FPA_B14,1.0,9,EDITION,CL_T_BIS
DCCN_FPA_B1452500,1.0,1,FREQ,CL_FREQ
DCCN_FPA_B1452500,1.0,2,REF_AREA,CL_ITTER107
DCCN_FPA_B1452500,1.0,3,DATA_TYPE_AGGR,CL_TIPO_DATO_DCCN_FP
DCCN_FPA_B1452500,1.0,4,VALUATION,CL_VAL
DCCN_FPA_B1452500,1.0,5,ADJUSTMENT,CL_CORREZ
DCCN_FPA_B1452500,1.0,6,INSTITUTIONAL_SECTOR,CL_SETTISTSEC2010
DCCN_FPA_B1452500,1.0,7,EDITION,CL_T_BIS
DCCN_FPA_B14551742,1.0,1,FREQ,CL_FREQ
DCCN_FPA_B14551742,1.0,2,REF_AREA,CL_ITTER107
DCCN_FPA_B14551742,1.0,3,DATA_TYPE_AGGR,CL_TIPO_DATO_DCCN_FP
DCCN_FPA_B14551742,1.0,4,VALUATION,CL_VAL
DCCN_FPA_B14551742,1.0,5,ADJUSTMENT,CL_CORREZ
DCCN_FPA_B14551742,1.0,6,INSTITUTIONAL_SECTOR,CL_SETTISTSEC2010
DCCN_FPA_B14551742,1.0,7,EDITION,CL_T_BIS
DCCN_FPA_B1459774,1.0,1,FREQ,CL_FREQ
DCCN_FPA_B1459774,1.0,2,REF_AREA,CL_ITTER107
DCCN_FPA_B1459774,1.0,3,DATA_TYPE_AGGR,CL_TIPO_DATO_DCCN_FP
DCCN_FPA_B1459774,1.0,4,VALUATION,CL_VAL
DCCN_FPA_B1459774,1.0,5,ADJUSTMENT,CL_CORREZ
DCCN_FPA_B1459774,1.0,6,EDITION,CL_T_BIS
DCCN_FPA_B14739452,1.0,1,FREQ,CL_FREQ
DCCN_FPA_B14739452,1.0,2,REF_AREA,CL_ITTER107
DCCN_FPA_B14739452,1.0,3,DATA_TYPE_AGGR,CL_TIPO_DATO_DCCN_FP
DCCN_FPA_B14739452,1.0,4,NONFIN_ASSETS,CL_PRODOTTI1
DCCN_FPA_B14739452,1.0,5,VALUATION,CL_VAL
DCCN_FPA_B14739452,1.0,6,ADJUSTMENT,CL_CORREZ
DCCN_FPA_B14739452,1.0,7,INSTITUTIONAL_SECTOR,CL_SETTISTSEC2010
DCCN_FPA_B14739452,1.0,8,EDITION,CL_T_BIS
DCCN_FPA_B14838214,1.0,1,FREQ,CL_FREQ
DCCN_FPA_B14838214,1.0,2,REF_AREA,CL_ITTER107
DCCN_FPA_B14838214,1.0,3,DATA_TYPE_AGGR,CL_TIPO_DATO_DCCN_FP
DCCN_FPA_B14838214,1.0,4,VALUATION,CL_VAL
DCCN_FPA_B14838214,1.0,5,ADJUSTMENT,CL_CORREZ
DCCN_FPA_B14838214,1.0,6,INSTITUTIONAL_SECTOR,CL_SETTISTSEC2010
DCCN_FPA_B14838214,1.0,7,EDITION,CL_T_BIS
DCCN_FPA_B19,1.0,1,FREQ,CL_FREQ
DCCN_FPA_B19,1.0,2,REF_AREA,CL_ITTER107
DCCN_FPA_B19,1.0,3,DATA_TYPE_AGGR,CL_TIPO_DATO_DCCN_FP
DCCN_FPA_B19,1.0,4,NONFIN_ASSETS,CL_PRODOTTI1
DCCN_FPA_B19,1.0,5,VALUATION,CL_VAL
DCCN_FPA_B19,1.0,6,ADJUSTMENT,CL_CORREZ
DCCN_FPA_B19,1.0,7,INSTITUTIONAL_SECTOR,CL_SETTISTSEC2010
DCCN_FPA_B19,1.0,8,EXPEND_PURPOSE,CL_DCCN_COICOP_COFOG
DCCN_FPA_B19,1.0,9,EDITION,CL_T_BIS
DCCN_FPQ,1.0,1,FREQ,CL_FREQ
DCCN_FPQ,1.0,2,REF_AREA,CL_ITTER107
DCCN_FPQ,1.0,3,DATA_TYPE_AGGR,CL_TIPO_DATO_DCCN_FP
DCCN_FPQ,1.0,4,NONFIN_ASSETS,CL_PRODOTTI1
DCCN_FPQ,1.0,5,VALUATION,CL_VAL
DCCN_FPQ,1.0,6,ADJUSTMENT,CL_CORREZ
DCCN_FPQ,1.0,7,INSTITUTIONAL_SECTOR,CL_SETTISTSEC2010
DCCN_FPQ,1.0,8,EXPEND_PURPOSE,CL_DCCN_COICOP_COFOG
DCCN_FPQ,1.0,9,EDITION,CL_T_BIS
DCCN_FPQ_B14,1.0,1,FREQ,CL_FREQ
DCCN_FPQ_B14,1.0,2,REF_AREA,CL_ITTER107
DCCN_FPQ_B14,1.0,3,DATA_TYPE_AGGR,CL_TIPO_DATO_DCCN_FP
DCCN_FPQ_B14,1.0,4,NONFIN_ASSETS,CL_PRODOTTI1
DCCN_FPQ_B14,1.0,5,VALUATION,CL_VAL
DCCN_FPQ_B14,1.0,6,ADJUSTMENT,CL_CORREZ
DCCN_FPQ_B14,1.0,7,INSTITUTIONAL_SECTOR,CL_SETTISTSEC2010
DCCN_FPQ_B14,1.0,8,EXPEND_PURPOSE,CL_DCCN_COICOP_COFOG
DCCN_FPQ_B14,1.0,9,EDITION,CL_T_BIS
DCCN_FPQ_B19,1.0,1,FREQ,CL_FREQ
DCCN_FPQ_B19,1.0,2,REF_AREA,CL_ITTER107
DCCN_FPQ_B19,1.0,3,DATA_TYPE_AGGR,CL_TIPO_DATO_DCCN_FP
DCCN_FPQ_B19,1.0,4,NONFIN_ASSETS,CL_PRODOTTI1
DCCN_FPQ_B19,1.0,5,VALUATION,CL_VAL
DCCN_FPQ_B19,1.0,6,ADJUSTMENT,CL_CORREZ
DCCN_FPQ_B19,1.0,7,INSTITUTIONAL_SECTOR,CL_SETTISTSEC2010
DCCN_FPQ_B19,1.0,8,EXPEND_PURPOSE,CL_DCCN_COICOP_COFOG
DCCN_FPQ_B19,1.0,9,EDITION,CL_T_BIS
DCCN_IMPAMB0,1.0,1,FREQ,CL_FREQ
DCCN_IMPAMB0,1.0,2,REF_AREA,CL_ITTER107
DCCN_IMPAMB0,1.0,3,DATA_TYPE_AGGR,CL_TIPO_DATO4
DCCN_IMPAMB0,1.0,4,ENVIRONMENTAL_TAX_CATEG,CL_IMPOSTA
DCCN_IMPAMB0,1.0,5,USE_NA,CL_IMPIEGO
DCCN_IMPAMB0,1.0,6,BRKDW_INDUSTRY_NACE_REV2,CL_BRANCA_ATTIVITAREV2
DCCN_IMPAMB0,1.0,7,CEPA_CLASS,CL_SPESA_CEPA
DCCN_IMPAMB0,1.0,8,EARNMARK_ENV_TAX_REV,CL_GETTITO
DCCN_IMPAMB0,1.0,9,VALUATION,CL_VAL
DCCN_IMPAMB0,1.0,10,FREQUENCY,CL_FREQUENCY
DCCN_IMPAMB0,1.0,11,EDITION,CL_T_BIS
DCCN_IMPAMB1,1.0,1,FREQ,CL_FREQ
DCCN_IMPAMB1,1.0,2,REF_AREA,CL_ITTER107
DCCN_IMPAMB1,1.0,3,DATA_TYPE_AGGR,CL_TIPO_DATO4
DCCN_IMPAMB1,1.0,4,ENVIRONMENTAL_TAX_CATEG,CL_IMPOSTA
DCCN_IMPAMB1,1.0,5,UNITS_NA,CL_IMPIEGO
DCCN_IMPAMB1,1.0,6,BRKDW_INDUSTRY_NACE_REV2,CL_BRANCA_ATTIVITAREV2
DCCN_IMPAMB1,1.0,7,CEPA_CLASS,CL_SPESA_CEPA
DCCN_IMPAMB1,1.0,8,EARNMARK_ENV_TAX_REV,CL_GETTITO
DCCN_IMPAMB1,1.0,9,VALUATION,CL_VAL
DCCN_IMPAMB1,1.0,10,FREQUENCY,CL_FREQUENCY
DCCN_IMPAMB1,1.0,11,EDITION,CL_T_BIS
DCCN_IMPAMB1_B14,1.0,1,FREQ,CL_FREQ
DCCN_IMPAMB1_B14,1.0,2,REF_AREA,CL_ITTER107
DCCN_IMPAMB1_B14,1.0,3,DATA_TYPE_AGGR,CL_TIPO_DATO4
DCCN_IMPAMB1_B14,1.0,4,ENVIRONMENTAL_TAX_CATEG,CL_IMPOSTA
DCCN_IMPAMB1_B14,1.0,5,UNITS_NA,CL_IMPIEGO
DCCN_IMPAMB1_B14,1.0,6,BRKDW_INDUSTRY_NACE_REV2,CL_BRANCA_ATTIVITAREV2
DCCN_IMPAMB1_B14,1.0,7,CEPA_CLASS,CL_SPESA_CEPA
DCCN_IMPAMB1_B14,1.0,8,EARNMARK_ENV_TAX_REV,CL_GETTITO
DCCN_IMPAMB1_B14,1.0,9,VALUATION,CL_VAL
DCCN_IMPAMB1_B14,1.0,10,FREQUENCY,CL_FREQUENCY
DCCN_IMPAMB1_B14,1.0,11,EDITION,CL_T_BIS
DCCN_IMPAMB1_B14162486,1.0,1,FREQ,CL_FREQ
DCCN_IMPAMB1_B14162486,1.0,2,REF_AREA,CL_ITTER107
DCCN_IMPAMB1_B14162486,1.0,3,DATA_TYPE_AGGR,CL_TIPO_DATO4
DCCN_IMPAMB1_B14162486,1.0,4,CEPA_CLASS,CL_SPESA_CEPA
DCCN_IMPAMB1_B14162486,1.0,5,VALUATION,CL_VAL
DCCN_IMPAMB1_B14162486,1.0,6,EDITION,CL_T_BIS
DCCN_IMPAMB1_B14190359,1.0,1,FREQ,CL_FREQ
DCCN_IMPAMB1_B14190359,1.0,2,REF_AREA,CL_ITTER107
DCCN_IMPAMB1_B14190359,1.0,3,DATA_TYPE_AGGR,CL_TIPO_DATO4
DCCN_IMPAMB1_B14190359,1.0,4,ENVIRONMENTAL_TAX_CATEG,CL_IMPOSTA
DCCN_IMPAMB1_B14190359,1.0,5,VALUATION,CL_VAL
DCCN_IMPAMB1_B14190359,1.0,6,FREQUENCY,CL_FREQUENCY
DCCN_IMPAMB1_B14190359,1.0,7,EDITION,CL_T_BIS
DCCN_IMPAMB1_B1471548,1.0,1,FREQ,CL_FREQ
DCCN_IMPAMB1_B1471548,1.0,2,REF_AREA,CL_ITTER107
DCCN_IMPAMB1_B1471548,1.0,3,DATA_TYPE_AGGR,CL_TIPO_DATO4
DCCN_IMPAMB1_B1471548,1.0,4,ENVIRONMENTAL_TAX_CATEG,CL_IMPOSTA
DCCN_IMPAMB1_B1471548,1.0,5,UNITS_NA,CL_IMPIEGO
DCCN_IMPAMB1_B1471548,1.0,6,VALUATION,CL_VAL
DCCN_IMPAMB1_B1471548,1.0,7,EDITION,CL_T_BIS
DCCN_IMPAMB1_B14802327,1.0,1,FREQ,CL_FREQ
DCCN_IMPAMB1_B14802327,1.0,2,REF_AREA,CL_ITTER107
DCCN_IMPAMB1_B14802327,1.0,3,DATA_TYPE_AGGR,CL_TIPO_DATO4
DCCN_IMPAMB1_B14802327,1.0,4,ENVIRONMENTAL_TAX_CATEG,CL_IMPOSTA
DCCN_IMPAMB1_B14802327,1.0,5,UNITS_NA,CL_IMPIEGO
DCCN_IMPAMB1_B14802327,1.0,6,BRKDW_INDUSTRY_NACE_REV2,CL_BRANCA_ATTIVITAREV2
DCCN_IMPAMB1_B14802327,1.0,7,VALUATION,CL_VAL
DCCN_IMPAMB1_B14802327,1.0,8,EDITION,CL_T_BIS
DCCN_IMPAMB1_B14857079,1.0,1,FREQ,CL_FREQ
DCCN_IMPAMB1_B14857079,1.0,2,REF_AREA,CL_ITTER107
DCCN_IMPAMB1_B14857079,1.0,3,DATA_TYPE_AGGR,CL_TIPO_DATO4
DCCN_IMPAMB1_B14857079,1.0,4,EARNMARK_ENV_TAX_REV,CL_GETTITO
DCCN_IMPAMB1_B14857079,1.0,5,VALUATION,CL_VAL
DCCN_IMPAMB1_B14857079,1.0,6,EDITION,CL_T_BIS
DCCN_IMPAMB1_B19,1.0,1,FREQ,CL_FREQ
DCCN_IMPAMB1_B19,1.0,2,REF_AREA,CL_ITTER107
DCCN_IMPAMB1_B19,1.0,3,DATA_TYPE_AGGR,CL_TIPO_DATO4
DCCN_IMPAMB1_B19,1.0,4,ENVIRONMENTAL_TAX_CATEG,CL_IMPOSTA
DCCN_IMPAMB1_B19,1.0,5,UNITS_NA,CL_IMPIEGO
DCCN_IMPAMB1_B19,1.0,6,BRKDW_INDUSTRY_NACE_REV2,CL_BRANCA_ATTIVITAREV2
DCCN_IMPAMB1_B19,1.0,7,CEPA_CLASS,CL_SPESA_CEPA
DCCN_IMPAMB1_B19,1.0,8,EARNMARK_ENV_TAX_REV,CL_GETTITO
DCCN_IMPAMB1_B19,1.0,9,VALUATION,CL_VAL
DCCN_IMPAMB1_B19,1.0,10,FREQUENCY,CL_FREQUENCY
DCCN_IMPAMB1_B19,1.0,11,EDITION,CL_T_BIS
DCCN_INVESTIN,1.0,1,FREQ,CL_FREQ
DCCN_INVESTIN,1.0,2,REF_AREA,CL_ITTER107
DCCN_INVESTIN,1.0,3,DATA_TYPE_AGGR,CL_TIPO_DATO_INVEST
DCCN_INVESTIN,1.0,4,MEASURE,CL_MISURA1
DCCN_INVESTIN,1.0,5,PRODUCT,CL_PRODOTTO
DCCN_INVESTIN,1.0,6,VALUATION,CL_VAL
DCCN_INVESTIN,1.0,7,ADJUSTMENT,CL_CORREZ
DCCN_INVESTIN,1.0,8,FREQUENCY,CL_FREQUENCY
DCCN_INVESTIN,1.0,9,INSTITUTIONAL_SECTOR,CL_SETTIST
DCCN_INVESTIN,1.0,10,EDITION,CL_T_BIS
DCCN_INVESTIQ,1.0,1,FREQ,CL_FREQ
DCCN_INVESTIQ,1.0,2,REF_AREA,CL_ITTER107
DCCN_INVESTIQ,1.0,3,DATA_TYPE_AGGR,CL_TIPO_DATO_INVEST
DCCN_INVESTIQ,1.0,4,MEASURE,CL_MISURA1
DCCN_INVESTIQ,1.0,5,PRODUCT,CL_PRODOTTO
DCCN_INVESTIQ,1.0,6,VALUATION,CL_VAL
DCCN_INVESTIQ,1.0,7,ADJUSTMENT,CL_CORREZ
DCCN_INVESTIQ,1.0,8,FREQUENCY,CL_FREQUENCY
DCCN_INVESTIQ,1.0,9,INSTITUTIONAL_SECTOR,CL_SETTIST
DCCN_INVESTIQ,1.0,10,EDITION,CL_T_BIS
DCCN_ISTITUZ_ANA,1.0,1,FREQ,CL_FREQ
DCCN_ISTITUZ_ANA,1.0,2,REF_AREA,CL_ITTER107
DCCN_ISTITUZ_ANA,1.0,3,DATA_TYPE_AGGR,CL_TIPO_DATO_DCCN_SI
DCCN_ISTITUZ_ANA,1.0,4,INSTITUTIONAL_SECTOR,CL_SETTISTSEC2010
DCCN_ISTITUZ_ANA,1.0,5,NONFIN_ASSETS,CL_PRODOTTI1
DCCN_ISTITUZ_ANA,1.0,6,VALUATION,CL_VAL
DCCN_ISTITUZ_ANA,1.0,7,PRICE,CL_TIPOLOG_PREZZO
DCCN_ISTITUZ_ANA,1.0,8,ADJUSTMENT,CL_CORREZ
DCCN_ISTITUZ_ANA,1.0,9,EDITION,CL_T_BIS
DCCN_ISTITUZ_ANA1,1.0,1,FREQ,CL_FREQ
DCCN_ISTITUZ_ANA1,1.0,2,REF_AREA,CL_ITTER107
DCCN_ISTITUZ_ANA1,1.0,3,DATA_TYPE_AGGR,CL_TIPO_DATO_DCCN_SI
DCCN_ISTITUZ_ANA1,1.0,4,INSTITUTIONAL_SECTOR,CL_SETTISTSEC2010
DCCN_ISTITUZ_ANA1,1.0,5,BRKDW_INDUSTRY_NACE_REV2,CL_BRANCA_ATTIVITAREV2
DCCN_ISTITUZ_ANA1,1.0,6,NONFIN_ASSETS,CL_PRODOTTI1
DCCN_ISTITUZ_ANA1,1.0,7,VALUATION,CL_VAL
DCCN_ISTITUZ_ANA1,1.0,8,PRICE,CL_TIPOLOG_PREZZO
DCCN_ISTITUZ_ANA1,1.0,9,ADJUSTMENT,CL_CORREZ
DCCN_ISTITUZ_ANA1,1.0,10,EDITION,CL_T_BIS
DCCN_ISTITUZ_ANA1_B19,1.0,1,FREQ,CL_FREQ
DCCN_ISTITUZ_ANA1_B19,1.0,2,REF_AREA,CL_ITTER107
DCCN_ISTITUZ_ANA1_B19,1.0,3,DATA_TYPE_AGGR,CL_TIPO_DATO_DCCN_SI
DCCN_ISTITUZ_ANA1_B19,1.0,4,INSTITUTIONAL_SECTOR,CL_SETTISTSEC2010
DCCN_ISTITUZ_ANA1_B19,1.0,5,BRKDW_INDUSTRY_NACE_REV2,CL_BRANCA_ATTIVITAREV2
DCCN_ISTITUZ_ANA1_B19,1.0,6,NONFIN_ASSETS,CL_PRODOTTI1
DCCN_ISTITUZ_ANA1_B19,1.0,7,VALUATION,CL_VAL
DCCN_ISTITUZ_ANA1_B19,1.0,8,PRICE,CL_TIPOLOG_PREZZO
DCCN_ISTITUZ_ANA1_B19,1.0,9,ADJUSTMENT,CL_CORREZ
DCCN_ISTITUZ_ANA1_B19,1.0,10,EDITION,CL_T_BIS
DCCN_ISTITUZ_ANA_B14,1.0,1,FREQ,CL_FREQ
DCCN_ISTITUZ_ANA_B14,1.0,2,REF_AREA,CL_ITTER107
DCCN_ISTITUZ_ANA_B14,1.0,3,DATA_TYPE_AGGR,CL_TIPO_DATO_DCCN_SI
DCCN_ISTITUZ_ANA_B14,1.0,4,INSTITUTIONAL_SECTOR,CL_SETTISTSEC2010
DCCN_ISTITUZ_ANA_B14,1.0,5,NONFIN_ASSETS,CL_PRODOTTI1
DCCN_ISTITUZ_ANA_B14,1.0,6,VALUATION,CL_VAL
DCCN_ISTITUZ_ANA_B14,1.0,7,PRICE,CL_TIPOLOG_PREZZO
DCCN_ISTITUZ_ANA_B14,1.0,8,ADJUSTMENT,CL_CORREZ
DCCN_ISTITUZ_ANA_B14,1.0,9,EDITION,CL_T_BIS
DCCN_ISTITUZ_ANA_B14965124,1.0,1,FREQ,CL_FREQ
DCCN_ISTITUZ_ANA_B14965124,1.0,2,REF_AREA,CL_ITTER107
DCCN_ISTITUZ_ANA_B14965124,1.0,3,DATA_TYPE_AGGR,CL_TIPO_DATO_DCCN_SI
DCCN_ISTITUZ_ANA_B14965124,1.0,4,INSTITUTIONAL_SECTOR,CL_SETTISTSEC2010
DCCN_ISTITUZ_ANA_B14965124,1.0,5,VALUATION,CL_VAL
DCCN_ISTITUZ_ANA_B14965124,1.0,6,PRICE,CL_TIPOLOG_PREZZO
DCCN_ISTITUZ_ANA_B14965124,1.0,7,ADJUSTMENT,CL_CORREZ
DCCN_ISTITUZ_ANA_B14965124,1.0,8,EDITION,CL_T_BIS
DCCN_ISTITUZ_QNA,1.0,1,FREQ,CL_FREQ
DCCN_ISTITUZ_QNA,1.0,2,REF_AREA,CL_ITTER107
DCCN_ISTITUZ_QNA,1.0,3,DATA_TYPE_AGGR,CL_TIPO_DATO_DCCN_SI
DCCN_ISTITUZ_QNA,1.0,4,INSTITUTIONAL_SECTOR,CL_SETTISTSEC2010
DCCN_ISTITUZ_QNA,1.0,5,NONFIN_ASSETS,CL_PRODOTTI1
DCCN_ISTITUZ_QNA,1.0,6,VALUATION,CL_VAL
DCCN_ISTITUZ_QNA,1.0,7,PRICE,CL_TIPOLOG_PREZZO
DCCN_ISTITUZ_QNA,1.0,8,ADJUSTMENT,CL_CORREZ
DCCN_ISTITUZ_QNA,1.0,9,EDITION,CL_T_BIS
DCCN_ISTITUZ_QNA1,1.0,1,FREQ,CL_FREQ
DCCN_ISTITUZ_QNA1,1.0,2,REF_AREA,CL_ITTER107
DCCN_ISTITUZ_QNA1,1.0,3,DATA_TYPE_AGGR,CL_TIPO_DATO_DCCN_SI
DCCN_ISTITUZ_QNA1,1.0,4,INSTITUTIONAL_SECTOR,CL_SETTISTSEC2010
DCCN_ISTITUZ_QNA1,1.0,5,BRKDW_INDUSTRY_NACE_REV2,CL_BRANCA_ATTIVITAREV2
DCCN_ISTITUZ_QNA1,1.0,6,NONFIN_ASSETS,CL_PRODOTTI1
DCCN_ISTITUZ_QNA1,1.0,7,VALUATION,CL_VAL
DCCN_ISTITUZ_QNA1,1.0,8,PRICE,CL_TIPOLOG_PREZZO
DCCN_ISTITUZ_QNA1,1.0,9,ADJUSTMENT,CL_CORREZ
DCCN_ISTITUZ_QNA1,1.0,10,EDITION,CL_T_BIS
DCCN_ISTITUZ_QNA1_B19,1.0,1,FREQ,CL_FREQ
DCCN_ISTITUZ_QNA1_B19,1.0,2,REF_AREA,CL_ITTER107
DCCN_ISTITUZ_QNA1_B19,1.0,3,DATA_TYPE_AGGR,CL_TIPO_DATO_DCCN_SI
DCCN_ISTITUZ_QNA1_B19,1.0,4,INSTITUTIONAL_SECTOR,CL_SETTISTSEC2010
DCCN_ISTITUZ_QNA1_B19,1.0,5,BRKDW_INDUSTRY_NACE_REV2,CL_BRANCA_ATTIVITAREV2
DCCN_ISTITUZ_QNA1_B19,1.0,6,NONFIN_ASSETS,CL_PRODOTTI1
DCCN_ISTITUZ_QNA1_B19,1.0,7,VALUATION,CL_VAL
DCCN_ISTITUZ_QNA1_B19,1.0,8,PRICE,CL_TIPOLOG_PREZZO
DCCN_ISTITUZ_QNA1_B19,1.0,9,ADJUSTMENT,CL_CORREZ
DCCN_ISTITUZ_QNA1_B19,1.0,10,EDITION,CL_T_BIS
DCCN_ISTITUZ_QNA_B14,1.0,1,FREQ,CL_FREQ
DCCN_ISTITUZ_QNA_B14,1.0,2,REF_AREA,CL_ITTER107
DCCN_ISTITUZ_QNA_B14,1.0,3,DATA_TYPE_AGGR,CL_TIPO_DATO_DCCN_SI
DCCN_ISTITUZ_QNA_B14,1.0,4,INSTITUTIONAL_SECTOR,CL_SETTISTSEC2010
DCCN_ISTITUZ_QNA_B14,1.0,5,NONFIN_ASSETS,CL_PRODOTTI1
DCCN_ISTITUZ_QNA_B14,1.0,6,VALUATION,CL_VAL
DCCN_ISTITUZ_QNA_B14,1.0,7,PRICE,CL_TIPOLOG_PREZZO
DCCN_ISTITUZ_QNA_B14,1.0,8,ADJUSTMENT,CL_CORREZ
DCCN_ISTITUZ_QNA_B14,1.0,9,EDITION,CL_T_BIS
DCCN_ISTITUZ_QNA_B141726,1.0,1,FREQ,CL_FREQ
DCCN_ISTITUZ_QNA_B141726,1.0,2,REF_AREA,CL_ITTER107
DCCN_ISTITUZ_QNA_B141726,1.0,3,DATA_TYPE_AGGR,CL_TIPO_DATO_DCCN_SI
DCCN_ISTITUZ_QNA_B141726,1.0,4,INSTITUTIONAL_SECTOR,CL_SETTISTSEC2010
DCCN_ISTITUZ_QNA_B141726,1.0,5,VALUATION,CL_VAL
DCCN_ISTITUZ_QNA_B141726,1.0,6,PRICE,CL_TIPOLOG_PREZZO
DCCN_ISTITUZ_QNA_B141726,1.0,7,ADJUSTMENT,CL_CORREZ
DCCN_ISTITUZ_QNA_B141726,1.0,8,EDITION,CL_T_BIS
DCCN_ISTITUZ_QNA_B14532383,1.0,1,FREQ,CL_FREQ
DCCN_ISTITUZ_QNA_B14532383,1.0,2,REF_AREA,CL_ITTER107
DCCN_ISTITUZ_QNA_B14532383,1.0,3,DATA_TYPE_AGGR,CL_TIPO_DATO_DCCN_SI
DCCN_ISTITUZ_QNA_B14532383,1.0,4,INSTITUTIONAL_SECTOR,CL_SETTISTSEC2010
DCCN_ISTITUZ_QNA_B14532383,1.0,5,VALUATION,CL_VAL
DCCN_ISTITUZ_QNA_B14532383,1.0,6,PRICE,CL_TIPOLOG_PREZZO
DCCN_ISTITUZ_QNA_B14532383,1.0,7,ADJUSTMENT,CL_CORREZ
DCCN_ISTITUZ_QNA_B14532383,1.0,8,EDITION,CL_T_BIS
DCCN_ISTITUZ_QNA_B14596388,1.0,1,FREQ,CL_FREQ
DCCN_ISTITUZ_QNA_B14596388,1.0,2,REF_AREA,CL_ITTER107
DCCN_ISTITUZ_QNA_B14596388,1.0,3,DATA_TYPE_AGGR,CL_TIPO_DATO_DCCN_SI
DCCN_ISTITUZ_QNA_B14596388,1.0,4,INSTITUTIONAL_SECTOR,CL_SETTISTSEC2010
DCCN_ISTITUZ_QNA_B14596388,1.0,5,PRICE,CL_TIPOLOG_PREZZO
DCCN_ISTITUZ_QNA_B14596388,1.0,6,ADJUSTMENT,CL_CORREZ
DCCN_ISTITUZ_QNA_B14596388,1.0,7,EDITION,CL_T_BIS
DCCN_ISTITUZ_TNA,1.0,1,FREQ,CL_FREQ
DCCN_ISTITUZ_TNA,1.0,2,REF_AREA,CL_ITTER107
DCCN_ISTITUZ_TNA,1.0,3,DATA_TYPE_AGGR,CL_TIPO_DATO_DCCN_SI
DCCN_ISTITUZ_TNA,1.0,4,INSTITUTIONAL_SECTOR,CL_SETTISTSEC2010
DCCN_ISTITUZ_TNA,1.0,5,NONFIN_ASSETS,CL_PRODOTTI1
DCCN_ISTITUZ_TNA,1.0,6,VALUATION,CL_VAL
DCCN_ISTITUZ_TNA,1.0,7,PRICE,CL_TIPOLOG_PREZZO
DCCN_ISTITUZ_TNA,1.0,8,ADJUSTMENT,CL_CORREZ
DCCN_ISTITUZ_TNA,1.0,9,EDITION,CL_T_BIS
DCCN_ISTITUZ_TNA1,1.0,1,FREQ,CL_FREQ
DCCN_ISTITUZ_TNA1,1.0,2,REF_AREA,CL_ITTER107
DCCN_ISTITUZ_TNA1,1.0,3,DATA_TYPE_AGGR,CL_TIPO_DATO_DCCN_SI
DCCN_ISTITUZ_TNA1,1.0,4,INSTITUTIONAL_SECTOR,CL_SETTISTSEC2010
DCCN_ISTITUZ_TNA1,1.0,5,BRKDW_INDUSTRY_NACE_REV2,CL_BRANCA_ATTIVITAREV2
DCCN_ISTITUZ_TNA1,1.0,6,NONFIN_ASSETS,CL_PRODOTTI1
DCCN_ISTITUZ_TNA1,1.0,7,VALUATION,CL_VAL
DCCN_ISTITUZ_TNA1,1.0,8,PRICE,CL_TIPOLOG_PREZZO
DCCN_ISTITUZ_TNA1,1.0,9,ADJUSTMENT,CL_CORREZ
DCCN_ISTITUZ_TNA1,1.0,10,EDITION,CL_T_BIS
DCCN_ISTITUZ_TNA1_B19,1.0,1,FREQ,CL_FREQ
DCCN_ISTITUZ_TNA1_B19,1.0,2,REF_AREA,CL_ITTER107
DCCN_ISTITUZ_TNA1_B19,1.0,3,DATA_TYPE_AGGR,CL_TIPO_DATO_DCCN_SI
DCCN_ISTITUZ_TNA1_B19,1.0,4,INSTITUTIONAL_SECTOR,CL_SETTISTSEC2010
DCCN_ISTITUZ_TNA1_B19,1.0,5,BRKDW_INDUSTRY_NACE_REV2,CL_BRANCA_ATTIVITAREV2
DCCN_ISTITUZ_TNA1_B19,1.0,6,NONFIN_ASSETS,CL_PRODOTTI1
DCCN_ISTITUZ_TNA1_B19,1.0,7,VALUATION,CL_VAL
DCCN_ISTITUZ_TNA1_B19,1.0,8,PRICE,CL_TIPOLOG_PREZZO
DCCN_ISTITUZ_TNA1_B19,1.0,9,ADJUSTMENT,CL_CORREZ
DCCN_ISTITUZ_TNA1_B19,1.0,10,EDITION,CL_T_BIS
DCCN_ISTITUZ_TNA_B14,1.0,1,FREQ,CL_FREQ
DCCN_ISTITUZ_TNA_B14,1.0,2,REF_AREA,CL_ITTER107
DCCN_ISTITUZ_TNA_B14,1.0,3,DATA_TYPE_AGGR,CL_TIPO_DATO_DCCN_SI
DCCN_ISTITUZ_TNA_B14,1.0,4,INSTITUTIONAL_SECTOR,CL_SETTISTSEC2010
DCCN_ISTITUZ_TNA_B14,1.0,5,NONFIN_ASSETS,CL_PRODOTTI1
DCCN_ISTITUZ_TNA_B14,1.0,6,VALUATION,CL_VAL
DCCN_ISTITUZ_TNA_B14,1.0,7,PRICE,CL_TIPOLOG_PREZZO
DCCN_ISTITUZ_TNA_B14,1.0,8,ADJUSTMENT,CL_CORREZ
DCCN_ISTITUZ_TNA_B14,1.0,9,EDITION,CL_T_BIS
DCCN_ISTITUZ_TNA_B14726141,1.0,1,FREQ,CL_FREQ
DCCN_ISTITUZ_TNA_B14726141,1.0,2,REF_AREA,CL_ITTER107
DCCN_ISTITUZ_TNA_B14726141,1.0,3,DATA_TYPE_AGGR,CL_TIPO_DATO_DCCN_SI
DCCN_ISTITUZ_TNA_B14726141,1.0,4,INSTITUTIONAL_SECTOR,CL_SETTISTSEC2010
DCCN_ISTITUZ_TNA_B14726141,1.0,5,VALUATION,CL_VAL
DCCN_ISTITUZ_TNA_B14726141,1.0,6,PRICE,CL_TIPOLOG_PREZZO
DCCN_ISTITUZ_TNA_B14726141,1.0,7,ADJUSTMENT,CL_CORREZ
DCCN_ISTITUZ_TNA_B14726141,1.0,8,EDITION,CL_T_BIS
DCCN_OCCNSEC2010,1.0,1,FREQ,CL_FREQ
DCCN_OCCNSEC2010,1.0,2,REF_AREA,CL_ITTER107
DCCN_OCCNSEC2010,1.0,3,DATA_TYPE_AGGR,CL_TIPO_DATO_OCC
DCCN_OCCNSEC2010,1.0,4,BRKDW_INDUSTRY_NACE_REV2,CL_BRANCA_ATTIVITAREV2
DCCN_OCCNSEC2010,1.0,5,TYPE_EMPLOYMENT,CL_TIP_OCCUP
DCCN_OCCNSEC2010,1.0,6,EMPLOYMENT_STATUS,CL_POSIZPROF
DCCN_OCCNSEC2010,1.0,7,INSTITUTIONAL_SECTOR,CL_SETTISTSEC2010
DCCN_OCCNSEC2010,1.0,8,ADJUSTMENT,CL_CORREZ
DCCN_OCCNSEC2010,1.0,9,EDITION,CL_T_BIS
DCCN_OCCNSEC2010_B14,1.0,1,FREQ,CL_FREQ
DCCN_OCCNSEC2010_B14,1.0,2,REF_AREA,CL_ITTER107
DCCN_OCCNSEC2010_B14,1.0,3,DATA_TYPE_AGGR,CL_TIPO_DATO_OCC
DCCN_OCCNSEC2010_B14,1.0,4,BRKDW_INDUSTRY_NACE_REV2,CL_BRANCA_ATTIVITAREV2
DCCN_OCCNSEC2010_B14,1.0,5,TYPE_EMPLOYMENT,CL_TIP_OCCUP
DCCN_OCCNSEC2010_B14,1.0,6,EMPLOYMENT_STATUS,CL_POSIZPROF
DCCN_OCCNSEC2010_B14,1.0,7,INSTITUTIONAL_SECTOR,CL_SETTISTSEC2010
DCCN_OCCNSEC2010_B14,1.0,8,ADJUSTMENT,CL_CORREZ
DCCN_OCCNSEC2010_B14,1.0,9,EDITION,CL_T_BIS
DCCN_OCCNSEC2010_B1455593,1.0,1,FREQ,CL_FREQ
DCCN_OCCNSEC2010_B1455593,1.0,2,REF_AREA,CL_ITTER107
DCCN_OCCNSEC2010_B1455593,1.0,3,DATA_TYPE_AGGR,CL_TIPO_DATO_OCC
DCCN_OCCNSEC2010_B1455593,1.0,4,ADJUSTMENT,CL_CORREZ
DCCN_OCCNSEC2010_B1455593,1.0,5,EDITION,CL_T_BIS
DCCN_OCCNSEC2010_B14592112,1.0,1,FREQ,CL_FREQ
DCCN_OCCNSEC2010_B14592112,1.0,2,REF_AREA,CL_ITTER107
DCCN_OCCNSEC2010_B14592112,1.0,3,DATA_TYPE_AGGR,CL_TIPO_DATO_OCC
DCCN_OCCNSEC2010_B14592112,1.0,4,BRKDW_INDUSTRY_NACE_REV2,CL_BRANCA_ATTIVITAREV2
DCCN_OCCNSEC2010_B14592112,1.0,5,TYPE_EMPLOYMENT,CL_TIP_OCCUP
DCCN_OCCNSEC2010_B14592112,1.0,6,EMPLOYMENT_STATUS,CL_POSIZPROF
DCCN_OCCNSEC2010_B14592112,1.0,7,ADJUSTMENT,CL_CORREZ
DCCN_OCCNSEC2010_B14592112,1.0,8,EDITION,CL_T_BIS
DCCN_OCCNSEC2010_B14944675,1.0,1,FREQ,CL_FREQ
DCCN_OCCNSEC2010_B14944675,1.0,2,REF_AREA,CL_ITTER107
DCCN_OCCNSEC2010_B14944675,1.0,3,DATA_TYPE_AGGR,CL_TIPO_DATO_OCC
DCCN_OCCNSEC2010_B14944675,1.0,4,BRKDW_INDUSTRY_NACE_REV2,CL_BRANCA_ATTIVITAREV2
DCCN_OCCNSEC2010_B14944675,1.0,5,EMPLOYMENT_STATUS,CL_POSIZPROF
DCCN_OCCNSEC2010_B14944675,1.0,6,ADJUSTMENT,CL_CORREZ
DCCN_OCCNSEC2010_B14944675,1.0,7,EDITION,CL_T_BIS
DCCN_OCCNSEC2010_B19,1.0,1,FREQ,CL_FREQ
DCCN_OCCNSEC2010_B19,1.0,2,REF_AREA,CL_ITTER107
DCCN_OCCNSEC2010_B19,1.0,3,DATA_TYPE_AGGR,CL_TIPO_DATO_OCC
DCCN_OCCNSEC2010_B19,1.0,4,BRKDW_INDUSTRY_NACE_REV2,CL_BRANCA_ATTIVITAREV2
DCCN_OCCNSEC2010_B19,1.0,5,TYPE_EMPLOYMENT,CL_TIP_OCCUP
DCCN_OCCNSEC2010_B19,1.0,6,EMPLOYMENT_STATUS,CL_POSIZPROF
DCCN_OCCNSEC2010_B19,1.0,7,INSTITUTIONAL_SECTOR,CL_SETTISTSEC2010
DCCN_OCCNSEC2010_B19,1.0,8,ADJUSTMENT,CL_CORREZ
DCCN_OCCNSEC2010_B19,1.0,9,EDITION,CL_T_BIS
DCCN_OCCQSEC2010,1.0,1,FREQ,CL_FREQ
DCCN_OCCQSEC2010,1.0,2,REF_AREA,CL_ITTER107
DCCN_OCCQSEC2010,1.0,3,DATA_TYPE_AGGR,CL_TIPO_DATO_OCC
DCCN_OCCQSEC2010,1.0,4,BRKDW_INDUSTRY_NACE_REV2,CL_BRANCA_ATTIVITAREV2
DCCN_OCCQSEC2010,1.0,5,TYPE_EMPLOYMENT,CL_TIP_OCCUP
DCCN_OCCQSEC2010,1.0,6,EMPLOYMENT_STATUS,CL_POSIZPROF
DCCN_OCCQSEC2010,1.0,7,INSTITUTIONAL_SECTOR,CL_SETTISTSEC2010
DCCN_OCCQSEC2010,1.0,8,ADJUSTMENT,CL_CORREZ
DCCN_OCCQSEC2010,1.0,9,EDITION,CL_T_BIS
DCCN_OCCQSEC2010_B14,1.0,1,FREQ,CL_FREQ
DCCN_OCCQSEC2010_B14,1.0,2,REF_AREA,CL_ITTER107
DCCN_OCCQSEC2010_B14,1.0,3,DATA_TYPE_AGGR,CL_TIPO_DATO_OCC
DCCN_OCCQSEC2010_B14,1.0,4,BRKDW_INDUSTRY_NACE_REV2,CL_BRANCA_ATTIVITAREV2
DCCN_OCCQSEC2010_B14,1.0,5,TYPE_EMPLOYMENT,CL_TIP_OCCUP
DCCN_OCCQSEC2010_B14,1.0,6,EMPLOYMENT_STATUS,CL_POSIZPROF
DCCN_OCCQSEC2010_B14,1.0,7,INSTITUTIONAL_SECTOR,CL_SETTISTSEC2010
DCCN_OCCQSEC2010_B14,1.0,8,ADJUSTMENT,CL_CORREZ
DCCN_OCCQSEC2010_B14,1.0,9,EDITION,CL_T_BIS
DCCN_OCCQSEC2010_B14583549,1.0,1,FREQ,CL_FREQ
DCCN_OCCQSEC2010_B14583549,1.0,2,REF_AREA,CL_ITTER107
DCCN_OCCQSEC2010_B14583549,1.0,3,DATA_TYPE_AGGR,CL_TIPO_DATO_OCC
DCCN_OCCQSEC2010_B14583549,1.0,4,BRKDW_INDUSTRY_NACE_REV2,CL_BRANCA_ATTIVITAREV2
DCCN_OCCQSEC2010_B14583549,1.0,5,EMPLOYMENT_STATUS,CL_POSIZPROF
DCCN_OCCQSEC2010_B14583549,1.0,6,ADJUSTMENT,CL_CORREZ
DCCN_OCCQSEC2010_B14583549,1.0,7,EDITION,CL_T_BIS
DCCN_OCCQSEC2010_B19,1.0,1,FREQ,CL_FREQ
DCCN_OCCQSEC2010_B19,1.0,2,REF_AREA,CL_ITTER107
DCCN_OCCQSEC2010_B19,1.0,3,DATA_TYPE_AGGR,CL_TIPO_DATO_OCC
DCCN_OCCQSEC2010_B19,1.0,4,BRKDW_INDUSTRY_NACE_REV2,CL_BRANCA_ATTIVITAREV2
DCCN_OCCQSEC2010_B19,1.0,5,TYPE_EMPLOYMENT,CL_TIP_OCCUP
DCCN_OCCQSEC2010_B19,1.0,6,EMPLOYMENT_STATUS,CL_POSIZPROF
DCCN_OCCQSEC2010_B19,1.0,7,INSTITUTIONAL_SECTOR,CL_SETTISTSEC2010
DCCN_OCCQSEC2010_B19,1.0,8,ADJUSTMENT,CL_CORREZ
DCCN_OCCQSEC2010_B19,1.0,9,EDITION,CL_T_BIS
DCCN_OCCSISEC2010,1.0,1,FREQ,CL_FREQ
DCCN_OCCSISEC2010,1.0,2,REF_AREA,CL_ITTER107
DCCN_OCCSISEC2010,1.0,3,DATA_TYPE_AGGR,CL_TIPO_DATO_OCC
DCCN_OCCSISEC2010,1.0,4,BRKDW_INDUSTRY_NACE_REV2,CL_BRANCA_ATTIVITAREV2
DCCN_OCCSISEC2010,1.0,5,TYPE_EMPLOYMENT,CL_TIP_OCCUP
DCCN_OCCSISEC2010,1.0,6,EMPLOYMENT_STATUS,CL_POSIZPROF
DCCN_OCCSISEC2010,1.0,7,INSTITUTIONAL_SECTOR,CL_SETTISTSEC2010
DCCN_OCCSISEC2010,1.0,8,ADJUSTMENT,CL_CORREZ
DCCN_OCCSISEC2010,1.0,9,EDITION,CL_T_BIS
DCCN_OCCSISEC2010_B14,1.0,1,FREQ,CL_FREQ
DCCN_OCCSISEC2010_B14,1.0,2,REF_AREA,CL_ITTER107
DCCN_OCCSISEC2010_B14,1.0,3,DATA_TYPE_AGGR,CL_TIPO_DATO_OCC
DCCN_OCCSISEC2010_B14,1.0,4,BRKDW_INDUSTRY_NACE_REV2,CL_BRANCA_ATTIVITAREV2
DCCN_OCCSISEC2010_B14,1.0,5,TYPE_EMPLOYMENT,CL_TIP_OCCUP
DCCN_OCCSISEC2010_B14,1.0,6,EMPLOYMENT_STATUS,CL_POSIZPROF
DCCN_OCCSISEC2010_B14,1.0,7,INSTITUTIONAL_SECTOR,CL_SETTISTSEC2010
DCCN_OCCSISEC2010_B14,1.0,8,ADJUSTMENT,CL_CORREZ
DCCN_OCCSISEC2010_B14,1.0,9,EDITION,CL_T_BIS
DCCN_OCCSISEC2010_B14244663,1.0,1,FREQ,CL_FREQ
DCCN_OCCSISEC2010_B14244663,1.0,2,REF_AREA,CL_ITTER107
DCCN_OCCSISEC2010_B14244663,1.0,3,DATA_TYPE_AGGR,CL_TIPO_DATO_OCC
DCCN_OCCSISEC2010_B14244663,1.0,4,BRKDW_INDUSTRY_NACE_REV2,CL_BRANCA_ATTIVITAREV2
DCCN_OCCSISEC2010_B14244663,1.0,5,EMPLOYMENT_STATUS,CL_POSIZPROF
DCCN_OCCSISEC2010_B14244663,1.0,6,INSTITUTIONAL_SECTOR,CL_SETTISTSEC2010
DCCN_OCCSISEC2010_B14244663,1.0,7,ADJUSTMENT,CL_CORREZ
DCCN_OCCSISEC2010_B14244663,1.0,8,EDITION,CL_T_BIS
DCCN_OCCSISEC2010_B14445755,1.0,1,FREQ,CL_FREQ
DCCN_OCCSISEC2010_B14445755,1.0,2,REF_AREA,CL_ITTER107
DCCN_OCCSISEC2010_B14445755,1.0,3,DATA_TYPE_AGGR,CL_TIPO_DATO_OCC
DCCN_OCCSISEC2010_B14445755,1.0,4,EMPLOYMENT_STATUS,CL_POSIZPROF
DCCN_OCCSISEC2010_B14445755,1.0,5,INSTITUTIONAL_SECTOR,CL_SETTISTSEC2010
DCCN_OCCSISEC2010_B14445755,1.0,6,ADJUSTMENT,CL_CORREZ
DCCN_OCCSISEC2010_B14445755,1.0,7,EDITION,CL_T_BIS
DCCN_OCCSISEC2010_B19,1.0,1,FREQ,CL_FREQ
DCCN_OCCSISEC2010_B19,1.0,2,REF_AREA,CL_ITTER107
DCCN_OCCSISEC2010_B19,1.0,3,DATA_TYPE_AGGR,CL_TIPO_DATO_OCC
DCCN_OCCSISEC2010_B19,1.0,4,BRKDW_INDUSTRY_NACE_REV2,CL_BRANCA_ATTIVITAREV2
DCCN_OCCSISEC2010_B19,1.0,5,TYPE_EMPLOYMENT,CL_TIP_OCCUP
DCCN_OCCSISEC2010_B19,1.0,6,EMPLOYMENT_STATUS,CL_POSIZPROF
DCCN_OCCSISEC2010_B19,1.0,7,INSTITUTIONAL_SECTOR,CL_SETTISTSEC2010
DCCN_OCCSISEC2010_B19,1.0,8,ADJUSTMENT,CL_CORREZ
DCCN_OCCSISEC2010_B19,1.0,9,EDITION,CL_T_BIS
DCCN_OCCTSEC2010,1.0,1,FREQ,CL_FREQ
DCCN_OCCTSEC2010,1.0,2,REF_AREA,CL_ITTER107
DCCN_OCCTSEC2010,1.0,3,DATA_TYPE_AGGR,CL_TIPO_DATO_OCC
DCCN_OCCTSEC2010,1.0,4,BRKDW_INDUSTRY_NACE_REV2,CL_BRANCA_ATTIVITAREV2
DCCN_OCCTSEC2010,1.0,5,TYPE_EMPLOYMENT,CL_TIP_OCCUP
DCCN_OCCTSEC2010,1.0,6,EMPLOYMENT_STATUS,CL_POSIZPROF
DCCN_OCCTSEC2010,1.0,7,INSTITUTIONAL_SECTOR,CL_SETTISTSEC2010
DCCN_OCCTSEC2010,1.0,8,ADJUSTMENT,CL_CORREZ
DCCN_OCCTSEC2010,1.0,9,EDITION,CL_T_BIS
DCCN_OCCTSEC2010_B14,1.0,1,FREQ,CL_FREQ
DCCN_OCCTSEC2010_B14,1.0,2,REF_AREA,CL_ITTER107
DCCN_OCCTSEC2010_B14,1.0,3,DATA_TYPE_AGGR,CL_TIPO_DATO_OCC
DCCN_OCCTSEC2010_B14,1.0,4,BRKDW_INDUSTRY_NACE_REV2,CL_BRANCA_ATTIVITAREV2
DCCN_OCCTSEC2010_B14,1.0,5,TYPE_EMPLOYMENT,CL_TIP_OCCUP
DCCN_OCCTSEC2010_B14,1.0,6,EMPLOYMENT_STATUS,CL_POSIZPROF
DCCN_OCCTSEC2010_B14,1.0,7,INSTITUTIONAL_SECTOR,CL_SETTISTSEC2010
DCCN_OCCTSEC2010_B14,1.0,8,ADJUSTMENT,CL_CORREZ
DCCN_OCCTSEC2010_B14,1.0,9,EDITION,CL_T_BIS
DCCN_OCCTSEC2010_B14451627,1.0,1,FREQ,CL_FREQ
DCCN_OCCTSEC2010_B14451627,1.0,2,REF_AREA,CL_ITTER107
DCCN_OCCTSEC2010_B14451627,1.0,3,DATA_TYPE_AGGR,CL_TIPO_DATO_OCC
DCCN_OCCTSEC2010_B14451627,1.0,4,ADJUSTMENT,CL_CORREZ
DCCN_OCCTSEC2010_B14451627,1.0,5,EDITION,CL_T_BIS
DCCN_OCCTSEC2010_B14680790,1.0,1,FREQ,CL_FREQ
DCCN_OCCTSEC2010_B14680790,1.0,2,REF_AREA,CL_ITTER107
DCCN_OCCTSEC2010_B14680790,1.0,3,DATA_TYPE_AGGR,CL_TIPO_DATO_OCC
DCCN_OCCTSEC2010_B14680790,1.0,4,BRKDW_INDUSTRY_NACE_REV2,CL_BRANCA_ATTIVITAREV2
DCCN_OCCTSEC2010_B14680790,1.0,5,ADJUSTMENT,CL_CORREZ
DCCN_OCCTSEC2010_B14680790,1.0,6,EDITION,CL_T_BIS
DCCN_OCCTSEC2010_B14950959,1.0,1,FREQ,CL_FREQ
DCCN_OCCTSEC2010_B14950959,1.0,2,REF_AREA,CL_ITTER107
DCCN_OCCTSEC2010_B14950959,1.0,3,DATA_TYPE_AGGR,CL_TIPO_DATO_OCC
DCCN_OCCTSEC2010_B14950959,1.0,4,BRKDW_INDUSTRY_NACE_REV2,CL_BRANCA_ATTIVITAREV2
DCCN_OCCTSEC2010_B14950959,1.0,5,TYPE_EMPLOYMENT,CL_TIP_OCCUP
DCCN_OCCTSEC2010_B14950959,1.0,6,EMPLOYMENT_STATUS,CL_POSIZPROF
DCCN_OCCTSEC2010_B14950959,1.0,7,ADJUSTMENT,CL_CORREZ
DCCN_OCCTSEC2010_B14950959,1.0,8,EDITION,CL_T_BIS
DCCN_OCCTSEC2010_B19,1.0,1,FREQ,CL_FREQ
DCCN_OCCTSEC2010_B19,1.0,2,REF_AREA,CL_ITTER107
DCCN_OCCTSEC2010_B19,1.0,3,DATA_TYPE_AGGR,CL_TIPO_DATO_OCC
DCCN_OCCTSEC2010_B19,1.0,4,BRKDW_INDUSTRY_NACE_REV2,CL_BRANCA_ATTIVITAREV2
DCCN_OCCTSEC2010_B19,1.0,5,TYPE_EMPLOYMENT,CL_TIP_OCCUP
DCCN_OCCTSEC2010_B19,1.0,6,EMPLOYMENT_STATUS,CL_POSIZPROF
DCCN_OCCTSEC2010_B19,1.0,7,INSTITUTIONAL_SECTOR,CL_SETTISTSEC2010
DCCN_OCCTSEC2010_B19,1.0,8,ADJUSTMENT,CL_CORREZ
DCCN_OCCTSEC2010_B19,1.0,9,EDITION,CL_T_BIS
DCCN_OCCUPIREV2,1.0,1,FREQ,CL_FREQ
DCCN_OCCUPIREV2,1.0,2,REF_AREA,CL_ITTER107
DCCN_OCCUPIREV2,1.0,3,DATA_TYPE_AGGR,CL_TIPO_DATO17
DCCN_OCCUPIREV2,1.0,4,BRKDW_INDUSTRY_NACE_REV2,CL_BRANCA_ATTIVITAREV2
DCCN_OCCUPIREV2,1.0,5,TYPE_EMPLOYMENT,CL_TIP_OCCUP
DCCN_OCCUPIREV2,1.0,6,EMPLOYMENT_STATUS,CL_POSIZPROF
DCCN_OCCUPIREV2,1.0,7,ADJUSTMENT,CL_CORREZ
DCCN_OCCUPIREV2,1.0,8,FREQUENCY,CL_FREQUENCY
DCCN_OCCUPIREV2,1.0,9,INSTITUTIONAL_SECTOR,CL_SETTIST
DCCN_OCCUPIREV2,1.0,10,EDITION,CL_T_BIS
DCCN_OCCUPNREV2,1.0,1,FREQ,CL_FREQ
DCCN_OCCUPNREV2,1.0,2,REF_AREA,CL_ITTER107
DCCN_OCCUPNREV2,1.0,3,DATA_TYPE_AGGR,CL_TIPO_DATO17
DCCN_OCCUPNREV2,1.0,4,BRKDW_INDUSTRY_NACE_REV2,CL_BRANCA_ATTIVITAREV2
DCCN_OCCUPNREV2,1.0,5,TYPE_EMPLOYMENT,CL_TIP_OCCUP
DCCN_OCCUPNREV2,1.0,6,EMPLOYMENT_STATUS,CL_POSIZPROF
DCCN_OCCUPNREV2,1.0,7,ADJUSTMENT,CL_CORREZ
DCCN_OCCUPNREV2,1.0,8,FREQUENCY,CL_FREQUENCY
DCCN_OCCUPNREV2,1.0,9,INSTITUTIONAL_SECTOR,CL_SETTIST
DCCN_OCCUPNREV2,1.0,10,EDITION,CL_T_BIS
DCCN_OCCUPQ,1.0,1,FREQ,CL_FREQ
DCCN_OCCUPQ,1.0,2,REF_AREA,CL_ITTER107
DCCN_OCCUPQ,1.0,3,DATA_TYPE_AGGR,CL_TIPO_DATO17
DCCN_OCCUPQ,1.0,4,MEASURE,CL_MISURA1
DCCN_OCCUPQ,1.0,5,BRKDW_INDUSTRY_NACE_REV2,CL_BRANCA_ATTIVITA
DCCN_OCCUPQ,1.0,6,EMPLOYMENT_STATUS,CL_POSIZPROF
DCCN_OCCUPQ,1.0,7,ADJUSTMENT,CL_CORREZ
DCCN_OCCUPQ,1.0,8,FREQUENCY,CL_FREQUENCY
DCCN_OCCUPQ,1.0,9,INSTITUTIONAL_SECTOR,CL_SETTIST
DCCN_OCCUPQ,1.0,10,EDITION,CL_T_BIS
DCCN_OCCUPQREV2,1.0,1,FREQ,CL_FREQ
DCCN_OCCUPQREV2,1.0,2,REF_AREA,CL_ITTER107
DCCN_OCCUPQREV2,1.0,3,DATA_TYPE_AGGR,CL_TIPO_DATO17
DCCN_OCCUPQREV2,1.0,4,BRKDW_INDUSTRY_NACE_REV2,CL_BRANCA_ATTIVITAREV2
DCCN_OCCUPQREV2,1.0,5,TYPE_EMPLOYMENT,CL_TIP_OCCUP
DCCN_OCCUPQREV2,1.0,6,EMPLOYMENT_STATUS,CL_POSIZPROF
DCCN_OCCUPQREV2,1.0,7,ADJUSTMENT,CL_CORREZ
DCCN_OCCUPQREV2,1.0,8,FREQUENCY,CL_FREQUENCY
DCCN_OCCUPQREV2,1.0,9,INSTITUTIONAL_SECTOR,CL_SETTIST
DCCN_OCCUPQREV2,1.0,10,EDITION,CL_T_BIS
DCCN_OCCUPT,1.0,1,FREQ,CL_FREQ
DCCN_OCCUPT,1.0,2,REF_AREA,CL_ITTER107
DCCN_OCCUPT,1.0,3,DATA_TYPE_AGGR,CL_TIPO_DATO17
DCCN_OCCUPT,1.0,4,MEASURE,CL_MISURA1
DCCN_OCCUPT,1.0,5,BRKDW_INDUSTRY_NACE_REV2,CL_BRANCA_ATTIVITA
DCCN_OCCUPT,1.0,6,EMPLOYMENT_STATUS,CL_POSIZPROF
DCCN_OCCUPT,1.0,7,ADJUSTMENT,CL_CORREZ
DCCN_OCCUPT,1.0,8,FREQUENCY,CL_FREQUENCY
DCCN_OCCUPT,1.0,9,INSTITUTIONAL_SECTOR,CL_SETTIST
DCCN_OCCUPT,1.0,10,EDITION,CL_T_BIS
DCCN_OCCUPTREV2,1.0,1,FREQ,CL_FREQ
DCCN_OCCUPTREV2,1.0,2,REF_AREA,CL_ITTER107
DCCN_OCCUPTREV2,1.0,3,DATA_TYPE_AGGR,CL_TIPO_DATO17
DCCN_OCCUPTREV2,1.0,4,BRKDW_INDUSTRY_NACE_REV2,CL_BRANCA_ATTIVITAREV2
DCCN_OCCUPTREV2,1.0,5,TYPE_EMPLOYMENT,CL_TIP_OCCUP
DCCN_OCCUPTREV2,1.0,6,EMPLOYMENT_STATUS,CL_POSIZPROF
DCCN_OCCUPTREV2,1.0,7,ADJUSTMENT,CL_CORREZ
DCCN_OCCUPTREV2,1.0,8,FREQUENCY,CL_FREQUENCY
DCCN_OCCUPTREV2,1.0,9,INSTITUTIONAL_SECTOR,CL_SETTIST
DCCN_OCCUPTREV2,1.0,10,EDITION,CL_T_BIS
DCCN_OTEPPA,1.0,1,FREQ,CL_FREQ
DCCN_OTEPPA,1.0,2,REF_AREA,CL_ITTER107
DCCN_OTEPPA,1.0,3,DATA_TYPE_AGGR,CL_TIPO_DATO_DCCN_FP
DCCN_OTEPPA,1.0,4,NONFIN_ASSETS,CL_PRODOTTI1
DCCN_OTEPPA,1.0,5,VALUATION,CL_VAL
DCCN_OTEPPA,1.0,6,ADJUSTMENT,CL_CORREZ
DCCN_OTEPPA,1.0,7,INSTITUTIONAL_SECTOR,CL_SETTISTSEC2010
DCCN_OTEPPA,1.0,8,EXPEND_PURPOSE,CL_DCCN_COICOP_COFOG
DCCN_OTEPPA,1.0,9,EDITION,CL_T_BIS
DCCN_OTEPPA_B14,1.0,1,FREQ,CL_FREQ
DCCN_OTEPPA_B14,1.0,2,REF_AREA,CL_ITTER107
DCCN_OTEPPA_B14,1.0,3,DATA_TYPE_AGGR,CL_TIPO_DATO_DCCN_FP
DCCN_OTEPPA_B14,1.0,4,NONFIN_ASSETS,CL_PRODOTTI1
DCCN_OTEPPA_B14,1.0,5,VALUATION,CL_VAL
DCCN_OTEPPA_B14,1.0,6,ADJUSTMENT,CL_CORREZ
DCCN_OTEPPA_B14,1.0,7,INSTITUTIONAL_SECTOR,CL_SETTISTSEC2010
DCCN_OTEPPA_B14,1.0,8,EXPEND_PURPOSE,CL_DCCN_COICOP_COFOG
DCCN_OTEPPA_B14,1.0,9,EDITION,CL_T_BIS
DCCN_OTEPPA_B1485257,1.0,1,FREQ,CL_FREQ
DCCN_OTEPPA_B1485257,1.0,2,REF_AREA,CL_ITTER107
DCCN_OTEPPA_B1485257,1.0,3,DATA_TYPE_AGGR,CL_TIPO_DATO_DCCN_FP
DCCN_OTEPPA_B1485257,1.0,4,VALUATION,CL_VAL
DCCN_OTEPPA_B1485257,1.0,5,ADJUSTMENT,CL_CORREZ
DCCN_OTEPPA_B1485257,1.0,6,INSTITUTIONAL_SECTOR,CL_SETTISTSEC2010
DCCN_OTEPPA_B1485257,1.0,7,EXPEND_PURPOSE,CL_DCCN_COICOP_COFOG
DCCN_OTEPPA_B1485257,1.0,8,EDITION,CL_T_BIS
DCCN_OTEPPA_B1496536,1.0,1,FREQ,CL_FREQ
DCCN_OTEPPA_B1496536,1.0,2,REF_AREA,CL_ITTER107
DCCN_OTEPPA_B1496536,1.0,3,DATA_TYPE_AGGR,CL_TIPO_DATO_DCCN_FP
DCCN_OTEPPA_B1496536,1.0,4,VALUATION,CL_VAL
DCCN_OTEPPA_B1496536,1.0,5,ADJUSTMENT,CL_CORREZ
DCCN_OTEPPA_B1496536,1.0,6,INSTITUTIONAL_SECTOR,CL_SETTISTSEC2010
DCCN_OTEPPA_B1496536,1.0,7,EXPEND_PURPOSE,CL_DCCN_COICOP_COFOG
DCCN_OTEPPA_B1496536,1.0,8,EDITION,CL_T_BIS
DCCN_OTEPPA_B19,1.0,1,FREQ,CL_FREQ
DCCN_OTEPPA_B19,1.0,2,REF_AREA,CL_ITTER107
DCCN_OTEPPA_B19,1.0,3,DATA_TYPE_AGGR,CL_TIPO_DATO_DCCN_FP
DCCN_OTEPPA_B19,1.0,4,NONFIN_ASSETS,CL_PRODOTTI1
DCCN_OTEPPA_B19,1.0,5,VALUATION,CL_VAL
DCCN_OTEPPA_B19,1.0,6,ADJUSTMENT,CL_CORREZ
DCCN_OTEPPA_B19,1.0,7,INSTITUTIONAL_SECTOR,CL_SETTISTSEC2010
DCCN_OTEPPA_B19,1.0,8,EXPEND_PURPOSE,CL_DCCN_COICOP_COFOG
DCCN_OTEPPA_B19,1.0,9,EDITION,CL_T_BIS
DCCN_PEFA,1.1,1,FREQ,CL_FREQ
DCCN_PEFA,1.1,2,REF_AREA,CL_ITTER107
DCCN_PEFA,1.1,3,DATA_TYPE_AGGR,CL_TIPO_DATO4
DCCN_PEFA,1.1,4,ENERGY_FLOWS,CL_FLUSSI_ENERGIA
DCCN_PEFA,1.1,5,SUPPLIERUSER_NA,CL_IMPIEGO
DCCN_PEFA,1.1,6,SUPPLYUSE_ACTIVITY,CL_ORIGINE_DESTINAZIONE
DCCN_PEFA,1.1,7,EDITION,CL_T_BIS
DCCN_PEFA_B14,1.0,1,FREQ,CL_FREQ
DCCN_PEFA_B14,1.0,2,REF_AREA,CL_ITTER107
DCCN_PEFA_B14,1.0,3,DATA_TYPE_AGGR,CL_TIPO_DATO4
DCCN_PEFA_B14,1.0,4,ENERGY_FLOWS,CL_FLUSSI_ENERGIA
DCCN_PEFA_B14,1.0,5,SUPPLIERUSER_NA,CL_IMPIEGO
DCCN_PEFA_B14,1.0,6,SUPPLYUSE_ACTIVITY,CL_ORIGINE_DESTINAZIONE
DCCN_PEFA_B14,1.0,7,EDITION,CL_T_BIS
DCCN_PEFA_B1412761,1.0,1,FREQ,CL_FREQ
DCCN_PEFA_B1412761,1.0,2,REF_AREA,CL_ITTER107
DCCN_PEFA_B1412761,1.0,3,DATA_TYPE_AGGR,CL_TIPO_DATO4
DCCN_PEFA_B1412761,1.0,4,SUPPLIERUSER_NA,CL_IMPIEGO
DCCN_PEFA_B1412761,1.0,5,SUPPLYUSE_ACTIVITY,CL_ORIGINE_DESTINAZIONE
DCCN_PEFA_B1412761,1.0,6,EDITION,CL_T_BIS
DCCN_PEFA_B14900055,1.0,1,FREQ,CL_FREQ
DCCN_PEFA_B14900055,1.0,2,REF_AREA,CL_ITTER107
DCCN_PEFA_B14900055,1.0,3,DATA_TYPE_AGGR,CL_TIPO_DATO4
DCCN_PEFA_B14900055,1.0,4,SUPPLIERUSER_NA,CL_IMPIEGO
DCCN_PEFA_B14900055,1.0,5,SUPPLYUSE_ACTIVITY,CL_ORIGINE_DESTINAZIONE
DCCN_PEFA_B14900055,1.0,6,EDITION,CL_T_BIS
DCCN_PEFA_B19,1.0,1,FREQ,CL_FREQ
DCCN_PEFA_B19,1.0,2,REF_AREA,CL_ITTER107
DCCN_PEFA_B19,1.0,3,DATA_TYPE_AGGR,CL_TIPO_DATO4
DCCN_PEFA_B19,1.0,4,ENERGY_FLOWS,CL_FLUSSI_ENERGIA
DCCN_PEFA_B19,1.0,5,SUPPLIERUSER_NA,CL_IMPIEGO
DCCN_PEFA_B19,1.0,6,SUPPLYUSE_ACTIVITY,CL_ORIGINE_DESTINAZIONE
DCCN_PEFA_B19,1.0,7,EDITION,CL_T_BIS
DCCN_PILN,1.0,1,FREQ,CL_FREQ
DCCN_PILN,1.0,2,REF_AREA,CL_ITTER107
DCCN_PILN,1.0,3,DATA_TYPE_AGGR,CL_TIPO_DATO_PIL_SEC2010
DCCN_PILN,1.0,4,VALUATION,CL_VAL
DCCN_PILN,1.0,5,ADJUSTMENT,CL_CORREZ
DCCN_PILN,1.0,6,EDITION,CL_T_BIS
DCCN_PILN_B14,1.0,1,FREQ,CL_FREQ
DCCN_PILN_B14,1.0,2,REF_AREA,CL_ITTER107
DCCN_PILN_B14,1.0,3,DATA_TYPE_AGGR,CL_TIPO_DATO_PIL_SEC2010
DCCN_PILN_B14,1.0,4,VALUATION,CL_VAL
DCCN_PILN_B14,1.0,5,ADJUSTMENT,CL_CORREZ
DCCN_PILN_B14,1.0,6,EDITION,CL_T_BIS
DCCN_PILN_B19,1.0,1,FREQ,CL_FREQ
DCCN_PILN_B19,1.0,2,REF_AREA,CL_ITTER107
DCCN_PILN_B19,1.0,3,DATA_TYPE_AGGR,CL_TIPO_DATO_PIL_SEC2010
DCCN_PILN_B19,1.0,4,VALUATION,CL_VAL
DCCN_PILN_B19,1.0,5,ADJUSTMENT,CL_CORREZ
DCCN_PILN_B19,1.0,6,EDITION,CL_T_BIS
DCCN_PILPRODQ,1.0,1,FREQ,CL_FREQ
DCCN_PILPRODQ,1.0,2,REF_AREA,CL_ITTER107
DCCN_PILPRODQ,1.0,3,DATA_TYPE_AGGR,CL_TIPO_DATO_BRANCA
DCCN_PILPRODQ,1.0,4,MEASURE,CL_MISURA1
DCCN_PILPRODQ,1.0,5,VALUATION,CL_VAL
DCCN_PILPRODQ,1.0,6,ADJUSTMENT,CL_CORREZ
DCCN_PILPRODQ,1.0,7,FREQUENCY,CL_FREQUENCY
DCCN_PILPRODQ,1.0,8,INSTITUTIONAL_SECTOR,CL_SETTIST
DCCN_PILPRODQ,1.0,9,EDITION,CL_T_BIS
DCCN_PILPRODT,1.0,1,FREQ,CL_FREQ
DCCN_PILPRODT,1.0,2,REF_AREA,CL_ITTER107
DCCN_PILPRODT,1.0,3,DATA_TYPE_AGGR,CL_TIPO_DATO_BRANCA
DCCN_PILPRODT,1.0,4,MEASURE,CL_MISURA1
DCCN_PILPRODT,1.0,5,VALUATION,CL_VAL
DCCN_PILPRODT,1.0,6,ADJUSTMENT,CL_CORREZ
DCCN_PILPRODT,1.0,7,FREQUENCY,CL_FREQUENCY
DCCN_PILPRODT,1.0,8,INSTITUTIONAL_SECTOR,CL_SETTIST
DCCN_PILPRODT,1.0,9,EDITION,CL_T_BIS
DCCN_PILQ,1.0,1,FREQ,CL_FREQ
DCCN_PILQ,1.0,2,REF_AREA,CL_ITTER107
DCCN_PILQ,1.0,3,DATA_TYPE_AGGR,CL_TIPO_DATO_PIL_SEC2010
DCCN_PILQ,1.0,4,VALUATION,CL_VAL
DCCN_PILQ,1.0,5,ADJUSTMENT,CL_CORREZ
DCCN_PILQ,1.0,6,EDITION,CL_T_BIS
DCCN_PILQ_B14,1.0,1,FREQ,CL_FREQ
DCCN_PILQ_B14,1.0,2,REF_AREA,CL_ITTER107
DCCN_PILQ_B14,1.0,3,DATA_TYPE_AGGR,CL_TIPO_DATO_PIL_SEC2010
DCCN_PILQ_B14,1.0,4,VALUATION,CL_VAL
DCCN_PILQ_B14,1.0,5,ADJUSTMENT,CL_CORREZ
DCCN_PILQ_B14,1.0,6,EDITION,CL_T_BIS
DCCN_PILQ_B19,1.0,1,FREQ,CL_FREQ
DCCN_PILQ_B19,1.0,2,REF_AREA,CL_ITTER107
DCCN_PILQ_B19,1.0,3,DATA_TYPE_AGGR,CL_TIPO_DATO_PIL_SEC2010
DCCN_PILQ_B19,1.0,4,VALUATION,CL_VAL
DCCN_PILQ_B19,1.0,5,ADJUSTMENT,CL_CORREZ
DCCN_PILQ_B19,1.0,6,EDITION,CL_T_BIS
DCCN_PILT,1.0,1,FREQ,CL_FREQ
DCCN_PILT,1.0,2,REF_AREA,CL_ITTER107
DCCN_PILT,1.0,3,DATA_TYPE_AGGR,CL_TIPO_DATO_PIL_SEC2010
DCCN_PILT,1.0,4,VALUATION,CL_VAL
DCCN_PILT,1.0,5,ADJUSTMENT,CL_CORREZ
DCCN_PILT,1.0,6,EDITION,CL_T_BIS
DCCN_PILT_B14,1.0,1,FREQ,CL_FREQ
DCCN_PILT_B14,1.0,2,REF_AREA,CL_ITTER107
DCCN_PILT_B14,1.0,3,DATA_TYPE_AGGR,CL_TIPO_DATO_PIL_SEC2010
DCCN_PILT_B14,1.0,4,VALUATION,CL_VAL
DCCN_PILT_B14,1.0,5,ADJUSTMENT,CL_CORREZ
DCCN_PILT_B14,1.0,6,EDITION,CL_T_BIS
DCCN_PILT_B19,1.0,1,FREQ,CL_FREQ
DCCN_PILT_B19,1.0,2,REF_AREA,CL_ITTER107
DCCN_PILT_B19,1.0,3,DATA_TYPE_AGGR,CL_TIPO_DATO_PIL_SEC2010
DCCN_PILT_B19,1.0,4,VALUATION,CL_VAL
DCCN_PILT_B19,1.0,5,ADJUSTMENT,CL_CORREZ
DCCN_PILT_B19,1.0,6,EDITION,CL_T_BIS
DCCN_PRODENER,1.0,1,FREQ,CL_FREQ
DCCN_PRODENER,1.0,2,REF_AREA,CL_ITTER107
DCCN_PRODENER,1.0,3,DATA_TYPE_AGGR,CL_TIPO_DATO4
DCCN_PRODENER,1.0,4,USERS_NA,CL_IMPIEGO
DCCN_PRODENER,1.0,5,TYPE_USE_ENRG,CL_USO_ENERGIA1
DCCN_PRODENER,1.0,6,PRODUCT_TYPE,CL_PROD_ENERG
DCCN_PRODENER,1.0,7,BRKDW_INDUSTRY_NACE_REV2,CL_BRANCA_ATTIVITAREV2
DCCN_PRODENER,1.0,8,FREQUENCY,CL_FREQUENCY
DCCN_PRODENER,1.0,9,EDITION,CL_T_BIS
DCCN_PRODUTTIVITA,1.0,1,FREQ,CL_FREQ
DCCN_PRODUTTIVITA,1.0,2,REF_AREA,CL_ITTER107
DCCN_PRODUTTIVITA,1.0,3,DATA_TYPE_AGGR,CL_TIPO_DATO_PRODUTT
DCCN_PRODUTTIVITA,1.0,4,BRKDW_INDUSTRY_NACE_REV2,CL_BRANCA_ATTIVITAREV2
DCCN_PRODUTTIVITA,1.0,5,FREQUENCY,CL_FREQUENCY
DCCN_PRODUTTIVITA,1.0,6,INSTITUTIONAL_SECTOR,CL_SETTIST
DCCN_PRODUTTIVITA,1.0,7,EDITION,CL_T_BIS
DCCN_PRODUTTIVITA_B11,1.0,1,FREQ,CL_FREQ
DCCN_PRODUTTIVITA_B11,1.0,2,REF_AREA,CL_ITTER107
DCCN_PRODUTTIVITA_B11,1.0,3,DATA_TYPE_AGGR,CL_TIPO_DATO_PRODUTT
DCCN_PRODUTTIVITA_B11,1.0,4,BRKDW_INDUSTRY_NACE_REV2,CL_BRANCA_ATTIVITAREV2
DCCN_PRODUTTIVITA_B11,1.0,5,FREQUENCY,CL_FREQUENCY
DCCN_PRODUTTIVITA_B11,1.0,6,INSTITUTIONAL_SECTOR,CL_SETTIST
DCCN_PRODUTTIVITA_B11,1.0,7,EDITION,CL_T_BIS
DCCN_PRODUTTIVITA_B14,1.0,1,FREQ,CL_FREQ
DCCN_PRODUTTIVITA_B14,1.0,2,REF_AREA,CL_ITTER107
DCCN_PRODUTTIVITA_B14,1.0,3,DATA_TYPE_AGGR,CL_TIPO_DATO_PRODUTT
DCCN_PRODUTTIVITA_B14,1.0,4,BRKDW_INDUSTRY_NACE_REV2,CL_BRANCA_ATTIVITAREV2
DCCN_PRODUTTIVITA_B14,1.0,5,FREQUENCY,CL_FREQUENCY
DCCN_PRODUTTIVITA_B14,1.0,6,INSTITUTIONAL_SECTOR,CL_SETTIST
DCCN_PRODUTTIVITA_B14,1.0,7,EDITION,CL_T_BIS
DCCN_PRODUTTIVITA_B14104430,1.0,1,FREQ,CL_FREQ
DCCN_PRODUTTIVITA_B14104430,1.0,2,REF_AREA,CL_ITTER107
DCCN_PRODUTTIVITA_B14104430,1.0,3,DATA_TYPE_AGGR,CL_TIPO_DATO_PRODUTT
DCCN_PRODUTTIVITA_B14104430,1.0,4,BRKDW_INDUSTRY_NACE_REV2,CL_BRANCA_ATTIVITAREV2
DCCN_PRODUTTIVITA_B14104430,1.0,5,INSTITUTIONAL_SECTOR,CL_SETTIST
DCCN_PRODUTTIVITA_B14104430,1.0,6,EDITION,CL_T_BIS
DCCN_PRODUTTIVITA_B14314547,1.0,1,FREQ,CL_FREQ
DCCN_PRODUTTIVITA_B14314547,1.0,2,REF_AREA,CL_ITTER107
DCCN_PRODUTTIVITA_B14314547,1.0,3,DATA_TYPE_AGGR,CL_TIPO_DATO_PRODUTT
DCCN_PRODUTTIVITA_B14314547,1.0,4,BRKDW_INDUSTRY_NACE_REV2,CL_BRANCA_ATTIVITAREV2
DCCN_PRODUTTIVITA_B14314547,1.0,5,INSTITUTIONAL_SECTOR,CL_SETTIST
DCCN_PRODUTTIVITA_B14314547,1.0,6,EDITION,CL_T_BIS
DCCN_PRODUTTIVITA_B14473313,1.0,1,FREQ,CL_FREQ
DCCN_PRODUTTIVITA_B14473313,1.0,2,REF_AREA,CL_ITTER107
DCCN_PRODUTTIVITA_B14473313,1.0,3,DATA_TYPE_AGGR,CL_TIPO_DATO_PRODUTT
DCCN_PRODUTTIVITA_B14473313,1.0,4,BRKDW_INDUSTRY_NACE_REV2,CL_BRANCA_ATTIVITAREV2
DCCN_PRODUTTIVITA_B14473313,1.0,5,INSTITUTIONAL_SECTOR,CL_SETTIST
DCCN_PRODUTTIVITA_B14473313,1.0,6,EDITION,CL_T_BIS
DCCN_PRODUTTIVITA_B14803649,1.0,1,FREQ,CL_FREQ
DCCN_PRODUTTIVITA_B14803649,1.0,2,REF_AREA,CL_ITTER107
DCCN_PRODUTTIVITA_B14803649,1.0,3,DATA_TYPE_AGGR,CL_TIPO_DATO_PRODUTT
DCCN_PRODUTTIVITA_B14803649,1.0,4,BRKDW_INDUSTRY_NACE_REV2,CL_BRANCA_ATTIVITAREV2
DCCN_PRODUTTIVITA_B14803649,1.0,5,INSTITUTIONAL_SECTOR,CL_SETTIST
DCCN_PRODUTTIVITA_B14803649,1.0,6,EDITION,CL_T_BIS
DCCN_PRODUTTIVITA_B14972708,1.0,1,FREQ,CL_FREQ
DCCN_PRODUTTIVITA_B14972708,1.0,2,REF_AREA,CL_ITTER107
DCCN_PRODUTTIVITA_B14972708,1.0,3,DATA_TYPE_AGGR,CL_TIPO_DATO_PRODUTT
DCCN_PRODUTTIVITA_B14972708,1.0,4,BRKDW_INDUSTRY_NACE_REV2,CL_BRANCA_ATTIVITAREV2
DCCN_PRODUTTIVITA_B14972708,1.0,5,INSTITUTIONAL_SECTOR,CL_SETTIST
DCCN_PRODUTTIVITA_B14972708,1.0,6,EDITION,CL_T_BIS
DCCN_PRODUTTIVITA_B19,1.0,1,FREQ,CL_FREQ
DCCN_PRODUTTIVITA_B19,1.0,2,REF_AREA,CL_ITTER107
DCCN_PRODUTTIVITA_B19,1.0,3,DATA_TYPE_AGGR,CL_TIPO_DATO_PRODUTT
DCCN_PRODUTTIVITA_B19,1.0,4,BRKDW_INDUSTRY_NACE_REV2,CL_BRANCA_ATTIVITAREV2
DCCN_PRODUTTIVITA_B19,1.0,5,FREQUENCY,CL_FREQUENCY
DCCN_PRODUTTIVITA_B19,1.0,6,INSTITUTIONAL_SECTOR,CL_SETTIST
DCCN_PRODUTTIVITA_B19,1.0,7,EDITION,CL_T_BIS
DCCN_PROTSOC,1.0,1,FREQ,CL_FREQ
DCCN_PROTSOC,1.0,2,REF_AREA,CL_ITTER107
DCCN_PROTSOC,1.0,3,DATA_TYPE_AGGR,CL_TIPO_DATO36
DCCN_PROTSOC,1.0,4,POLICY_AREA,CL_AREEAMB
DCCN_PROTSOC,1.0,5,RISK_NEED,CL_RIF_BISOGNO
DCCN_PROTSOC,1.0,6,INSTITUTIONAL_SECTOR,CL_SETTIST
DCCN_PROTSOC,1.0,7,EDITION,CL_T_BIS
DCCN_PROTSOC_B11,1.0,1,FREQ,CL_FREQ
DCCN_PROTSOC_B11,1.0,2,REF_AREA,CL_ITTER107
DCCN_PROTSOC_B11,1.0,3,DATA_TYPE_AGGR,CL_TIPO_DATO36
DCCN_PROTSOC_B11,1.0,4,POLICY_AREA,CL_AREEAMB
DCCN_PROTSOC_B11,1.0,5,RISK_NEED,CL_RIF_BISOGNO
DCCN_PROTSOC_B11,1.0,6,INSTITUTIONAL_SECTOR,CL_SETTIST
DCCN_PROTSOC_B11,1.0,7,EDITION,CL_T_BIS
DCCN_PROTSOC_B14,1.0,1,FREQ,CL_FREQ
DCCN_PROTSOC_B14,1.0,2,REF_AREA,CL_ITTER107
DCCN_PROTSOC_B14,1.0,3,DATA_TYPE_AGGR,CL_TIPO_DATO36
DCCN_PROTSOC_B14,1.0,4,POLICY_AREA,CL_AREEAMB
DCCN_PROTSOC_B14,1.0,5,RISK_NEED,CL_RIF_BISOGNO
DCCN_PROTSOC_B14,1.0,6,INSTITUTIONAL_SECTOR,CL_SETTIST
DCCN_PROTSOC_B14,1.0,7,EDITION,CL_T_BIS
DCCN_PROTSOC_B14330145,1.0,1,FREQ,CL_FREQ
DCCN_PROTSOC_B14330145,1.0,2,REF_AREA,CL_ITTER107
DCCN_PROTSOC_B14330145,1.0,3,DATA_TYPE_AGGR,CL_TIPO_DATO36
DCCN_PROTSOC_B14330145,1.0,4,POLICY_AREA,CL_AREEAMB
DCCN_PROTSOC_B14330145,1.0,5,INSTITUTIONAL_SECTOR,CL_SETTIST
DCCN_PROTSOC_B14330145,1.0,6,EDITION,CL_T_BIS
DCCN_PROTSOC_B19,1.0,1,FREQ,CL_FREQ
DCCN_PROTSOC_B19,1.0,2,REF_AREA,CL_ITTER107
DCCN_PROTSOC_B19,1.0,3,DATA_TYPE_AGGR,CL_TIPO_DATO36
DCCN_PROTSOC_B19,1.0,4,POLICY_AREA,CL_AREEAMB
DCCN_PROTSOC_B19,1.0,5,RISK_NEED,CL_RIF_BISOGNO
DCCN_PROTSOC_B19,1.0,6,INSTITUTIONAL_SECTOR,CL_SETTIST
DCCN_PROTSOC_B19,1.0,7,EDITION,CL_T_BIS
DCCN_QNA,1.0,1,FREQ,CL_FREQ
DCCN_QNA,1.0,2,REF_AREA,CL_ITTER107
DCCN_QNA,1.0,3,DATA_TYPE_AGGR,CL_TIPO_DATO_CN1
DCCN_QNA,1.0,4,BRKDW_INDUSTRY_NACE_REV2,CL_BRANCA_ATTIVITAREV2
DCCN_QNA,1.0,5,NONFIN_ASSETS,CL_PRODOTTI1
DCCN_QNA,1.0,6,EXPEND_PURPOSE_COICOPCOFOG,CL_DCCN_COICOP_COFOG
DCCN_QNA,1.0,7,VALUATION,CL_VAL
DCCN_QNA,1.0,8,ADJUSTMENT,CL_CORREZ
DCCN_QNA,1.0,9,PRICE,CL_TIPOLOG_PREZZO
DCCN_QNA,1.0,10,EDITION,CL_T_BIS
DCCN_QNA1,1.0,1,FREQ,CL_FREQ
DCCN_QNA1,1.0,2,REF_AREA,CL_ITTER107
DCCN_QNA1,1.0,3,DATA_TYPE_AGGR,CL_TIPO_DATO_CN1
DCCN_QNA1,1.0,4,BRKDW_INDUSTRY_NACE_REV2,CL_BRANCA_ATTIVITAREV2
DCCN_QNA1,1.0,5,NONFIN_ASSETS,CL_PRODOTTI1
DCCN_QNA1,1.0,6,EXPEND_PURPOSE_COICOPCOFOG,CL_DCCN_COICOP2018_COFOG
DCCN_QNA1,1.0,7,VALUATION,CL_VAL
DCCN_QNA1,1.0,8,ADJUSTMENT,CL_CORREZ
DCCN_QNA1,1.0,9,PRICE,CL_TIPOLOG_PREZZO
DCCN_QNA1,1.0,10,EDITION,CL_T_BIS
DCCN_QNA762968,1.0,1,FREQ,CL_FREQ
DCCN_QNA762968,1.0,2,REF_AREA,CL_ITTER107
DCCN_QNA762968,1.0,3,DATA_TYPE_AGGR,CL_TIPO_DATO_CN1
DCCN_QNA762968,1.0,4,BRKDW_INDUSTRY_NACE_REV2,CL_BRANCA_ATTIVITAREV2
DCCN_QNA762968,1.0,5,VALUATION,CL_VAL
DCCN_QNA762968,1.0,6,ADJUSTMENT,CL_CORREZ
DCCN_QNA762968,1.0,7,EDITION,CL_T_BIS
DCCN_QNA_B14,1.0,1,FREQ,CL_FREQ
DCCN_QNA_B14,1.0,2,REF_AREA,CL_ITTER107
DCCN_QNA_B14,1.0,3,DATA_TYPE_AGGR,CL_TIPO_DATO_CN1
DCCN_QNA_B14,1.0,4,BRKDW_INDUSTRY_NACE_REV2,CL_BRANCA_ATTIVITAREV2
DCCN_QNA_B14,1.0,5,NONFIN_ASSETS,CL_PRODOTTI1
DCCN_QNA_B14,1.0,6,EXPEND_PURPOSE_COICOPCOFOG,CL_DCCN_COICOP_COFOG
DCCN_QNA_B14,1.0,7,VALUATION,CL_VAL
DCCN_QNA_B14,1.0,8,ADJUSTMENT,CL_CORREZ
DCCN_QNA_B14,1.0,9,PRICE,CL_TIPOLOG_PREZZO
DCCN_QNA_B14,1.0,10,EDITION,CL_T_BIS
DCCN_QNA_B14165045,1.0,1,FREQ,CL_FREQ
DCCN_QNA_B14165045,1.0,2,REF_AREA,CL_ITTER107
DCCN_QNA_B14165045,1.0,3,DATA_TYPE_AGGR,CL_TIPO_DATO_CN1
DCCN_QNA_B14165045,1.0,4,VALUATION,CL_VAL
DCCN_QNA_B14165045,1.0,5,ADJUSTMENT,CL_CORREZ
DCCN_QNA_B14165045,1.0,6,EDITION,CL_T_BIS
DCCN_QNA_B14194707,1.0,1,FREQ,CL_FREQ
DCCN_QNA_B14194707,1.0,2,REF_AREA,CL_ITTER107
DCCN_QNA_B14194707,1.0,3,DATA_TYPE_AGGR,CL_TIPO_DATO_CN1
DCCN_QNA_B14194707,1.0,4,BRKDW_INDUSTRY_NACE_REV2,CL_BRANCA_ATTIVITAREV2
DCCN_QNA_B14194707,1.0,5,ADJUSTMENT,CL_CORREZ
DCCN_QNA_B14194707,1.0,6,EDITION,CL_T_BIS
DCCN_QNA_B14340007,1.0,1,FREQ,CL_FREQ
DCCN_QNA_B14340007,1.0,2,REF_AREA,CL_ITTER107
DCCN_QNA_B14340007,1.0,3,DATA_TYPE_AGGR,CL_TIPO_DATO_CN1
DCCN_QNA_B14340007,1.0,4,EXPEND_PURPOSE_COICOPCOFOG,CL_DCCN_COICOP_COFOG
DCCN_QNA_B14340007,1.0,5,VALUATION,CL_VAL
DCCN_QNA_B14340007,1.0,6,ADJUSTMENT,CL_CORREZ
DCCN_QNA_B14340007,1.0,7,EDITION,CL_T_BIS
DCCN_QNA_B14340024,1.0,1,FREQ,CL_FREQ
DCCN_QNA_B14340024,1.0,2,REF_AREA,CL_ITTER107
DCCN_QNA_B14340024,1.0,3,DATA_TYPE_AGGR,CL_TIPO_DATO_CN1
DCCN_QNA_B14340024,1.0,4,NONFIN_ASSETS,CL_PRODOTTI1
DCCN_QNA_B14340024,1.0,5,VALUATION,CL_VAL
DCCN_QNA_B14340024,1.0,6,ADJUSTMENT,CL_CORREZ
DCCN_QNA_B14340024,1.0,7,PRICE,CL_TIPOLOG_PREZZO
DCCN_QNA_B14340024,1.0,8,EDITION,CL_T_BIS
DCCN_QNA_B14804675,1.0,1,FREQ,CL_FREQ
DCCN_QNA_B14804675,1.0,2,REF_AREA,CL_ITTER107
DCCN_QNA_B14804675,1.0,3,DATA_TYPE_AGGR,CL_TIPO_DATO_CN1
DCCN_QNA_B14804675,1.0,4,BRKDW_INDUSTRY_NACE_REV2,CL_BRANCA_ATTIVITAREV2
DCCN_QNA_B14804675,1.0,5,VALUATION,CL_VAL
DCCN_QNA_B14804675,1.0,6,ADJUSTMENT,CL_CORREZ
DCCN_QNA_B14804675,1.0,7,PRICE,CL_TIPOLOG_PREZZO
DCCN_QNA_B14804675,1.0,8,EDITION,CL_T_BIS
DCCN_SEQCONTIASA,1.0,1,FREQ,CL_FREQ
DCCN_SEQCONTIASA,1.0,2,REF_AREA,CL_ITTER107
DCCN_SEQCONTIASA,1.0,3,DATA_TYPE_AGGR,CL_TIPO_DATO16
DCCN_SEQCONTIASA,1.0,4,MEASURE,CL_MISURA1
DCCN_SEQCONTIASA,1.0,5,VALUATION,CL_VAL
DCCN_SEQCONTIASA,1.0,6,FREQUENCY,CL_FREQUENCY
DCCN_SEQCONTIASA,1.0,7,INSTITUTIONAL_SECTOR,CL_SETTIST
DCCN_SEQCONTIASA,1.0,8,EDITION,CL_T_BIS
DCCN_SEQCONTIASQ,1.0,1,FREQ,CL_FREQ
DCCN_SEQCONTIASQ,1.0,2,REF_AREA,CL_ITTER107
DCCN_SEQCONTIASQ,1.0,3,DATA_TYPE_AGGR,CL_TIPO_DATO16
DCCN_SEQCONTIASQ,1.0,4,MEASURE,CL_MISURA1
DCCN_SEQCONTIASQ,1.0,5,VALUATION,CL_VAL
DCCN_SEQCONTIASQ,1.0,6,ADJUSTMENT,CL_CORREZ
DCCN_SEQCONTIASQ,1.0,7,FREQUENCY,CL_FREQUENCY
DCCN_SEQCONTIASQ,1.0,8,INSTITUTIONAL_SECTOR,CL_SETTIST
DCCN_SEQCONTIASQ,1.0,9,EDITION,CL_T_BIS
DCCN_SEQCONTIRFT,1.0,1,FREQ,CL_FREQ
DCCN_SEQCONTIRFT,1.0,2,REF_AREA,CL_ITTER107
DCCN_SEQCONTIRFT,1.0,3,DATA_TYPE_AGGR,CL_TIPO_DATO16
DCCN_SEQCONTIRFT,1.0,4,VALUATION,CL_VAL
DCCN_SEQCONTIRFT,1.0,5,FREQUENCY,CL_FREQUENCY
DCCN_SEQCONTIRFT,1.0,6,INSTITUTIONAL_SECTOR,CL_SETTIST
DCCN_SEQCONTIRFT,1.0,7,EDITION,CL_T_BIS
DCCN_SEQZCONTIN,1.0,1,FREQ,CL_FREQ
DCCN_SEQZCONTIN,1.0,2,REF_AREA,CL_ITTER107
DCCN_SEQZCONTIN,1.0,3,DATA_TYPE_AGGR,CL_TIPO_DATO_SEQNZCONTI
DCCN_SEQZCONTIN,1.0,4,MEASURE,CL_MISURA1
DCCN_SEQZCONTIN,1.0,5,VALUATION,CL_VAL
DCCN_SEQZCONTIN,1.0,6,ADJUSTMENT,CL_CORREZ
DCCN_SEQZCONTIN,1.0,7,FREQUENCY,CL_FREQUENCY
DCCN_SEQZCONTIN,1.0,8,EDITION,CL_T_BIS
DCCN_SEQZCONTIQ,1.0,1,FREQ,CL_FREQ
DCCN_SEQZCONTIQ,1.0,2,REF_AREA,CL_ITTER107
DCCN_SEQZCONTIQ,1.0,3,DATA_TYPE_AGGR,CL_TIPO_DATO_SEQNZCONTI
DCCN_SEQZCONTIQ,1.0,4,MEASURE,CL_MISURA1
DCCN_SEQZCONTIQ,1.0,5,VALUATION,CL_VAL
DCCN_SEQZCONTIQ,1.0,6,ADJUSTMENT,CL_CORREZ
DCCN_SEQZCONTIQ,1.0,7,FREQUENCY,CL_FREQUENCY
DCCN_SEQZCONTIQ,1.0,8,EDITION,CL_T_BIS
DCCN_SEQZCONTIT,1.0,1,FREQ,CL_FREQ
DCCN_SEQZCONTIT,1.0,2,REF_AREA,CL_ITTER107
DCCN_SEQZCONTIT,1.0,3,DATA_TYPE_AGGR,CL_TIPO_DATO_SEQNZCONTI
DCCN_SEQZCONTIT,1.0,4,MEASURE,CL_MISURA1
DCCN_SEQZCONTIT,1.0,5,VALUATION,CL_VAL
DCCN_SEQZCONTIT,1.0,6,ADJUSTMENT,CL_CORREZ
DCCN_SEQZCONTIT,1.0,7,FREQUENCY,CL_FREQUENCY
DCCN_SEQZCONTIT,1.0,8,EDITION,CL_T_BIS
DCCN_SHA,1.0,1,FREQ,CL_FREQ
DCCN_SHA,1.0,2,REF_AREA,CL_ITTER107
DCCN_SHA,1.0,3,DATA_TYPE_AGGR,CL_TIPO_DATO_CN1
DCCN_SHA,1.0,4,HEALTHCARE_FUNCTION,CL_ICHA_HC
DCCN_SHA,1.0,5,HEALTHCARE_PROVIDER,CL_ICHA_HP
DCCN_SHA,1.0,6,HEALTHCARE_FINANC_SCHEME,CL_ICHA_HF
DCCN_SHA,1.0,7,EDITION,CL_T_BIS
DCCN_SHA_B14,1.0,1,FREQ,CL_FREQ
DCCN_SHA_B14,1.0,2,REF_AREA,CL_ITTER107
DCCN_SHA_B14,1.0,3,DATA_TYPE_AGGR,CL_TIPO_DATO_CN1
DCCN_SHA_B14,1.0,4,HEALTHCARE_FUNCTION,CL_ICHA_HC
DCCN_SHA_B14,1.0,5,HEALTHCARE_PROVIDER,CL_ICHA_HP
DCCN_SHA_B14,1.0,6,HEALTHCARE_FINANC_SCHEME,CL_ICHA_HF
DCCN_SHA_B14,1.0,7,EDITION,CL_T_BIS
DCCN_SHA_B14338694,1.0,1,FREQ,CL_FREQ
DCCN_SHA_B14338694,1.0,2,REF_AREA,CL_ITTER107
DCCN_SHA_B14338694,1.0,3,DATA_TYPE_AGGR,CL_TIPO_DATO_CN1
DCCN_SHA_B14338694,1.0,4,HEALTHCARE_FUNCTION,CL_ICHA_HC
DCCN_SHA_B14338694,1.0,5,HEALTHCARE_PROVIDER,CL_ICHA_HP
DCCN_SHA_B14338694,1.0,6,EDITION,CL_T_BIS
DCCN_SHA_B1476072,1.0,1,FREQ,CL_FREQ
DCCN_SHA_B1476072,1.0,2,REF_AREA,CL_ITTER107
DCCN_SHA_B1476072,1.0,3,DATA_TYPE_AGGR,CL_TIPO_DATO_CN1
DCCN_SHA_B1476072,1.0,4,HEALTHCARE_FUNCTION,CL_ICHA_HC
DCCN_SHA_B1476072,1.0,5,HEALTHCARE_FINANC_SCHEME,CL_ICHA_HF
DCCN_SHA_B1476072,1.0,6,EDITION,CL_T_BIS
DCCN_SHA_B14825941,1.0,1,FREQ,CL_FREQ
DCCN_SHA_B14825941,1.0,2,REF_AREA,CL_ITTER107
DCCN_SHA_B14825941,1.0,3,DATA_TYPE_AGGR,CL_TIPO_DATO_CN1
DCCN_SHA_B14825941,1.0,4,HEALTHCARE_PROVIDER,CL_ICHA_HP
DCCN_SHA_B14825941,1.0,5,HEALTHCARE_FINANC_SCHEME,CL_ICHA_HF
DCCN_SHA_B14825941,1.0,6,EDITION,CL_T_BIS
DCCN_SHA_B19,1.0,1,FREQ,CL_FREQ
DCCN_SHA_B19,1.0,2,REF_AREA,CL_ITTER107
DCCN_SHA_B19,1.0,3,DATA_TYPE_AGGR,CL_TIPO_DATO_CN1
DCCN_SHA_B19,1.0,4,HEALTHCARE_FUNCTION,CL_ICHA_HC
DCCN_SHA_B19,1.0,5,HEALTHCARE_PROVIDER,CL_ICHA_HP
DCCN_SHA_B19,1.0,6,HEALTHCARE_FINANC_SCHEME,CL_ICHA_HF
DCCN_SHA_B19,1.0,7,EDITION,CL_T_BIS
DCCN_SPESAPROTAMB,1.0,1,FREQ,CL_FREQ
DCCN_SPESAPROTAMB,1.0,2,REF_AREA,CL_ITTER107
DCCN_SPESAPROTAMB,1.0,3,DATA_TYPE_AGGR,CL_TIPO_DATO4
DCCN_SPESAPROTAMB,1.0,4,INSTITUTIONAL_SECTOR,CL_SETTISTSEC2010
DCCN_SPESAPROTAMB,1.0,5,BRKDW_INDUSTRY_NACE_REV2,CL_BRANCA_ATTIVITAREV2
DCCN_SPESAPROTAMB,1.0,6,CEPA_CLASS,CL_SPESA_CEPA
DCCN_SPESAPROTAMB,1.0,7,VALUATION,CL_VAL
DCCN_SPESAPROTAMB,1.0,8,FREQUENCY,CL_FREQUENCY
DCCN_SPESAPROTAMB,1.0,9,EDITION,CL_T_BIS
DCCN_SPESAPROTAMB1,1.0,1,FREQ,CL_FREQ
DCCN_SPESAPROTAMB1,1.0,2,REF_AREA,CL_ITTER107
DCCN_SPESAPROTAMB1,1.0,3,DATA_TYPE_AGGR,CL_TIPO_DATO4
DCCN_SPESAPROTAMB1,1.0,4,INSTITUTIONAL_SECTOR,CL_SETTISTSEC2010
DCCN_SPESAPROTAMB1,1.0,5,BRKDW_INDUSTRY_NACE_REV2,CL_BRANCA_ATTIVITAREV2
DCCN_SPESAPROTAMB1,1.0,6,CEP_CLASS,CL_CEP
DCCN_SPESAPROTAMB1,1.0,7,VALUATION,CL_VAL
DCCN_SPESAPROTAMB1,1.0,8,FREQUENCY,CL_FREQUENCY
DCCN_SPESAPROTAMB1,1.0,9,EDITION,CL_T_BIS
DCCN_SPESAPROTAMB_B14,1.0,1,FREQ,CL_FREQ
DCCN_SPESAPROTAMB_B14,1.0,2,REF_AREA,CL_ITTER107
DCCN_SPESAPROTAMB_B14,1.0,3,DATA_TYPE_AGGR,CL_TIPO_DATO4
DCCN_SPESAPROTAMB_B14,1.0,4,INSTITUTIONAL_SECTOR,CL_SETTISTSEC2010
DCCN_SPESAPROTAMB_B14,1.0,5,BRKDW_INDUSTRY_NACE_REV2,CL_BRANCA_ATTIVITAREV2
DCCN_SPESAPROTAMB_B14,1.0,6,CEPA_CLASS,CL_SPESA_CEPA
DCCN_SPESAPROTAMB_B14,1.0,7,VALUATION,CL_VAL
DCCN_SPESAPROTAMB_B14,1.0,8,FREQUENCY,CL_FREQUENCY
DCCN_SPESAPROTAMB_B14,1.0,9,EDITION,CL_T_BIS
DCCN_SPESAPROTAMB_B14484735,1.0,1,FREQ,CL_FREQ
DCCN_SPESAPROTAMB_B14484735,1.0,2,REF_AREA,CL_ITTER107
DCCN_SPESAPROTAMB_B14484735,1.0,3,DATA_TYPE_AGGR,CL_TIPO_DATO4
DCCN_SPESAPROTAMB_B14484735,1.0,4,INSTITUTIONAL_SECTOR,CL_SETTISTSEC2010
DCCN_SPESAPROTAMB_B14484735,1.0,5,CEPA_CLASS,CL_SPESA_CEPA
DCCN_SPESAPROTAMB_B14484735,1.0,6,VALUATION,CL_VAL
DCCN_SPESAPROTAMB_B14484735,1.0,7,EDITION,CL_T_BIS
DCCN_SPESAPROTAMB_B14587516,1.0,1,FREQ,CL_FREQ
DCCN_SPESAPROTAMB_B14587516,1.0,2,REF_AREA,CL_ITTER107
DCCN_SPESAPROTAMB_B14587516,1.0,3,DATA_TYPE_AGGR,CL_TIPO_DATO4
DCCN_SPESAPROTAMB_B14587516,1.0,4,INSTITUTIONAL_SECTOR,CL_SETTISTSEC2010
DCCN_SPESAPROTAMB_B14587516,1.0,5,BRKDW_INDUSTRY_NACE_REV2,CL_BRANCA_ATTIVITAREV2
DCCN_SPESAPROTAMB_B14587516,1.0,6,CEPA_CLASS,CL_SPESA_CEPA
DCCN_SPESAPROTAMB_B14587516,1.0,7,VALUATION,CL_VAL
DCCN_SPESAPROTAMB_B14587516,1.0,8,EDITION,CL_T_BIS
DCCN_SPESAPROTAMB_B14778706,1.0,1,FREQ,CL_FREQ
DCCN_SPESAPROTAMB_B14778706,1.0,2,REF_AREA,CL_ITTER107
DCCN_SPESAPROTAMB_B14778706,1.0,3,DATA_TYPE_AGGR,CL_TIPO_DATO4
DCCN_SPESAPROTAMB_B14778706,1.0,4,INSTITUTIONAL_SECTOR,CL_SETTISTSEC2010
DCCN_SPESAPROTAMB_B14778706,1.0,5,CEPA_CLASS,CL_SPESA_CEPA
DCCN_SPESAPROTAMB_B14778706,1.0,6,VALUATION,CL_VAL
DCCN_SPESAPROTAMB_B14778706,1.0,7,EDITION,CL_T_BIS
DCCN_SPESAPROTAMB_B19,1.0,1,FREQ,CL_FREQ
DCCN_SPESAPROTAMB_B19,1.0,2,REF_AREA,CL_ITTER107
DCCN_SPESAPROTAMB_B19,1.0,3,DATA_TYPE_AGGR,CL_TIPO_DATO4
DCCN_SPESAPROTAMB_B19,1.0,4,INSTITUTIONAL_SECTOR,CL_SETTISTSEC2010
DCCN_SPESAPROTAMB_B19,1.0,5,BRKDW_INDUSTRY_NACE_REV2,CL_BRANCA_ATTIVITAREV2
DCCN_SPESAPROTAMB_B19,1.0,6,CEPA_CLASS,CL_SPESA_CEPA
DCCN_SPESAPROTAMB_B19,1.0,7,VALUATION,CL_VAL
DCCN_SPESAPROTAMB_B19,1.0,8,FREQUENCY,CL_FREQUENCY
DCCN_SPESAPROTAMB_B19,1.0,9,EDITION,CL_T_BIS
DCCN_SQCN,1.0,1,FREQ,CL_FREQ
DCCN_SQCN,1.0,2,REF_AREA,CL_ITTER107
DCCN_SQCN,1.0,3,DATA_TYPE_AGGR,CL_TIPO_DATO_SEQNZCONTI1
DCCN_SQCN,1.0,4,VALUATION,CL_VAL
DCCN_SQCN,1.0,5,ADJUSTMENT,CL_CORREZ
DCCN_SQCN,1.0,6,EDITION,CL_T_BIS
DCCN_SQCN_B14,1.0,1,FREQ,CL_FREQ
DCCN_SQCN_B14,1.0,2,REF_AREA,CL_ITTER107
DCCN_SQCN_B14,1.0,3,DATA_TYPE_AGGR,CL_TIPO_DATO_SEQNZCONTI1
DCCN_SQCN_B14,1.0,4,VALUATION,CL_VAL
DCCN_SQCN_B14,1.0,5,ADJUSTMENT,CL_CORREZ
DCCN_SQCN_B14,1.0,6,EDITION,CL_T_BIS
DCCN_SQCN_B19,1.0,1,FREQ,CL_FREQ
DCCN_SQCN_B19,1.0,2,REF_AREA,CL_ITTER107
DCCN_SQCN_B19,1.0,3,DATA_TYPE_AGGR,CL_TIPO_DATO_SEQNZCONTI1
DCCN_SQCN_B19,1.0,4,VALUATION,CL_VAL
DCCN_SQCN_B19,1.0,5,ADJUSTMENT,CL_CORREZ
DCCN_SQCN_B19,1.0,6,EDITION,CL_T_BIS
DCCN_SQCQ,1.0,1,FREQ,CL_FREQ
DCCN_SQCQ,1.0,2,REF_AREA,CL_ITTER107
DCCN_SQCQ,1.0,3,DATA_TYPE_AGGR,CL_TIPO_DATO_SEQNZCONTI1
DCCN_SQCQ,1.0,4,VALUATION,CL_VAL
DCCN_SQCQ,1.0,5,ADJUSTMENT,CL_CORREZ
DCCN_SQCQ,1.0,6,EDITION,CL_T_BIS
DCCN_SQCQ_B14,1.0,1,FREQ,CL_FREQ
DCCN_SQCQ_B14,1.0,2,REF_AREA,CL_ITTER107
DCCN_SQCQ_B14,1.0,3,DATA_TYPE_AGGR,CL_TIPO_DATO_SEQNZCONTI1
DCCN_SQCQ_B14,1.0,4,VALUATION,CL_VAL
DCCN_SQCQ_B14,1.0,5,ADJUSTMENT,CL_CORREZ
DCCN_SQCQ_B14,1.0,6,EDITION,CL_T_BIS
DCCN_SQCQ_B19,1.0,1,FREQ,CL_FREQ
DCCN_SQCQ_B19,1.0,2,REF_AREA,CL_ITTER107
DCCN_SQCQ_B19,1.0,3,DATA_TYPE_AGGR,CL_TIPO_DATO_SEQNZCONTI1
DCCN_SQCQ_B19,1.0,4,VALUATION,CL_VAL
DCCN_SQCQ_B19,1.0,5,ADJUSTMENT,CL_CORREZ
DCCN_SQCQ_B19,1.0,6,EDITION,CL_T_BIS
DCCN_SQCT,1.0,1,FREQ,CL_FREQ
DCCN_SQCT,1.0,2,REF_AREA,CL_ITTER107
DCCN_SQCT,1.0,3,DATA_TYPE_AGGR,CL_TIPO_DATO_SEQNZCONTI1
DCCN_SQCT,1.0,4,VALUATION,CL_VAL
DCCN_SQCT,1.0,5,ADJUSTMENT,CL_CORREZ
DCCN_SQCT,1.0,6,EDITION,CL_T_BIS
DCCN_SQCT_B14,1.0,1,FREQ,CL_FREQ
DCCN_SQCT_B14,1.0,2,REF_AREA,CL_ITTER107
DCCN_SQCT_B14,1.0,3,DATA_TYPE_AGGR,CL_TIPO_DATO_SEQNZCONTI1
DCCN_SQCT_B14,1.0,4,VALUATION,CL_VAL
DCCN_SQCT_B14,1.0,5,ADJUSTMENT,CL_CORREZ
DCCN_SQCT_B14,1.0,6,EDITION,CL_T_BIS
DCCN_SQCT_B19,1.0,1,FREQ,CL_FREQ
DCCN_SQCT_B19,1.0,2,REF_AREA,CL_ITTER107
DCCN_SQCT_B19,1.0,3,DATA_TYPE_AGGR,CL_TIPO_DATO_SEQNZCONTI1
DCCN_SQCT_B19,1.0,4,VALUATION,CL_VAL
DCCN_SQCT_B19,1.0,5,ADJUSTMENT,CL_CORREZ
DCCN_SQCT_B19,1.0,6,EDITION,CL_T_BIS
DCCN_TNA,1.0,1,FREQ,CL_FREQ
DCCN_TNA,1.0,2,REF_AREA,CL_ITTER107
DCCN_TNA,1.0,3,DATA_TYPE_AGGR,CL_TIPO_DATO_CN1
DCCN_TNA,1.0,4,BRKDW_INDUSTRY_NACE_REV2,CL_BRANCA_ATTIVITAREV2
DCCN_TNA,1.0,5,NONFIN_ASSETS,CL_PRODOTTI1
DCCN_TNA,1.0,6,EXPEND_PURPOSE_COICOPCOFOG,CL_DCCN_COICOP_COFOG
DCCN_TNA,1.0,7,VALUATION,CL_VAL
DCCN_TNA,1.0,8,ADJUSTMENT,CL_CORREZ
DCCN_TNA,1.0,9,PRICE,CL_TIPOLOG_PREZZO
DCCN_TNA,1.0,10,EDITION,CL_T_BIS
DCCN_TNA1,1.0,1,FREQ,CL_FREQ
DCCN_TNA1,1.0,2,REF_AREA,CL_ITTER107
DCCN_TNA1,1.0,3,DATA_TYPE_AGGR,CL_TIPO_DATO_CN1
DCCN_TNA1,1.0,4,BRKDW_INDUSTRY_NACE_REV2,CL_BRANCA_ATTIVITAREV2
DCCN_TNA1,1.0,5,NONFIN_ASSETS,CL_PRODOTTI1
DCCN_TNA1,1.0,6,EXPEND_PURPOSE_COICOPCOFOG,CL_DCCN_COICOP2018_COFOG
DCCN_TNA1,1.0,7,VALUATION,CL_VAL
DCCN_TNA1,1.0,8,ADJUSTMENT,CL_CORREZ
DCCN_TNA1,1.0,9,PRICE,CL_TIPOLOG_PREZZO
DCCN_TNA1,1.0,10,EDITION,CL_T_BIS
DCCN_TNA_B14,1.0,1,FREQ,CL_FREQ
DCCN_TNA_B14,1.0,2,REF_AREA,CL_ITTER107
DCCN_TNA_B14,1.0,3,DATA_TYPE_AGGR,CL_TIPO_DATO_CN1
DCCN_TNA_B14,1.0,4,BRKDW_INDUSTRY_NACE_REV2,CL_BRANCA_ATTIVITAREV2
DCCN_TNA_B14,1.0,5,NONFIN_ASSETS,CL_PRODOTTI1
DCCN_TNA_B14,1.0,6,EXPEND_PURPOSE_COICOPCOFOG,CL_DCCN_COICOP_COFOG
DCCN_TNA_B14,1.0,7,VALUATION,CL_VAL
DCCN_TNA_B14,1.0,8,ADJUSTMENT,CL_CORREZ
DCCN_TNA_B14,1.0,9,PRICE,CL_TIPOLOG_PREZZO
DCCN_TNA_B14,1.0,10,EDITION,CL_T_BIS
DCCN_TNA_B14109142,1.0,1,FREQ,CL_FREQ
DCCN_TNA_B14109142,1.0,2,REF_AREA,CL_ITTER107
DCCN_TNA_B14109142,1.0,3,DATA_TYPE_AGGR,CL_TIPO_DATO_CN1
DCCN_TNA_B14109142,1.0,4,BRKDW_INDUSTRY_NACE_REV2,CL_BRANCA_ATTIVITAREV2
DCCN_TNA_B14109142,1.0,5,NONFIN_ASSETS,CL_PRODOTTI1
DCCN_TNA_B14109142,1.0,6,VALUATION,CL_VAL
DCCN_TNA_B14109142,1.0,7,ADJUSTMENT,CL_CORREZ
DCCN_TNA_B14109142,1.0,8,EDITION,CL_T_BIS
DCCN_TNA_B14482776,1.0,1,FREQ,CL_FREQ
DCCN_TNA_B14482776,1.0,2,REF_AREA,CL_ITTER107
DCCN_TNA_B14482776,1.0,3,DATA_TYPE_AGGR,CL_TIPO_DATO_CN1
DCCN_TNA_B14482776,1.0,4,BRKDW_INDUSTRY_NACE_REV2,CL_BRANCA_ATTIVITAREV2
DCCN_TNA_B14482776,1.0,5,VALUATION,CL_VAL
DCCN_TNA_B14482776,1.0,6,ADJUSTMENT,CL_CORREZ
DCCN_TNA_B14482776,1.0,7,PRICE,CL_TIPOLOG_PREZZO
DCCN_TNA_B14482776,1.0,8,EDITION,CL_T_BIS
DCCN_TNA_B14540306,1.0,1,FREQ,CL_FREQ
DCCN_TNA_B14540306,1.0,2,REF_AREA,CL_ITTER107
DCCN_TNA_B14540306,1.0,3,DATA_TYPE_AGGR,CL_TIPO_DATO_CN1
DCCN_TNA_B14540306,1.0,4,EXPEND_PURPOSE_COICOPCOFOG,CL_DCCN_COICOP_COFOG
DCCN_TNA_B14540306,1.0,5,VALUATION,CL_VAL
DCCN_TNA_B14540306,1.0,6,ADJUSTMENT,CL_CORREZ
DCCN_TNA_B14540306,1.0,7,EDITION,CL_T_BIS
DCCN_TNA_B14819260,1.0,1,FREQ,CL_FREQ
DCCN_TNA_B14819260,1.0,2,REF_AREA,CL_ITTER107
DCCN_TNA_B14819260,1.0,3,DATA_TYPE_AGGR,CL_TIPO_DATO_CN1
DCCN_TNA_B14819260,1.0,4,BRKDW_INDUSTRY_NACE_REV2,CL_BRANCA_ATTIVITAREV2
DCCN_TNA_B14819260,1.0,5,VALUATION,CL_VAL
DCCN_TNA_B14819260,1.0,6,ADJUSTMENT,CL_CORREZ
DCCN_TNA_B14819260,1.0,7,EDITION,CL_T_BIS
DCCN_TNA_B14917547,1.0,1,FREQ,CL_FREQ
DCCN_TNA_B14917547,1.0,2,REF_AREA,CL_ITTER107
DCCN_TNA_B14917547,1.0,3,DATA_TYPE_AGGR,CL_TIPO_DATO_CN1
DCCN_TNA_B14917547,1.0,4,VALUATION,CL_VAL
DCCN_TNA_B14917547,1.0,5,ADJUSTMENT,CL_CORREZ
DCCN_TNA_B14917547,1.0,6,EDITION,CL_T_BIS
DCCN_TNA_B14956177,1.0,1,FREQ,CL_FREQ
DCCN_TNA_B14956177,1.0,2,REF_AREA,CL_ITTER107
DCCN_TNA_B14956177,1.0,3,DATA_TYPE_AGGR,CL_TIPO_DATO_CN1
DCCN_TNA_B14956177,1.0,4,EXPEND_PURPOSE_COICOPCOFOG,CL_DCCN_COICOP_COFOG
DCCN_TNA_B14956177,1.0,5,VALUATION,CL_VAL
DCCN_TNA_B14956177,1.0,6,ADJUSTMENT,CL_CORREZ
DCCN_TNA_B14956177,1.0,7,EDITION,CL_T_BIS
DCCN_VAAGSIPET,1.0,1,FREQ,CL_FREQ
DCCN_VAAGSIPET,1.0,2,REF_AREA,CL_ITTER107
DCCN_VAAGSIPET,1.0,3,DATA_TYPE_AGGR,CL_TIPO_DATO_BRANCA
DCCN_VAAGSIPET,1.0,4,BRKDW_INDUSTRY_NACE_REV2,CL_BRANCA_ATTIVITAREV2
DCCN_VAAGSIPET,1.0,5,GROUP_AND_MAIN_PRODUCTS,CL_AGRI_ATTPROD
DCCN_VAAGSIPET,1.0,6,VALUATION,CL_VAL
DCCN_VAAGSIPET,1.0,7,ADJUSTMENT,CL_CORREZ
DCCN_VAAGSIPET,1.0,8,EDITION,CL_T_BIS
DCCN_VAAGSIPET_B11,1.0,1,FREQ,CL_FREQ
DCCN_VAAGSIPET_B11,1.0,2,REF_AREA,CL_ITTER107
DCCN_VAAGSIPET_B11,1.0,3,DATA_TYPE_AGGR,CL_TIPO_DATO_BRANCA
DCCN_VAAGSIPET_B11,1.0,4,BRKDW_INDUSTRY_NACE_REV2,CL_BRANCA_ATTIVITAREV2
DCCN_VAAGSIPET_B11,1.0,5,GROUP_AND_MAIN_PRODUCTS,CL_AGRI_ATTPROD
DCCN_VAAGSIPET_B11,1.0,6,VALUATION,CL_VAL
DCCN_VAAGSIPET_B11,1.0,7,ADJUSTMENT,CL_CORREZ
DCCN_VAAGSIPET_B11,1.0,8,EDITION,CL_T_BIS
DCCN_VAAGSIPET_B14,1.0,1,FREQ,CL_FREQ
DCCN_VAAGSIPET_B14,1.0,2,REF_AREA,CL_ITTER107
DCCN_VAAGSIPET_B14,1.0,3,DATA_TYPE_AGGR,CL_TIPO_DATO_BRANCA
DCCN_VAAGSIPET_B14,1.0,4,BRKDW_INDUSTRY_NACE_REV2,CL_BRANCA_ATTIVITAREV2
DCCN_VAAGSIPET_B14,1.0,5,GROUP_AND_MAIN_PRODUCTS,CL_AGRI_ATTPROD
DCCN_VAAGSIPET_B14,1.0,6,VALUATION,CL_VAL
DCCN_VAAGSIPET_B14,1.0,7,ADJUSTMENT,CL_CORREZ
DCCN_VAAGSIPET_B14,1.0,8,EDITION,CL_T_BIS
DCCN_VAAGSIPET_B14478480,1.0,1,FREQ,CL_FREQ
DCCN_VAAGSIPET_B14478480,1.0,2,REF_AREA,CL_ITTER107
DCCN_VAAGSIPET_B14478480,1.0,3,DATA_TYPE_AGGR,CL_TIPO_DATO_BRANCA
DCCN_VAAGSIPET_B14478480,1.0,4,BRKDW_INDUSTRY_NACE_REV2,CL_BRANCA_ATTIVITAREV2
DCCN_VAAGSIPET_B14478480,1.0,5,VALUATION,CL_VAL
DCCN_VAAGSIPET_B14478480,1.0,6,ADJUSTMENT,CL_CORREZ
DCCN_VAAGSIPET_B14478480,1.0,7,EDITION,CL_T_BIS
DCCN_VAAGSIPET_B19,1.0,1,FREQ,CL_FREQ
DCCN_VAAGSIPET_B19,1.0,2,REF_AREA,CL_ITTER107
DCCN_VAAGSIPET_B19,1.0,3,DATA_TYPE_AGGR,CL_TIPO_DATO_BRANCA
DCCN_VAAGSIPET_B19,1.0,4,BRKDW_INDUSTRY_NACE_REV2,CL_BRANCA_ATTIVITAREV2
DCCN_VAAGSIPET_B19,1.0,5,GROUP_AND_MAIN_PRODUCTS,CL_AGRI_ATTPROD
DCCN_VAAGSIPET_B19,1.0,6,VALUATION,CL_VAL
DCCN_VAAGSIPET_B19,1.0,7,ADJUSTMENT,CL_CORREZ
DCCN_VAAGSIPET_B19,1.0,8,EDITION,CL_T_BIS
DCCN_VALPROCAPN,1.0,1,FREQ,CL_FREQ
DCCN_VALPROCAPN,1.0,2,REF_AREA,CL_ITTER107
DCCN_VALPROCAPN,1.0,3,DATA_TYPE_AGGR,CL_TIPO_DATO21
DCCN_VALPROCAPN,1.0,4,MEASURE,CL_MISURA1
DCCN_VALPROCAPN,1.0,5,VALUATION,CL_VAL
DCCN_VALPROCAPN,1.0,6,FREQUENCY,CL_FREQUENCY
DCCN_VALPROCAPN,1.0,7,EDITION,CL_T_BIS
DCCV_1522UTENTI4,1.0,1,FREQ,CL_FREQ
DCCV_1522UTENTI4,1.0,2,REF_AREA,CL_ITTER107
DCCV_1522UTENTI4,1.0,3,DATA_TYPE,CL_TIPO_DATO_1522
DCCV_1522UTENTI4,1.0,4,PURPOSE_CALL,CL_MOTIVOPS1
DCCV_1522UTENTI4,1.0,5,TYPES_USERS,CL_TIPUTENZA2
DCCV_1522UTENTI4,1.0,6,SEX,CL_SEXISTAT1
DCCV_1522UTENTI4,1.0,7,NATIONALITY,CL_ISO
DCCV_1522UTENTI4,1.0,8,KNOWLEDGE_1522,CL_TRASMISSIONE
DCCV_1522UTENTI4,1.0,9,Y_PRESENCE_DISABILITY,CL_SI_NO
DCCV_1522UTENTI4,1.0,10,SEXUAL_ORIENTATION,CL_GENERE
DCCV_1522UTENTI4,1.0,11,TYPE_VIOLENCE,CL_TIPOVIOLENZA
DCCV_1522UTENTI4,1.0,12,OUTCOME_CALL,CL_TIPSERVSOC
DCCV_1522_VITTIME,1.0,1,FREQ,CL_FREQ
DCCV_1522_VITTIME,1.0,2,REF_AREA,CL_ITTER107
DCCV_1522_VITTIME,1.0,3,DATA_TYPE,CL_TIPO_DATO_1522
DCCV_1522_VITTIME,1.0,4,SEX,CL_SEXISTAT1
DCCV_1522_VITTIME,1.0,5,CITIZENSHIP,CL_ISO
DCCV_1522_VITTIME,1.0,6,AGE,CL_ETA1
DCCV_1522_VITTIME,1.0,7,EDU_LEV_HIGHEST,CL_TITOLO_STUDIO
DCCV_1522_VITTIME,1.0,8,MARITAL_STATUS,CL_STATCIV2
DCCV_1522_VITTIME,1.0,9,PROFESSIONAL_STATUS,CL_CONDIZIONE_DICH4
DCCV_1522_VITTIME,1.0,10,PURPOSE_CALL,CL_MOTIVOPS1
DCCV_1522_VITTIME,1.0,11,TYPE_VIOLENCE,CL_TIPOVIOLENZA
DCCV_1522_VITTIME,1.0,12,COMP_REASWITHDRAWAL,CL_DENUNCIA
DCCV_1522_VITTIME,1.0,13,Y_PRESENCE_CHILDREN,CL_SI_NO
DCCV_1522_VITTIME,1.0,14,WITNESSED_VIOLENCE,CL_VIOLENZA_ASSISTITA
DCCV_1522_VITTIME,1.0,15,CHILDREN_REACTION,CL_VIOLENZA_ASSISTITA
DCCV_1522_VITTIME,1.0,16,FEELINGS_VICTIMS,CL_STATI_MORBOSI
DCCV_ABITAFFOLL,1.0,1,FREQ,CL_FREQ
DCCV_ABITAFFOLL,1.0,2,REF_AREA,CL_ITTER107
DCCV_ABITAFFOLL,1.0,3,DATA_TYPE,CL_TIPO_DATO8
DCCV_ABITAFFOLL,1.0,4,MEASURE,CL_MISURA1
DCCV_ABITAFFOLL,1.0,5,TENURE_STATUS,CL_ABITAZ_TITGOD
DCCV_ABITAFFOLL,1.0,6,NUMBER_HOUSEHOLD_COMP,CL_NUMERO_COMPONENTI
DCCV_ABITAFFOLL,1.0,7,HOUSEHOLD_TYPOLOGY,CL_TIPOLOGIA_FAMILIARE1
DCCV_ABITAFFOLL,1.0,8,NUMB_OF_CHILDREN,CL_TIPOLOGIA_FAM_MINORI
DCCV_ABITAFFOLL,1.0,9,NUMB_OF_ELDERLY,CL_TIPOLOGIA_FAM_ANZIANI
DCCV_ABITAFFOLL,1.0,10,FIFTH_EQUIV_HOUSE_INC,CL_QUINTO
DCCV_ABITAFFOLL,1.0,11,SEX_MAIN_PERCEPTOR,CL_SEXISTAT1
DCCV_ABITAFFOLL,1.0,12,AGE_MAIN_EARNIER,CL_CLASETA5
DCCV_ABITAFFOLL,1.0,13,EDU_LEV_MAIN_EARN,CL_TITOLO_STUDIO
DCCV_ABITAFFOLL,1.0,14,LABPROF_STATUS_C_MAIN_EARNER,CL_CONDIZIONE_DICH2
DCCV_ABITAFFOLL692462,1.0,1,FREQ,CL_FREQ
DCCV_ABITAFFOLL692462,1.0,2,REF_AREA,CL_ITTER107
DCCV_ABITAFFOLL692462,1.0,3,DATA_TYPE,CL_TIPO_DATO8
DCCV_ABITAFFOLL692462,1.0,4,EDU_LEV_MAIN_EARN,CL_TITOLO_STUDIO
DCCV_ABITAFFOLL692462,1.0,5,LABPROF_STATUS_C_MAIN_EARNER,CL_CONDIZIONE_DICH2
DCCV_ABITAFFOLL885162,1.0,1,FREQ,CL_FREQ
DCCV_ABITAFFOLL885162,1.0,2,REF_AREA,CL_ITTER107
DCCV_ABITAFFOLL885162,1.0,3,DATA_TYPE,CL_TIPO_DATO8
DCCV_ABITAFFOLL885162,1.0,4,NUMBER_HOUSEHOLD_COMP,CL_NUMERO_COMPONENTI
DCCV_ABITAFFOLL885162,1.0,5,HOUSEHOLD_TYPOLOGY,CL_TIPOLOGIA_FAMILIARE1
DCCV_ABITAFFOLL927630,1.0,1,FREQ,CL_FREQ
DCCV_ABITAFFOLL927630,1.0,2,REF_AREA,CL_ITTER107
DCCV_ABITAFFOLL927630,1.0,3,DATA_TYPE,CL_TIPO_DATO8
DCCV_ABITAFFOLL927630,1.0,4,TENURE_STATUS,CL_ABITAZ_TITGOD
DCCV_ABITAFFOLL927630,1.0,5,FIFTH_EQUIV_HOUSE_INC,CL_QUINTO
DCCV_ABITAFFOLL95029,1.0,1,FREQ,CL_FREQ
DCCV_ABITAFFOLL95029,1.0,2,REF_AREA,CL_ITTER107
DCCV_ABITAFFOLL95029,1.0,3,DATA_TYPE,CL_TIPO_DATO8
DCCV_ABITAFFOLL95029,1.0,4,LABPROF_STATUS_C_MAIN_EARNER,CL_CONDIZIONE_DICH2
DCCV_ABITPROBL,1.0,1,FREQ,CL_FREQ
DCCV_ABITPROBL,1.0,2,REF_AREA,CL_ITTER107
DCCV_ABITPROBL,1.0,3,DATA_TYPE,CL_TIPO_DATO8
DCCV_ABITPROBL,1.0,4,PROBLEM_WITH_ACCOMM,CL_ABITAZ_PROBL
DCCV_ABITPROBL,1.0,5,TENURE_STATUS,CL_ABITAZ_TITGOD
DCCV_ABITPROBL,1.0,6,NUMBER_HOUSEHOLD_COMP,CL_NUMEROSITA
DCCV_ABITPROBL,1.0,7,HOUSEHOLD_TYPOLOGY,CL_TIPOLOGIA_FAMILIARE1
DCCV_ABITPROBL,1.0,8,NUMB_OF_CHILDREN,CL_TIPOLOGIA_FAM_MINORI
DCCV_ABITPROBL,1.0,9,NUMB_OF_ELDERLY,CL_TIPOLOGIA_FAM_ANZIANI
DCCV_ABITPROBL,1.0,10,FIFTH_EQUIV_HOUSE_INC,CL_QUINTO
DCCV_ABITPROBL,1.0,11,SEX_MAIN_PERCEPTOR,CL_SEXISTAT1
DCCV_ABITPROBL,1.0,12,AGE_MAIN_EARNIER,CL_ETA1
DCCV_ABITPROBL,1.0,13,EDU_LEV_MAIN_EARN,CL_TITOLO_STUDIO
DCCV_ABITPROBL,1.0,14,LABPROF_STATUS_C_MAIN_EARNER,CL_CONDIZIONE_DICH2
DCCV_ABITPROBL465442,1.0,1,FREQ,CL_FREQ
DCCV_ABITPROBL465442,1.0,2,REF_AREA,CL_ITTER107
DCCV_ABITPROBL465442,1.0,3,DATA_TYPE,CL_TIPO_DATO8
DCCV_ABITPROBL465442,1.0,4,PROBLEM_WITH_ACCOMM,CL_ABITAZ_PROBL
DCCV_ABITPROBL465442,1.0,5,TENURE_STATUS,CL_ABITAZ_TITGOD
DCCV_ABITPROBL465442,1.0,6,FIFTH_EQUIV_HOUSE_INC,CL_QUINTO
DCCV_ABITPROBL695623,1.0,1,FREQ,CL_FREQ
DCCV_ABITPROBL695623,1.0,2,REF_AREA,CL_ITTER107
DCCV_ABITPROBL695623,1.0,3,DATA_TYPE,CL_TIPO_DATO8
DCCV_ABITPROBL695623,1.0,4,PROBLEM_WITH_ACCOMM,CL_ABITAZ_PROBL
DCCV_ABITPROBL781115,1.0,1,FREQ,CL_FREQ
DCCV_ABITPROBL781115,1.0,2,REF_AREA,CL_ITTER107
DCCV_ABITPROBL781115,1.0,3,DATA_TYPE,CL_TIPO_DATO8
DCCV_ABITPROBL781115,1.0,4,PROBLEM_WITH_ACCOMM,CL_ABITAZ_PROBL
DCCV_ABITPROBL781115,1.0,5,EDU_LEV_MAIN_EARN,CL_TITOLO_STUDIO
DCCV_ABITPROBL781115,1.0,6,LABPROF_STATUS_C_MAIN_EARNER,CL_CONDIZIONE_DICH2
DCCV_ABITPROBL921767,1.0,1,FREQ,CL_FREQ
DCCV_ABITPROBL921767,1.0,2,REF_AREA,CL_ITTER107
DCCV_ABITPROBL921767,1.0,3,DATA_TYPE,CL_TIPO_DATO8
DCCV_ABITPROBL921767,1.0,4,PROBLEM_WITH_ACCOMM,CL_ABITAZ_PROBL
DCCV_ABITPROBL921767,1.0,5,NUMBER_HOUSEHOLD_COMP,CL_NUMEROSITA
DCCV_ABITPROBL921767,1.0,6,HOUSEHOLD_TYPOLOGY,CL_TIPOLOGIA_FAMILIARE1
DCCV_ABITPROBL937987,1.0,1,FREQ,CL_FREQ
DCCV_ABITPROBL937987,1.0,2,REF_AREA,CL_ITTER107
DCCV_ABITPROBL937987,1.0,3,DATA_TYPE,CL_TIPO_DATO8
DCCV_ABITPROBL937987,1.0,4,PROBLEM_WITH_ACCOMM,CL_ABITAZ_PROBL
DCCV_ABITPROBL937987,1.0,5,SEX_MAIN_PERCEPTOR,CL_SEXISTAT1
DCCV_ABITPROBL937987,1.0,6,AGE_MAIN_EARNIER,CL_ETA1
DCCV_ABITPROBL992593,1.0,1,FREQ,CL_FREQ
DCCV_ABITPROBL992593,1.0,2,REF_AREA,CL_ITTER107
DCCV_ABITPROBL992593,1.0,3,DATA_TYPE,CL_TIPO_DATO8
DCCV_ABITPROBL992593,1.0,4,PROBLEM_WITH_ACCOMM,CL_ABITAZ_PROBL
DCCV_ABITPROBL992593,1.0,5,NUMB_OF_CHILDREN,CL_TIPOLOGIA_FAM_MINORI
DCCV_ABITPROBL992593,1.0,6,NUMB_OF_ELDERLY,CL_TIPOLOGIA_FAM_ANZIANI
DCCV_ABITSPESA,1.0,1,FREQ,CL_FREQ
DCCV_ABITSPESA,1.0,2,REF_AREA,CL_ITTER107
DCCV_ABITSPESA,1.0,3,DATA_TYPE,CL_TIPO_DATO8
DCCV_ABITSPESA,1.0,4,TENURE_STATUS,CL_ABITAZ_TITGOD
DCCV_ABITSPESA,1.0,5,NUMBER_HOUSEHOLD_COMP,CL_NUMERO_COMPONENTI
DCCV_ABITSPESA,1.0,6,HOUSEHOLD_TYPOLOGY,CL_TIPOLOGIA_FAMILIARE1
DCCV_ABITSPESA,1.0,7,NUMB_OF_CHILDREN,CL_TIPOLOGIA_FAM_MINORI
DCCV_ABITSPESA,1.0,8,NUMB_OF_ELDERLY,CL_TIPOLOGIA_FAM_ANZIANI
DCCV_ABITSPESA,1.0,9,SEX_MAIN_PERCEPTOR,CL_SEXISTAT1
DCCV_ABITSPESA,1.0,10,AGE_MAIN_EARNIER,CL_CLASETA5
DCCV_ABITSPESA,1.0,11,EDU_LEV_MAIN_EARN,CL_TITOLO_STUDIO
DCCV_ABITSPESA,1.0,12,LABPROF_STATUS_C_MAIN_EARNER,CL_CONDIZIONE_DICH2
DCCV_ABITSPESA10280,1.0,1,FREQ,CL_FREQ
DCCV_ABITSPESA10280,1.0,2,REF_AREA,CL_ITTER107
DCCV_ABITSPESA10280,1.0,3,DATA_TYPE,CL_TIPO_DATO8
DCCV_ABITSPESA10280,1.0,4,SEX_MAIN_PERCEPTOR,CL_SEXISTAT1
DCCV_ABITSPESA10280,1.0,5,AGE_MAIN_EARNIER,CL_CLASETA5
DCCV_ABITSPESA167769,1.0,1,FREQ,CL_FREQ
DCCV_ABITSPESA167769,1.0,2,REF_AREA,CL_ITTER107
DCCV_ABITSPESA167769,1.0,3,DATA_TYPE,CL_TIPO_DATO8
DCCV_ABITSPESA167769,1.0,4,EDU_LEV_MAIN_EARN,CL_TITOLO_STUDIO
DCCV_ABITSPESA167769,1.0,5,LABPROF_STATUS_C_MAIN_EARNER,CL_CONDIZIONE_DICH2
DCCV_ABITSPESA28941,1.0,1,FREQ,CL_FREQ
DCCV_ABITSPESA28941,1.0,2,REF_AREA,CL_ITTER107
DCCV_ABITSPESA28941,1.0,3,DATA_TYPE,CL_TIPO_DATO8
DCCV_ABITSPESA28941,1.0,4,TENURE_STATUS,CL_ABITAZ_TITGOD
DCCV_ABITSPESA65092,1.0,1,FREQ,CL_FREQ
DCCV_ABITSPESA65092,1.0,2,REF_AREA,CL_ITTER107
DCCV_ABITSPESA65092,1.0,3,DATA_TYPE,CL_TIPO_DATO8
DCCV_ABITSPESA65092,1.0,4,NUMB_OF_CHILDREN,CL_TIPOLOGIA_FAM_MINORI
DCCV_ABITSPESA65092,1.0,5,NUMB_OF_ELDERLY,CL_TIPOLOGIA_FAM_ANZIANI
DCCV_ABITSPESA765677,1.0,1,FREQ,CL_FREQ
DCCV_ABITSPESA765677,1.0,2,REF_AREA,CL_ITTER107
DCCV_ABITSPESA765677,1.0,3,DATA_TYPE,CL_TIPO_DATO8
DCCV_ABITSPESA766788,1.0,1,FREQ,CL_FREQ
DCCV_ABITSPESA766788,1.0,2,REF_AREA,CL_ITTER107
DCCV_ABITSPESA766788,1.0,3,DATA_TYPE,CL_TIPO_DATO8
DCCV_ABITSPESA766788,1.0,4,NUMBER_HOUSEHOLD_COMP,CL_NUMERO_COMPONENTI
DCCV_ABITSPESA766788,1.0,5,HOUSEHOLD_TYPOLOGY,CL_TIPOLOGIA_FAMILIARE1
DCCV_ABITSPESA_STRA,1.0,1,FREQ,CL_FREQ
DCCV_ABITSPESA_STRA,1.0,2,REF_AREA,CL_ITTER107
DCCV_ABITSPESA_STRA,1.0,3,DATA_TYPE,CL_TIPO_DATO8
DCCV_ABITSPESA_STRA,1.0,4,HOUSEHOLD_COMPOSITION,CL_FAMIGLIA
DCCV_ABITSPESA_STRA,1.0,5,TENURE_STATUS,CL_ABITAZ_TITGOD
DCCV_ABITSPESA_STRA,1.0,6,NUMBER_HOUSEHOLD_COMP,CL_NUMERO_COMPONENTI
DCCV_ABITSPESA_STRA,1.0,7,HOUSEHOLD_TYPOLOGY,CL_TIPOLOGIA_FAMILIARE1
DCCV_ABITSPESA_STRA,1.0,8,NUMB_OF_CHILDREN,CL_TIPOLOGIA_FAM_MINORI
DCCV_ABITSPESA_STRA,1.0,9,NUMB_OF_ELDERLY,CL_TIPOLOGIA_FAM_ANZIANI
DCCV_ABITSPESA_STRA,1.0,10,SEX_MAIN_PERCEPTOR,CL_SEXISTAT1
DCCV_ABITSPESA_STRA,1.0,11,AGE_MAIN_EARNIER,CL_CLASETA5
DCCV_ABITSPESA_STRA,1.0,12,EDU_LEV_MAIN_EARN,CL_TITOLO_STUDIO
DCCV_ABITSPESA_STRA,1.0,13,LABPROF_STATUS_C_MAIN_EARNER,CL_CONDIZIONE_DICH2
DCCV_ABITSPESA_STRA,1.0,14,CITIZENSHIP_MAIN_EARN,CL_ISO
DCCV_ALTRIDELPS,1.0,1,FREQ,CL_FREQ
DCCV_ALTRIDELPS,1.0,2,REF_AREA,CL_ITTER107
DCCV_ALTRIDELPS,1.0,3,DATA_TYPE,CL_TIPO_DATO35
DCCV_ALTRIDELPS,1.0,4,TYPE_CRIME,CL_REATI_PS
DCCV_ALTRIDELPS,1.0,5,Y_KNOWN_OFFENDER_IDEN,CL_SI_NO
DCCV_ALTRIDELPS,1.0,6,REFERENCE_PERIOD_CRIME,CL_RIF_TIME
DCCV_ALTRIDELPS,1.0,7,MONTH_CRIME_COMMIT,CL_T_BIS
DCCV_AMBURB,1.0,1,FREQ,CL_FREQ
DCCV_AMBURB,1.0,2,REF_AREA,CL_ITTER107
DCCV_AMBURB,1.0,3,DATA_TYPE,CL_TIPO_DATO_AMB
DCCV_ARRETRATI,1.0,1,FREQ,CL_FREQ
DCCV_ARRETRATI,1.0,2,REF_AREA,CL_ITTER107
DCCV_ARRETRATI,1.0,3,DATA_TYPE,CL_TIPO_DATO8
DCCV_ARRETRATI,1.0,4,MEASURE,CL_MISURA1
DCCV_ARRETRATI,1.0,5,COICOP_LIST,CL_COICOP_EUSILC2
DCCV_ARRETRATI,1.0,6,NUMBER_HOUSEHOLD_COMP,CL_NUMERO_COMPONENTI
DCCV_ARRETRATI,1.0,7,HOUSEHOLD_TYPOLOGY,CL_TIPOLOGIA_FAMILIARE1
DCCV_ARRETRATI,1.0,8,NUMB_OF_CHILDREN,CL_TIPOLOGIA_FAM_MINORI
DCCV_ARRETRATI,1.0,9,NUMB_OF_ELDERLY,CL_TIPOLOGIA_FAM_ANZIANI
DCCV_ARRETRATI,1.0,10,SEX_MAIN_PERCEPTOR,CL_SEXISTAT1
DCCV_ARRETRATI,1.0,11,AGE_MAIN_EARNIER,CL_CLASETA5
DCCV_ARRETRATI,1.0,12,EDU_LEV_MAIN_EARN,CL_TITOLO_STUDIO
DCCV_ARRETRATI,1.0,13,LABPROF_STATUS_C_MAIN_EARNER,CL_CONDIZIONE_DICH2
DCCV_ASIMMETRIA,1.0,1,FREQ,CL_FREQ
DCCV_ASIMMETRIA,1.0,2,REF_AREA,CL_ITTER107
DCCV_ASIMMETRIA,1.0,3,DATA_TYPE,CL_TIPO_DATO34
DCCV_ASIMMETRIA,1.0,4,AGE_WOMAN,CL_ETA1
DCCV_ASIMMETRIA,1.0,5,LABOUR_PROFESS_STATUS_C_COUPLE,CL_CONDLAV_CO
DCCV_ASIMMETRIA,1.0,6,COUPLE_CHILDREN,CL_TIPOLOGIA_FAMILIARE1
DCCV_ASIMMETRIA,1.0,7,EDU_LEV_WOMAN,CL_TITOLO_STUDIO
DCCV_ASIMMETRIA,1.0,8,EDU_LEV_MAN,CL_TITOLO_STUDIO
DCCV_ASIMMETRIA,1.0,9,LAB_PROF_STATUS_B_WOMAN,CL_CONDIZIONE_DICH
DCCV_ASIMMETRIA,1.0,10,AGE_OF_YOUNGEST_CHILD,CL_ETA1
DCCV_ASIMMETRIA,1.0,11,NUMBER_OF_CHILDREN,CL_NUMEROSITA
DCCV_ATTPRINC,1.0,1,FREQ,CL_FREQ
DCCV_ATTPRINC,1.0,2,REF_AREA,CL_ITTER107
DCCV_ATTPRINC,1.0,3,DATA_TYPE,CL_TIPO_DATO34
DCCV_ATTPRINC,1.0,4,TIME_PERIOD_WEEK,CL_T_BIS
DCCV_ATTPRINC,1.0,5,SEX,CL_SEXISTAT1
DCCV_ATTPRINC,1.0,6,TYPE_DAILY_ACTIVITY,CL_IT_ACL2008
DCCV_ATTPRINC,1.0,7,AGE,CL_ETA1
DCCV_ATTPRINC,1.0,8,CITIZENSHIP,CL_CITTADINANZA
DCCV_ATTPRINC,1.0,9,MARITAL_STATUS,CL_STATCIV2
DCCV_ATTPRINC,1.0,10,EDU_LEV_HIGHEST,CL_TITOLO_STUDIO
DCCV_ATTPRINC,1.0,11,LABOUR_PROFESS_STATUS_C,CL_CONDIZIONE_DICH
DCCV_ATTPRINC,1.0,12,LABOUR_PROFESS_STATUS_C_PARENTS,CL_CONDLAV_PA
DCCV_ATTPRINC,1.0,13,NUMBER_HOUSEHOLD_COMP,CL_NUMEROSITA
DCCV_ATTPRINC,1.0,14,ROLE_IN_HOUSEHOLD,CL_RUOLO_NUCLEO
DCCV_AUTVITTPS,1.0,1,FREQ,CL_FREQ
DCCV_AUTVITTPS,1.0,2,REF_AREA,CL_ITTER107
DCCV_AUTVITTPS,1.0,3,DATA_TYPE,CL_TIPO_DATO35
DCCV_AUTVITTPS,1.0,4,TYPE_CRIME,CL_REATI_PS
DCCV_AUTVITTPS,1.0,5,SEX,CL_SEXISTAT1
DCCV_AUTVITTPS,1.0,6,AGE,CL_ETA1
DCCV_AUTVITTPS,1.0,7,CITIZENSHIP,CL_CITTADINANZA
DCCV_AUTVITTPS,1.0,8,COUNTRY_CITIZEN,CL_ISO
DCCV_AVQ_FAMIGLIE,1.0,1,FREQ,CL_FREQ
DCCV_AVQ_FAMIGLIE,1.0,2,REF_AREA,CL_ITTER107
DCCV_AVQ_FAMIGLIE,1.0,3,DATA_TYPE,CL_TIPO_DATO_AVQ
DCCV_AVQ_FAMIGLIE,1.0,4,MEASURE,CL_MISURA_AVQ
DCCV_AVQ_FAMIGLIE,1.0,5,NUMBER_HOUSEHOLD_COMP,CL_NUMEROSITA
DCCV_AVQ_PERSONE,1.0,1,FREQ,CL_FREQ
DCCV_AVQ_PERSONE,1.0,2,REF_AREA,CL_ITTER107
DCCV_AVQ_PERSONE,1.0,3,DATA_TYPE,CL_TIPO_DATO_AVQ
DCCV_AVQ_PERSONE,1.0,4,MEASURE,CL_MISURA_AVQ
DCCV_AVQ_PERSONE,1.0,5,SEX,CL_SEXISTAT1
DCCV_AVQ_PERSONE,1.0,6,AGE,CL_ETA1
DCCV_AVQ_PERSONE,1.0,7,EDU_LEV_HIGHEST,CL_TITOLO_STUDIO
DCCV_AVQ_PERSONE,1.0,8,LABOUR_PROFESS_STATUS_B,CL_CONDIZIONE_DICH
DCCV_AVQ_PERSONE1,1.0,1,FREQ,CL_FREQ
DCCV_AVQ_PERSONE1,1.0,2,REF_AREA,CL_ITTER107
DCCV_AVQ_PERSONE1,1.0,3,DATA_TYPE,CL_TIPO_DATO_AVQ
DCCV_AVQ_PERSONE1,1.0,4,MEASURE,CL_MISURA_AVQ
DCCV_AVQ_PERSONE1,1.0,5,SEX,CL_SEXISTAT1
DCCV_AVQ_PERSONE1,1.0,6,AGE,CL_ETA1
DCCV_AVQ_PERSONE1,1.0,7,EDU_LEV_HIGHEST,CL_TITOLO_STUDIO
DCCV_AVQ_PERSONE1,1.0,8,LABOUR_PROFESS_STATUS_B,CL_CONDIZIONE_DICH
DCCV_BILENERG,1.0,1,FREQ,CL_FREQ
DCCV_BILENERG,1.0,2,REF_AREA,CL_ITTER107
DCCV_BILENERG,1.0,3,DATA_TYPE,CL_TIPO_DATO4
DCCV_BILENERG,1.0,4,ENERGY_SUPPLY,CL_DISPONIBILITA
DCCV_BILENERG,1.0,5,ENERGY_USE,CL_SETTORE_USO
DCCV_CARGEOMOR_COM,1.0,1,FREQ,CL_FREQ
DCCV_CARGEOMOR_COM,1.0,2,REF_AREA,CL_ITTER107
DCCV_CARGEOMOR_COM,1.0,3,DATA_TYPE,CL_TIPO_DATO4
DCCV_CARGEOMOR_ST_COM,1.0,1,FREQ,CL_FREQ
DCCV_CARGEOMOR_ST_COM,1.0,2,REF_AREA,CL_ITTER107
DCCV_CARGEOMOR_ST_COM,1.0,3,DATA_TYPE,CL_TIPO_DATO4
DCCV_CARICOPES,1.0,1,FREQ,CL_FREQ
DCCV_CARICOPES,1.0,2,REF_AREA,CL_ITTER107
DCCV_CARICOPES,1.0,3,DATA_TYPE,CL_TIPO_DATO8
DCCV_CARICOPES,1.0,4,MEASURE,CL_MISURA1
DCCV_CARICOPES,1.0,5,COICOP_LIST,CL_COICOP_EUSILC1
DCCV_CARICOPES,1.0,6,NUMBER_HOUSEHOLD_COMP,CL_NUMERO_COMPONENTI
DCCV_CARICOPES,1.0,7,HOUSEHOLD_TYPOLOGY,CL_TIPOLOGIA_FAMILIARE1
DCCV_CARICOPES,1.0,8,NUMB_OF_CHILDREN,CL_TIPOLOGIA_FAM_MINORI
DCCV_CARICOPES,1.0,9,NUMB_OF_ELDERLY,CL_TIPOLOGIA_FAM_ANZIANI
DCCV_CARICOPES,1.0,10,SEX_MAIN_PERCEPTOR,CL_SEXISTAT1
DCCV_CARICOPES,1.0,11,AGE_MAIN_EARNIER,CL_CLASETA5
DCCV_CARICOPES,1.0,12,EDU_LEV_MAIN_EARN,CL_TITOLO_STUDIO
DCCV_CARICOPES,1.0,13,LABPROF_STATUS_C_MAIN_EARNER,CL_CONDIZIONE_DICH2
DCCV_CARICOPES100063,1.0,1,FREQ,CL_FREQ
DCCV_CARICOPES100063,1.0,2,REF_AREA,CL_ITTER107
DCCV_CARICOPES100063,1.0,3,DATA_TYPE,CL_TIPO_DATO8
DCCV_CARICOPES100063,1.0,4,COICOP_LIST,CL_COICOP_EUSILC1
DCCV_CARICOPES100063,1.0,5,NUMBER_HOUSEHOLD_COMP,CL_NUMERO_COMPONENTI
DCCV_CARICOPES192674,1.0,1,FREQ,CL_FREQ
DCCV_CARICOPES192674,1.0,2,REF_AREA,CL_ITTER107
DCCV_CARICOPES192674,1.0,3,DATA_TYPE,CL_TIPO_DATO8
DCCV_CARICOPES192674,1.0,4,COICOP_LIST,CL_COICOP_EUSILC1
DCCV_CARICOPES394374,1.0,1,FREQ,CL_FREQ
DCCV_CARICOPES394374,1.0,2,REF_AREA,CL_ITTER107
DCCV_CARICOPES394374,1.0,3,DATA_TYPE,CL_TIPO_DATO8
DCCV_CARICOPES394374,1.0,4,COICOP_LIST,CL_COICOP_EUSILC1
DCCV_CARICOPES394374,1.0,5,HOUSEHOLD_TYPOLOGY,CL_TIPOLOGIA_FAMILIARE1
DCCV_CARICOPES430739,1.0,1,FREQ,CL_FREQ
DCCV_CARICOPES430739,1.0,2,REF_AREA,CL_ITTER107
DCCV_CARICOPES430739,1.0,3,DATA_TYPE,CL_TIPO_DATO8
DCCV_CARICOPES430739,1.0,4,COICOP_LIST,CL_COICOP_EUSILC1
DCCV_CARICOPES430739,1.0,5,EDU_LEV_MAIN_EARN,CL_TITOLO_STUDIO
DCCV_CARICOPES430739,1.0,6,LABPROF_STATUS_C_MAIN_EARNER,CL_CONDIZIONE_DICH2
DCCV_CARICOPES908549,1.0,1,FREQ,CL_FREQ
DCCV_CARICOPES908549,1.0,2,REF_AREA,CL_ITTER107
DCCV_CARICOPES908549,1.0,3,DATA_TYPE,CL_TIPO_DATO8
DCCV_CARICOPES908549,1.0,4,COICOP_LIST,CL_COICOP_EUSILC1
DCCV_CARICOPES908549,1.0,5,NUMB_OF_CHILDREN,CL_TIPOLOGIA_FAM_MINORI
DCCV_CARICOPES908549,1.0,6,NUMB_OF_ELDERLY,CL_TIPOLOGIA_FAM_ANZIANI
DCCV_CARICOPES980074,1.0,1,FREQ,CL_FREQ
DCCV_CARICOPES980074,1.0,2,REF_AREA,CL_ITTER107
DCCV_CARICOPES980074,1.0,3,DATA_TYPE,CL_TIPO_DATO8
DCCV_CARICOPES980074,1.0,4,COICOP_LIST,CL_COICOP_EUSILC1
DCCV_CARICOPES980074,1.0,5,SEX_MAIN_PERCEPTOR,CL_SEXISTAT1
DCCV_CARICOPES980074,1.0,6,AGE_MAIN_EARNIER,CL_CLASETA5
DCCV_CAV,1.0,1,FREQ,CL_FREQ
DCCV_CAV,1.0,2,REF_AREA,CL_ITTER107
DCCV_CAV,1.0,3,DATA_TYPE,CL_TIPO_DATO_VIOLENZA
DCCV_CAV,1.0,4,SERVICE_PROVIDED,CL_TIPSERVSOC
DCCV_CAV,1.0,5,PROVIDER,CL_PRESENZA
DCCV_CAV,1.0,6,TERR_COMPETENCE,CL_PROV_DEST_Z
DCCV_CAV,1.0,7,Y_PRESENCE,CL_SI_NO
DCCV_CAV,1.0,8,SERVICE,CL_TIPSERVSOC
DCCV_CAV,1.0,9,RISK_ASS_METH,CL_RICERCA
DCCV_CAV,1.0,10,NUM_BRANCHES,CL_NUMEROSITA
DCCV_CAV1,1.0,1,FREQ,CL_FREQ
DCCV_CAV1,1.0,2,REF_AREA,CL_ITTER107
DCCV_CAV1,1.0,3,DATA_TYPE,CL_TIPO_DATO_VIOLENZA
DCCV_CAV1,1.0,4,SERVICE_PROVIDED,CL_TIPSERVSOC
DCCV_CAV1,1.0,5,PROVIDER,CL_PRESENZA
DCCV_CAV1,1.0,6,TERR_COMPETENCE,CL_PROV_DEST_Z
DCCV_CAV1,1.0,7,Y_PRESENCE,CL_SI_NO
DCCV_CAV1,1.0,8,SERVICE,CL_TIPSERVSOC
DCCV_CAV1,1.0,9,APP_RISK_METH,CL_SI_NO
DCCV_CAV1,1.0,10,RISK_ASS_METH,CL_RICERCA
DCCV_CAV1,1.0,11,NUM_BRANCHES,CL_NUMEROSITA
DCCV_CAV1,1.0,12,ORG_TRAIN_COURSE,CL_SI_NO
DCCV_CAVE_MIN,1.0,1,FREQ,CL_FREQ
DCCV_CAVE_MIN,1.0,2,REF_AREA,CL_ITTER107
DCCV_CAVE_MIN,1.0,3,DATA_TYPE,CL_TIPO_DATO_CAVEMIN
DCCV_CAVE_MIN,1.0,4,TYPE_OF_SITE,CL_SITO_NAT
DCCV_CAVE_MIN,1.0,5,SITE_ACTIVITY_STATUS,CL_STATO_ATTIVITA
DCCV_CAVE_MIN,1.0,6,MINERAL_RESOURCES,CL_RISORSE_NATURALI
DCCV_CENERG,1.0,1,FREQ,CL_FREQ
DCCV_CENERG,1.0,2,REF_AREA,CL_ITTER107
DCCV_CENERG,1.0,3,DATA_TYPE,CL_TIPO_DATO_CENERG
DCCV_CENERG,1.0,4,SYSTEM_TYPE,CL_DOTAZIONI
DCCV_CENERG,1.0,5,ENERGY_SOURCE,CL_DOTAZIONI
DCCV_CENERG,1.0,6,SYSTEM_FREQ_USE,CL_PERIODICITA1
DCCV_CENERG,1.0,7,OPERAT_SCHEDULE_DAILY,CL_DURATA
DCCV_CENERG,1.0,8,FIREWOOD_SUPPLY_CHANNEL,CL_DOTAZIONI
DCCV_CENERG,1.0,9,BIOMASS_SYSTEMS,CL_CAUSA_EMISSIONI
DCCV_CENERG,1.0,10,FIREWOOD_TYPE,CL_UTILTERR
DCCV_CENERG,1.0,11,Y_LIGH_BULBS_ENERSAVING,CL_SI_NO
DCCV_CENERG,1.0,12,APPLIANCE_TYPE,CL_DOTAZIONI
DCCV_CNSENRG,1.0,1,FREQ,CL_FREQ
DCCV_CNSENRG,1.0,2,REF_AREA,CL_ITTER107
DCCV_CNSENRG,1.0,3,DATA_TYPE,CL_TIPO_DATO4
DCCV_CNSENRG,1.0,4,ENERGY_USE_TYPE,CL_USO_ENERGIA
DCCV_COMPL1,1.0,1,FREQ,CL_FREQ
DCCV_COMPL1,1.0,2,REF_AREA,CL_ITTER107
DCCV_COMPL1,1.0,3,DATA_TYPE,CL_TIPO_DATO_FOL
DCCV_COMPL1,1.0,4,SEX,CL_SEXISTAT1
DCCV_COMPL1,1.0,5,AGE,CL_ETA1
DCCV_COMPL1,1.0,6,EDU_LEV_HIGHEST,CL_TITOLO_STUDIO
DCCV_COMPL1,1.0,7,CITIZENSHIP,CL_CITTADINANZA
DCCV_COMPL1,1.0,8,MAIN_REAS_SEEK_EMPL,CL_MOTIVOPS1
DCCV_COMPL1,1.0,9,DECLARED_LAB_STATUS,CL_CONDIZIONE_DICH
DCCV_COMPL1,1.0,10,ECON_SECT_EMP_NACE2002,CL_ATECO2002
DCCV_COMPL1,1.0,11,ECON_SECT_EMP_NACE2007,CL_ATECO_2007
DCCV_COMPL1,1.0,12,POSIZ_PROF,CL_POSIZPROF
DCCV_COMPL1_UNT2020,1.0,1,FREQ,CL_FREQ
DCCV_COMPL1_UNT2020,1.0,2,REF_AREA,CL_ITTER107
DCCV_COMPL1_UNT2020,1.0,3,DATA_TYPE,CL_TIPO_DATO_FOL
DCCV_COMPL1_UNT2020,1.0,4,SEX,CL_SEXISTAT1
DCCV_COMPL1_UNT2020,1.0,5,AGE,CL_ETA1
DCCV_COMPL1_UNT2020,1.0,6,EDU_LEV_HIGHEST,CL_TITOLO_STUDIO
DCCV_COMPL1_UNT2020,1.0,7,CITIZENSHIP,CL_CITTADINANZA
DCCV_COMPL1_UNT2020,1.0,8,MAIN_REAS_SEEK_EMPL,CL_MOTIVOPS1
DCCV_COMPL1_UNT2020,1.0,9,DECLARED_LAB_STATUS,CL_CONDIZIONE_DICH
DCCV_COMPL1_UNT2020,1.0,10,ECON_SECT_EMP_NACE2002,CL_ATECO2002
DCCV_COMPL1_UNT2020,1.0,11,ECON_SECT_EMP_NACE2007,CL_ATECO_2007
DCCV_COMPL1_UNT2020,1.0,12,POSIZ_PROF,CL_POSIZPROF
DCCV_CONCHI,1.0,1,FREQ,CL_FREQ
DCCV_CONCHI,1.0,2,REF_AREA,CL_ITTER107
DCCV_CONCHI,1.0,3,DATA_TYPE,CL_TIPO_DATO34
DCCV_CONCHI,1.0,4,TIME_PERIOD_WEEK,CL_T_BIS
DCCV_CONCHI,1.0,5,SEX,CL_SEXISTAT1
DCCV_CONCHI,1.0,6,PERSONS_SPENT_TIME,CL_COMPAGNIA
DCCV_CONCHI,1.0,7,AGE,CL_ETA1
DCCV_CONCHI,1.0,8,CITIZENSHIP,CL_CITTADINANZA
DCCV_CONCHI,1.0,9,MARITAL_STATUS,CL_STATCIV2
DCCV_CONCHI,1.0,10,EDU_LEV_HIGHEST,CL_TITOLO_STUDIO
DCCV_CONCHI,1.0,11,LABOUR_PROFESS_STATUS_C,CL_CONDIZIONE_DICH
DCCV_CONCHI,1.0,12,LABOUR_PROFESS_STATUS_C_PARENTS,CL_CONDLAV_PA
DCCV_CONCHI,1.0,13,NUMBER_HOUSEHOLD_COMP,CL_NUMEROSITA
DCCV_CONCHI,1.0,14,ROLE_IN_HOUSEHOLD,CL_RUOLO_NUCLEO
DCCV_CONDCRIM1,1.0,1,FREQ,CL_FREQ
DCCV_CONDCRIM1,1.0,2,REF_AREA,CL_ITTER107
DCCV_CONDCRIM1,1.0,3,DATA_TYPE,CL_TIPO_DATO35
DCCV_CONDCRIM1,1.0,4,TYPE_OFFENCE,CL_GIUST_REATO
DCCV_CONDCRIM1,1.0,5,NATURE_CRIME,CL_NATURA_REATO
DCCV_CONDCRIM1,1.0,6,JUDICIAL_OFFICE,CL_GIUST_UFFICIO2
DCCV_CONDCRIM1,1.0,7,TIME_CRIME_SENTENCE,CL_DURATA
DCCV_CONDCRIM1,1.0,8,PRINCIPAL_SECURITY_MEASURES,CL_MISURA_SICUREZZA
DCCV_CONDCRIM1,1.0,9,PREVIOUS_CONVICTIONS_RELAPSE,CL_PRECEDENTE
DCCV_CONDCRIM1,1.0,10,DISTRICT_COURT_APPEAL,CL_GIUST_CORTE
DCCV_CONDCRIM1,1.0,11,YEAR_CRIME,CL_T_BIS
DCCV_CONDCRIM1,1.0,12,AGE_CRIME_COMMITTED,CL_ETA1
DCCV_CONDCRIM1,1.0,13,AGE_SERIOUS_CRIMECOMMIT,CL_ETA1
DCCV_CONDCRIM1,1.0,14,SEX,CL_SEXISTAT1
DCCV_CONDGEO1,1.0,1,FREQ,CL_FREQ
DCCV_CONDGEO1,1.0,2,REF_AREA,CL_ITTER107
DCCV_CONDGEO1,1.0,3,DATA_TYPE,CL_TIPO_DATO35
DCCV_CONDGEO1,1.0,4,TYPE_OFFENCE,CL_GIUST_REATO
DCCV_CONDGEO1,1.0,5,JUDICIAL_OFFICE,CL_GIUST_UFFICIO2
DCCV_CONDGEO1,1.0,6,SENTENCE_IMPOSED,CL_PENA
DCCV_CONDGEO1,1.0,7,SENTENCE_PERIOD,CL_DURATA
DCCV_CONDGEO1,1.0,8,NUMBER_CONCUR_CRIMES,CL_NUMEROSITA
DCCV_CONDGEO1,1.0,9,YEAR_CRIME,CL_T_BIS
DCCV_CONDGEO1,1.0,10,AGE_SERIOUS_CRIMECOMMIT,CL_ETA1
DCCV_CONDGEO1,1.0,11,SEX,CL_SEXISTAT1
DCCV_CONDGEO1,1.0,12,GEO_ORIGIN_TERRITORY,CL_ISO
DCCV_CONSACQUA,1.0,1,FREQ,CL_FREQ
DCCV_CONSACQUA,1.0,2,REF_AREA,CL_ITTER107
DCCV_CONSACQUA,1.0,3,DATA_TYPE,CL_TIPO_DATO4
DCCV_COPPIE,1.0,1,FREQ,CL_FREQ
DCCV_COPPIE,1.0,2,REF_AREA,CL_ITTER107
DCCV_COPPIE,1.0,3,DATA_TYPE,CL_TIPO_DATO34
DCCV_COPPIE,1.0,4,TIME_PERIOD_WEEK,CL_T_BIS
DCCV_COPPIE,1.0,5,AGE_WOMAN,CL_ETA1
DCCV_COPPIE,1.0,6,SEX,CL_SEXISTAT1
DCCV_COPPIE,1.0,7,TYPE_DAILY_ACTIVITY,CL_IT_ACL2008
DCCV_COPPIE,1.0,8,COUPLE_CHILDREN,CL_TIPOLOGIA_FAMILIARE1
DCCV_COPPIE,1.0,9,LABOUR_PROFESS_STATUS_C_COUPLE,CL_CONDLAV_CO
DCCV_COPPIE,1.0,10,EDU_LEV_WOMAN,CL_TITOLO_STUDIO
DCCV_COPPIE,1.0,11,AGE_OF_YOUNGEST_CHILD,CL_ETA1
DCCV_COPPIE,1.0,12,NUMBER_OF_CHILDREN,CL_NUMEROSITA
DCCV_COPPIECOND,1.0,1,FREQ,CL_FREQ
DCCV_COPPIECOND,1.0,2,REF_AREA,CL_ITTER107
DCCV_COPPIECOND,1.0,3,DATA_TYPE,CL_TIPO_DATO_FOL
DCCV_COPPIECOND,1.0,4,TARGET_COUPLE_FAMILIES,CL_FAM_TARGET
DCCV_COPPIECOND,1.0,5,AGE_WOMAN,CL_ETA1
DCCV_COPPIECOND,1.0,6,NUMBER_OF_CHILD_COUPLE,CL_NUMEROSITA
DCCV_COPPIECOND,1.0,7,AGE_YOUNGEST_CHILDCOUPLE,CL_ETA1
DCCV_COPPIECOND,1.0,8,EDU_LEV_WOMAN,CL_TITOLO_STUDIO
DCCV_COPPIECOND_UNT2020,1.0,1,FREQ,CL_FREQ
DCCV_COPPIECOND_UNT2020,1.0,2,REF_AREA,CL_ITTER107
DCCV_COPPIECOND_UNT2020,1.0,3,DATA_TYPE,CL_TIPO_DATO_FOL
DCCV_COPPIECOND_UNT2020,1.0,4,TARGET_COUPLE_FAMILIES,CL_FAM_TARGET
DCCV_COPPIECOND_UNT2020,1.0,5,AGE_WOMAN,CL_ETA1
DCCV_COPPIECOND_UNT2020,1.0,6,NUMBER_OF_CHILD_COUPLE,CL_NUMEROSITA
DCCV_COPPIECOND_UNT2020,1.0,7,AGE_YOUNGEST_CHILDCOUPLE,CL_ETA1
DCCV_COPPIECOND_UNT2020,1.0,8,EDU_LEV_WOMAN,CL_TITOLO_STUDIO
DCCV_DELITTIPS,1.0,1,FREQ,CL_FREQ
DCCV_DELITTIPS,1.0,2,REF_AREA,CL_ITTER107
DCCV_DELITTIPS,1.0,3,DATA_TYPE,CL_TIPO_DATO35
DCCV_DELITTIPS,1.0,4,TYPE_CRIME,CL_REATI_PS
DCCV_DELITTIPS,1.0,5,Y_KNOWN_OFFENDER_IDEN,CL_SI_NO
DCCV_DELITTIPS,1.0,6,REFERENCE_PERIOD_CRIME,CL_RIF_TIME
DCCV_DEPACQ,1.0,1,FREQ,CL_FREQ
DCCV_DEPACQ,1.0,2,REF_AREA,CL_ITTER107
DCCV_DEPACQ,1.0,3,DATA_TYPE,CL_TIPO_DATO4
DCCV_DEPACQ,1.0,4,MEASURE,CL_MISURA1
DCCV_DETENUTI,1.0,1,FREQ,CL_FREQ
DCCV_DETENUTI,1.0,2,REF_AREA,CL_ITTER107
DCCV_DETENUTI,1.0,3,DATA_TYPE,CL_TIPO_DATO35
DCCV_DETENUTI,1.0,4,TYPE_OFFENCE,CL_GIUST_REATO
DCCV_DETENUTI,1.0,5,SEX,CL_SEXISTAT1
DCCV_DETENUTI,1.0,6,AGE,CL_ETA1
DCCV_DETENUTI,1.0,7,LEGAL_POSITION,CL_POSIZ_GIU
DCCV_DETENUTI,1.0,8,PLACE_BIRTH,CL_ISO
DCCV_DETENUTI,1.0,9,CITIZENSHIP,CL_ISO
DCCV_DIFFBENDUR,1.0,1,FREQ,CL_FREQ
DCCV_DIFFBENDUR,1.0,2,REF_AREA,CL_ITTER107
DCCV_DIFFBENDUR,1.0,3,DATA_TYPE,CL_TIPO_DATO8
DCCV_DIFFBENDUR,1.0,4,MEASURE,CL_MISURA1
DCCV_DIFFBENDUR,1.0,5,COICOP_DURABLE_GOODS,CL_COICOP_EUSILC4
DCCV_DIFFBENDUR,1.0,6,NUMBER_HOUSEHOLD_COMP,CL_NUMERO_COMPONENTI
DCCV_DIFFBENDUR,1.0,7,HOUSEHOLD_TYPOLOGY,CL_TIPOLOGIA_FAMILIARE1
DCCV_DIFFBENDUR,1.0,8,NUMB_OF_CHILDREN,CL_TIPOLOGIA_FAM_MINORI
DCCV_DIFFBENDUR,1.0,9,NUMB_OF_ELDERLY,CL_TIPOLOGIA_FAM_ANZIANI
DCCV_DIFFBENDUR,1.0,10,SEX_MAIN_PERCEPTOR,CL_SEXISTAT1
DCCV_DIFFBENDUR,1.0,11,AGE_MAIN_EARNIER,CL_CLASETA5
DCCV_DIFFBENDUR,1.0,12,EDU_LEV_MAIN_EARN,CL_TITOLO_STUDIO
DCCV_DIFFBENDUR,1.0,13,LABPROF_STATUS_C_MAIN_EARNER,CL_CONDIZIONE_DICH2
DCCV_DIFFBENDUR225191,1.0,1,FREQ,CL_FREQ
DCCV_DIFFBENDUR225191,1.0,2,REF_AREA,CL_ITTER107
DCCV_DIFFBENDUR225191,1.0,3,DATA_TYPE,CL_TIPO_DATO8
DCCV_DIFFBENDUR225191,1.0,4,COICOP_DURABLE_GOODS,CL_COICOP_EUSILC4
DCCV_DIFFBENDUR225191,1.0,5,HOUSEHOLD_TYPOLOGY,CL_TIPOLOGIA_FAMILIARE1
DCCV_DIFFBENDUR253019,1.0,1,FREQ,CL_FREQ
DCCV_DIFFBENDUR253019,1.0,2,REF_AREA,CL_ITTER107
DCCV_DIFFBENDUR253019,1.0,3,DATA_TYPE,CL_TIPO_DATO8
DCCV_DIFFBENDUR253019,1.0,4,COICOP_DURABLE_GOODS,CL_COICOP_EUSILC4
DCCV_DIFFBENDUR253019,1.0,5,SEX_MAIN_PERCEPTOR,CL_SEXISTAT1
DCCV_DIFFBENDUR253019,1.0,6,AGE_MAIN_EARNIER,CL_CLASETA5
DCCV_DIFFBENDUR439071,1.0,1,FREQ,CL_FREQ
DCCV_DIFFBENDUR439071,1.0,2,REF_AREA,CL_ITTER107
DCCV_DIFFBENDUR439071,1.0,3,DATA_TYPE,CL_TIPO_DATO8
DCCV_DIFFBENDUR439071,1.0,4,COICOP_DURABLE_GOODS,CL_COICOP_EUSILC4
DCCV_DIFFBENDUR643784,1.0,1,FREQ,CL_FREQ
DCCV_DIFFBENDUR643784,1.0,2,REF_AREA,CL_ITTER107
DCCV_DIFFBENDUR643784,1.0,3,DATA_TYPE,CL_TIPO_DATO8
DCCV_DIFFBENDUR643784,1.0,4,COICOP_DURABLE_GOODS,CL_COICOP_EUSILC4
DCCV_DIFFBENDUR643784,1.0,5,EDU_LEV_MAIN_EARN,CL_TITOLO_STUDIO
DCCV_DIFFBENDUR643784,1.0,6,LABPROF_STATUS_C_MAIN_EARNER,CL_CONDIZIONE_DICH2
DCCV_DIFFBENDUR862535,1.0,1,FREQ,CL_FREQ
DCCV_DIFFBENDUR862535,1.0,2,REF_AREA,CL_ITTER107
DCCV_DIFFBENDUR862535,1.0,3,DATA_TYPE,CL_TIPO_DATO8
DCCV_DIFFBENDUR862535,1.0,4,COICOP_DURABLE_GOODS,CL_COICOP_EUSILC4
DCCV_DIFFBENDUR862535,1.0,5,NUMB_OF_CHILDREN,CL_TIPOLOGIA_FAM_MINORI
DCCV_DIFFBENDUR862535,1.0,6,NUMB_OF_ELDERLY,CL_TIPOLOGIA_FAM_ANZIANI
DCCV_DIFFBENDUR888397,1.0,1,FREQ,CL_FREQ
DCCV_DIFFBENDUR888397,1.0,2,REF_AREA,CL_ITTER107
DCCV_DIFFBENDUR888397,1.0,3,DATA_TYPE,CL_TIPO_DATO8
DCCV_DIFFBENDUR888397,1.0,4,COICOP_DURABLE_GOODS,CL_COICOP_EUSILC4
DCCV_DIFFBENDUR888397,1.0,5,NUMBER_HOUSEHOLD_COMP,CL_NUMERO_COMPONENTI
DCCV_DIPL_DEM_FORM,1.0,1,FREQ,CL_FREQ
DCCV_DIPL_DEM_FORM,1.0,2,REF_AREA,CL_ITTER107
DCCV_DIPL_DEM_FORM,1.0,3,DATA_TYPE,CL_TIPO_DATO_DIPL
DCCV_DIPL_DEM_FORM,1.0,4,SEX,CL_SEXISTAT1
DCCV_DIPL_DEM_FORM,1.0,5,AGE_SURVEY_TIME,CL_ETA1
DCCV_DIPL_DEM_FORM,1.0,6,CITIZENSHIP,CL_CITTADINANZA
DCCV_DIPL_DEM_FORM,1.0,7,LIVING_ARRANGEMENT,CL_COMPAGNIA
DCCV_DIPL_DEM_FORM,1.0,8,EDU_LEV_FATHER,CL_TITOLO_STUDIO
DCCV_DIPL_DEM_FORM,1.0,9,EDU_LEV_MOTHER,CL_TITOLO_STUDIO
DCCV_DIPL_DEM_FORM,1.0,10,TYPE_SCHOOL,CL_TIPO_SCUOLA2
DCCV_DIPL_DEM_FORM,1.0,11,KIND_OF_OWNER_SCHOOL,CL_NATGIUR1
DCCV_DIPL_DEM_FORM,1.0,12,COURSES_AFTER_DIPLOMA,CL_FORMAZIONE
DCCV_DIPL_DEM_FORM,1.0,13,UNIVERSITY,CL_FORMAZIONE
DCCV_DIPL_DEM_FORM,1.0,14,NON_UNIV_TERT_EDUC,CL_FORMAZIONE
DCCV_DIPL_OCCUP_REDD,1.0,1,FREQ,CL_FREQ
DCCV_DIPL_OCCUP_REDD,1.0,2,REF_AREA,CL_ITTER107
DCCV_DIPL_OCCUP_REDD,1.0,3,DATA_TYPE,CL_TIPO_DATO_DIPL
DCCV_DIPL_OCCUP_REDD,1.0,4,SEX,CL_SEXISTAT1
DCCV_DIPL_OCCUP_REDD,1.0,5,TYPE_SCHOOL,CL_TIPO_SCUOLA2
DCCV_DIPL_OCCUP_REDD,1.0,6,LABPROF_STATUS_E,CL_CONDIZIONE_DICH3
DCCV_DIPL_OCCUP_REDD,1.0,7,LABPROF_STATUS_D,CL_POSIZPROF
DCCV_DIPL_OCCUP_REDD,1.0,8,EMPLOY_SECTOR_PUBPRIV,CL_SETTORE
DCCV_DIPL_OCCUP_REDD,1.0,9,ECON_ACTIVITY_NACE_2007,CL_ATECO_2007
DCCV_DIPL_OCCUP_REDD,1.0,10,OCCUPATION_2011,CL_CP2011
DCCV_DIPL_OCCUP_REDD,1.0,11,HOURS_WORKED_PER_WEEK,CL_NUMEROSITA
DCCV_DIPL_OCCUP_REDD,1.0,12,Y_HIGHSCHOOLDEGREE_JOB,CL_SI_NO
DCCV_DIPL_OCCUP_REDD,1.0,13,Y_SCHOOLDEGREE_USE_JOB,CL_SI_NO
DCCV_DIPL_RIC,1.0,1,FREQ,CL_FREQ
DCCV_DIPL_RIC,1.0,2,REF_AREA,CL_ITTER107
DCCV_DIPL_RIC,1.0,3,DATA_TYPE,CL_TIPO_DATO_DIPL
DCCV_DIPL_RIC,1.0,4,SEX,CL_SEXISTAT1
DCCV_DIPL_RIC,1.0,5,LABPROF_STATUS_D,CL_POSIZPROF
DCCV_DIPL_RIC,1.0,6,LABPROF_STATUS_D_DESIRED,CL_POSIZPROF
DCCV_DIPL_RIC,1.0,7,PREFERR_WORK_TERR,CL_PROV_DEST_Z
DCCV_DIPL_RIC,1.0,8,FULL_PART_TIME_PREF,CL_REGIME_ORARIO
DCCV_DISOCCUPT1,1.0,1,FREQ,CL_FREQ
DCCV_DISOCCUPT1,1.0,2,REF_AREA,CL_ITTER107
DCCV_DISOCCUPT1,1.0,3,DATA_TYPE,CL_TIPO_DATO_FOL
DCCV_DISOCCUPT1,1.0,4,SEX,CL_SEXISTAT1
DCCV_DISOCCUPT1,1.0,5,AGE,CL_ETA1
DCCV_DISOCCUPT1,1.0,6,EDU_LEV_HIGHEST,CL_TITOLO_STUDIO
DCCV_DISOCCUPT1,1.0,7,CITIZENSHIP,CL_CITTADINANZA
DCCV_DISOCCUPT1,1.0,8,LABPROF_STATUS_A,CL_CONDIZIONE_PROF
DCCV_DISOCCUPT1,1.0,9,DURATION_UNEMPLOYMENT,CL_DURATA
DCCV_DISOCCUPT1_UNT2020,1.0,1,FREQ,CL_FREQ
DCCV_DISOCCUPT1_UNT2020,1.0,2,REF_AREA,CL_ITTER107
DCCV_DISOCCUPT1_UNT2020,1.0,3,DATA_TYPE,CL_TIPO_DATO_FOL
DCCV_DISOCCUPT1_UNT2020,1.0,4,SEX,CL_SEXISTAT1
DCCV_DISOCCUPT1_UNT2020,1.0,5,AGE,CL_ETA1
DCCV_DISOCCUPT1_UNT2020,1.0,6,EDU_LEV_HIGHEST,CL_TITOLO_STUDIO
DCCV_DISOCCUPT1_UNT2020,1.0,7,CITIZENSHIP,CL_CITTADINANZA
DCCV_DISOCCUPT1_UNT2020,1.0,8,LABPROF_STATUS_A,CL_CONDIZIONE_PROF
DCCV_DISOCCUPT1_UNT2020,1.0,9,DURATION_UNEMPLOYMENT,CL_DURATA
DCCV_DISOCCUPTDE1,1.0,1,FREQ,CL_FREQ
DCCV_DISOCCUPTDE1,1.0,2,REF_AREA,CL_ITTER107
DCCV_DISOCCUPTDE1,1.0,3,DATA_TYPE,CL_TIPO_DATO_FOL
DCCV_DISOCCUPTDE1,1.0,4,SEX,CL_SEXISTAT1
DCCV_DISOCCUPTDE1,1.0,5,AGE,CL_ETA1
DCCV_DISOCCUPTDE1,1.0,6,EDITION,CL_T_BIS
DCCV_DISOCCUPTDE1_UNT2020,1.0,1,FREQ,CL_FREQ
DCCV_DISOCCUPTDE1_UNT2020,1.0,2,REF_AREA,CL_ITTER107
DCCV_DISOCCUPTDE1_UNT2020,1.0,3,DATA_TYPE,CL_TIPO_DATO_FOL
DCCV_DISOCCUPTDE1_UNT2020,1.0,4,SEX,CL_SEXISTAT1
DCCV_DISOCCUPTDE1_UNT2020,1.0,5,AGE,CL_ETA1
DCCV_DISOCCUPTDE1_UNT2020,1.0,6,EDITION,CL_T_BIS
DCCV_DISOCCUPTMENS1,1.0,1,FREQ,CL_FREQ
DCCV_DISOCCUPTMENS1,1.0,2,REF_AREA,CL_ITTER107
DCCV_DISOCCUPTMENS1,1.0,3,DATA_TYPE,CL_TIPO_DATO_FOL
DCCV_DISOCCUPTMENS1,1.0,4,ADJUSTMENT,CL_CORREZ
DCCV_DISOCCUPTMENS1,1.0,5,SEX,CL_SEXISTAT1
DCCV_DISOCCUPTMENS1,1.0,6,AGE,CL_ETA1
DCCV_DISOCCUPTMENS1,1.0,7,EDITION,CL_T_BIS
DCCV_DISOCCUPTMENS1_UNT2020,1.0,1,FREQ,CL_FREQ
DCCV_DISOCCUPTMENS1_UNT2020,1.0,2,REF_AREA,CL_ITTER107
DCCV_DISOCCUPTMENS1_UNT2020,1.0,3,DATA_TYPE,CL_TIPO_DATO_FOL
DCCV_DISOCCUPTMENS1_UNT2020,1.0,4,ADJUSTMENT,CL_CORREZ
DCCV_DISOCCUPTMENS1_UNT2020,1.0,5,SEX,CL_SEXISTAT1
DCCV_DISOCCUPTMENS1_UNT2020,1.0,6,AGE,CL_ETA1
DCCV_DISOCCUPTMENS1_UNT2020,1.0,7,EDITION,CL_T_BIS
DCCV_ENRINNOV,1.0,1,FREQ,CL_FREQ
DCCV_ENRINNOV,1.0,2,REF_AREA,CL_ITTER107
DCCV_ENRINNOV,1.0,3,DATA_TYPE,CL_TIPO_DATO4
DCCV_ESC_CAPI,1.0,1,FREQ,CL_FREQ
DCCV_ESC_CAPI,1.0,2,RESIDENCE_TERR,CL_ITTER107
DCCV_ESC_CAPI,1.0,3,DATA_TYPE,CL_TIPO_DATO_VIAGGI
DCCV_ESC_CAPI,1.0,4,MAIN_DESTINATION,CL_ISO
DCCV_ESC_CAPI,1.0,5,MAIN_PURPOSE_SAME_DAY_VISIT,CL_MOTIVO_VIAGGIO
DCCV_ESC_CAPI,1.0,6,MEAN_TRANSPORT_MEANS,CL_TIPO_MEZZOTRASP1
DCCV_ESL,1.0,1,FREQ,CL_FREQ
DCCV_ESL,1.0,2,REF_AREA,CL_ITTER107
DCCV_ESL,1.0,3,DATA_TYPE,CL_TIPO_DATO3
DCCV_ESL,1.0,4,SEX,CL_SEXISTAT1
DCCV_ESL,1.0,5,LABPROF_STATUS_A,CL_CONDIZIONE_PROF
DCCV_ESL,1.0,6,CITIZENSHIP,CL_CITTADMAD
DCCV_ESL_UNT2020,1.0,1,FREQ,CL_FREQ
DCCV_ESL_UNT2020,1.0,2,REF_AREA,CL_ITTER107
DCCV_ESL_UNT2020,1.0,3,DATA_TYPE,CL_TIPO_DATO3
DCCV_ESL_UNT2020,1.0,4,SEX,CL_SEXISTAT1
DCCV_ESL_UNT2020,1.0,5,LABPROF_STATUS_A,CL_CONDIZIONE_PROF
DCCV_ESL_UNT2020,1.0,6,CITIZENSHIP,CL_CITTADMAD
DCCV_FAMCOMPORT,1.0,1,FREQ,CL_FREQ
DCCV_FAMCOMPORT,1.0,2,REF_AREA,CL_ITTER107
DCCV_FAMCOMPORT,1.0,3,DATA_TYPE,CL_TIPO_DATO8
DCCV_FAMCOMPORT,1.0,4,MEASURE,CL_MISURA1
DCCV_FAMCOMPORT,1.0,5,COICOP_CATEG,CL_COICOP_CEF3
DCCV_FAMCOMPORT,1.0,6,PURCH_BEHAVIOUR,CL_GIUD_SPESA
DCCV_FAMCOND1,1.0,1,FREQ,CL_FREQ
DCCV_FAMCOND1,1.0,2,REF_AREA,CL_ITTER107
DCCV_FAMCOND1,1.0,3,DATA_TYPE,CL_TIPO_DATO_FOL
DCCV_FAMCOND1,1.0,4,TARGET_HOUSEHOLDS,CL_FAM_TARGET
DCCV_FAMCOND1,1.0,5,HOUSEHOLD_TYPOLOGY,CL_TIP_FAM
DCCV_FAMCOND1,1.0,6,PRESENCE_HH_RETIRED_PERS,CL_YES_NO_RETIRED
DCCV_FAMCOND1,1.0,7,PRESENCE_HH_UNEMP_AD_P_LF,CL_Y_UNE_PLF
DCCV_FAMCOND1,1.0,8,PRES_HOUSEHOLD_FOREIGN,CL_TIP_FAM
DCCV_FAMCOND1_UNT2020,1.0,1,FREQ,CL_FREQ
DCCV_FAMCOND1_UNT2020,1.0,2,REF_AREA,CL_ITTER107
DCCV_FAMCOND1_UNT2020,1.0,3,DATA_TYPE,CL_TIPO_DATO_FOL
DCCV_FAMCOND1_UNT2020,1.0,4,TARGET_HOUSEHOLDS,CL_FAM_TARGET
DCCV_FAMCOND1_UNT2020,1.0,5,HOUSEHOLD_TYPOLOGY,CL_TIP_FAM
DCCV_FAMCOND1_UNT2020,1.0,6,PRESENCE_HH_RETIRED_PERS,CL_YES_NO_RETIRED
DCCV_FAMCOND1_UNT2020,1.0,7,PRESENCE_HH_UNEMP_AD_P_LF,CL_Y_UNE_PLF
DCCV_FAMCOND1_UNT2020,1.0,8,PRES_HOUSEHOLD_FOREIGN,CL_TIP_FAM
DCCV_FAMNOVOCISPESA,1.0,1,FREQ,CL_FREQ
DCCV_FAMNOVOCISPESA,1.0,2,REF_AREA,CL_ITTER107
DCCV_FAMNOVOCISPESA,1.0,3,DATA_TYPE,CL_TIPO_DATO8
DCCV_FAMNOVOCISPESA,1.0,4,MEASURE,CL_MISURA1
DCCV_FAMNOVOCISPESA,1.0,5,COICOP_LIST,CL_COICOP_EUSILC5
DCCV_FAMNOVOCISPESA,1.0,6,NUMBER_HOUSEHOLD_COMP,CL_NUMERO_COMPONENTI
DCCV_FAMNOVOCISPESA,1.0,7,HOUSEHOLD_TYPOLOGY,CL_TIPOLOGIA_FAMILIARE1
DCCV_FAMNOVOCISPESA,1.0,8,NUMB_OF_CHILDREN,CL_TIPOLOGIA_FAM_MINORI
DCCV_FAMNOVOCISPESA,1.0,9,NUMB_OF_ELDERLY,CL_TIPOLOGIA_FAM_ANZIANI
DCCV_FAMNOVOCISPESA,1.0,10,SEX_MAIN_PERCEPTOR,CL_SEXISTAT1
DCCV_FAMNOVOCISPESA,1.0,11,AGE_MAIN_EARNIER,CL_ETA1
DCCV_FAMNOVOCISPESA,1.0,12,EDU_LEV_MAIN_EARN,CL_TITOLO_STUDIO
DCCV_FAMNOVOCISPESA,1.0,13,LABPROF_STATUS_C_MAIN_EARNER,CL_CONDIZIONE_DICH2
DCCV_FAMNOVOCISPESA259406,1.0,1,FREQ,CL_FREQ
DCCV_FAMNOVOCISPESA259406,1.0,2,REF_AREA,CL_ITTER107
DCCV_FAMNOVOCISPESA259406,1.0,3,DATA_TYPE,CL_TIPO_DATO8
DCCV_FAMNOVOCISPESA259406,1.0,4,COICOP_LIST,CL_COICOP_EUSILC5
DCCV_FAMNOVOCISPESA259406,1.0,5,HOUSEHOLD_TYPOLOGY,CL_TIPOLOGIA_FAMILIARE1
DCCV_FAMNOVOCISPESA353191,1.0,1,FREQ,CL_FREQ
DCCV_FAMNOVOCISPESA353191,1.0,2,REF_AREA,CL_ITTER107
DCCV_FAMNOVOCISPESA353191,1.0,3,DATA_TYPE,CL_TIPO_DATO8
DCCV_FAMNOVOCISPESA353191,1.0,4,COICOP_LIST,CL_COICOP_EUSILC5
DCCV_FAMNOVOCISPESA353191,1.0,5,SEX_MAIN_PERCEPTOR,CL_SEXISTAT1
DCCV_FAMNOVOCISPESA353191,1.0,6,AGE_MAIN_EARNIER,CL_ETA1
DCCV_FAMNOVOCISPESA483945,1.0,1,FREQ,CL_FREQ
DCCV_FAMNOVOCISPESA483945,1.0,2,REF_AREA,CL_ITTER107
DCCV_FAMNOVOCISPESA483945,1.0,3,DATA_TYPE,CL_TIPO_DATO8
DCCV_FAMNOVOCISPESA483945,1.0,4,COICOP_LIST,CL_COICOP_EUSILC5
DCCV_FAMNOVOCISPESA483945,1.0,5,NUMB_OF_CHILDREN,CL_TIPOLOGIA_FAM_MINORI
DCCV_FAMNOVOCISPESA483945,1.0,6,NUMB_OF_ELDERLY,CL_TIPOLOGIA_FAM_ANZIANI
DCCV_FAMNOVOCISPESA612944,1.0,1,FREQ,CL_FREQ
DCCV_FAMNOVOCISPESA612944,1.0,2,REF_AREA,CL_ITTER107
DCCV_FAMNOVOCISPESA612944,1.0,3,DATA_TYPE,CL_TIPO_DATO8
DCCV_FAMNOVOCISPESA612944,1.0,4,COICOP_LIST,CL_COICOP_EUSILC5
DCCV_FAMNOVOCISPESA612944,1.0,5,NUMBER_HOUSEHOLD_COMP,CL_NUMERO_COMPONENTI
DCCV_FAMNOVOCISPESA823327,1.0,1,FREQ,CL_FREQ
DCCV_FAMNOVOCISPESA823327,1.0,2,REF_AREA,CL_ITTER107
DCCV_FAMNOVOCISPESA823327,1.0,3,DATA_TYPE,CL_TIPO_DATO8
DCCV_FAMNOVOCISPESA823327,1.0,4,COICOP_LIST,CL_COICOP_EUSILC5
DCCV_FAMNOVOCISPESA931227,1.0,1,FREQ,CL_FREQ
DCCV_FAMNOVOCISPESA931227,1.0,2,REF_AREA,CL_ITTER107
DCCV_FAMNOVOCISPESA931227,1.0,3,DATA_TYPE,CL_TIPO_DATO8
DCCV_FAMNOVOCISPESA931227,1.0,4,COICOP_LIST,CL_COICOP_EUSILC5
DCCV_FAMNOVOCISPESA931227,1.0,5,EDU_LEV_MAIN_EARN,CL_TITOLO_STUDIO
DCCV_FAMNOVOCISPESA931227,1.0,6,LABPROF_STATUS_C_MAIN_EARNER,CL_CONDIZIONE_DICH2
DCCV_FERTINT1,1.0,1,FREQ,CL_FREQ
DCCV_FERTINT1,1.0,2,REF_AREA,CL_ITTER107
DCCV_FERTINT1,1.0,3,DATA_TYPE,CL_TIPO_DATO_FAM
DCCV_FERTINT1,1.0,4,SEX,CL_SEXISTAT1
DCCV_FERTINT1,1.0,5,AGE,CL_ETA1
DCCV_FERTINT1,1.0,6,CHILDREN_HAD,CL_NUMEROSITA
DCCV_FERTINT1,1.0,7,FERT_INTENT_3Y,CL_LIVELLO_GIUDIZIO
DCCV_FERTINT1,1.0,8,FERT_INTENT_FUTURE,CL_LIVELLO_GIUDIZIO
DCCV_FERTINT1,1.0,9,CHILDREN_DESIR,CL_NUMEROSITA
DCCV_FINMESE,1.0,1,FREQ,CL_FREQ
DCCV_FINMESE,1.0,2,REF_AREA,CL_ITTER107
DCCV_FINMESE,1.0,3,FAM_MAIN_INCOME_SOURCE,CL_REDPRINC
DCCV_FONTEPRED,1.0,1,FREQ,CL_FREQ
DCCV_FONTEPRED,1.0,2,REF_AREA,CL_ITTER107
DCCV_FONTEPRED,1.0,3,DATA_TYPE,CL_TIPO_DATO8
DCCV_FONTEPRED,1.0,4,MEASURE,CL_MISURA1
DCCV_FONTEPRED,1.0,5,FAM_MAIN_INCOME_SOURCE,CL_REDDITO_PRINCIPALE
DCCV_FONTEPRED,1.0,6,NUMBER_HOUSEHOLD_COMP,CL_NUMERO_COMPONENTI
DCCV_FONTEPRED,1.0,7,HOUSEHOLD_TYPOLOGY,CL_TIPOLOGIA_FAMILIARE1
DCCV_FONTEPRED,1.0,8,NUMB_OF_CHILDREN,CL_TIPOLOGIA_FAM_MINORI
DCCV_FONTEPRED,1.0,9,NUMB_OF_ELDERLY,CL_TIPOLOGIA_FAM_ANZIANI
DCCV_FONTEPRED,1.0,10,SEX_MAIN_PERCEPTOR,CL_SEXISTAT1
DCCV_FONTEPRED,1.0,11,AGE_MAIN_EARNIER,CL_CLASETA5
DCCV_FONTEPRED,1.0,12,EDU_LEV_MAIN_EARN,CL_TITOLO_STUDIO
DCCV_FONTEPRED,1.0,13,LABPROF_STATUS_C_MAIN_EARNER,CL_CONDIZIONE_DICH2
DCCV_FORZLV1,1.0,1,FREQ,CL_FREQ
DCCV_FORZLV1,1.0,2,REF_AREA,CL_ITTER107
DCCV_FORZLV1,1.0,3,DATA_TYPE,CL_TIPO_DATO_FOL
DCCV_FORZLV1,1.0,4,SEX,CL_SEXISTAT1
DCCV_FORZLV1,1.0,5,AGE,CL_ETA1
DCCV_FORZLV1,1.0,6,EDU_LEV_HIGHEST,CL_TITOLO_STUDIO
DCCV_FORZLV1,1.0,7,CITIZENSHIP,CL_CITTADINANZA
DCCV_FORZLV1_UNT2020,1.0,1,FREQ,CL_FREQ
DCCV_FORZLV1_UNT2020,1.0,2,REF_AREA,CL_ITTER107
DCCV_FORZLV1_UNT2020,1.0,3,DATA_TYPE,CL_TIPO_DATO_FOL
DCCV_FORZLV1_UNT2020,1.0,4,SEX,CL_SEXISTAT1
DCCV_FORZLV1_UNT2020,1.0,5,AGE,CL_ETA1
DCCV_FORZLV1_UNT2020,1.0,6,EDU_LEV_HIGHEST,CL_TITOLO_STUDIO
DCCV_FORZLV1_UNT2020,1.0,7,CITIZENSHIP,CL_CITTADINANZA
DCCV_FORZLVDE1,1.0,1,FREQ,CL_FREQ
DCCV_FORZLVDE1,1.0,2,REF_AREA,CL_ITTER107
DCCV_FORZLVDE1,1.0,3,DATA_TYPE,CL_TIPO_DATO_FOL
DCCV_FORZLVDE1,1.0,4,SEX,CL_SEXISTAT1
DCCV_FORZLVDE1,1.0,5,AGE,CL_ETA1
DCCV_FORZLVDE1,1.0,6,EDITION,CL_T_BIS
DCCV_FORZLVDE1_UNT2020,1.0,1,FREQ,CL_FREQ
DCCV_FORZLVDE1_UNT2020,1.0,2,REF_AREA,CL_ITTER107
DCCV_FORZLVDE1_UNT2020,1.0,3,DATA_TYPE,CL_TIPO_DATO_FOL
DCCV_FORZLVDE1_UNT2020,1.0,4,SEX,CL_SEXISTAT1
DCCV_FORZLVDE1_UNT2020,1.0,5,AGE,CL_ETA1
DCCV_FORZLVDE1_UNT2020,1.0,6,EDITION,CL_T_BIS
DCCV_FORZLVMENS1,1.0,1,FREQ,CL_FREQ
DCCV_FORZLVMENS1,1.0,2,REF_AREA,CL_ITTER107
DCCV_FORZLVMENS1,1.0,3,DATA_TYPE,CL_TIPO_DATO_FOL
DCCV_FORZLVMENS1,1.0,4,ADJUSTMENT,CL_CORREZ
DCCV_FORZLVMENS1,1.0,5,SEX,CL_SEXISTAT1
DCCV_FORZLVMENS1,1.0,6,AGE,CL_ETA1
DCCV_FORZLVMENS1,1.0,7,EDITION,CL_T_BIS
DCCV_FORZLVMENS1_UNT2020,1.0,1,FREQ,CL_FREQ
DCCV_FORZLVMENS1_UNT2020,1.0,2,REF_AREA,CL_ITTER107
DCCV_FORZLVMENS1_UNT2020,1.0,3,DATA_TYPE,CL_TIPO_DATO_FOL
DCCV_FORZLVMENS1_UNT2020,1.0,4,ADJUSTMENT,CL_CORREZ
DCCV_FORZLVMENS1_UNT2020,1.0,5,SEX,CL_SEXISTAT1
DCCV_FORZLVMENS1_UNT2020,1.0,6,AGE,CL_ETA1
DCCV_FORZLVMENS1_UNT2020,1.0,7,EDITION,CL_T_BIS
DCCV_GINIREDD,1.0,1,FREQ,CL_FREQ
DCCV_GINIREDD,1.0,2,REF_AREA,CL_ITTER107
DCCV_GINIREDD,1.0,3,DATA_TYPE,CL_TIPO_DATO8
DCCV_GINIREDD,1.0,4,MEASURE,CL_MISURA1
DCCV_GINIREDD,1.0,5,IMPUTED_RENTS,CL_PRESAFFITTI
DCCV_ICT,1.0,1,FREQ,CL_FREQ
DCCV_ICT,1.0,2,REF_AREA,CL_ITTER107
DCCV_ICT,1.0,3,DATA_TYPE,CL_TIPO_DATO_SDS_ICT
DCCV_ICT,1.0,4,SEX,CL_SEXISTAT1
DCCV_ICT,1.0,5,AGE,CL_ETA1
DCCV_ICT,1.0,6,HOUSEHOLD_TYPOLOGY,CL_TIP_FAM
DCCV_IMPDEP,1.0,1,FREQ,CL_FREQ
DCCV_IMPDEP,1.0,2,REF_AREA,CL_ITTER107
DCCV_IMPDEP,1.0,3,DATA_TYPE,CL_TIPO_DATO4
DCCV_IMPDEP,1.0,4,TYPE_OF_TREATMENT,CL_LIVELLO
DCCV_IMPREV,1.0,1,FREQ,CL_FREQ
DCCV_IMPREV,1.0,2,REF_AREA,CL_ITTER107
DCCV_IMPREV,1.0,3,DATA_TYPE,CL_TIPO_DATO8
DCCV_IMPREV,1.0,4,MEASURE,CL_MISURA1
DCCV_IMPREV,1.0,5,NUMBER_HOUSEHOLD_COMP,CL_NUMERO_COMPONENTI
DCCV_IMPREV,1.0,6,HOUSEHOLD_TYPOLOGY,CL_TIPOLOGIA_FAMILIARE1
DCCV_IMPREV,1.0,7,NUMB_OF_CHILDREN,CL_TIPOLOGIA_FAM_MINORI
DCCV_IMPREV,1.0,8,NUMB_OF_ELDERLY,CL_TIPOLOGIA_FAM_ANZIANI
DCCV_IMPREV,1.0,9,SEX_MAIN_PERCEPTOR,CL_SEXISTAT1
DCCV_IMPREV,1.0,10,AGE_MAIN_EARNIER,CL_CLASETA5
DCCV_IMPREV,1.0,11,EDU_LEV_MAIN_EARN,CL_TITOLO_STUDIO
DCCV_IMPREV,1.0,12,LABPROF_STATUS_C_MAIN_EARNER,CL_CONDIZIONE_DICH2
DCCV_IMPREV311267,1.0,1,FREQ,CL_FREQ
DCCV_IMPREV311267,1.0,2,REF_AREA,CL_ITTER107
DCCV_IMPREV311267,1.0,3,DATA_TYPE,CL_TIPO_DATO8
DCCV_IMPREV337725,1.0,1,FREQ,CL_FREQ
DCCV_IMPREV337725,1.0,2,REF_AREA,CL_ITTER107
DCCV_IMPREV337725,1.0,3,DATA_TYPE,CL_TIPO_DATO8
DCCV_IMPREV337725,1.0,4,NUMBER_HOUSEHOLD_COMP,CL_NUMERO_COMPONENTI
DCCV_IMPREV362099,1.0,1,FREQ,CL_FREQ
DCCV_IMPREV362099,1.0,2,REF_AREA,CL_ITTER107
DCCV_IMPREV362099,1.0,3,DATA_TYPE,CL_TIPO_DATO8
DCCV_IMPREV362099,1.0,4,HOUSEHOLD_TYPOLOGY,CL_TIPOLOGIA_FAMILIARE1
DCCV_IMPREV475557,1.0,1,FREQ,CL_FREQ
DCCV_IMPREV475557,1.0,2,REF_AREA,CL_ITTER107
DCCV_IMPREV475557,1.0,3,DATA_TYPE,CL_TIPO_DATO8
DCCV_IMPREV475557,1.0,4,EDU_LEV_MAIN_EARN,CL_TITOLO_STUDIO
DCCV_IMPREV475557,1.0,5,LABPROF_STATUS_C_MAIN_EARNER,CL_CONDIZIONE_DICH2
DCCV_IMPREV632246,1.0,1,FREQ,CL_FREQ
DCCV_IMPREV632246,1.0,2,REF_AREA,CL_ITTER107
DCCV_IMPREV632246,1.0,3,DATA_TYPE,CL_TIPO_DATO8
DCCV_IMPREV632246,1.0,4,SEX_MAIN_PERCEPTOR,CL_SEXISTAT1
DCCV_IMPREV632246,1.0,5,AGE_MAIN_EARNIER,CL_CLASETA5
DCCV_IMPREV867721,1.0,1,FREQ,CL_FREQ
DCCV_IMPREV867721,1.0,2,REF_AREA,CL_ITTER107
DCCV_IMPREV867721,1.0,3,DATA_TYPE,CL_TIPO_DATO8
DCCV_IMPREV867721,1.0,4,NUMB_OF_CHILDREN,CL_TIPOLOGIA_FAM_MINORI
DCCV_IMPREV867721,1.0,5,NUMB_OF_ELDERLY,CL_TIPOLOGIA_FAM_ANZIANI
DCCV_IMPUTATI_A,1.0,1,FREQ,CL_FREQ
DCCV_IMPUTATI_A,1.0,2,PLACE_COMM_CRIME,CL_ITTER107
DCCV_IMPUTATI_A,1.0,3,DATA_TYPE,CL_TIPO_DATO35
DCCV_IMPUTATI_A,1.0,4,SEX,CL_SEXISTAT1
DCCV_IMPUTATI_A,1.0,5,AGE_OF_DEFENDANT,CL_ETA1
DCCV_IMPUTATI_A,1.0,6,TYPE_OFFENCE,CL_GIUST_REATO
DCCV_IMPUTATI_A,1.0,7,TYPE_DECISION,CL_TIPO_DECISIONE
DCCV_IMPUTATI_A,1.0,8,NUMBER_CRIMES,CL_NUMEROSITA
DCCV_IMPUTATI_A,1.0,9,NUMBER_CONCUR_FELONIES,CL_NUMEROSITA
DCCV_IMPUTATI_A,1.0,10,PLACE_BIRTH,CL_ITTER107
DCCV_IMPUTATI_M,1.0,1,FREQ,CL_FREQ
DCCV_IMPUTATI_M,1.0,2,PLACE_COMM_CRIME,CL_ITTER107
DCCV_IMPUTATI_M,1.0,3,DATA_TYPE,CL_TIPO_DATO35
DCCV_IMPUTATI_M,1.0,4,SEX,CL_SEXISTAT1
DCCV_IMPUTATI_M,1.0,5,AGE_OF_DEFENDANT,CL_ETA1
DCCV_IMPUTATI_M,1.0,6,TYPE_OFFENCE,CL_GIUST_REATO
DCCV_IMPUTATI_M,1.0,7,TYPE_DECISION,CL_TIPO_DECISIONE
DCCV_IMPUTATI_M,1.0,8,NUMBER_CRIMES,CL_NUMEROSITA
DCCV_IMPUTATI_M,1.0,9,NUMBER_CONCUR_FELONIES,CL_NUMEROSITA
DCCV_IMPUTATI_M,1.0,10,PLACE_BIRTH,CL_ITTER107
DCCV_INATTIV1,1.0,1,FREQ,CL_FREQ
DCCV_INATTIV1,1.0,2,REF_AREA,CL_ITTER107
DCCV_INATTIV1,1.0,3,DATA_TYPE,CL_TIPO_DATO_FOL
DCCV_INATTIV1,1.0,4,SEX,CL_SEXISTAT1
DCCV_INATTIV1,1.0,5,AGE,CL_ETA1
DCCV_INATTIV1,1.0,6,EDU_LEV_HIGHEST,CL_TITOLO_STUDIO
DCCV_INATTIV1,1.0,7,CITIZENSHIP,CL_CITTADINANZA
DCCV_INATTIV1,1.0,8,LABPROF_STATUS_A,CL_CONDIZIONE_PROF
DCCV_INATTIV1,1.0,9,INACTIVITY_REASON,CL_MOTIVOPS1
DCCV_INATTIV1,1.0,10,DECLARED_LAB_STATUS,CL_CONDIZIONE_DICH
DCCV_INATTIV1_UNT2020,1.0,1,FREQ,CL_FREQ
DCCV_INATTIV1_UNT2020,1.0,2,REF_AREA,CL_ITTER107
DCCV_INATTIV1_UNT2020,1.0,3,DATA_TYPE,CL_TIPO_DATO_FOL
DCCV_INATTIV1_UNT2020,1.0,4,SEX,CL_SEXISTAT1
DCCV_INATTIV1_UNT2020,1.0,5,AGE,CL_ETA1
DCCV_INATTIV1_UNT2020,1.0,6,EDU_LEV_HIGHEST,CL_TITOLO_STUDIO
DCCV_INATTIV1_UNT2020,1.0,7,CITIZENSHIP,CL_CITTADINANZA
DCCV_INATTIV1_UNT2020,1.0,8,LABPROF_STATUS_A,CL_CONDIZIONE_PROF
DCCV_INATTIV1_UNT2020,1.0,9,INACTIVITY_REASON,CL_MOTIVOPS1
DCCV_INATTIV1_UNT2020,1.0,10,DECLARED_LAB_STATUS,CL_CONDIZIONE_DICH
DCCV_INATTIVDE1,1.0,1,FREQ,CL_FREQ
DCCV_INATTIVDE1,1.0,2,REF_AREA,CL_ITTER107
DCCV_INATTIVDE1,1.0,3,DATA_TYPE,CL_TIPO_DATO_FOL
DCCV_INATTIVDE1,1.0,4,SEX,CL_SEXISTAT1
DCCV_INATTIVDE1,1.0,5,AGE,CL_ETA1
DCCV_INATTIVDE1,1.0,6,EDITION,CL_T_BIS
DCCV_INATTIVDE1_UNT2020,1.0,1,FREQ,CL_FREQ
DCCV_INATTIVDE1_UNT2020,1.0,2,REF_AREA,CL_ITTER107
DCCV_INATTIVDE1_UNT2020,1.0,3,DATA_TYPE,CL_TIPO_DATO_FOL
DCCV_INATTIVDE1_UNT2020,1.0,4,SEX,CL_SEXISTAT1
DCCV_INATTIVDE1_UNT2020,1.0,5,AGE,CL_ETA1
DCCV_INATTIVDE1_UNT2020,1.0,6,EDITION,CL_T_BIS
DCCV_INATTIVMENS1,1.0,1,FREQ,CL_FREQ
DCCV_INATTIVMENS1,1.0,2,REF_AREA,CL_ITTER107
DCCV_INATTIVMENS1,1.0,3,DATA_TYPE,CL_TIPO_DATO_FOL
DCCV_INATTIVMENS1,1.0,4,ADJUSTMENT,CL_CORREZ
DCCV_INATTIVMENS1,1.0,5,SEX,CL_SEXISTAT1
DCCV_INATTIVMENS1,1.0,6,AGE,CL_ETA1
DCCV_INATTIVMENS1,1.0,7,EDITION,CL_T_BIS
DCCV_INATTIVMENS1_UNT2020,1.0,1,FREQ,CL_FREQ
DCCV_INATTIVMENS1_UNT2020,1.0,2,REF_AREA,CL_ITTER107
DCCV_INATTIVMENS1_UNT2020,1.0,3,DATA_TYPE,CL_TIPO_DATO_FOL
DCCV_INATTIVMENS1_UNT2020,1.0,4,ADJUSTMENT,CL_CORREZ
DCCV_INATTIVMENS1_UNT2020,1.0,5,SEX,CL_SEXISTAT1
DCCV_INATTIVMENS1_UNT2020,1.0,6,AGE,CL_ETA1
DCCV_INATTIVMENS1_UNT2020,1.0,7,EDITION,CL_T_BIS
DCCV_INCPOVAFAM,1.0,1,FREQ,CL_FREQ
DCCV_INCPOVAFAM,1.0,2,REF_AREA,CL_ITTER107
DCCV_INCPOVAFAM,1.0,3,DATA_TYPE,CL_TIPO_DATO8
DCCV_INCPOVAFAM,1.0,4,MEASURE,CL_MISURA1
DCCV_INCPOVAFAM,1.0,5,NUMBER_HOUSEHOLD_COMP,CL_NUMERO_COMPONENTI
DCCV_INCPOVAFAM,1.0,6,HOUSEHOLD_TYPOLOGY,CL_TIPOLOGIA_FAMILIARE1
DCCV_INCPOVAFAM,1.0,7,HOUSEHOLD_MINOR_COMP,CL_TIPOLOGIA_FAM_MINORI
DCCV_INCPOVAFAM,1.0,8,HOUSEHOLD_ELDERLY_COMP,CL_TIPOLOGIA_FAM_ANZIANI
DCCV_INCPOVAFAM,1.0,9,AGE_REFERENCE_PERSON,CL_CLASETA5
DCCV_INCPOVAFAM,1.0,10,EDU_LEV_REFPERS,CL_TITOLO_STUDIO
DCCV_INCPOVAFAM,1.0,11,LABPROF_STATUS_C_REF,CL_CONDIZIONE_DICH2
DCCV_INCPOVAFAM105930,1.0,1,FREQ,CL_FREQ
DCCV_INCPOVAFAM105930,1.0,2,REF_AREA,CL_ITTER107
DCCV_INCPOVAFAM105930,1.0,3,DATA_TYPE,CL_TIPO_DATO8
DCCV_INCPOVAFAM105930,1.0,4,HOUSEHOLD_TYPOLOGY,CL_TIPOLOGIA_FAMILIARE1
DCCV_INCPOVAFAM222931,1.0,1,FREQ,CL_FREQ
DCCV_INCPOVAFAM222931,1.0,2,REF_AREA,CL_ITTER107
DCCV_INCPOVAFAM222931,1.0,3,DATA_TYPE,CL_TIPO_DATO8
DCCV_INCPOVAFAM222931,1.0,4,EDU_LEV_REFPERS,CL_TITOLO_STUDIO
DCCV_INCPOVAFAM44146,1.0,1,FREQ,CL_FREQ
DCCV_INCPOVAFAM44146,1.0,2,REF_AREA,CL_ITTER107
DCCV_INCPOVAFAM44146,1.0,3,DATA_TYPE,CL_TIPO_DATO8
DCCV_INCPOVAFAM44146,1.0,4,HOUSEHOLD_MINOR_COMP,CL_TIPOLOGIA_FAM_MINORI
DCCV_INCPOVAFAM596092,1.0,1,FREQ,CL_FREQ
DCCV_INCPOVAFAM596092,1.0,2,REF_AREA,CL_ITTER107
DCCV_INCPOVAFAM596092,1.0,3,DATA_TYPE,CL_TIPO_DATO8
DCCV_INCPOVAFAM596092,1.0,4,HOUSEHOLD_ELDERLY_COMP,CL_TIPOLOGIA_FAM_ANZIANI
DCCV_INCPOVAFAM645469,1.0,1,FREQ,CL_FREQ
DCCV_INCPOVAFAM645469,1.0,2,REF_AREA,CL_ITTER107
DCCV_INCPOVAFAM645469,1.0,3,DATA_TYPE,CL_TIPO_DATO8
DCCV_INCPOVAFAM645469,1.0,4,NUMBER_HOUSEHOLD_COMP,CL_NUMERO_COMPONENTI
DCCV_INCPOVAFAM701613,1.0,1,FREQ,CL_FREQ
DCCV_INCPOVAFAM701613,1.0,2,REF_AREA,CL_ITTER107
DCCV_INCPOVAFAM701613,1.0,3,DATA_TYPE,CL_TIPO_DATO8
DCCV_INCPOVAFAM701613,1.0,4,LABPROF_STATUS_C_REF,CL_CONDIZIONE_DICH2
DCCV_INCPOVAFAM924025,1.0,1,FREQ,CL_FREQ
DCCV_INCPOVAFAM924025,1.0,2,REF_AREA,CL_ITTER107
DCCV_INCPOVAFAM924025,1.0,3,DATA_TYPE,CL_TIPO_DATO8
DCCV_INCPOVAFAM924025,1.0,4,AGE_REFERENCE_PERSON,CL_CLASETA5
DCCV_INCPOVRFAM,1.0,1,FREQ,CL_FREQ
DCCV_INCPOVRFAM,1.0,2,REF_AREA,CL_ITTER107
DCCV_INCPOVRFAM,1.0,3,DATA_TYPE,CL_TIPO_DATO8
DCCV_INCPOVRFAM,1.0,4,MEASURE,CL_MISURA1
DCCV_INCPOVRFAM,1.0,5,NUMBER_HOUSEHOLD_COMP,CL_NUMERO_COMPONENTI
DCCV_INCPOVRFAM,1.0,6,HOUSEHOLD_TYPOLOGY,CL_TIPOLOGIA_FAMILIARE1
DCCV_INCPOVRFAM,1.0,7,HOUSEHOLD_MINOR_COMP,CL_TIPOLOGIA_FAM_MINORI
DCCV_INCPOVRFAM,1.0,8,HOUSEHOLD_ELDERLY_COMP,CL_TIPOLOGIA_FAM_ANZIANI
DCCV_INCPOVRFAM,1.0,9,AGE_REFERENCE_PERSON,CL_CLASETA5
DCCV_INCPOVRFAM,1.0,10,EDU_LEV_REFPERS,CL_TITOLO_STUDIO
DCCV_INCPOVRFAM,1.0,11,LABPROF_STATUS_C_REF,CL_CONDIZIONE_DICH2
DCCV_INCPOVRFAM310011,1.0,1,FREQ,CL_FREQ
DCCV_INCPOVRFAM310011,1.0,2,REF_AREA,CL_ITTER107
DCCV_INCPOVRFAM310011,1.0,3,DATA_TYPE,CL_TIPO_DATO8
DCCV_INCPOVRFAM310011,1.0,4,HOUSEHOLD_ELDERLY_COMP,CL_TIPOLOGIA_FAM_ANZIANI
DCCV_INCPOVRFAM323819,1.0,1,FREQ,CL_FREQ
DCCV_INCPOVRFAM323819,1.0,2,REF_AREA,CL_ITTER107
DCCV_INCPOVRFAM323819,1.0,3,DATA_TYPE,CL_TIPO_DATO8
DCCV_INCPOVRFAM323819,1.0,4,EDU_LEV_REFPERS,CL_TITOLO_STUDIO
DCCV_INCPOVRFAM324161,1.0,1,FREQ,CL_FREQ
DCCV_INCPOVRFAM324161,1.0,2,REF_AREA,CL_ITTER107
DCCV_INCPOVRFAM324161,1.0,3,DATA_TYPE,CL_TIPO_DATO8
DCCV_INCPOVRFAM324161,1.0,4,AGE_REFERENCE_PERSON,CL_CLASETA5
DCCV_INCPOVRFAM449447,1.0,1,FREQ,CL_FREQ
DCCV_INCPOVRFAM449447,1.0,2,REF_AREA,CL_ITTER107
DCCV_INCPOVRFAM449447,1.0,3,DATA_TYPE,CL_TIPO_DATO8
DCCV_INCPOVRFAM449447,1.0,4,LABPROF_STATUS_C_REF,CL_CONDIZIONE_DICH2
DCCV_INCPOVRFAM550198,1.0,1,FREQ,CL_FREQ
DCCV_INCPOVRFAM550198,1.0,2,REF_AREA,CL_ITTER107
DCCV_INCPOVRFAM550198,1.0,3,DATA_TYPE,CL_TIPO_DATO8
DCCV_INCPOVRFAM550198,1.0,4,NUMBER_HOUSEHOLD_COMP,CL_NUMERO_COMPONENTI
DCCV_INCPOVRFAM658002,1.0,1,FREQ,CL_FREQ
DCCV_INCPOVRFAM658002,1.0,2,REF_AREA,CL_ITTER107
DCCV_INCPOVRFAM658002,1.0,3,DATA_TYPE,CL_TIPO_DATO8
DCCV_INCPOVRFAM67514,1.0,1,FREQ,CL_FREQ
DCCV_INCPOVRFAM67514,1.0,2,REF_AREA,CL_ITTER107
DCCV_INCPOVRFAM67514,1.0,3,DATA_TYPE,CL_TIPO_DATO8
DCCV_INCPOVRFAM67514,1.0,4,HOUSEHOLD_MINOR_COMP,CL_TIPOLOGIA_FAM_MINORI
DCCV_INCPOVRFAM884778,1.0,1,FREQ,CL_FREQ
DCCV_INCPOVRFAM884778,1.0,2,REF_AREA,CL_ITTER107
DCCV_INCPOVRFAM884778,1.0,3,DATA_TYPE,CL_TIPO_DATO8
DCCV_INCPOVRFAM884778,1.0,4,HOUSEHOLD_TYPOLOGY,CL_TIPOLOGIA_FAMILIARE1
DCCV_INDACQDOM,1.0,1,FREQ,CL_FREQ
DCCV_INDACQDOM,1.0,2,REF_AREA,CL_ITTER107
DCCV_INDACQDOM,1.0,3,DATA_TYPE,CL_TIPO_DATO4
DCCV_INDCONSUMI,1.0,1,FREQ,CL_FREQ
DCCV_INDCONSUMI,1.0,2,REF_AREA,CL_ITTER107
DCCV_INDCONSUMI,1.0,3,DATA_TYPE,CL_TIPO_DATO8
DCCV_INDCONSUMI,1.0,4,NUMBER_HOUSEHOLD_COMP,CL_NUMERO_COMPONENTI
DCCV_INDCONSUMI,1.0,5,HOUSEHOLD_TYPOLOGY,CL_TIPOLOGIA_FAMILIARE1
DCCV_INDCONSUMI,1.0,6,LABPROF_STATUS_B,CL_CONDIZIONE_DICH2
DCCV_INDPOVASS,1.0,1,FREQ,CL_FREQ
DCCV_INDPOVASS,1.0,2,REF_AREA,CL_ITTER107
DCCV_INDPOVASS,1.0,3,DATA_TYPE,CL_TIPO_DATO8
DCCV_INDPOVREL,1.0,1,FREQ,CL_FREQ
DCCV_INDPOVREL,1.0,2,REF_AREA,CL_ITTER107
DCCV_INDPOVREL,1.0,3,DATA_TYPE,CL_TIPO_DATO8
DCCV_INDRACDIFF,1.0,1,FREQ,CL_FREQ
DCCV_INDRACDIFF,1.0,2,REF_AREA,CL_ITTER107
DCCV_INDRACDIFF,1.0,3,DATA_TYPE,CL_TIPO_DATO4
DCCV_INDRACDIFF,1.0,4,TYPE_OF_WASTE,CL_TIPO_RIFIUTO
DCCV_INDRIFURB,1.0,1,FREQ,CL_FREQ
DCCV_INDRIFURB,1.0,2,REF_AREA,CL_ITTER107
DCCV_INDRIFURB,1.0,3,DATA_TYPE,CL_TIPO_DATO4
DCCV_INDRIFURB,1.0,4,MEASURE,CL_MISURA1
DCCV_INTBONRUM,1.0,1,FREQ,CL_FREQ
DCCV_INTBONRUM,1.0,2,REF_AREA,CL_ITTER107
DCCV_INTBONRUM,1.0,3,DATA_TYPE,CL_TIPO_DATO4
DCCV_INTBONRUM,1.0,4,MEASURE,CL_MISURA1
DCCV_INTPOVAFAM,1.0,1,FREQ,CL_FREQ
DCCV_INTPOVAFAM,1.0,2,REF_AREA,CL_ITTER107
DCCV_INTPOVAFAM,1.0,3,DATA_TYPE,CL_TIPO_DATO8
DCCV_INTPOVAFAM,1.0,4,MEASURE,CL_MISURA1
DCCV_INTPOVAFAM787989,1.0,1,FREQ,CL_FREQ
DCCV_INTPOVAFAM787989,1.0,2,REF_AREA,CL_ITTER107
DCCV_INTPOVAFAM787989,1.0,3,DATA_TYPE,CL_TIPO_DATO8
DCCV_INTPOVRFAM,1.0,1,FREQ,CL_FREQ
DCCV_INTPOVRFAM,1.0,2,REF_AREA,CL_ITTER107
DCCV_INTPOVRFAM,1.0,3,DATA_TYPE,CL_TIPO_DATO8
DCCV_INTPOVRFAM,1.0,4,MEASURE,CL_MISURA1
DCCV_INTPOVRFAM414428,1.0,1,FREQ,CL_FREQ
DCCV_INTPOVRFAM414428,1.0,2,REF_AREA,CL_ITTER107
DCCV_INTPOVRFAM414428,1.0,3,DATA_TYPE,CL_TIPO_DATO8
DCCV_LAU_DEM_FORM,1.0,1,FREQ,CL_FREQ
DCCV_LAU_DEM_FORM,1.0,2,REF_AREA,CL_ITTER107
DCCV_LAU_DEM_FORM,1.0,3,DATA_TYPE,CL_TIPO_DATO_LAU
DCCV_LAU_DEM_FORM,1.0,4,SEX,CL_SEXISTAT1
DCCV_LAU_DEM_FORM,1.0,5,EDU_LEV_FATHER,CL_TITOLO_STUDIO
DCCV_LAU_DEM_FORM,1.0,6,EDU_LEV_MOTHER,CL_TITOLO_STUDIO
DCCV_LAU_DEM_FORM,1.0,7,TYPE_DIPLOMA,CL_TIPO_SCUOLA2
DCCV_LAU_DEM_FORM,1.0,8,TYPE_OF_DEGREE,CL_TITOLO_STUDIO
DCCV_LAU_DEM_FORM,1.0,9,FIELD_STUDY,CL_AREADIDATTICA
DCCV_LAU_DEM_FORM,1.0,10,Y_PREVIOUS_DEGREE,CL_SI_NO
DCCV_LAU_DEM_FORM,1.0,11,Y_ERASMUS_PARTICIPATION,CL_SI_NO
DCCV_LAU_DEM_FORM,1.0,12,COMPL_TRAIN_ACT,CL_TITOLO_STUDIO
DCCV_LAU_DEM_FORM,1.0,13,CURR_TRAIN_ACT,CL_TITOLO_STUDIO
DCCV_LAU_DEM_FORM,1.0,14,YEAR_EDUC_ATTAINEM,CL_T_BIS
DCCV_LAU_OCCUP_RED,1.0,1,FREQ,CL_FREQ
DCCV_LAU_OCCUP_RED,1.0,2,REF_AREA,CL_ITTER107
DCCV_LAU_OCCUP_RED,1.0,3,DATA_TYPE,CL_TIPO_DATO_LAU
DCCV_LAU_OCCUP_RED,1.0,4,SEX,CL_SEXISTAT1
DCCV_LAU_OCCUP_RED,1.0,5,TYPE_OF_DEGREE,CL_TITOLO_STUDIO
DCCV_LAU_OCCUP_RED,1.0,6,FIELD_STUDY,CL_AREADIDATTICA
DCCV_LAU_OCCUP_RED,1.0,7,LABPROF_STATUS_E,CL_CONDIZIONE_DICH3
DCCV_LAU_OCCUP_RED,1.0,8,LABPROF_STATUS_D,CL_POSIZPROF
DCCV_LAU_OCCUP_RED,1.0,9,EMPLOY_SECTOR_PUBPRIV,CL_SETTORE
DCCV_LAU_OCCUP_RED,1.0,10,ECON_ACTIVITY_NACE_2007,CL_ATECO_2007
DCCV_LAU_OCCUP_RED,1.0,11,PROFESSIONE,CL_PROFESSIONE2
DCCV_LAU_OCCUP_RED,1.0,12,Y_GRAD_ACCESS_WORK,CL_SI_NO
DCCV_LAU_OCCUP_RED,1.0,13,Y_USE_OF_GRADUATION,CL_SI_NO
DCCV_LAU_OCCUP_RED,1.0,14,YEAR_EDUC_ATTAINEM,CL_T_BIS
DCCV_LAU_RIC,1.0,1,FREQ,CL_FREQ
DCCV_LAU_RIC,1.0,2,REF_AREA,CL_ITTER107
DCCV_LAU_RIC,1.0,3,DATA_TYPE,CL_TIPO_DATO_LAU
DCCV_LAU_RIC,1.0,4,SEX,CL_SEXISTAT1
DCCV_LAU_RIC,1.0,5,TYPE_OF_DEGREE,CL_TITOLO_STUDIO
DCCV_LAU_RIC,1.0,6,POSIZ_PROF_DESIRED,CL_POSIZPROF
DCCV_LAU_RIC,1.0,7,FULL_PART_TIME_PREF,CL_REGIME_ORARIO
DCCV_LAU_RIC,1.0,8,PLACE_OF_WORK,CL_PROV_DEST_Z
DCCV_LAU_RIC,1.0,9,Y_JOB_SEARCH,CL_SI_NO
DCCV_LAU_RIC,1.0,10,YEAR_EDUC_ATTAINEM,CL_T_BIS
DCCV_LUOGHI,1.0,1,FREQ,CL_FREQ
DCCV_LUOGHI,1.0,2,REF_AREA,CL_ITTER107
DCCV_LUOGHI,1.0,3,DATA_TYPE,CL_TIPO_DATO34
DCCV_LUOGHI,1.0,4,TIME_PERIOD_WEEK,CL_T_BIS
DCCV_LUOGHI,1.0,5,SEX,CL_SEXISTAT1
DCCV_LUOGHI,1.0,6,LOCATION_TYPE,CL_LUOGO
DCCV_LUOGHI,1.0,7,AGE,CL_ETA1
DCCV_LUOGHI,1.0,8,CITIZENSHIP,CL_CITTADINANZA
DCCV_LUOGHI,1.0,9,MARITAL_STATUS,CL_STATCIV2
DCCV_LUOGHI,1.0,10,EDU_LEV_HIGHEST,CL_TITOLO_STUDIO
DCCV_LUOGHI,1.0,11,LABOUR_PROFESS_STATUS_C,CL_CONDIZIONE_DICH
DCCV_LUOGHI,1.0,12,LABOUR_PROFESS_STATUS_C_PARENTS,CL_CONDLAV_PA
DCCV_LUOGHI,1.0,13,NUMBER_HOUSEHOLD_COMP,CL_NUMEROSITA
DCCV_LUOGHI,1.0,14,ROLE_IN_HOUSEHOLD,CL_RUOLO_NUCLEO
DCCV_MONINQACS,1.0,1,FREQ,CL_FREQ
DCCV_MONINQACS,1.0,2,REF_AREA,CL_ITTER107
DCCV_MONINQACS,1.0,3,DATA_TYPE,CL_TIPO_DATO4
DCCV_MONINQACS,1.0,4,TYPE_OF_MONITORING,CL_TIPO_CONTROLLO
DCCV_MONQUALARIA,1.0,1,FREQ,CL_FREQ
DCCV_MONQUALARIA,1.0,2,REF_AREA,CL_ITTER107
DCCV_MONQUALARIA,1.0,3,DATA_TYPE,CL_TIPO_DATO4
DCCV_NEET1,1.0,1,FREQ,CL_FREQ
DCCV_NEET1,1.0,2,REF_AREA,CL_ITTER107
DCCV_NEET1,1.0,3,DATA_TYPE,CL_TIPO_DATO_FOL
DCCV_NEET1,1.0,4,SEX,CL_SEXISTAT1
DCCV_NEET1,1.0,5,AGE,CL_ETA1
DCCV_NEET1,1.0,6,LABPROF_STATUS_A,CL_CONDIZIONE_PROF
DCCV_NEET1,1.0,7,EURO_LABOUR_STATUS,CL_CONDIZIONE_PROF_EU
DCCV_NEET1,1.0,8,EDU_LEV_HIGHEST,CL_TITOLO_STUDIO
DCCV_NEET1,1.0,9,CITIZENSHIP,CL_CITTADINANZA
DCCV_NEET1,1.0,10,ROLE_IN_HOUSEHOLD,CL_RUOLO_FAM
DCCV_NEET1_UNT2020,1.0,1,FREQ,CL_FREQ
DCCV_NEET1_UNT2020,1.0,2,REF_AREA,CL_ITTER107
DCCV_NEET1_UNT2020,1.0,3,DATA_TYPE,CL_TIPO_DATO_FOL
DCCV_NEET1_UNT2020,1.0,4,SEX,CL_SEXISTAT1
DCCV_NEET1_UNT2020,1.0,5,AGE,CL_ETA1
DCCV_NEET1_UNT2020,1.0,6,LABPROF_STATUS_A,CL_CONDIZIONE_PROF
DCCV_NEET1_UNT2020,1.0,7,EURO_LABOUR_STATUS,CL_CONDIZIONE_PROF_EU
DCCV_NEET1_UNT2020,1.0,8,EDU_LEV_HIGHEST,CL_TITOLO_STUDIO
DCCV_NEET1_UNT2020,1.0,9,CITIZENSHIP,CL_CITTADINANZA
DCCV_NEET1_UNT2020,1.0,10,ROLE_IN_HOUSEHOLD,CL_RUOLO_FAM
DCCV_NON_TURISTI,1.0,1,FREQ,CL_FREQ
DCCV_NON_TURISTI,1.0,2,REF_AREA,CL_ITTER107
DCCV_NON_TURISTI,1.0,3,DATA_TYPE,CL_TIPO_DATO_VIAGGI
DCCV_NON_TURISTI,1.0,4,MAIN_REASONS_NO_HOLIDAYS,CL_TIPO_MOTIVO1
DCCV_NOSOLDI,1.0,1,FREQ,CL_FREQ
DCCV_NOSOLDI,1.0,2,REF_AREA,CL_ITTER107
DCCV_NOSOLDI,1.0,3,DATA_TYPE,CL_TIPO_DATO8
DCCV_NOSOLDI,1.0,4,MEASURE,CL_MISURA1
DCCV_NOSOLDI,1.0,5,COICOP_LIST,CL_COICOP_EUSILC3
DCCV_NOSOLDI,1.0,6,NUMBER_HOUSEHOLD_COMP,CL_NUMERO_COMPONENTI
DCCV_NOSOLDI,1.0,7,HOUSEHOLD_TYPOLOGY,CL_TIPOLOGIA_FAMILIARE1
DCCV_NOSOLDI,1.0,8,HOUSEHOLD_MINOR_COMP,CL_TIPOLOGIA_FAM_MINORI
DCCV_NOSOLDI,1.0,9,HOUSEHOLD_ELDERLY_COMP,CL_TIPOLOGIA_FAM_ANZIANI
DCCV_NOSOLDI,1.0,10,SEX_MAIN_PERCEPTOR,CL_SEXISTAT1
DCCV_NOSOLDI,1.0,11,AGE_MAIN_EARNIER,CL_CLASETA5
DCCV_NOSOLDI,1.0,12,EDU_LEV_MAIN_EARN,CL_TITOLO_STUDIO
DCCV_NOSOLDI,1.0,13,LABPROF_STATUS_C_MAIN_EARNER,CL_CONDIZIONE_DICH2
DCCV_NOSOLDI283245,1.0,1,FREQ,CL_FREQ
DCCV_NOSOLDI283245,1.0,2,REF_AREA,CL_ITTER107
DCCV_NOSOLDI283245,1.0,3,DATA_TYPE,CL_TIPO_DATO8
DCCV_NOSOLDI283245,1.0,4,COICOP_LIST,CL_COICOP_EUSILC3
DCCV_NOSOLDI283245,1.0,5,HOUSEHOLD_TYPOLOGY,CL_TIPOLOGIA_FAMILIARE1
DCCV_NOSOLDI363305,1.0,1,FREQ,CL_FREQ
DCCV_NOSOLDI363305,1.0,2,REF_AREA,CL_ITTER107
DCCV_NOSOLDI363305,1.0,3,DATA_TYPE,CL_TIPO_DATO8
DCCV_NOSOLDI363305,1.0,4,COICOP_LIST,CL_COICOP_EUSILC3
DCCV_NOSOLDI553368,1.0,1,FREQ,CL_FREQ
DCCV_NOSOLDI553368,1.0,2,REF_AREA,CL_ITTER107
DCCV_NOSOLDI553368,1.0,3,DATA_TYPE,CL_TIPO_DATO8
DCCV_NOSOLDI553368,1.0,4,COICOP_LIST,CL_COICOP_EUSILC3
DCCV_NOSOLDI553368,1.0,5,SEX_MAIN_PERCEPTOR,CL_SEXISTAT1
DCCV_NOSOLDI553368,1.0,6,AGE_MAIN_EARNIER,CL_CLASETA5
DCCV_NOSOLDI695402,1.0,1,FREQ,CL_FREQ
DCCV_NOSOLDI695402,1.0,2,REF_AREA,CL_ITTER107
DCCV_NOSOLDI695402,1.0,3,DATA_TYPE,CL_TIPO_DATO8
DCCV_NOSOLDI695402,1.0,4,COICOP_LIST,CL_COICOP_EUSILC3
DCCV_NOSOLDI695402,1.0,5,NUMBER_HOUSEHOLD_COMP,CL_NUMERO_COMPONENTI
DCCV_NOSOLDI967938,1.0,1,FREQ,CL_FREQ
DCCV_NOSOLDI967938,1.0,2,REF_AREA,CL_ITTER107
DCCV_NOSOLDI967938,1.0,3,DATA_TYPE,CL_TIPO_DATO8
DCCV_NOSOLDI967938,1.0,4,COICOP_LIST,CL_COICOP_EUSILC3
DCCV_NOSOLDI967938,1.0,5,HOUSEHOLD_MINOR_COMP,CL_TIPOLOGIA_FAM_MINORI
DCCV_NOSOLDI967938,1.0,6,HOUSEHOLD_ELDERLY_COMP,CL_TIPOLOGIA_FAM_ANZIANI
DCCV_NOSOLDI984822,1.0,1,FREQ,CL_FREQ
DCCV_NOSOLDI984822,1.0,2,REF_AREA,CL_ITTER107
DCCV_NOSOLDI984822,1.0,3,DATA_TYPE,CL_TIPO_DATO8
DCCV_NOSOLDI984822,1.0,4,COICOP_LIST,CL_COICOP_EUSILC3
DCCV_NOSOLDI984822,1.0,5,EDU_LEV_MAIN_EARN,CL_TITOLO_STUDIO
DCCV_NOSOLDI984822,1.0,6,LABPROF_STATUS_C_MAIN_EARNER,CL_CONDIZIONE_DICH2
DCCV_OCCUPATIMENS1,1.0,1,FREQ,CL_FREQ
DCCV_OCCUPATIMENS1,1.0,2,REF_AREA,CL_ITTER107
DCCV_OCCUPATIMENS1,1.0,3,DATA_TYPE,CL_TIPO_DATO_FOL
DCCV_OCCUPATIMENS1,1.0,4,ADJUSTMENT,CL_CORREZ
DCCV_OCCUPATIMENS1,1.0,5,SEX,CL_SEXISTAT1
DCCV_OCCUPATIMENS1,1.0,6,AGE,CL_ETA1
DCCV_OCCUPATIMENS1,1.0,7,POSIZ_PROF,CL_POSIZPROF
DCCV_OCCUPATIMENS1,1.0,8,PERM_TEMP_EMPLOYEES,CL_CARATT_OCC
DCCV_OCCUPATIMENS1,1.0,9,EDITION,CL_T_BIS
DCCV_OCCUPATIMENS1_UNT2020,1.0,1,FREQ,CL_FREQ
DCCV_OCCUPATIMENS1_UNT2020,1.0,2,REF_AREA,CL_ITTER107
DCCV_OCCUPATIMENS1_UNT2020,1.0,3,DATA_TYPE,CL_TIPO_DATO_FOL
DCCV_OCCUPATIMENS1_UNT2020,1.0,4,ADJUSTMENT,CL_CORREZ
DCCV_OCCUPATIMENS1_UNT2020,1.0,5,SEX,CL_SEXISTAT1
DCCV_OCCUPATIMENS1_UNT2020,1.0,6,AGE,CL_ETA1
DCCV_OCCUPATIMENS1_UNT2020,1.0,7,POSIZ_PROF,CL_POSIZPROF
DCCV_OCCUPATIMENS1_UNT2020,1.0,8,PERM_TEMP_EMPLOYEES,CL_CARATT_OCC
DCCV_OCCUPATIMENS1_UNT2020,1.0,9,EDITION,CL_T_BIS
DCCV_OCCUPATIT1,1.0,1,FREQ,CL_FREQ
DCCV_OCCUPATIT1,1.0,2,REF_AREA,CL_ITTER107
DCCV_OCCUPATIT1,1.0,3,SEX,CL_SEXISTAT1
DCCV_OCCUPATIT1,1.0,4,AGE,CL_ETA1
DCCV_OCCUPATIT1,1.0,5,EDU_LEV_HIGHEST,CL_TITOLO_STUDIO
DCCV_OCCUPATIT1,1.0,6,CITIZENSHIP,CL_CITTADINANZA
DCCV_OCCUPATIT1,1.0,7,ECON_ACTIVITY_NACE_2002,CL_ATECO2002
DCCV_OCCUPATIT1,1.0,8,ECON_ACTIVITY_NACE_2007,CL_ATECO_2007
DCCV_OCCUPATIT1,1.0,9,POSIZ_PROF,CL_POSIZPROF
DCCV_OCCUPATIT1,1.0,10,PROF_STATUS,CL_PROFILO_PROF
DCCV_OCCUPATIT1,1.0,11,OCCUPATION_2001,CL_PROFESSIONE
DCCV_OCCUPATIT1,1.0,12,OCCUPATION_2011,CL_PROFESSIONE1
DCCV_OCCUPATIT1,1.0,13,FULL_PART_TIME,CL_REGIME_ORARIO
DCCV_OCCUPATIT1,1.0,14,PERM_TEMP_EMPLOYEES,CL_CARATT_OCC
DCCV_OCCUPATIT1_UNT2020,1.0,1,FREQ,CL_FREQ
DCCV_OCCUPATIT1_UNT2020,1.0,2,REF_AREA,CL_ITTER107
DCCV_OCCUPATIT1_UNT2020,1.0,3,SEX,CL_SEXISTAT1
DCCV_OCCUPATIT1_UNT2020,1.0,4,AGE,CL_ETA1
DCCV_OCCUPATIT1_UNT2020,1.0,5,EDU_LEV_HIGHEST,CL_TITOLO_STUDIO
DCCV_OCCUPATIT1_UNT2020,1.0,6,CITIZENSHIP,CL_CITTADINANZA
DCCV_OCCUPATIT1_UNT2020,1.0,7,ECON_ACTIVITY_NACE_2002,CL_ATECO2002
DCCV_OCCUPATIT1_UNT2020,1.0,8,ECON_ACTIVITY_NACE_2007,CL_ATECO_2007
DCCV_OCCUPATIT1_UNT2020,1.0,9,POSIZ_PROF,CL_POSIZPROF
DCCV_OCCUPATIT1_UNT2020,1.0,10,PROF_STATUS,CL_PROFILO_PROF
DCCV_OCCUPATIT1_UNT2020,1.0,11,OCCUPATION_2001,CL_PROFESSIONE
DCCV_OCCUPATIT1_UNT2020,1.0,12,OCCUPATION_2011,CL_PROFESSIONE1
DCCV_OCCUPATIT1_UNT2020,1.0,13,FULL_PART_TIME,CL_REGIME_ORARIO
DCCV_OCCUPATIT1_UNT2020,1.0,14,PERM_TEMP_EMPLOYEES,CL_CARATT_OCC
DCCV_OCCUPATITDE1,1.0,1,FREQ,CL_FREQ
DCCV_OCCUPATITDE1,1.0,2,REF_AREA,CL_ITTER107
DCCV_OCCUPATITDE1,1.0,3,DATA_TYPE,CL_TIPO_DATO_FOL
DCCV_OCCUPATITDE1,1.0,4,SEX,CL_SEXISTAT1
DCCV_OCCUPATITDE1,1.0,5,AGE,CL_ETA1
DCCV_OCCUPATITDE1,1.0,6,ECON_ACTIVITY_NACE_2007,CL_ATECO_2007
DCCV_OCCUPATITDE1,1.0,7,POSIZ_PROF,CL_POSIZPROF
DCCV_OCCUPATITDE1,1.0,8,PERM_TEMP_EMPLOYEES,CL_CARATT_OCC
DCCV_OCCUPATITDE1,1.0,9,EDITION,CL_T_BIS
DCCV_OCCUPATITDE1_UNT2020,1.0,1,FREQ,CL_FREQ
DCCV_OCCUPATITDE1_UNT2020,1.0,2,REF_AREA,CL_ITTER107
DCCV_OCCUPATITDE1_UNT2020,1.0,3,DATA_TYPE,CL_TIPO_DATO_FOL
DCCV_OCCUPATITDE1_UNT2020,1.0,4,SEX,CL_SEXISTAT1
DCCV_OCCUPATITDE1_UNT2020,1.0,5,AGE,CL_ETA1
DCCV_OCCUPATITDE1_UNT2020,1.0,6,ECON_ACTIVITY_NACE_2007,CL_ATECO_2007
DCCV_OCCUPATITDE1_UNT2020,1.0,7,POSIZ_PROF,CL_POSIZPROF
DCCV_OCCUPATITDE1_UNT2020,1.0,8,PERM_TEMP_EMPLOYEES,CL_CARATT_OCC
DCCV_OCCUPATITDE1_UNT2020,1.0,9,EDITION,CL_T_BIS
DCCV_ORELAVMED,1.0,1,FREQ,CL_FREQ
DCCV_ORELAVMED,1.0,2,REF_AREA,CL_ITTER107
DCCV_ORELAVMED,1.0,3,DATA_TYPE,CL_TIPO_DATO3
DCCV_ORELAVMED,1.0,4,MEASURE,CL_MISURA1
DCCV_ORELAVMED,1.0,5,SEX,CL_SEXISTAT1
DCCV_ORELAVMED,1.0,6,AGE,CL_CLASETA28
DCCV_ORELAVMED,1.0,7,ECON_ACTIVITY_NACE_2002,CL_ATECO2002
DCCV_ORELAVMED,1.0,8,ECON_ACTIVITY_NACE_2007,CL_ATECO_2007
DCCV_ORELAVMED,1.0,9,POSIZ_PROF,CL_POSIZPROF
DCCV_ORELAVMED,1.0,10,PROF_STATUS,CL_PROFILO_PROF
DCCV_ORELAVMED,1.0,11,FULL_PART_TIME,CL_REGIME_ORARIO
DCCV_ORELAVMED,1.0,12,WEEKLY_HOURS_WORK,CL_DURATA
DCCV_ORELAVMED_UNT2020,1.0,1,FREQ,CL_FREQ
DCCV_ORELAVMED_UNT2020,1.0,2,REF_AREA,CL_ITTER107
DCCV_ORELAVMED_UNT2020,1.0,3,DATA_TYPE,CL_TIPO_DATO3
DCCV_ORELAVMED_UNT2020,1.0,4,MEASURE,CL_MISURA1
DCCV_ORELAVMED_UNT2020,1.0,5,SEX,CL_SEXISTAT1
DCCV_ORELAVMED_UNT2020,1.0,6,AGE,CL_CLASETA28
DCCV_ORELAVMED_UNT2020,1.0,7,ECON_ACTIVITY_NACE_2002,CL_ATECO2002
DCCV_ORELAVMED_UNT2020,1.0,8,ECON_ACTIVITY_NACE_2007,CL_ATECO_2007
DCCV_ORELAVMED_UNT2020,1.0,9,POSIZ_PROF,CL_POSIZPROF
DCCV_ORELAVMED_UNT2020,1.0,10,PROF_STATUS,CL_PROFILO_PROF
DCCV_ORELAVMED_UNT2020,1.0,11,FULL_PART_TIME,CL_REGIME_ORARIO
DCCV_ORELAVMED_UNT2020,1.0,12,WEEKLY_HOURS_WORK,CL_DURATA
DCCV_POPCOND1,1.0,1,FREQ,CL_FREQ
DCCV_POPCOND1,1.0,2,REF_AREA,CL_ITTER107
DCCV_POPCOND1,1.0,3,DATA_TYPE,CL_TIPO_DATO_FOL
DCCV_POPCOND1,1.0,4,SEX,CL_SEXISTAT1
DCCV_POPCOND1,1.0,5,AGE,CL_ETA1
DCCV_POPCOND1,1.0,6,LABPROF_STATUS_A,CL_CONDIZIONE_PROF
DCCV_POPCOND1,1.0,7,EURO_LABOUR_STATUS,CL_CONDIZIONE_PROF_EU
DCCV_POPCOND1,1.0,8,CITIZENSHIP,CL_CITTADINANZA
DCCV_POPCOND1,1.0,9,ROLE_IN_HOUSEHOLD,CL_RUOLO_FAM
DCCV_POPCOND1,1.0,10,Y_STUDENT,CL_SI_NO
DCCV_POPCOND1_UNT2020,1.0,1,FREQ,CL_FREQ
DCCV_POPCOND1_UNT2020,1.0,2,REF_AREA,CL_ITTER107
DCCV_POPCOND1_UNT2020,1.0,3,DATA_TYPE,CL_TIPO_DATO_FOL
DCCV_POPCOND1_UNT2020,1.0,4,SEX,CL_SEXISTAT1
DCCV_POPCOND1_UNT2020,1.0,5,AGE,CL_ETA1
DCCV_POPCOND1_UNT2020,1.0,6,LABPROF_STATUS_A,CL_CONDIZIONE_PROF
DCCV_POPCOND1_UNT2020,1.0,7,EURO_LABOUR_STATUS,CL_CONDIZIONE_PROF_EU
DCCV_POPCOND1_UNT2020,1.0,8,CITIZENSHIP,CL_CITTADINANZA
DCCV_POPCOND1_UNT2020,1.0,9,ROLE_IN_HOUSEHOLD,CL_RUOLO_FAM
DCCV_POPCOND1_UNT2020,1.0,10,Y_STUDENT,CL_SI_NO
DCCV_POPTIT1,1.0,1,FREQ,CL_FREQ
DCCV_POPTIT1,1.0,2,REF_AREA,CL_ITTER107
DCCV_POPTIT1,1.0,3,DATA_TYPE,CL_TIPO_DATO_FOL
DCCV_POPTIT1,1.0,4,SEX,CL_SEXISTAT1
DCCV_POPTIT1,1.0,5,AGE,CL_ETA1
DCCV_POPTIT1,1.0,6,EDU_LEV_HIGHEST,CL_TITOLO_STUDIO
DCCV_POPTIT1,1.0,7,CITIZENSHIP,CL_CITTADINANZA
DCCV_POPTIT1_UNT2020,1.0,1,FREQ,CL_FREQ
DCCV_POPTIT1_UNT2020,1.0,2,REF_AREA,CL_ITTER107
DCCV_POPTIT1_UNT2020,1.0,3,DATA_TYPE,CL_TIPO_DATO_FOL
DCCV_POPTIT1_UNT2020,1.0,4,SEX,CL_SEXISTAT1
DCCV_POPTIT1_UNT2020,1.0,5,AGE,CL_ETA1
DCCV_POPTIT1_UNT2020,1.0,6,EDU_LEV_HIGHEST,CL_TITOLO_STUDIO
DCCV_POPTIT1_UNT2020,1.0,7,CITIZENSHIP,CL_CITTADINANZA
DCCV_POVERTA,1.0,1,FREQ,CL_FREQ
DCCV_POVERTA,1.0,2,REF_AREA,CL_ITTER107
DCCV_POVERTA,1.0,3,DATA_TYPE,CL_TIPO_DATO8
DCCV_POVERTA,1.0,4,POVERTY_LINES,CL_LINEE_POVERTA
DCCV_POVERTA,1.0,5,NUMBER_HOUSEHOLD_COMP,CL_NUMEROSITA
DCCV_POVERTA,1.0,6,HOUSEHOLD_TYPOLOGY,CL_TIP_FAM
DCCV_POVERTA,1.0,7,AGE_REFERENCE_PERSON,CL_ETA1
DCCV_POVERTA,1.0,8,EDU_LEV_REFPERS,CL_TITOLO_STUDIO
DCCV_POVERTA,1.0,9,LABPROF_STATUS_B_REF,CL_CONDIZIONE_DICH4
DCCV_POVERTA,1.0,10,SEX,CL_SEXISTAT1
DCCV_POVERTA,1.0,11,AGE,CL_ETA1
DCCV_POVERTA135875,1.0,1,FREQ,CL_FREQ
DCCV_POVERTA135875,1.0,2,REF_AREA,CL_ITTER107
DCCV_POVERTA135875,1.0,3,DATA_TYPE,CL_TIPO_DATO8
DCCV_POVERTA135875,1.0,4,NUMBER_HOUSEHOLD_COMP,CL_NUMEROSITA
DCCV_POVERTA184170,1.0,1,FREQ,CL_FREQ
DCCV_POVERTA184170,1.0,2,REF_AREA,CL_ITTER107
DCCV_POVERTA184170,1.0,3,DATA_TYPE,CL_TIPO_DATO8
DCCV_POVERTA184170,1.0,4,AGE_REFERENCE_PERSON,CL_ETA1
DCCV_POVERTA208752,1.0,1,FREQ,CL_FREQ
DCCV_POVERTA208752,1.0,2,REF_AREA,CL_ITTER107
DCCV_POVERTA208752,1.0,3,DATA_TYPE,CL_TIPO_DATO8
DCCV_POVERTA225172,1.0,1,FREQ,CL_FREQ
DCCV_POVERTA225172,1.0,2,REF_AREA,CL_ITTER107
DCCV_POVERTA225172,1.0,3,DATA_TYPE,CL_TIPO_DATO8
DCCV_POVERTA225172,1.0,4,LABPROF_STATUS_B_REF,CL_CONDIZIONE_DICH4
DCCV_POVERTA22707,1.0,1,FREQ,CL_FREQ
DCCV_POVERTA22707,1.0,2,REF_AREA,CL_ITTER107
DCCV_POVERTA22707,1.0,3,DATA_TYPE,CL_TIPO_DATO8
DCCV_POVERTA244164,1.0,1,FREQ,CL_FREQ
DCCV_POVERTA244164,1.0,2,REF_AREA,CL_ITTER107
DCCV_POVERTA244164,1.0,3,DATA_TYPE,CL_TIPO_DATO8
DCCV_POVERTA276992,1.0,1,FREQ,CL_FREQ
DCCV_POVERTA276992,1.0,2,REF_AREA,CL_ITTER107
DCCV_POVERTA276992,1.0,3,DATA_TYPE,CL_TIPO_DATO8
DCCV_POVERTA276992,1.0,4,POVERTY_LINES,CL_LINEE_POVERTA
DCCV_POVERTA276992,1.0,5,NUMBER_HOUSEHOLD_COMP,CL_NUMEROSITA
DCCV_POVERTA291039,1.0,1,FREQ,CL_FREQ
DCCV_POVERTA291039,1.0,2,REF_AREA,CL_ITTER107
DCCV_POVERTA291039,1.0,3,DATA_TYPE,CL_TIPO_DATO8
DCCV_POVERTA291039,1.0,4,POVERTY_LINES,CL_LINEE_POVERTA
DCCV_POVERTA342682,1.0,1,FREQ,CL_FREQ
DCCV_POVERTA342682,1.0,2,REF_AREA,CL_ITTER107
DCCV_POVERTA342682,1.0,3,DATA_TYPE,CL_TIPO_DATO8
DCCV_POVERTA342682,1.0,4,EDU_LEV_REFPERS,CL_TITOLO_STUDIO
DCCV_POVERTA355396,1.0,1,FREQ,CL_FREQ
DCCV_POVERTA355396,1.0,2,REF_AREA,CL_ITTER107
DCCV_POVERTA355396,1.0,3,DATA_TYPE,CL_TIPO_DATO8
DCCV_POVERTA355396,1.0,4,NUMBER_HOUSEHOLD_COMP,CL_NUMEROSITA
DCCV_POVERTA384445,1.0,1,FREQ,CL_FREQ
DCCV_POVERTA384445,1.0,2,REF_AREA,CL_ITTER107
DCCV_POVERTA384445,1.0,3,DATA_TYPE,CL_TIPO_DATO8
DCCV_POVERTA384445,1.0,4,HOUSEHOLD_TYPOLOGY,CL_TIP_FAM
DCCV_POVERTA393593,1.0,1,FREQ,CL_FREQ
DCCV_POVERTA393593,1.0,2,REF_AREA,CL_ITTER107
DCCV_POVERTA393593,1.0,3,DATA_TYPE,CL_TIPO_DATO8
DCCV_POVERTA393593,1.0,4,LABPROF_STATUS_B_REF,CL_CONDIZIONE_DICH4
DCCV_POVERTA496643,1.0,1,FREQ,CL_FREQ
DCCV_POVERTA496643,1.0,2,REF_AREA,CL_ITTER107
DCCV_POVERTA496643,1.0,3,DATA_TYPE,CL_TIPO_DATO8
DCCV_POVERTA496643,1.0,4,AGE_REFERENCE_PERSON,CL_ETA1
DCCV_POVERTA503787,1.0,1,FREQ,CL_FREQ
DCCV_POVERTA503787,1.0,2,REF_AREA,CL_ITTER107
DCCV_POVERTA503787,1.0,3,DATA_TYPE,CL_TIPO_DATO8
DCCV_POVERTA643043,1.0,1,FREQ,CL_FREQ
DCCV_POVERTA643043,1.0,2,REF_AREA,CL_ITTER107
DCCV_POVERTA643043,1.0,3,DATA_TYPE,CL_TIPO_DATO8
DCCV_POVERTA643043,1.0,4,AGE_REFERENCE_PERSON,CL_ETA1
DCCV_POVERTA74428,1.0,1,FREQ,CL_FREQ
DCCV_POVERTA74428,1.0,2,REF_AREA,CL_ITTER107
DCCV_POVERTA74428,1.0,3,DATA_TYPE,CL_TIPO_DATO8
DCCV_POVERTA74428,1.0,4,HOUSEHOLD_TYPOLOGY,CL_TIP_FAM
DCCV_POVERTA829686,1.0,1,FREQ,CL_FREQ
DCCV_POVERTA829686,1.0,2,REF_AREA,CL_ITTER107
DCCV_POVERTA829686,1.0,3,DATA_TYPE,CL_TIPO_DATO8
DCCV_POVERTA829686,1.0,4,EDU_LEV_REFPERS,CL_TITOLO_STUDIO
DCCV_POVERTA838245,1.0,1,FREQ,CL_FREQ
DCCV_POVERTA838245,1.0,2,REF_AREA,CL_ITTER107
DCCV_POVERTA838245,1.0,3,DATA_TYPE,CL_TIPO_DATO8
DCCV_POVERTA881174,1.0,1,FREQ,CL_FREQ
DCCV_POVERTA881174,1.0,2,REF_AREA,CL_ITTER107
DCCV_POVERTA881174,1.0,3,DATA_TYPE,CL_TIPO_DATO8
DCCV_POVERTA881174,1.0,4,SEX,CL_SEXISTAT1
DCCV_POVERTA881174,1.0,5,AGE,CL_ETA1
DCCV_POVERTA906048,1.0,1,FREQ,CL_FREQ
DCCV_POVERTA906048,1.0,2,REF_AREA,CL_ITTER107
DCCV_POVERTA906048,1.0,3,DATA_TYPE,CL_TIPO_DATO8
DCCV_POVERTA906048,1.0,4,NUMBER_HOUSEHOLD_COMP,CL_NUMEROSITA
DCCV_POVERTA908981,1.0,1,FREQ,CL_FREQ
DCCV_POVERTA908981,1.0,2,REF_AREA,CL_ITTER107
DCCV_POVERTA908981,1.0,3,DATA_TYPE,CL_TIPO_DATO8
DCCV_POVERTA924281,1.0,1,FREQ,CL_FREQ
DCCV_POVERTA924281,1.0,2,REF_AREA,CL_ITTER107
DCCV_POVERTA924281,1.0,3,DATA_TYPE,CL_TIPO_DATO8
DCCV_POVERTA924281,1.0,4,HOUSEHOLD_TYPOLOGY,CL_TIP_FAM
DCCV_POVERTA930732,1.0,1,FREQ,CL_FREQ
DCCV_POVERTA930732,1.0,2,REF_AREA,CL_ITTER107
DCCV_POVERTA930732,1.0,3,DATA_TYPE,CL_TIPO_DATO8
DCCV_POVERTA930732,1.0,4,EDU_LEV_REFPERS,CL_TITOLO_STUDIO
DCCV_POVERTA953837,1.0,1,FREQ,CL_FREQ
DCCV_POVERTA953837,1.0,2,REF_AREA,CL_ITTER107
DCCV_POVERTA953837,1.0,3,DATA_TYPE,CL_TIPO_DATO8
DCCV_POVERTA953837,1.0,4,SEX,CL_SEXISTAT1
DCCV_POVERTA953837,1.0,5,AGE,CL_ETA1
DCCV_POVERTA98662,1.0,1,FREQ,CL_FREQ
DCCV_POVERTA98662,1.0,2,REF_AREA,CL_ITTER107
DCCV_POVERTA98662,1.0,3,DATA_TYPE,CL_TIPO_DATO8
DCCV_POVERTA98662,1.0,4,LABPROF_STATUS_B_REF,CL_CONDIZIONE_DICH4
DCCV_POVERTA996253,1.0,1,FREQ,CL_FREQ
DCCV_POVERTA996253,1.0,2,REF_AREA,CL_ITTER107
DCCV_POVERTA996253,1.0,3,DATA_TYPE,CL_TIPO_DATO8
DCCV_POVERTA_BRKN1,1.0,1,FREQ,CL_FREQ
DCCV_POVERTA_BRKN1,1.0,2,REF_AREA,CL_ITTER107
DCCV_POVERTA_BRKN1,1.0,3,DATA_TYPE,CL_TIPO_DATO8
DCCV_POVERTA_BRKN1,1.0,4,POVERTY_LINES,CL_LINEE_POVERTA
DCCV_POVERTA_BRKN1,1.0,5,NUMBER_HOUSEHOLD_COMP,CL_NUMEROSITA
DCCV_POVERTA_BRKN1,1.0,6,HOUSEHOLD_TYPOLOGY,CL_TIP_FAM
DCCV_POVERTA_BRKN1,1.0,7,AGE_REFERENCE_PERSON,CL_ETA1
DCCV_POVERTA_BRKN1,1.0,8,EDU_LEV_REFPERS,CL_TITOLO_STUDIO
DCCV_POVERTA_BRKN1,1.0,9,LABPROF_STATUS_B_REF,CL_CONDIZIONE_DICH4
DCCV_POVERTA_BRKN1,1.0,10,SEX,CL_SEXISTAT1
DCCV_POVERTA_BRKN1,1.0,11,AGE,CL_ETA1
DCCV_PRELACQ,1.0,1,FREQ,CL_FREQ
DCCV_PRELACQ,1.0,2,REF_AREA,CL_ITTER107
DCCV_PRELACQ,1.0,3,DATA_TYPE,CL_TIPO_DATO4
DCCV_PRELACQ,1.0,4,TYPE_OF_SOURCE,CL_TIPO_FONTE
DCCV_PROBLZONRES_2,1.0,1,FREQ,CL_FREQ
DCCV_PROBLZONRES_2,1.0,2,REF_AREA,CL_ITTER107
DCCV_PROBLZONRES_2,1.0,3,MEASURE,CL_MISURA1
DCCV_PROBLZONRES_2,1.0,4,PROBL_DWELLING_PLACE,CL_PROBL_ZONRES
DCCV_PROBLZONRES_2,1.0,5,TENURE_STATUS,CL_ABITAZ_TITGOD
DCCV_PROBLZONRES_2,1.0,6,NUMBER_COMPONENTS,CL_NUMERO_COMPONENTI
DCCV_PROBLZONRES_2,1.0,7,HOUSEHOLD_TYPOLOGY,CL_TIPOLOGIA_FAMILIARE1
DCCV_PROBLZONRES_2,1.0,8,NUMBER_OF_MIN_CHILDREN,CL_TIPOLOGIA_FAM_MINORI
DCCV_PROBLZONRES_2,1.0,9,NUMB_OF_ELDERLY,CL_TIPOLOGIA_FAM_ANZIANI
DCCV_PROBLZONRES_2,1.0,10,FIFTH_EQUIV_HOUSE_INC,CL_QUINTO
DCCV_PROBLZONRES_2,1.0,11,SEX_MAIN_PERCEPTOR,CL_SEXISTAT1
DCCV_PROBLZONRES_2,1.0,12,AGE_MAIN_EARNIER,CL_ETA1
DCCV_PROBLZONRES_2,1.0,13,EDU_LEV_MAIN_EARN,CL_TITOLO_STUDIO
DCCV_PROBLZONRES_2,1.0,14,LABPROF_STATUS_C_MAIN_EARNER,CL_CONDIZIONE_DICH2
DCCV_PROCEEDCRIME_A,1.0,1,FREQ,CL_FREQ
DCCV_PROCEEDCRIME_A,1.0,2,REF_AREA,CL_ITTER107
DCCV_PROCEEDCRIME_A,1.0,3,DATA_TYPE,CL_TIPO_DATO35
DCCV_PROCEEDCRIME_A,1.0,4,TYPE_OFFENCE,CL_GIUST_REATO
DCCV_PROCEEDCRIME_A,1.0,5,TYPE_MUNICIP,CL_ITTER107
DCCV_PROCEEDCRIME_A,1.0,6,NUMBER_OF_AUTHORS,CL_NUMEROSITA
DCCV_PROCEEDCRIME_A,1.0,7,TYPE_DECISION,CL_TIPO_DECISIONE
DCCV_PROCEEDCRIME_A,1.0,8,AGE_OF_DEFENDANT,CL_ETA1
DCCV_PROCEEDCRIME_A,1.0,9,DISTRICT_COURT_APPEAL,CL_GIUST_CORTE
DCCV_PROCEEDCRIME_A,1.0,10,NUMBER_CONCUR_FELONIES,CL_NUMEROSITA
DCCV_PROCEEDCRIME_A,1.0,11,MONTH_DEFINITION,CL_MESE
DCCV_PROCEEDCRIME_A,1.0,12,MONTH_OCCURENCE,CL_MESE
DCCV_PROCEEDCRIME_A,1.0,13,Y_KNOWN_OFFENDER_IDEN,CL_SI_NO
DCCV_PROCEEDCRIME_A,1.0,14,TIME_CRIME_DEFINITION,CL_DURATA
DCCV_PROCEEDCRIME_M,1.0,1,FREQ,CL_FREQ
DCCV_PROCEEDCRIME_M,1.0,2,REF_AREA,CL_ITTER107
DCCV_PROCEEDCRIME_M,1.0,3,DATA_TYPE,CL_TIPO_DATO35
DCCV_PROCEEDCRIME_M,1.0,4,TYPE_OFFENCE,CL_GIUST_REATO
DCCV_PROCEEDCRIME_M,1.0,5,TYPE_MUNICIP,CL_ITTER107
DCCV_PROCEEDCRIME_M,1.0,6,NUMBER_OF_AUTHORS,CL_NUMEROSITA
DCCV_PROCEEDCRIME_M,1.0,7,TYPE_DECISION,CL_TIPO_DECISIONE
DCCV_PROCEEDCRIME_M,1.0,8,AGE_OF_DEFENDANT,CL_ETA1
DCCV_PROCEEDCRIME_M,1.0,9,DISTRICT_COURT_APPEAL,CL_GIUST_CORTE
DCCV_PROCEEDCRIME_M,1.0,10,NUMBER_CONCUR_FELONIES,CL_NUMEROSITA
DCCV_PROCEEDCRIME_M,1.0,11,MONTH_DEFINITION,CL_MESE
DCCV_PROCEEDCRIME_M,1.0,12,MONTH_OCCURENCE,CL_MESE
DCCV_PROCEEDCRIME_M,1.0,13,Y_KNOWN_OFFENDER_IDEN,CL_SI_NO
DCCV_PROCEEDCRIME_M,1.0,14,TIME_CRIME_DEFINITION,CL_DURATA
DCCV_PRODENERG,1.0,1,FREQ,CL_FREQ
DCCV_PRODENERG,1.0,2,REF_AREA,CL_ITTER107
DCCV_PRODENERG,1.0,3,DATA_TYPE,CL_TIPO_DATO4
DCCV_PRODENERG,1.0,4,RENEW_ENERGY_SOURCE,CL_TIPO_FONTERINN
DCCV_QUINTOREDD,1.0,1,FREQ,CL_FREQ
DCCV_QUINTOREDD,1.0,2,REF_AREA,CL_ITTER107
DCCV_QUINTOREDD,1.0,3,DATA_TYPE,CL_TIPO_DATO8
DCCV_QUINTOREDD,1.0,4,MEASURE,CL_MISURA1
DCCV_QUINTOREDD,1.0,5,FIFTH_EQUIV_HOUSE_INC,CL_QUINTO
DCCV_QUINTOREDD,1.0,6,IMPUTED_RENTS,CL_PRESAFFITTI
DCCV_QUINTOREDD,1.0,7,NUMBER_HOUSEHOLD_COMP,CL_NUMERO_COMPONENTI
DCCV_QUINTOREDD,1.0,8,HOUSEHOLD_TYPOLOGY,CL_TIPOLOGIA_FAMILIARE1
DCCV_QUINTOREDD,1.0,9,NUMB_OF_CHILDREN,CL_TIPOLOGIA_FAM_MINORI
DCCV_QUINTOREDD,1.0,10,NUMB_OF_ELDERLY,CL_TIPOLOGIA_FAM_ANZIANI
DCCV_QUINTOREDD,1.0,11,SEX_MAIN_PERCEPTOR,CL_SEXISTAT1
DCCV_QUINTOREDD,1.0,12,AGE_MAIN_EARNIER,CL_CLASETA5
DCCV_QUINTOREDD,1.0,13,EDU_LEV_MAIN_EARN,CL_TITOLO_STUDIO
DCCV_QUINTOREDD,1.0,14,LABPROF_STATUS_C_MAIN_EARNER,CL_CONDIZIONE_DICH2
DCCV_REDDFINMES,1.0,1,FREQ,CL_FREQ
DCCV_REDDFINMES,1.0,2,REF_AREA,CL_ITTER107
DCCV_REDDFINMES,1.0,3,DATA_TYPE,CL_TIPO_DATO8
DCCV_REDDFINMES,1.0,4,MEASURE,CL_MISURA1
DCCV_REDDFINMES,1.0,5,MINIMUM_INCOME_CLASS,CL_CLAREDDITO6
DCCV_REDDFINMES,1.0,6,NUMBER_HOUSEHOLD_COMP,CL_NUMERO_COMPONENTI
DCCV_REDDFINMES,1.0,7,HOUSEHOLD_TYPOLOGY,CL_TIPOLOGIA_FAMILIARE1
DCCV_REDDFINMES,1.0,8,HOUSEHOLD_MINOR_COMP,CL_TIPOLOGIA_FAM_MINORI
DCCV_REDDFINMES,1.0,9,HOUSEHOLD_ELDERLY_COMP,CL_TIPOLOGIA_FAM_ANZIANI
DCCV_REDDFINMES,1.0,10,SEX_MAIN_PERCEPTOR,CL_SEXISTAT1
DCCV_REDDFINMES,1.0,11,AGE_MAIN_EARNIER,CL_CLASETA5
DCCV_REDDFINMES,1.0,12,EDU_LEV_MAIN_EARN,CL_TITOLO_STUDIO
DCCV_REDDFINMES,1.0,13,LABPROF_STATUS_C_MAIN_EARNER,CL_CONDIZIONE_DICH2
DCCV_REDDFINMES147075,1.0,1,FREQ,CL_FREQ
DCCV_REDDFINMES147075,1.0,2,REF_AREA,CL_ITTER107
DCCV_REDDFINMES147075,1.0,3,DATA_TYPE,CL_TIPO_DATO8
DCCV_REDDFINMES147075,1.0,4,MINIMUM_INCOME_CLASS,CL_CLAREDDITO6
DCCV_REDDFINMES147075,1.0,5,EDU_LEV_MAIN_EARN,CL_TITOLO_STUDIO
DCCV_REDDFINMES147075,1.0,6,LABPROF_STATUS_C_MAIN_EARNER,CL_CONDIZIONE_DICH2
DCCV_REDDFINMES351375,1.0,1,FREQ,CL_FREQ
DCCV_REDDFINMES351375,1.0,2,REF_AREA,CL_ITTER107
DCCV_REDDFINMES351375,1.0,3,DATA_TYPE,CL_TIPO_DATO8
DCCV_REDDFINMES351375,1.0,4,MINIMUM_INCOME_CLASS,CL_CLAREDDITO6
DCCV_REDDFINMES572604,1.0,1,FREQ,CL_FREQ
DCCV_REDDFINMES572604,1.0,2,REF_AREA,CL_ITTER107
DCCV_REDDFINMES572604,1.0,3,DATA_TYPE,CL_TIPO_DATO8
DCCV_REDDFINMES572604,1.0,4,MINIMUM_INCOME_CLASS,CL_CLAREDDITO6
DCCV_REDDFINMES572604,1.0,5,NUMBER_HOUSEHOLD_COMP,CL_NUMERO_COMPONENTI
DCCV_REDDFINMES706445,1.0,1,FREQ,CL_FREQ
DCCV_REDDFINMES706445,1.0,2,REF_AREA,CL_ITTER107
DCCV_REDDFINMES706445,1.0,3,DATA_TYPE,CL_TIPO_DATO8
DCCV_REDDFINMES706445,1.0,4,MINIMUM_INCOME_CLASS,CL_CLAREDDITO6
DCCV_REDDFINMES706445,1.0,5,HOUSEHOLD_TYPOLOGY,CL_TIPOLOGIA_FAMILIARE1
DCCV_REDDFINMES723295,1.0,1,FREQ,CL_FREQ
DCCV_REDDFINMES723295,1.0,2,REF_AREA,CL_ITTER107
DCCV_REDDFINMES723295,1.0,3,DATA_TYPE,CL_TIPO_DATO8
DCCV_REDDFINMES723295,1.0,4,MINIMUM_INCOME_CLASS,CL_CLAREDDITO6
DCCV_REDDFINMES723295,1.0,5,SEX_MAIN_PERCEPTOR,CL_SEXISTAT1
DCCV_REDDFINMES723295,1.0,6,AGE_MAIN_EARNIER,CL_CLASETA5
DCCV_REDDFINMES807648,1.0,1,FREQ,CL_FREQ
DCCV_REDDFINMES807648,1.0,2,REF_AREA,CL_ITTER107
DCCV_REDDFINMES807648,1.0,3,DATA_TYPE,CL_TIPO_DATO8
DCCV_REDDFINMES807648,1.0,4,MINIMUM_INCOME_CLASS,CL_CLAREDDITO6
DCCV_REDDFINMES807648,1.0,5,HOUSEHOLD_MINOR_COMP,CL_TIPOLOGIA_FAM_MINORI
DCCV_REDDFINMES807648,1.0,6,HOUSEHOLD_ELDERLY_COMP,CL_TIPOLOGIA_FAM_ANZIANI
DCCV_REDNETFAM,1.0,1,FREQ,CL_FREQ
DCCV_REDNETFAM,1.0,2,REF_AREA,CL_ITTER107
DCCV_REDNETFAM,1.0,3,DATA_TYPE,CL_TIPO_DATO8
DCCV_REDNETFAM,1.0,4,MEASURE,CL_MISURA1
DCCV_REDNETFAM,1.0,5,IMPUTED_RENTS,CL_PRESAFFITTI
DCCV_REDNETFAM,1.0,6,NUMBER_HOUSEHOLD_COMP,CL_NUMERO_COMPONENTI
DCCV_REDNETFAM,1.0,7,HOUSEHOLD_TYPOLOGY,CL_TIPOLOGIA_FAMILIARE1
DCCV_REDNETFAM,1.0,8,NUMB_OF_CHILDREN,CL_TIPOLOGIA_FAM_MINORI
DCCV_REDNETFAM,1.0,9,NUMB_OF_ELDERLY,CL_TIPOLOGIA_FAM_ANZIANI
DCCV_REDNETFAM,1.0,10,SEX_MAIN_PERCEPTOR,CL_SEXISTAT1
DCCV_REDNETFAM,1.0,11,AGE_MAIN_EARNIER,CL_CLASETA5
DCCV_REDNETFAM,1.0,12,EDU_LEV_MAIN_EARN,CL_TITOLO_STUDIO
DCCV_REDNETFAM,1.0,13,LABPROF_STATUS_C_MAIN_EARNER,CL_CONDIZIONE_DICH2
DCCV_REDNETFAMFONTERED,1.0,1,FREQ,CL_FREQ
DCCV_REDNETFAMFONTERED,1.0,2,REF_AREA,CL_ITTER107
DCCV_REDNETFAMFONTERED,1.0,3,DATA_TYPE,CL_TIPO_DATO8
DCCV_REDNETFAMFONTERED,1.0,4,MEASURE,CL_MISURA1
DCCV_REDNETFAMFONTERED,1.0,5,IMPUTED_RENTS,CL_PRESAFFITTI
DCCV_REDNETFAMFONTERED,1.0,6,FAM_MAIN_INCOME_SOURCE,CL_REDPRINC
DCCV_REDNETFAMFONTERED,1.0,7,NUMBER_HOUSEHOLD_COMP,CL_NUMERO_COMPONENTI
DCCV_REDNETFAMFONTERED,1.0,8,HOUSEHOLD_TYPOLOGY,CL_TIPOLOGIA_FAMILIARE1
DCCV_REDNETFAMFONTERED,1.0,9,NUMB_OF_CHILDREN,CL_TIPOLOGIA_FAM_MINORI
DCCV_REDNETFAMFONTERED,1.0,10,NUMB_OF_ELDERLY,CL_TIPOLOGIA_FAM_ANZIANI
DCCV_REDNETFAMFONTERED,1.0,11,SEX_MAIN_PERCEPTOR,CL_SEXISTAT1
DCCV_REDNETFAMFONTERED,1.0,12,AGE_MAIN_EARNIER,CL_ETA1
DCCV_REDNETFAMFONTERED,1.0,13,EDU_LEV_MAIN_EARN,CL_TITOLO_STUDIO
DCCV_REDNETFAMFONTERED,1.0,14,LABPROF_STATUS_C_MAIN_EARNER,CL_CONDIZIONE_DICH2
DCCV_RELAZ_PARENT,1.0,1,FREQ,CL_FREQ
DCCV_RELAZ_PARENT,1.0,2,REF_AREA,CL_ITTER107
DCCV_RELAZ_PARENT,1.0,3,DATA_TYPE,CL_TIPO_DATO_FAM
DCCV_RELAZ_PARENT,1.0,4,NUM_GRANDPARENT_ALIVE,CL_NUMEROSITA
DCCV_RELAZ_PARENT,1.0,5,SEX,CL_SEXISTAT1
DCCV_RELAZ_PARENT,1.0,6,AGE,CL_ETA1
DCCV_RELAZ_PARENT,1.0,7,LIVING_CLOSENESS,CL_PROV_DEST_Z
DCCV_RELAZ_PARENT,1.0,8,FREQUECY_CONTACT,CL_FREQUENZA2
DCCV_RELAZ_PARENT,1.0,9,TYPE_CONTACT,CL_TIPO_ATTIVITA
DCCV_RISKPOV,1.0,1,FREQ,CL_FREQ
DCCV_RISKPOV,1.0,2,REF_AREA,CL_ITTER107
DCCV_RISKPOV,1.0,3,DATA_TYPE,CL_TIPO_DATO8
DCCV_RISKPOV,1.0,4,MEASURE,CL_MISURA1
DCCV_RISKPOV,1.0,5,FAM_MAIN_INCOME_SOURCE,CL_REDDITO_PRINCIPALE
DCCV_RISKPOV,1.0,6,NUMBER_HOUSEHOLD_COMP,CL_NUMERO_COMPONENTI
DCCV_RISKPOV,1.0,7,HOUSEHOLD_TYPOLOGY,CL_TIPOLOGIA_FAMILIARE1
DCCV_RISKPOV,1.0,8,NUMB_OF_CHILDREN,CL_TIPOLOGIA_FAM_MINORI
DCCV_RISKPOV,1.0,9,NUMB_OF_ELDERLY,CL_TIPOLOGIA_FAM_ANZIANI
DCCV_RISKPOV,1.0,10,NUMB_INCOM_EARN,CL_NUMEROSITA
DCCV_RISKPOV,1.0,11,SEX_MAIN_PERCEPTOR,CL_SEXISTAT1
DCCV_RISKPOV,1.0,12,AGE_MAIN_EARNIER,CL_ETA1
DCCV_RISKPOV,1.0,13,EDU_LEV_MAIN_EARN,CL_TITOLO_STUDIO
DCCV_RISKPOV,1.0,14,LABPROF_STATUS_C_MAIN_EARNER,CL_CONDIZIONE_DICH2
DCCV_RISKPOV,1.0,15,CITIZENSHIP_MAIN_EARN,CL_CITTADINANZA
DCCV_RUOLIGEN,1.0,1,FREQ,CL_FREQ
DCCV_RUOLIGEN,1.0,2,REF_AREA,CL_ITTER107
DCCV_RUOLIGEN,1.0,3,DATA_TYPE,CL_TIPO_DATO_VIOLENZA
DCCV_RUOLIGEN,1.0,4,SEX,CL_SEXISTAT1
DCCV_RUOLIGEN,1.0,5,AGE,CL_ETA1
DCCV_RUOLIGEN,1.0,6,EDU_LEV_HIGHEST,CL_TITOLO_STUDIO
DCCV_RUOLIGEN,1.0,7,LABPROF_STATUS_D_WOMAN,CL_CONDIZIONE_DICH4
DCCV_RUOLIGEN,1.0,8,STEREOT_GENDROLEPARTNER,CL_STEREOTIPI
DCCV_RUOLIGEN,1.0,9,DEGREE_AGREEMENT,CL_OPINIONI
DCCV_RUOLIGEN,1.0,10,DEGREE_ACCEPTABILITY,CL_OPINIONI
DCCV_RUOLIGEN,1.0,11,HOW_COMMON,CL_FREQUENZA2
DCCV_RUOLIGEN,1.0,12,POSSIBLE_CAUSES,CL_MOTIVOPS1
DCCV_RUOLIGEN,1.0,13,ADVICE,CL_OPINIONI
DCCV_RUOLOFAMCOND,1.0,1,FREQ,CL_FREQ
DCCV_RUOLOFAMCOND,1.0,2,REF_AREA,CL_ITTER107
DCCV_RUOLOFAMCOND,1.0,3,DATA_TYPE,CL_TIPO_DATO_FOL
DCCV_RUOLOFAMCOND,1.0,4,ROLE_IN_HOUSEHOLD,CL_RUOLO_FAM
DCCV_RUOLOFAMCOND,1.0,5,SEX,CL_SEXISTAT1
DCCV_RUOLOFAMCOND,1.0,6,AGE,CL_ETA1
DCCV_RUOLOFAMCOND,1.0,7,EDU_LEV_HIGHEST,CL_TITOLO_STUDIO
DCCV_RUOLOFAMCOND,1.0,8,CITIZENSHIP,CL_CITTADINANZA
DCCV_RUOLOFAMCOND,1.0,9,NUMBER_OF_CHILDREN,CL_NUMEROSITA
DCCV_RUOLOFAMCOND,1.0,10,AGE_OF_YOUNGEST_CHILD,CL_ETA1
DCCV_RUOLOFAMCOND_UNT2020,1.0,1,FREQ,CL_FREQ
DCCV_RUOLOFAMCOND_UNT2020,1.0,2,REF_AREA,CL_ITTER107
DCCV_RUOLOFAMCOND_UNT2020,1.0,3,DATA_TYPE,CL_TIPO_DATO_FOL
DCCV_RUOLOFAMCOND_UNT2020,1.0,4,ROLE_IN_HOUSEHOLD,CL_RUOLO_FAM
DCCV_RUOLOFAMCOND_UNT2020,1.0,5,SEX,CL_SEXISTAT1
DCCV_RUOLOFAMCOND_UNT2020,1.0,6,AGE,CL_ETA1
DCCV_RUOLOFAMCOND_UNT2020,1.0,7,EDU_LEV_HIGHEST,CL_TITOLO_STUDIO
DCCV_RUOLOFAMCOND_UNT2020,1.0,8,CITIZENSHIP,CL_CITTADINANZA
DCCV_RUOLOFAMCOND_UNT2020,1.0,9,NUMBER_OF_CHILDREN,CL_NUMEROSITA
DCCV_RUOLOFAMCOND_UNT2020,1.0,10,AGE_OF_YOUNGEST_CHILD,CL_ETA1
DCCV_SEGNALAZPS,1.0,1,FREQ,CL_FREQ
DCCV_SEGNALAZPS,1.0,2,REF_AREA,CL_ITTER107
DCCV_SEGNALAZPS,1.0,3,DATA_TYPE,CL_TIPO_DATO35
DCCV_SEGNALAZPS,1.0,4,TYPE_CRIME,CL_REATI_PS
DCCV_SOGLIAPOVA,1.0,1,FREQ,CL_FREQ
DCCV_SOGLIAPOVA,1.0,2,REF_AREA,CL_ITTER107
DCCV_SOGLIAPOVA,1.0,3,DATA_TYPE,CL_TIPO_DATO8
DCCV_SOGLIAPOVA,1.0,4,MEASURE,CL_MISURA1
DCCV_SOGLIAPOVA,1.0,5,HOUSEHOLD_TYPOLOGY,CL_TIPOLOGIA_FAMILIARE2
DCCV_SOGLIAPOVA,1.0,6,MUNICIPALITY_SIZE,CL_ITTER107
DCCV_SOGLIAPOVR,1.0,1,FREQ,CL_FREQ
DCCV_SOGLIAPOVR,1.0,2,REF_AREA,CL_ITTER107
DCCV_SOGLIAPOVR,1.0,3,DATA_TYPE,CL_TIPO_DATO8
DCCV_SOGLIAPOVR,1.0,4,MEASURE,CL_MISURA1
DCCV_SOGLIAPOVR,1.0,5,NUMBER_HOUSEHOLD_COMP,CL_NUMERO_COMPONENTI
DCCV_SPEFFCOMP,1.0,1,FREQ,CL_FREQ
DCCV_SPEFFCOMP,1.0,2,REF_AREA,CL_ITTER107
DCCV_SPEFFCOMP,1.0,3,DATA_TYPE,CL_TIPO_DATO8
DCCV_SPEFFCOMP,1.0,4,MEASURE,CL_MISURA1
DCCV_SPEFFCOMP,1.0,5,COICOP_TYPE,CL_COICOP_CEF1
DCCV_SPEFFDETT,1.0,1,FREQ,CL_FREQ
DCCV_SPEFFDETT,1.0,2,REF_AREA,CL_ITTER107
DCCV_SPEFFDETT,1.0,3,DATA_TYPE,CL_TIPO_DATO8
DCCV_SPEFFDETT,1.0,4,MEASURE,CL_MISURA1
DCCV_SPEFFDETT,1.0,5,COICOP_TYPE,CL_COICOP_CEF1
DCCV_SPEMEFAM,1.0,1,FREQ,CL_FREQ
DCCV_SPEMEFAM,1.0,2,REF_AREA,CL_ITTER107
DCCV_SPEMEFAM,1.0,3,DATA_TYPE,CL_TIPO_DATO8
DCCV_SPEMEFAM,1.0,4,COICOP,CL_COICOP_2015
DCCV_SPEMEFAM,1.0,5,COICOP_CATEG,CL_COICOP_DICH
DCCV_SPEMEFAM,1.0,6,TOT_EQUI_EXPEND_QUANTILE,CL_QUANTILE
DCCV_SPEMEFAM,1.0,7,PURCH_BEHAVIOUR,CL_GIUDIZIO_TIPO
DCCV_SPEMEFAM,1.0,8,NUMBER_HOUSEHOLD_COMP,CL_NUMEROSITA
DCCV_SPEMEFAM,1.0,9,HOUSEHOLD_TYPOLOGY,CL_TIP_FAM
DCCV_SPEMEFAM,1.0,10,EDU_LEV_REFPERS,CL_TITOLO_STUDIO
DCCV_SPEMEFAM,1.0,11,LABPROF_STATUS_B_REF,CL_CONDIZIONE_DICH4
DCCV_SPEMEFAM_COICOP_2018,1.0,1,FREQ,CL_FREQ
DCCV_SPEMEFAM_COICOP_2018,1.0,2,REF_AREA,CL_ITTER107
DCCV_SPEMEFAM_COICOP_2018,1.0,3,DATA_TYPE,CL_TIPO_DATO8
DCCV_SPEMEFAM_COICOP_2018,1.0,4,COICOP_2018,CL_COICOP_2018
DCCV_SPEMEFAM_COICOP_2018,1.0,5,COICOP_CATEG,CL_COICOP_DICH
DCCV_SPEMEFAM_COICOP_2018,1.0,6,TOT_EQUI_EXPEND_QUANTILE,CL_QUANTILE
DCCV_SPEMEFAM_COICOP_2018,1.0,7,PURCH_BEHAVIOUR,CL_GIUDIZIO_TIPO
DCCV_SPEMEFAM_COICOP_2018,1.0,8,NUMBER_HOUSEHOLD_COMP,CL_NUMEROSITA
DCCV_SPEMEFAM_COICOP_2018,1.0,9,HOUSEHOLD_TYPOLOGY,CL_TIP_FAM
DCCV_SPEMEFAM_COICOP_2018,1.0,10,EDU_LEV_REFPERS,CL_TITOLO_STUDIO
DCCV_SPEMEFAM_COICOP_2018,1.0,11,LABPROF_STATUS_B_REF,CL_CONDIZIONE_DICH4
DCCV_SPEMMFAM,1.0,1,FREQ,CL_FREQ
DCCV_SPEMMFAM,1.0,2,REF_AREA,CL_ITTER107
DCCV_SPEMMFAM,1.0,3,DATA_TYPE,CL_TIPO_DATO8
DCCV_SPEMMFAM,1.0,4,MEASURE,CL_MISURA1
DCCV_SPEMMFAM,1.0,5,COICOP_CATEG,CL_COICOP_CEF2
DCCV_SPEMMFAM,1.0,6,NUMBER_HOUSEHOLD_COMP,CL_NUMERO_COMPONENTI
DCCV_SPEMMFAM,1.0,7,HOUSEHOLD_TYPOLOGY,CL_TIPOLOGIA_FAMILIARE1
DCCV_SPEMMFAM,1.0,8,LABPROF_STATUS_B,CL_CONDIZIONE_DICH2
DCCV_SPQUINTO,1.0,1,FREQ,CL_FREQ
DCCV_SPQUINTO,1.0,2,REF_AREA,CL_ITTER107
DCCV_SPQUINTO,1.0,3,DATA_TYPE,CL_TIPO_DATO8
DCCV_SPQUINTO,1.0,4,MEASURE,CL_MISURA1
DCCV_SPQUINTO,1.0,5,EXPEND_QUINTILE,CL_QUINTO
DCCV_SPQUINTO,1.0,6,NUMBER_HOUSEHOLD_COMP,CL_NUMERO_COMPONENTI
DCCV_SPQUINTO,1.0,7,HOUSEHOLD_TYPOLOGY,CL_TIPOLOGIA_FAMILIARE1
DCCV_SPQUINTO,1.0,8,LABPROF_STATUS_B,CL_CONDIZIONE_DICH2
DCCV_STPIANEN,1.0,1,FREQ,CL_FREQ
DCCV_STPIANEN,1.0,2,REF_AREA,CL_ITTER107
DCCV_STPIANEN,1.0,3,DATA_TYPE,CL_TIPO_DATO4
DCCV_STPIANEN,1.0,4,MEASURE,CL_MISURA1
DCCV_STPINQACC,1.0,1,FREQ,CL_FREQ
DCCV_STPINQACC,1.0,2,REF_AREA,CL_ITTER107
DCCV_STPINQACC,1.0,3,DATA_TYPE,CL_TIPO_DATO4
DCCV_STPINQACC,1.0,4,MEASURE,CL_MISURA1
DCCV_TAXATVT1,1.0,1,FREQ,CL_FREQ
DCCV_TAXATVT1,1.0,2,REF_AREA,CL_ITTER107
DCCV_TAXATVT1,1.0,3,DATA_TYPE,CL_TIPO_DATO_FOL
DCCV_TAXATVT1,1.0,4,SEX,CL_SEXISTAT1
DCCV_TAXATVT1,1.0,5,AGE,CL_ETA1
DCCV_TAXATVT1,1.0,6,EDU_LEV_HIGHEST,CL_TITOLO_STUDIO
DCCV_TAXATVT1,1.0,7,CITIZENSHIP,CL_CITTADINANZA
DCCV_TAXATVT1_UNT2020,1.0,1,FREQ,CL_FREQ
DCCV_TAXATVT1_UNT2020,1.0,2,REF_AREA,CL_ITTER107
DCCV_TAXATVT1_UNT2020,1.0,3,DATA_TYPE,CL_TIPO_DATO_FOL
DCCV_TAXATVT1_UNT2020,1.0,4,SEX,CL_SEXISTAT1
DCCV_TAXATVT1_UNT2020,1.0,5,AGE,CL_ETA1
DCCV_TAXATVT1_UNT2020,1.0,6,EDU_LEV_HIGHEST,CL_TITOLO_STUDIO
DCCV_TAXATVT1_UNT2020,1.0,7,CITIZENSHIP,CL_CITTADINANZA
DCCV_TAXATVTDE1,1.0,1,FREQ,CL_FREQ
DCCV_TAXATVTDE1,1.0,2,REF_AREA,CL_ITTER107
DCCV_TAXATVTDE1,1.0,3,DATA_TYPE,CL_TIPO_DATO_FOL
DCCV_TAXATVTDE1,1.0,4,SEX,CL_SEXISTAT1
DCCV_TAXATVTDE1,1.0,5,AGE,CL_ETA1
DCCV_TAXATVTDE1,1.0,6,EDITION,CL_T_BIS
DCCV_TAXATVTDE1_UNT2020,1.0,1,FREQ,CL_FREQ
DCCV_TAXATVTDE1_UNT2020,1.0,2,REF_AREA,CL_ITTER107
DCCV_TAXATVTDE1_UNT2020,1.0,3,DATA_TYPE,CL_TIPO_DATO_FOL
DCCV_TAXATVTDE1_UNT2020,1.0,4,SEX,CL_SEXISTAT1
DCCV_TAXATVTDE1_UNT2020,1.0,5,AGE,CL_ETA1
DCCV_TAXATVTDE1_UNT2020,1.0,6,EDITION,CL_T_BIS
DCCV_TAXATVTMENS1,1.0,1,FREQ,CL_FREQ
DCCV_TAXATVTMENS1,1.0,2,REF_AREA,CL_ITTER107
DCCV_TAXATVTMENS1,1.0,3,DATA_TYPE,CL_TIPO_DATO_FOL
DCCV_TAXATVTMENS1,1.0,4,ADJUSTMENT,CL_CORREZ
DCCV_TAXATVTMENS1,1.0,5,SEX,CL_SEXISTAT1
DCCV_TAXATVTMENS1,1.0,6,AGE,CL_ETA1
DCCV_TAXATVTMENS1,1.0,7,EDITION,CL_T_BIS
DCCV_TAXATVTMENS1_UNT2020,1.0,1,FREQ,CL_FREQ
DCCV_TAXATVTMENS1_UNT2020,1.0,2,REF_AREA,CL_ITTER107
DCCV_TAXATVTMENS1_UNT2020,1.0,3,DATA_TYPE,CL_TIPO_DATO_FOL
DCCV_TAXATVTMENS1_UNT2020,1.0,4,ADJUSTMENT,CL_CORREZ
DCCV_TAXATVTMENS1_UNT2020,1.0,5,SEX,CL_SEXISTAT1
DCCV_TAXATVTMENS1_UNT2020,1.0,6,AGE,CL_ETA1
DCCV_TAXATVTMENS1_UNT2020,1.0,7,EDITION,CL_T_BIS
DCCV_TAXDISOCCU1,1.0,1,FREQ,CL_FREQ
DCCV_TAXDISOCCU1,1.0,2,REF_AREA,CL_ITTER107
DCCV_TAXDISOCCU1,1.0,3,DATA_TYPE,CL_TIPO_DATO_FOL
DCCV_TAXDISOCCU1,1.0,4,SEX,CL_SEXISTAT1
DCCV_TAXDISOCCU1,1.0,5,AGE,CL_ETA1
DCCV_TAXDISOCCU1,1.0,6,EDU_LEV_HIGHEST,CL_TITOLO_STUDIO
DCCV_TAXDISOCCU1,1.0,7,CITIZENSHIP,CL_CITTADINANZA
DCCV_TAXDISOCCU1,1.0,8,DURATION_UNEMPLOYMENT,CL_DURATA
DCCV_TAXDISOCCU1_UNT2020,1.0,1,FREQ,CL_FREQ
DCCV_TAXDISOCCU1_UNT2020,1.0,2,REF_AREA,CL_ITTER107
DCCV_TAXDISOCCU1_UNT2020,1.0,3,DATA_TYPE,CL_TIPO_DATO_FOL
DCCV_TAXDISOCCU1_UNT2020,1.0,4,SEX,CL_SEXISTAT1
DCCV_TAXDISOCCU1_UNT2020,1.0,5,AGE,CL_ETA1
DCCV_TAXDISOCCU1_UNT2020,1.0,6,EDU_LEV_HIGHEST,CL_TITOLO_STUDIO
DCCV_TAXDISOCCU1_UNT2020,1.0,7,CITIZENSHIP,CL_CITTADINANZA
DCCV_TAXDISOCCU1_UNT2020,1.0,8,DURATION_UNEMPLOYMENT,CL_DURATA
DCCV_TAXDISOCCUDE1,1.0,1,FREQ,CL_FREQ
DCCV_TAXDISOCCUDE1,1.0,2,REF_AREA,CL_ITTER107
DCCV_TAXDISOCCUDE1,1.0,3,DATA_TYPE,CL_TIPO_DATO_FOL
DCCV_TAXDISOCCUDE1,1.0,4,SEX,CL_SEXISTAT1
DCCV_TAXDISOCCUDE1,1.0,5,AGE,CL_ETA1
DCCV_TAXDISOCCUDE1,1.0,6,EDITION,CL_T_BIS
DCCV_TAXDISOCCUDE1_UNT2020,1.0,1,FREQ,CL_FREQ
DCCV_TAXDISOCCUDE1_UNT2020,1.0,2,REF_AREA,CL_ITTER107
DCCV_TAXDISOCCUDE1_UNT2020,1.0,3,DATA_TYPE,CL_TIPO_DATO_FOL
DCCV_TAXDISOCCUDE1_UNT2020,1.0,4,SEX,CL_SEXISTAT1
DCCV_TAXDISOCCUDE1_UNT2020,1.0,5,AGE,CL_ETA1
DCCV_TAXDISOCCUDE1_UNT2020,1.0,6,EDITION,CL_T_BIS
DCCV_TAXDISOCCUMENS1,1.0,1,FREQ,CL_FREQ
DCCV_TAXDISOCCUMENS1,1.0,2,REF_AREA,CL_ITTER107
DCCV_TAXDISOCCUMENS1,1.0,3,DATA_TYPE,CL_TIPO_DATO_FOL
DCCV_TAXDISOCCUMENS1,1.0,4,ADJUSTMENT,CL_CORREZ
DCCV_TAXDISOCCUMENS1,1.0,5,SEX,CL_SEXISTAT1
DCCV_TAXDISOCCUMENS1,1.0,6,AGE,CL_ETA1
DCCV_TAXDISOCCUMENS1,1.0,7,EDITION,CL_T_BIS
DCCV_TAXDISOCCUMENS1_UNT2020,1.0,1,FREQ,CL_FREQ
DCCV_TAXDISOCCUMENS1_UNT2020,1.0,2,REF_AREA,CL_ITTER107
DCCV_TAXDISOCCUMENS1_UNT2020,1.0,3,DATA_TYPE,CL_TIPO_DATO_FOL
DCCV_TAXDISOCCUMENS1_UNT2020,1.0,4,ADJUSTMENT,CL_CORREZ
DCCV_TAXDISOCCUMENS1_UNT2020,1.0,5,SEX,CL_SEXISTAT1
DCCV_TAXDISOCCUMENS1_UNT2020,1.0,6,AGE,CL_ETA1
DCCV_TAXDISOCCUMENS1_UNT2020,1.0,7,EDITION,CL_T_BIS
DCCV_TAXINATT1,1.0,1,FREQ,CL_FREQ
DCCV_TAXINATT1,1.0,2,REF_AREA,CL_ITTER107
DCCV_TAXINATT1,1.0,3,DATA_TYPE,CL_TIPO_DATO_FOL
DCCV_TAXINATT1,1.0,4,SEX,CL_SEXISTAT1
DCCV_TAXINATT1,1.0,5,AGE,CL_ETA1
DCCV_TAXINATT1,1.0,6,EDU_LEV_HIGHEST,CL_TITOLO_STUDIO
DCCV_TAXINATT1,1.0,7,CITIZENSHIP,CL_CITTADINANZA
DCCV_TAXINATT1_UNT2020,1.0,1,FREQ,CL_FREQ
DCCV_TAXINATT1_UNT2020,1.0,2,REF_AREA,CL_ITTER107
DCCV_TAXINATT1_UNT2020,1.0,3,DATA_TYPE,CL_TIPO_DATO_FOL
DCCV_TAXINATT1_UNT2020,1.0,4,SEX,CL_SEXISTAT1
DCCV_TAXINATT1_UNT2020,1.0,5,AGE,CL_ETA1
DCCV_TAXINATT1_UNT2020,1.0,6,EDU_LEV_HIGHEST,CL_TITOLO_STUDIO
DCCV_TAXINATT1_UNT2020,1.0,7,CITIZENSHIP,CL_CITTADINANZA
DCCV_TAXINATTDE1,1.0,1,FREQ,CL_FREQ
DCCV_TAXINATTDE1,1.0,2,REF_AREA,CL_ITTER107
DCCV_TAXINATTDE1,1.0,3,DATA_TYPE,CL_TIPO_DATO_FOL
DCCV_TAXINATTDE1,1.0,4,SEX,CL_SEXISTAT1
DCCV_TAXINATTDE1,1.0,5,AGE,CL_ETA1
DCCV_TAXINATTDE1,1.0,6,EDITION,CL_T_BIS
DCCV_TAXINATTDE1_UNT2020,1.0,1,FREQ,CL_FREQ
DCCV_TAXINATTDE1_UNT2020,1.0,2,REF_AREA,CL_ITTER107
DCCV_TAXINATTDE1_UNT2020,1.0,3,DATA_TYPE,CL_TIPO_DATO_FOL
DCCV_TAXINATTDE1_UNT2020,1.0,4,SEX,CL_SEXISTAT1
DCCV_TAXINATTDE1_UNT2020,1.0,5,AGE,CL_ETA1
DCCV_TAXINATTDE1_UNT2020,1.0,6,EDITION,CL_T_BIS
DCCV_TAXINATTMENS1,1.0,1,FREQ,CL_FREQ
DCCV_TAXINATTMENS1,1.0,2,REF_AREA,CL_ITTER107
DCCV_TAXINATTMENS1,1.0,3,DATA_TYPE,CL_TIPO_DATO_FOL
DCCV_TAXINATTMENS1,1.0,4,ADJUSTMENT,CL_CORREZ
DCCV_TAXINATTMENS1,1.0,5,SEX,CL_SEXISTAT1
DCCV_TAXINATTMENS1,1.0,6,AGE,CL_ETA1
DCCV_TAXINATTMENS1,1.0,7,EDITION,CL_T_BIS
DCCV_TAXINATTMENS1_UNT2020,1.0,1,FREQ,CL_FREQ
DCCV_TAXINATTMENS1_UNT2020,1.0,2,REF_AREA,CL_ITTER107
DCCV_TAXINATTMENS1_UNT2020,1.0,3,DATA_TYPE,CL_TIPO_DATO_FOL
DCCV_TAXINATTMENS1_UNT2020,1.0,4,ADJUSTMENT,CL_CORREZ
DCCV_TAXINATTMENS1_UNT2020,1.0,5,SEX,CL_SEXISTAT1
DCCV_TAXINATTMENS1_UNT2020,1.0,6,AGE,CL_ETA1
DCCV_TAXINATTMENS1_UNT2020,1.0,7,EDITION,CL_T_BIS
DCCV_TAXOCCU1,1.0,1,FREQ,CL_FREQ
DCCV_TAXOCCU1,1.0,2,REF_AREA,CL_ITTER107
DCCV_TAXOCCU1,1.0,3,DATA_TYPE,CL_TIPO_DATO_FOL
DCCV_TAXOCCU1,1.0,4,SEX,CL_SEXISTAT1
DCCV_TAXOCCU1,1.0,5,AGE,CL_ETA1
DCCV_TAXOCCU1,1.0,6,EDU_LEV_HIGHEST,CL_TITOLO_STUDIO
DCCV_TAXOCCU1,1.0,7,CITIZENSHIP,CL_CITTADINANZA
DCCV_TAXOCCU1_UNT2020,1.0,1,FREQ,CL_FREQ
DCCV_TAXOCCU1_UNT2020,1.0,2,REF_AREA,CL_ITTER107
DCCV_TAXOCCU1_UNT2020,1.0,3,DATA_TYPE,CL_TIPO_DATO_FOL
DCCV_TAXOCCU1_UNT2020,1.0,4,SEX,CL_SEXISTAT1
DCCV_TAXOCCU1_UNT2020,1.0,5,AGE,CL_ETA1
DCCV_TAXOCCU1_UNT2020,1.0,6,EDU_LEV_HIGHEST,CL_TITOLO_STUDIO
DCCV_TAXOCCU1_UNT2020,1.0,7,CITIZENSHIP,CL_CITTADINANZA
DCCV_TAXOCCUDE1,1.0,1,FREQ,CL_FREQ
DCCV_TAXOCCUDE1,1.0,2,REF_AREA,CL_ITTER107
DCCV_TAXOCCUDE1,1.0,3,DATA_TYPE,CL_TIPO_DATO_FOL
DCCV_TAXOCCUDE1,1.0,4,SEX,CL_SEXISTAT1
DCCV_TAXOCCUDE1,1.0,5,AGE,CL_ETA1
DCCV_TAXOCCUDE1,1.0,6,EDITION,CL_T_BIS
DCCV_TAXOCCUDE1_UNT2020,1.0,1,FREQ,CL_FREQ
DCCV_TAXOCCUDE1_UNT2020,1.0,2,REF_AREA,CL_ITTER107
DCCV_TAXOCCUDE1_UNT2020,1.0,3,DATA_TYPE,CL_TIPO_DATO_FOL
DCCV_TAXOCCUDE1_UNT2020,1.0,4,SEX,CL_SEXISTAT1
DCCV_TAXOCCUDE1_UNT2020,1.0,5,AGE,CL_ETA1
DCCV_TAXOCCUDE1_UNT2020,1.0,6,EDITION,CL_T_BIS
DCCV_TAXOCCUMENS1,1.0,1,FREQ,CL_FREQ
DCCV_TAXOCCUMENS1,1.0,2,REF_AREA,CL_ITTER107
DCCV_TAXOCCUMENS1,1.0,3,DATA_TYPE,CL_TIPO_DATO_FOL
DCCV_TAXOCCUMENS1,1.0,4,ADJUSTMENT,CL_CORREZ
DCCV_TAXOCCUMENS1,1.0,5,SEX,CL_SEXISTAT1
DCCV_TAXOCCUMENS1,1.0,6,AGE,CL_ETA1
DCCV_TAXOCCUMENS1,1.0,7,EDITION,CL_T_BIS
DCCV_TAXOCCUMENS1_UNT2020,1.0,1,FREQ,CL_FREQ
DCCV_TAXOCCUMENS1_UNT2020,1.0,2,REF_AREA,CL_ITTER107
DCCV_TAXOCCUMENS1_UNT2020,1.0,3,DATA_TYPE,CL_TIPO_DATO_FOL
DCCV_TAXOCCUMENS1_UNT2020,1.0,4,ADJUSTMENT,CL_CORREZ
DCCV_TAXOCCUMENS1_UNT2020,1.0,5,SEX,CL_SEXISTAT1
DCCV_TAXOCCUMENS1_UNT2020,1.0,6,AGE,CL_ETA1
DCCV_TAXOCCUMENS1_UNT2020,1.0,7,EDITION,CL_T_BIS
DCCV_TITGODABIT,1.0,1,FREQ,CL_FREQ
DCCV_TITGODABIT,1.0,2,REF_AREA,CL_ITTER107
DCCV_TITGODABIT,1.0,3,DATA_TYPE,CL_TIPO_DATO8
DCCV_TITGODABIT,1.0,4,MEASURE,CL_MISURA1
DCCV_TITGODABIT,1.0,5,TENURE_STATUS,CL_ABITAZ_TITGOD
DCCV_TITGODABIT,1.0,6,NUMBER_HOUSEHOLD_COMP,CL_NUMERO_COMPONENTI
DCCV_TITGODABIT,1.0,7,HOUSEHOLD_TYPOLOGY,CL_TIPOLOGIA_FAMILIARE1
DCCV_TITGODABIT,1.0,8,NUMB_OF_CHILDREN,CL_TIPOLOGIA_FAM_MINORI
DCCV_TITGODABIT,1.0,9,NUMB_OF_ELDERLY,CL_TIPOLOGIA_FAM_ANZIANI
DCCV_TITGODABIT,1.0,10,FIFTH_EQUIV_HOUSE_INC,CL_QUINTO
DCCV_TITGODABIT,1.0,11,SEX_MAIN_PERCEPTOR,CL_SEXISTAT1
DCCV_TITGODABIT,1.0,12,AGE_MAIN_EARNIER,CL_ETA1
DCCV_TITGODABIT,1.0,13,EDU_LEV_MAIN_EARN,CL_TITOLO_STUDIO
DCCV_TITGODABIT,1.0,14,LABPROF_STATUS_C_MAIN_EARNER,CL_CONDIZIONE_DICH2
DCCV_TITGODABIT167045,1.0,1,FREQ,CL_FREQ
DCCV_TITGODABIT167045,1.0,2,REF_AREA,CL_ITTER107
DCCV_TITGODABIT167045,1.0,3,DATA_TYPE,CL_TIPO_DATO8
DCCV_TITGODABIT167045,1.0,4,MEASURE,CL_MISURA1
DCCV_TITGODABIT167045,1.0,5,TENURE_STATUS,CL_ABITAZ_TITGOD
DCCV_TITGODABIT167045,1.0,6,FIFTH_EQUIV_HOUSE_INC,CL_QUINTO
DCCV_TITGODABIT424707,1.0,1,FREQ,CL_FREQ
DCCV_TITGODABIT424707,1.0,2,REF_AREA,CL_ITTER107
DCCV_TITGODABIT424707,1.0,3,DATA_TYPE,CL_TIPO_DATO8
DCCV_TITGODABIT424707,1.0,4,MEASURE,CL_MISURA1
DCCV_TITGODABIT424707,1.0,5,TENURE_STATUS,CL_ABITAZ_TITGOD
DCCV_TITGODABIT424707,1.0,6,SEX_MAIN_PERCEPTOR,CL_SEXISTAT1
DCCV_TITGODABIT424707,1.0,7,AGE_MAIN_EARNIER,CL_ETA1
DCCV_TITGODABIT441142,1.0,1,FREQ,CL_FREQ
DCCV_TITGODABIT441142,1.0,2,REF_AREA,CL_ITTER107
DCCV_TITGODABIT441142,1.0,3,DATA_TYPE,CL_TIPO_DATO8
DCCV_TITGODABIT441142,1.0,4,MEASURE,CL_MISURA1
DCCV_TITGODABIT441142,1.0,5,TENURE_STATUS,CL_ABITAZ_TITGOD
DCCV_TITGODABIT441142,1.0,6,EDU_LEV_MAIN_EARN,CL_TITOLO_STUDIO
DCCV_TITGODABIT441142,1.0,7,LABPROF_STATUS_C_MAIN_EARNER,CL_CONDIZIONE_DICH2
DCCV_TITGODABIT569443,1.0,1,FREQ,CL_FREQ
DCCV_TITGODABIT569443,1.0,2,REF_AREA,CL_ITTER107
DCCV_TITGODABIT569443,1.0,3,DATA_TYPE,CL_TIPO_DATO8
DCCV_TITGODABIT569443,1.0,4,MEASURE,CL_MISURA1
DCCV_TITGODABIT569443,1.0,5,TENURE_STATUS,CL_ABITAZ_TITGOD
DCCV_TITGODABIT569443,1.0,6,NUMBER_HOUSEHOLD_COMP,CL_NUMERO_COMPONENTI
DCCV_TITGODABIT569443,1.0,7,HOUSEHOLD_TYPOLOGY,CL_TIPOLOGIA_FAMILIARE1
DCCV_TITGODABIT782980,1.0,1,FREQ,CL_FREQ
DCCV_TITGODABIT782980,1.0,2,REF_AREA,CL_ITTER107
DCCV_TITGODABIT782980,1.0,3,DATA_TYPE,CL_TIPO_DATO8
DCCV_TITGODABIT782980,1.0,4,MEASURE,CL_MISURA1
DCCV_TITGODABIT782980,1.0,5,TENURE_STATUS,CL_ABITAZ_TITGOD
DCCV_TITGODABIT782980,1.0,6,NUMB_OF_CHILDREN,CL_TIPOLOGIA_FAM_MINORI
DCCV_TITGODABIT782980,1.0,7,NUMB_OF_ELDERLY,CL_TIPOLOGIA_FAM_ANZIANI
DCCV_TITGODABIT879079,1.0,1,FREQ,CL_FREQ
DCCV_TITGODABIT879079,1.0,2,REF_AREA,CL_ITTER107
DCCV_TITGODABIT879079,1.0,3,DATA_TYPE,CL_TIPO_DATO8
DCCV_TITGODABIT879079,1.0,4,MEASURE,CL_MISURA1
DCCV_TITGODABIT879079,1.0,5,TENURE_STATUS,CL_ABITAZ_TITGOD
DCCV_TRANSIZ_DOTT_DEM,1.0,1,FREQ,CL_FREQ
DCCV_TRANSIZ_DOTT_DEM,1.0,2,REF_AREA,CL_ITTER107
DCCV_TRANSIZ_DOTT_DEM,1.0,3,DATA_TYPE,CL_TIPO_DATO39
DCCV_TRANSIZ_DOTT_DEM,1.0,4,SEX,CL_SEXISTAT1
DCCV_TRANSIZ_DOTT_DEM,1.0,5,CITIZENSHIP,CL_CITTADINANZA
DCCV_TRANSIZ_DOTT_DEM,1.0,6,AGE,CL_ETA1
DCCV_TRANSIZ_DOTT_DEM,1.0,7,MARITAL_STATUS,CL_STATCIV2
DCCV_TRANSIZ_DOTT_DEM,1.0,8,YEAR_EDUC_ATTAINEM,CL_T_BIS
DCCV_TRANSIZ_DOTT_DEM,1.0,9,Y_PROG_COMP_WITHIN_LEGAL,CL_SI_NO
DCCV_TRANSIZ_DOTT_DEM,1.0,10,FIELD_STUDY,CL_AREADIDATTICA
DCCV_TRANSIZ_DOTT_DEM,1.0,11,INCOME_SOURCE_EDUCATION,CL_FINANZIAMENTO
DCCV_TRANSIZ_DOTT_DEM,1.0,12,EDU_LEV_FATHER,CL_TITOLO_STUDIO
DCCV_TRANSIZ_DOTT_DEM,1.0,13,EDU_LEV_MOTHER,CL_TITOLO_STUDIO
DCCV_TRANSIZ_DOTT_MOBILITA,1.0,1,FREQ,CL_FREQ
DCCV_TRANSIZ_DOTT_MOBILITA,1.0,2,REF_AREA,CL_ITTER107
DCCV_TRANSIZ_DOTT_MOBILITA,1.0,3,DATA_TYPE,CL_TIPO_DATO39
DCCV_TRANSIZ_DOTT_MOBILITA,1.0,4,SEX,CL_SEXISTAT1
DCCV_TRANSIZ_DOTT_MOBILITA,1.0,5,YEAR_EDUC_ATTAINEM,CL_T_BIS
DCCV_TRANSIZ_DOTT_MOBILITA,1.0,6,Y_TIMES_SPENT_ABROAD,CL_SI_NO_AZ
DCCV_TRANSIZ_DOTT_MOBILITA,1.0,7,Y_EMPLOYED,CL_SI_NO
DCCV_TRANSIZ_DOTT_MOBILITA,1.0,8,FIELD_STUDY,CL_AREADIDATTICA
DCCV_TRANSIZ_DOTT_MOBILITA,1.0,9,Y_INTNTION_LEAVING_IT,CL_SI_NO_AZ
DCCV_TRANSIZ_DOTT_OCCUPAZ,1.0,1,FREQ,CL_FREQ
DCCV_TRANSIZ_DOTT_OCCUPAZ,1.0,2,REF_AREA,CL_ITTER107
DCCV_TRANSIZ_DOTT_OCCUPAZ,1.0,3,DATA_TYPE,CL_TIPO_DATO39
DCCV_TRANSIZ_DOTT_OCCUPAZ,1.0,4,SEX,CL_SEXISTAT1
DCCV_TRANSIZ_DOTT_OCCUPAZ,1.0,5,RESIDENCE_TERR,CL_ITTER107
DCCV_TRANSIZ_DOTT_OCCUPAZ,1.0,6,YEAR_EDUC_ATTAINEM,CL_T_BIS
DCCV_TRANSIZ_DOTT_OCCUPAZ,1.0,7,FIELD_STUDY,CL_AREADIDATTICA
DCCV_TRANSIZ_DOTT_OCCUPAZ,1.0,8,LABPROF_STATUS_E,CL_CONDIZIONE_DICH3
DCCV_TRANSIZ_DOTT_OCCUPAZ,1.0,9,LABPROF_STATUS_D,CL_POSIZPROF
DCCV_TRANSIZ_DOTT_OCCUPAZ,1.0,10,EMPLOY_SECTOR_PUBPRIV,CL_SETTORE
DCCV_TRANSIZ_DOTT_OCCUPAZ,1.0,11,ECON_ACTIVITY_NACE_2007,CL_ATECO_2007
DCCV_TRANSIZ_DOTT_OCCUPAZ,1.0,12,PROFESSIONE,CL_PROFESSIONE1
DCCV_TRANSIZ_DOTT_OCCUPAZ,1.0,13,Y_ATTAINMENT_NECESSARY,CL_SI_NO
DCCV_TRANSIZ_DOTT_OCCUPAZ,1.0,14,RESEARCH_DEVELOPMENT_ACTIVITIES,CL_GRADI_GIUDIZIO1
DCCV_TRANSIZ_DOTT_REDDITO,1.0,1,FREQ,CL_FREQ
DCCV_TRANSIZ_DOTT_REDDITO,1.0,2,REF_AREA,CL_ITTER107
DCCV_TRANSIZ_DOTT_REDDITO,1.0,3,DATA_TYPE,CL_TIPO_DATO39
DCCV_TRANSIZ_DOTT_REDDITO,1.0,4,SEX,CL_SEXISTAT1
DCCV_TRANSIZ_DOTT_REDDITO,1.0,5,RESIDENCE_TERR,CL_ITTER107
DCCV_TRANSIZ_DOTT_REDDITO,1.0,6,YEAR_EDUC_ATTAINEM,CL_T_BIS
DCCV_TRANSIZ_DOTT_REDDITO,1.0,7,FIELD_STUDY,CL_AREADIDATTICA
DCCV_TRANSIZ_DOTT_REDDITO,1.0,8,LABPROF_STATUS_D,CL_POSIZPROF
DCCV_TRANSIZ_DOTT_REDDITO,1.0,9,HOURS_WORKED_PER_WEEK,CL_NUMEROSITA
DCCV_TRANSIZ_DOTT_SODDIS,1.0,1,FREQ,CL_FREQ
DCCV_TRANSIZ_DOTT_SODDIS,1.0,2,REF_AREA,CL_ITTER107
DCCV_TRANSIZ_DOTT_SODDIS,1.0,3,DATA_TYPE,CL_TIPO_DATO39
DCCV_TRANSIZ_DOTT_SODDIS,1.0,4,YEAR_EDUC_ATTAINEM,CL_T_BIS
DCCV_TRANSIZ_DOTT_SODDIS,1.0,5,SEX,CL_SEXISTAT1
DCCV_TRANSIZ_DOTT_SODDIS,1.0,6,LABPROF_STATUS_E_CURRENT,CL_CONDIZIONE_DICH3
DCCV_TRANSIZ_DOTT_SODDIS,1.0,7,LABPROF_STATUS_D_CURRENT,CL_POSIZPROF
DCCV_TRANSIZ_DOTT_SODDIS,1.0,8,Y_EDUCATION_ENROLMENT,CL_SI_NO
DCCV_TRANSIZ_DOTT_SODDIS,1.0,9,LABPROF_STATUS_D_DESIRED,CL_POSIZPROF
DCCV_TRANSIZ_DOTT_SODDIS,1.0,10,FULL_PART_TIME_PREF,CL_REGIME_ORARIO
DCCV_TRANSIZ_DOTT_SODDIS,1.0,11,Y_RESERCH_EMPLOY_PREFER,CL_SI_NO
DCCV_TRANSIZ_DOTT_SODDIS,1.0,12,PREFERR_WORK_TERR,CL_PROV_DEST_Z
DCCV_TRASPRIV,1.0,1,FREQ,CL_FREQ
DCCV_TRASPRIV,1.0,2,REF_AREA,CL_ITTER107
DCCV_TRASPRIV,1.0,3,DATA_TYPE,CL_TIPO_DATO4
DCCV_TRASPRIV,1.0,4,MEASURE,CL_MISURA1
DCCV_TRASPRIV,1.0,5,VEHICLE_TYPE,CL_CATEGVEICOLI
DCCV_TRASPUB,1.0,1,FREQ,CL_FREQ
DCCV_TRASPUB,1.0,2,REF_AREA,CL_ITTER107
DCCV_TRASPUB,1.0,3,DATA_TYPE,CL_TIPO_DATO4
DCCV_TRASPUB,1.0,4,MEASURE,CL_MISURA1
DCCV_TURANN_NO_TURAN_CAPI,1.0,1,FREQ,CL_FREQ
DCCV_TURANN_NO_TURAN_CAPI,1.0,2,RESIDENCE_TERR,CL_ITTER107
DCCV_TURANN_NO_TURAN_CAPI,1.0,3,DATA_TYPE,CL_TIPO_DATO_VIAGGI
DCCV_TURANN_NO_TURAN_CAPI,1.0,4,AREA_DESTINATION,CL_PROV_DEST_Z
DCCV_TURANN_NO_TURAN_CAPI,1.0,5,TYPE_TRIP,CL_TIPO_VIAGGIO2
DCCV_TURANN_NO_TURAN_CAPI,1.0,6,REASONS_NO_HOLIDAYS,CL_TIPO_MOTIVO1
DCCV_TURANN_NO_TURAN_CAPI,1.0,7,SEX,CL_SEXISTAT1
DCCV_TURANN_NO_TURAN_CAPI,1.0,8,AGE,CL_ETA1
DCCV_TURISTI,1.0,1,FREQ,CL_FREQ
DCCV_TURISTI,1.0,2,REF_AREA,CL_ITTER107
DCCV_TURISTI,1.0,3,DATA_TYPE,CL_TIPO_DATO_VIAGGI
DCCV_TURISTI,1.0,4,DESTINATION,CL_ISO
DCCV_TURISTI,1.0,5,TYPE_TRIP,CL_TIPO_VIAGGIO2
DCCV_TURISTI,1.0,6,SEX,CL_SEXISTAT1
DCCV_TURISTI,1.0,7,AGE,CL_ETA1
DCCV_TURISTI,1.0,8,LABPROF_STATUS_C,CL_CONDIZIONE_DICH
DCCV_TURISTI_CAPI,1.0,1,FREQ,CL_FREQ
DCCV_TURISTI_CAPI,1.0,2,RESIDENCE_TERR,CL_ITTER107
DCCV_TURISTI_CAPI,1.0,3,DATA_TYPE,CL_TIPO_DATO_VIAGGI
DCCV_TURISTI_CAPI,1.0,4,AREA_DESTINATION,CL_PROV_DEST_Z
DCCV_TURISTI_CAPI,1.0,5,TYPE_TRIP,CL_TIPO_VIAGGIO2
DCCV_TURISTI_CAPI,1.0,6,SEX,CL_SEXISTAT1
DCCV_TURISTI_CAPI,1.0,7,AGE,CL_ETA1
DCCV_TURISTI_CAPI,1.0,8,LABPROF_STATUS_C,CL_CONDIZIONE_DICH2
DCCV_TURNOT,1.0,1,FREQ,CL_FREQ
DCCV_TURNOT,1.0,2,REF_AREA,CL_ITTER107
DCCV_TURNOT,1.0,3,DATA_TYPE,CL_TIPO_DATO_VIAGGI
DCCV_TURNOT,1.0,4,DESTINATION,CL_ISO
DCCV_TURNOT,1.0,5,TYPE_TRIP,CL_TIPO_VIAGGIO2
DCCV_TURNOT,1.0,6,TYPE_ACCOMMODATION,CL_TIPO_ALLOGGIO
DCCV_TURNOT,1.0,7,SEX,CL_SEXISTAT1
DCCV_TURNOT,1.0,8,AGE,CL_ETA1
DCCV_TURNOT,1.0,9,LABPROF_STATUS_C,CL_CONDIZIONE_DICH
DCCV_TURNOT_CAPI,1.0,1,FREQ,CL_FREQ
DCCV_TURNOT_CAPI,1.0,2,RESIDENCE_TERR,CL_ITTER107
DCCV_TURNOT_CAPI,1.0,3,DATA_TYPE,CL_TIPO_DATO_VIAGGI
DCCV_TURNOT_CAPI,1.0,4,MAIN_DESTINATION,CL_ISO
DCCV_TURNOT_CAPI,1.0,5,TYPE_TRIP,CL_TIPO_VIAGGIO2
DCCV_TURNOT_CAPI,1.0,6,MAIN_TYPE_ACCOMMODATION,CL_TIPO_ALLOGGIO
DCCV_TURNOT_CAPI,1.0,7,SEX,CL_SEXISTAT1
DCCV_TURNOT_CAPI,1.0,8,AGE,CL_ETA1
DCCV_TURNOT_CAPI,1.0,9,LABPROF_STATUS_C,CL_CONDIZIONE_DICH2
DCCV_TUR_RIC_CAPI,1.0,1,FREQ,CL_FREQ
DCCV_TUR_RIC_CAPI,1.0,2,RESIDENCE_TERR,CL_ITTER107
DCCV_TUR_RIC_CAPI,1.0,3,DATA_TYPE,CL_TIPO_DATO_VIAGGI
DCCV_TUR_RIC_CAPI,1.0,4,TYPE_TRIP,CL_TIPO_VIAGGIO2
DCCV_URBANENV,1.0,1,FREQ,CL_FREQ
DCCV_URBANENV,1.0,2,REF_AREA,CL_ITTER107
DCCV_URBANENV,1.0,3,DATA_TYPE,CL_TIPO_DATO_AMB
DCCV_VERDURB,1.0,1,FREQ,CL_FREQ
DCCV_VERDURB,1.0,2,REF_AREA,CL_ITTER107
DCCV_VERDURB,1.0,3,DATA_TYPE,CL_TIPO_DATO4
DCCV_VIAGGI,1.0,1,FREQ,CL_FREQ
DCCV_VIAGGI,1.0,2,REF_AREA,CL_ITTER107
DCCV_VIAGGI,1.0,3,DATA_TYPE,CL_TIPO_DATO_VIAGGI
DCCV_VIAGGI,1.0,4,TYPE_TRIP,CL_TIPO_VIAGGIO2
DCCV_VIAGGI,1.0,5,DESTINATION,CL_ISO
DCCV_VIAGGI,1.0,6,MAIN_PURPOSE_TRIP,CL_MOTIVO_VIAGGIO
DCCV_VIAGGI,1.0,7,TYPE_DESTINATION,CL_DESTINAZIONE
DCCV_VIAGGI_CAPI,1.0,1,FREQ,CL_FREQ
DCCV_VIAGGI_CAPI,1.0,2,RESIDENCE_TERR,CL_ITTER107
DCCV_VIAGGI_CAPI,1.0,3,DATA_TYPE,CL_TIPO_DATO_VIAGGI
DCCV_VIAGGI_CAPI,1.0,4,MAIN_DESTINATION,CL_ISO
DCCV_VIAGGI_CAPI,1.0,5,TYPE_TRIP,CL_TIPO_VIAGGIO2
DCCV_VIAGGI_CAPI,1.0,6,MAIN_PURPOSE_TRIP,CL_MOTIVO_VIAGGIO
DCCV_VIAGGI_CAPI,1.0,7,TYPE_DESTINATION,CL_DESTINAZIONE
DCCV_VIAGGI_CAPI_2,1.0,1,FREQ,CL_FREQ
DCCV_VIAGGI_CAPI_2,1.0,2,RESIDENCE_TERR,CL_ITTER107
DCCV_VIAGGI_CAPI_2,1.0,3,DATA_TYPE,CL_TIPO_DATO_VIAGGI
DCCV_VIAGGI_CAPI_2,1.0,4,MAIN_DESTINATION,CL_ISO
DCCV_VIAGGI_CAPI_2,1.0,5,TYPE_TRIP,CL_TIPO_VIAGGIO2
DCCV_VIAGGI_CAPI_2,1.0,6,MAIN_PURPOSE_TRIP,CL_MOTIVO_VIAGGIO
DCCV_VIAGGI_CAPI_2,1.0,7,TYPE_DESTINATION,CL_DESTINAZIONE
DCCV_VIAGGI_CAPI_2,1.0,8,TYPE_CULTURAL_ACTIVITY,CL_MOTIVO_VIAGGIO
DCCV_VIAGGI_CHARACT,1.0,1,FREQ,CL_FREQ
DCCV_VIAGGI_CHARACT,1.0,2,REF_AREA,CL_ITTER107
DCCV_VIAGGI_CHARACT,1.0,3,DATA_TYPE,CL_TIPO_DATO_VIAGGI
DCCV_VIAGGI_CHARACT,1.0,4,DESTINATION,CL_ISO
DCCV_VIAGGI_CHARACT,1.0,5,TYPE_TRIP,CL_TIPO_VIAGGIO2
DCCV_VIAGGI_CHARACT,1.0,6,TYPE_ACCOMMODATION,CL_TIPO_ALLOGGIO
DCCV_VIAGGI_CHARACT,1.0,7,YEAR_STARTING,CL_T_BIS
DCCV_VIAGGI_CHARACT,1.0,8,STARTING_MONTH,CL_T_BIS
DCCV_VIAGGI_CHARACT,1.0,9,RESERVATION_TYPE,CL_ORGANIZZAZIONE
DCCV_VIAGGI_CHARACT,1.0,10,TYPE_ACCOMMODATION_BOOKING,CL_ORGANIZZAZIONE
DCCV_VIAGGI_CHARACT,1.0,11,TYPE_TRANSPORT_BOOKING,CL_ORGANIZZAZIONE
DCCV_VIAGGI_CHARACT,1.0,12,BOOKING_INTERNET,CL_PRENOTAZIONI
DCCV_VIAGGI_CHARACT,1.0,13,TRASPORT_MEANS,CL_LUOGO
DCCV_VIAGGI_CHARACT_CAPI,1.0,1,FREQ,CL_FREQ
DCCV_VIAGGI_CHARACT_CAPI,1.0,2,RESIDENCE_TERR,CL_ITTER107
DCCV_VIAGGI_CHARACT_CAPI,1.0,3,DATA_TYPE,CL_TIPO_DATO_VIAGGI
DCCV_VIAGGI_CHARACT_CAPI,1.0,4,MAIN_DESTINATION,CL_ISO
DCCV_VIAGGI_CHARACT_CAPI,1.0,5,TYPE_TRIP,CL_TIPO_VIAGGIO2
DCCV_VIAGGI_CHARACT_CAPI,1.0,6,MAIN_TYPE_ACCOMMODATION,CL_TIPO_ALLOGGIO
DCCV_VIAGGI_CHARACT_CAPI,1.0,7,STARTING_MONTH,CL_T_BIS
DCCV_VIAGGI_CHARACT_CAPI,1.0,8,RESERVATION_TYPE,CL_ORGANIZZAZIONE
DCCV_VIAGGI_CHARACT_CAPI,1.0,9,TYPE_ACCOMMODATION_BOOKING,CL_ORGANIZZAZIONE
DCCV_VIAGGI_CHARACT_CAPI,1.0,10,TYPE_TRANSPORT_BOOKING,CL_ORGANIZZAZIONE
DCCV_VIAGGI_CHARACT_CAPI,1.0,11,BOOKING_INTERNET,CL_PRENOTAZIONI
DCCV_VIAGGI_CHARACT_CAPI,1.0,12,MEAN_TRANSPORT_MEANS,CL_TIPO_MEZZOTRASP1
DCCV_VIAGGI_ORG,1.0,1,FREQ,CL_FREQ
DCCV_VIAGGI_ORG,1.0,2,RESIDENCE_TERR,CL_ITTER107
DCCV_VIAGGI_ORG,1.0,3,DATA_TYPE,CL_TIPO_DATO_VIAGGI
DCCV_VIAGGI_ORG,1.0,4,TYPE_TRIP,CL_TIPO_VIAGGIO2
DCCV_VIAGGI_ORG,1.0,5,TYPE_ACCOMMODATION_BOOKING,CL_ORGANIZZAZIONE
DCCV_VIAGGI_ORG,1.0,6,TYPE_TRANSPORT_BOOKING,CL_ORGANIZZAZIONE
DCCV_VIAGGI_ORG,1.0,7,BOOKING_INTERNET,CL_PRENOTAZIONI
DCCV_VIAGGI_ORG,1.0,8,Y_ACCOMMODATION_BOOKING_INTERNET,CL_SI_NO
DCCV_VIAGGI_ORG,1.0,9,Y_TRANSPORT_BOOKING_INTERNET,CL_SI_NO
DCCV_VIAGGI_RES,1.0,1,FREQ,CL_FREQ
DCCV_VIAGGI_RES,1.0,2,REF_AREA,CL_ITTER107
DCCV_VIAGGI_RES,1.0,3,DATA_TYPE,CL_TIPO_DATO_VIAGGI
DCCV_VIAGGI_RES,1.0,4,DESTINATION,CL_ISO
DCCV_VIAGGI_RES,1.0,5,TYPE_TRIP,CL_TIPO_VIAGGIO2
DCCV_VIAGGI_RES,1.0,6,TYPE_ACCOMMODATION,CL_TIPO_ALLOGGIO
DCCV_VIAGGI_RES,1.0,7,TRASPORT_MEANS,CL_LUOGO
DCCV_VIAGGI_RES,1.0,8,SEX,CL_SEXISTAT1
DCCV_VIAGGI_RES,1.0,9,AGE,CL_ETA1
DCCV_VIAGGI_RES,1.0,10,LABPROF_STATUS_C,CL_CONDIZIONE_DICH
DCCV_VIAGGI_RES_CAPI,1.0,1,FREQ,CL_FREQ
DCCV_VIAGGI_RES_CAPI,1.0,2,RESIDENCE_TERR,CL_ITTER107
DCCV_VIAGGI_RES_CAPI,1.0,3,DATA_TYPE,CL_TIPO_DATO_VIAGGI
DCCV_VIAGGI_RES_CAPI,1.0,4,MAIN_DESTINATION,CL_ISO
DCCV_VIAGGI_RES_CAPI,1.0,5,TYPE_TRIP,CL_TIPO_VIAGGIO2
DCCV_VIAGGI_RES_CAPI,1.0,6,MAIN_TYPE_ACCOMMODATION,CL_TIPO_ALLOGGIO
DCCV_VIAGGI_RES_CAPI,1.0,7,MEAN_TRANSPORT_MEANS,CL_TIPO_MEZZOTRASP1
DCCV_VIAGGI_RES_CAPI,1.0,8,SEX,CL_SEXISTAT1
DCCV_VIAGGI_RES_CAPI,1.0,9,AGE,CL_ETA1
DCCV_VIAGGI_RES_CAPI,1.0,10,LABPROF_STATUS_C,CL_CONDIZIONE_DICH2
DCCV_VIAGGI_SPESE_CAPI,1.0,1,FREQ,CL_FREQ
DCCV_VIAGGI_SPESE_CAPI,1.0,2,RESIDENCE_TERR,CL_ITTER107
DCCV_VIAGGI_SPESE_CAPI,1.0,3,DATA_TYPE,CL_TIPO_DATO_VIAGGI
DCCV_VIAGGI_SPESE_CAPI,1.0,4,TYPE_TRIP,CL_TIPO_VIAGGIO2
DCCV_VIAGGI_SPESE_CAPI,1.0,5,MAIN_DESTINATION,CL_ISO
DCCV_VIAGGI_SPESE_CAPI,1.0,6,MAIN_TYPE_ACCOMMODATION,CL_TIPO_ALLOGGIO
DCCV_VIOL_CARAT,1.0,1,FREQ,CL_FREQ
DCCV_VIOL_CARAT,1.0,2,REF_AREA,CL_ITTER107
DCCV_VIOL_CARAT,1.0,3,DATA_TYPE,CL_TIPO_DATO_VIOLENZA
DCCV_VIOL_CARAT,1.0,4,PERPETRATOR,CL_TIPOAUT
DCCV_VIOL_CARAT,1.0,5,TYPE_VIOLENCE,CL_TIPOVIOLENZA
DCCV_VIOL_CARAT,1.0,6,CITIZENSHIP_WOMAN,CL_CITTADINANZA
DCCV_VIOL_CARAT,1.0,7,AGE_WOMAN,CL_ETA1
DCCV_VIOL_CARAT,1.0,8,MARITAL_STATUS_WOMAN,CL_STATCIV2
DCCV_VIOL_CARAT,1.0,9,EDU_LEV_WOMAN,CL_TITOLO_STUDIO
DCCV_VIOL_CARAT,1.0,10,LABPROF_STATUS_D_WOMAN,CL_CONDIZIONE_DICH4
DCCV_VIOL_CARAT,1.0,11,MAIN_SOURCE_INCOME,CL_REDPRINC1
DCCV_VIOL_CARAT,1.0,12,ACTIVITY_LIMITATION_6M,CL_STATI_MORBOSI
DCCV_VIOL_CARAT,1.0,13,LEISURE_ACTIVITIES,CL_TIPO_ATTIVITA
DCCV_VIOL_CARAT,1.0,14,FREQUENCY_ACTIVITY,CL_FREQUENZA2
DCCV_VIOL_CARAT,1.0,15,SOCIAL_SUPPORT,CL_RETESUPP
DCIS_ABORTISPONTL,1.0,1,FREQ,CL_FREQ
DCIS_ABORTISPONTL,1.0,2,REF_AREA,CL_ITTER107
DCIS_ABORTISPONTL,1.0,3,DATA_TYPE,CL_TIPO_DATO14
DCIS_ABORTISPONTL,1.0,4,AGE,CL_ETA1
DCIS_ABORTISPONTL,1.0,5,TYPE_INTERVENTION,CL_TIPOINT
DCIS_ABORTISPONTL,1.0,6,ANALGESIC_THERAPY,CL_TERANT
DCIS_ABORTISPONTL,1.0,7,COMPLICATION,CL_COMPL
DCIS_ABORTISPONTL,1.0,8,PLACE_MISCARRIAGE,CL_LUOGOEVENTO
DCIS_ABORTISPONTL,1.0,9,CITIZENSHIP,CL_ISO
DCIS_ABORTISPONTL,1.0,10,WEEKS_OF_AMENORRHEA,CL_DURATA
DCIS_ABORTISPONTL,1.0,11,Y_ART_REPROD_TECHNIQUES,CL_SI_NO
DCIS_ABORTISPONTL,1.0,12,METHOD_ARTIF_REPRODUCTIVE,CL_PMA
DCIS_ABORTISPONTL,1.0,13,RESIDENCE_TERR,CL_ITTER107
DCIS_ABORTISPONTN,1.0,1,FREQ,CL_FREQ
DCIS_ABORTISPONTN,1.0,2,REF_AREA,CL_ITTER107
DCIS_ABORTISPONTN,1.0,3,DATA_TYPE,CL_TIPO_DATO14
DCIS_ABORTISPONTN,1.0,4,AGE,CL_ETA1
DCIS_ABORTISPONTR,1.0,1,FREQ,CL_FREQ
DCIS_ABORTISPONTR,1.0,2,REF_AREA,CL_ITTER107
DCIS_ABORTISPONTR,1.0,3,DATA_TYPE,CL_TIPO_DATO14
DCIS_ABORTISPONTR,1.0,4,AGE,CL_ETA1
DCIS_ABORTISPONTR,1.0,5,MARITAL_STATUS,CL_STATCIV2
DCIS_ABORTISPONTR,1.0,6,EDU_LEV_HIGHEST,CL_TITOLO_STUDIO
DCIS_ABORTISPONTR,1.0,7,LABPROF_STATUS_A,CL_CONDIZIONE_DICH
DCIS_ABORTISPONTR,1.0,8,WOMAN_REPRODUCTIVE_HIST,CL_STRIPRODUTTIVA
DCIS_ABORTISPONTR,1.0,9,NUMBER_OF_CASES,CL_NUMEROSITA
DCIS_ABORTISPONTR,1.0,10,WEEKS_OF_AMENORRHEA,CL_DURATA
DCIS_ABORTISPONTR,1.0,11,Y_ART_REPROD_TECHNIQUES,CL_SI_NO
DCIS_ABORTISPONTR,1.0,12,METHOD_ARTIF_REPRODUCTIVE,CL_PMA
DCIS_ACQCITIZ,1.0,1,FREQ,CL_FREQ
DCIS_ACQCITIZ,1.0,2,REF_AREA,CL_ITTER107
DCIS_ACQCITIZ,1.0,3,DATA_TYPE,CL_TIPO_DATO15
DCIS_ACQCITIZ,1.0,4,SEX,CL_SEXISTAT1
DCIS_ACQCITIZ,1.0,5,MOSTREL_CCITENSHIP,CL_ISO
DCIS_ACQCITIZ,1.0,6,ACQUISITION_PROCESS,CL_MODACQ
DCIS_ACQCITIZ,1.0,7,AGE,CL_ETA1
DCIS_ALUNNIDIS,1.0,1,FREQ,CL_FREQ
DCIS_ALUNNIDIS,1.0,2,REF_AREA,CL_ITTER107
DCIS_ALUNNIDIS,1.0,3,SCHOOL_LEVEL,CL_ORDINESCOL
DCIS_ALUNNIDIS,1.0,4,TYPE_DISABILITIES,CL_TIPDISABILITA
DCIS_ARCHIVIST,1.0,1,FREQ,CL_FREQ
DCIS_ARCHIVIST,1.0,2,REF_AREA,CL_ITTER107
DCIS_ARCHIVIST,1.0,3,DATA_TYPE,CL_TIPO_DATO30
DCIS_ARCHIVIST,1.0,4,TYPE_CULTURAL_ACTIVITY,CL_ATTIVCULTURALE
DCIS_ARCHIVIST,1.0,5,TYPE_ROOM,CL_LOCALE
DCIS_ARCHIVIST,1.0,6,TYPE_DOCUMENT,CL_MATERIALE_ARCHIV
DCIS_ARCHIVIST,1.0,7,PURPOSE_VISIT,CL_MOTIVO_UTENZA
DCIS_ARCHIVIST,1.0,8,TYPE_RESEARCH,CL_RICERCA
DCIS_ARCHIVIST,1.0,9,Y_RESEARCH_FOR_STUDY,CL_SI_NO
DCIS_ARCH_FEC,1.0,1,FREQ,CL_FREQ
DCIS_ARCH_FEC,1.0,2,RESIDENCE_TERR,CL_ITTER107
DCIS_ARCH_FEC,1.0,3,DATA_TYPE,CL_TIPO_DATO15
DCIS_ARCH_FEC,1.0,4,MOTHER_AGE,CL_ETA1
DCIS_ARCH_FEC,1.0,5,BIRTH_ORDER,CL_N_ORDINALI
DCIS_ARCH_FEC,1.0,6,YEAR_BIRTH_MOTHER,CL_T_BIS
DCIS_ARCH_FEC,1.0,7,YEAR_EVENT,CL_T_BIS
DCIS_ASSBASE,1.0,1,FREQ,CL_FREQ
DCIS_ASSBASE,1.0,2,REF_AREA,CL_ITTER107
DCIS_ASSBASE,1.0,3,DATA_TYPE,CL_TIPO_DATO14
DCIS_ASSB_SSDISTR,1.0,1,FREQ,CL_FREQ
DCIS_ASSB_SSDISTR,1.0,2,REF_AREA,CL_ITTER107
DCIS_ASSB_SSDISTR,1.0,3,DATA_TYPE,CL_TIPO_DATO14
DCIS_ASSB_SSDISTR,1.0,4,FACILITY_TYPE,CL_ISTITUTO_SAN
DCIS_ASSIDOM,1.0,1,FREQ,CL_FREQ
DCIS_ASSIDOM,1.0,2,REF_AREA,CL_ITTER107
DCIS_ASSIDOM,1.0,3,CATEG_OF_BENEFICIARIES,CL_AREEUTDOM
DCIS_ASSIDOM,1.0,4,TYPE_OF_HELP_SERVICES,CL_TIPASSISTDOM
DCIS_ASSIDOM,1.0,5,DATA_TYPE,CL_TIPINDASSDOM
DCIS_BIBLIOT,1.0,1,FREQ,CL_FREQ
DCIS_BIBLIOT,1.0,2,REF_AREA,CL_ITTER107
DCIS_BIBLIOT,1.0,3,DATA_TYPE,CL_TIPO_DATO30
DCIS_BIBLIOT,1.0,4,KIND_OF_OWNERSHIP,CL_NATGIUR
DCIS_BIBLIOT,1.0,5,TYPE_USER,CL_TIPUTENZA
DCIS_BIBLIOT,1.0,6,CITIZENSHIP,CL_CITTADMAD
DCIS_BIBLIOT,1.0,7,LIBRARY_STAFF,CL_FIGPROFES
DCIS_CMORTE1_EV,1.0,1,FREQ,CL_FREQ
DCIS_CMORTE1_EV,1.0,2,REF_AREA,CL_ITTER107
DCIS_CMORTE1_EV,1.0,3,DATA_TYPE,CL_TIPO_DATO15
DCIS_CMORTE1_EV,1.0,4,AGE,CL_ETA1
DCIS_CMORTE1_EV,1.0,5,SEX,CL_SEXISTAT1
DCIS_CMORTE1_EV,1.0,6,MARITAL_STATUS,CL_STATCIV2
DCIS_CMORTE1_EV,1.0,7,EDU_LEV_HIGHEST,CL_TITOLO_STUDIO
DCIS_CMORTE1_EV,1.0,8,MONTH_DEATH,CL_T_BIS
DCIS_CMORTE1_EV,1.0,9,YEAR_BIRTH,CL_T_BIS
DCIS_CMORTE1_EV,1.0,10,AGE_SURV_SPOUSE,CL_ETA1
DCIS_CMORTE1_EV,1.0,11,YEAR_MARRIAGE,CL_T_BIS
DCIS_CMORTE1_EV,1.0,12,CITIZENSHIP,CL_ISO
DCIS_CMORTE1_EV,1.0,13,UNDERLY_DEATH_EUSL,CL_CAUSEMORTE_SL
DCIS_CMORTE1_RES,1.0,1,FREQ,CL_FREQ
DCIS_CMORTE1_RES,1.0,2,REF_AREA,CL_ITTER107
DCIS_CMORTE1_RES,1.0,3,DATA_TYPE,CL_TIPO_DATO15
DCIS_CMORTE1_RES,1.0,4,AGE,CL_ETA1
DCIS_CMORTE1_RES,1.0,5,SEX,CL_SEXISTAT1
DCIS_CMORTE1_RES,1.0,6,MARITAL_STATUS,CL_STATCIV2
DCIS_CMORTE1_RES,1.0,7,EDU_LEV_HIGHEST,CL_TITOLO_STUDIO
DCIS_CMORTE1_RES,1.0,8,MONTH_DEATH,CL_T_BIS
DCIS_CMORTE1_RES,1.0,9,YEAR_BIRTH,CL_T_BIS
DCIS_CMORTE1_RES,1.0,10,AGE_SURV_SPOUSE,CL_ETA1
DCIS_CMORTE1_RES,1.0,11,YEAR_MARRIAGE,CL_T_BIS
DCIS_CMORTE1_RES,1.0,12,CITIZENSHIP,CL_ISO
DCIS_CMORTE1_RES,1.0,13,UNDERLY_DEATH_EUSL,CL_CAUSEMORTE_SL
DCIS_CMORTEINF2,1.0,1,FREQ,CL_FREQ
DCIS_CMORTEINF2,1.0,2,REF_AREA,CL_ITTER107
DCIS_CMORTEINF2,1.0,3,PLACE_TYPE,CL_TIPOITTER
DCIS_CMORTEINF2,1.0,4,DATA_TYPE,CL_TIPO_DATO15
DCIS_CMORTEINF2,1.0,5,AGE,CL_ETA1
DCIS_CMORTEINF2,1.0,6,SEX,CL_SEXISTAT1
DCIS_CMORTEINF2,1.0,7,MONTH_DEATH,CL_T_BIS
DCIS_CMORTEINF2,1.0,8,EDU_LEV_MOTHER,CL_TITOLO_STUDIO
DCIS_CMORTEINF2,1.0,9,FILIATION,CL_FILIAZIONE
DCIS_CMORTEINF2,1.0,10,AGE_MOTHER_GROUP,CL_ETA1
DCIS_CMORTEINF2,1.0,11,CITIZENSHIP_MOTHER,CL_ISO
DCIS_CMORTEINF2,1.0,12,UNDERLY_DEATH_SL_INF,CL_CAUSEMORTE_SL
DCIS_CMORTEINF2_EV,1.0,1,FREQ,CL_FREQ
DCIS_CMORTEINF2_EV,1.0,2,REF_AREA,CL_ITTER107
DCIS_CMORTEINF2_EV,1.0,3,DATA_TYPE,CL_TIPO_DATO15
DCIS_CMORTEINF2_EV,1.0,4,AGE,CL_ETA1
DCIS_CMORTEINF2_EV,1.0,5,SEX,CL_SEXISTAT1
DCIS_CMORTEINF2_EV,1.0,6,MONTH_DEATH,CL_T_BIS
DCIS_CMORTEINF2_EV,1.0,7,EDU_LEV_MOTHER,CL_TITOLO_STUDIO
DCIS_CMORTEINF2_EV,1.0,8,FILIATION,CL_FILIAZIONE
DCIS_CMORTEINF2_EV,1.0,9,AGE_MOTHER_GROUP,CL_ETA1
DCIS_CMORTEINF2_EV,1.0,10,CITIZENSHIP_MOTHER,CL_ISO
DCIS_CMORTEINF2_EV,1.0,11,UNDERLY_DEATH_SL_INF,CL_CAUSEMORTE_SL
DCIS_CMORTEINF2_RES,1.0,1,FREQ,CL_FREQ
DCIS_CMORTEINF2_RES,1.0,2,REF_AREA,CL_ITTER107
DCIS_CMORTEINF2_RES,1.0,3,DATA_TYPE,CL_TIPO_DATO15
DCIS_CMORTEINF2_RES,1.0,4,AGE,CL_ETA1
DCIS_CMORTEINF2_RES,1.0,5,SEX,CL_SEXISTAT1
DCIS_CMORTEINF2_RES,1.0,6,MONTH_DEATH,CL_T_BIS
DCIS_CMORTEINF2_RES,1.0,7,EDU_LEV_MOTHER,CL_TITOLO_STUDIO
DCIS_CMORTEINF2_RES,1.0,8,FILIATION,CL_FILIAZIONE
DCIS_CMORTEINF2_RES,1.0,9,AGE_MOTHER_GROUP,CL_ETA1
DCIS_CMORTEINF2_RES,1.0,10,CITIZENSHIP_MOTHER,CL_ISO
DCIS_CMORTEINF2_RES,1.0,11,UNDERLY_DEATH_SL_INF,CL_CAUSEMORTE_SL
DCIS_CMORTEM,1.0,1,FREQ,CL_FREQ
DCIS_CMORTEM,1.0,2,REF_AREA,CL_ITTER107
DCIS_CMORTEM,1.0,3,DATA_TYPE,CL_TIPO_DATO15
DCIS_CMORTEM,1.0,4,UNDERLY_DEATH_SL_MC,CL_CAUSEMORTE_SL
DCIS_CMORTEM,1.0,5,DEATH_MC,CL_CAUSEMORTE_SL
DCIS_CMORTEM,1.0,6,SEX,CL_SEXISTAT1
DCIS_CMORTEM,1.0,7,NUMBER_OF_PATHOLOGIES,CL_NUMEROSITA
DCIS_CV_STRA,1.0,1,FREQ,CL_FREQ
DCIS_CV_STRA,1.0,2,REF_AREA,CL_ITTER107
DCIS_CV_STRA,1.0,3,DATA_TYPE,CL_TIPO_DATO_CVSTRA
DCIS_CV_STRA,1.0,4,SEX,CL_SEXISTAT1
DCIS_CV_STRA,1.0,5,AGE,CL_ETA1
DCIS_CV_STRA,1.0,6,CITIZENSHIP,CL_ISO
DCIS_CV_STRA,1.0,7,TYPE_OF_COUPLE,CL_COPPIA
DCIS_CV_STRA,1.0,8,HOUSEHOLD_TYPOLOGY,CL_TIP_FAM
DCIS_CV_STRA,1.0,9,PRESENCE_IN_ITALY,CL_PRES_LUOGO
DCIS_CV_STRA,1.0,10,EDU_LEV_HIGHEST,CL_TITOLO_STUDIO
DCIS_CV_STRA,1.0,11,LABOUR_PROFESS_STATUS,CL_CONDIZIONE_DICH4
DCIS_CV_STRA,1.0,12,LANGUAGE,CL_LINGUA
DCIS_CV_STRA,1.0,13,SATISFACTION_LIFE_WORK,CL_SODDISFAZIONE
DCIS_CV_STRA,1.0,14,DISCRIMINATION,CL_DISCRIMINATION
DCIS_DECESSI,1.0,1,FREQ,CL_FREQ
DCIS_DECESSI,1.0,2,REF_AREA,CL_ITTER107
DCIS_DECESSI,1.0,3,DATA_TYPE,CL_TIPO_DATO15
DCIS_DECESSI,1.0,4,SEX,CL_SEXISTAT1
DCIS_DECESSI,1.0,5,AGE,CL_ETA1
DCIS_DECESSI,1.0,6,MARITAL_STATUS,CL_STATCIV2
DCIS_DECESSI,1.0,7,CITIZENSHIP,CL_ISO
DCIS_DECESSI,1.0,8,COUNTRY_BIRTH,CL_PAESI
DCIS_DECESSI,1.0,9,EDU_LEV_HIGHEST,CL_TITOLO_STUDIO
DCIS_DIVFIG,1.0,1,FREQ,CL_FREQ
DCIS_DIVFIG,1.0,2,REF_AREA,CL_ITTER107
DCIS_DIVFIG,1.0,3,DATA_TYPE,CL_TIPO_DATO15
DCIS_DIVFIG,1.0,4,RITE_PROCEED,CL_ESAURIMENTO
DCIS_DIVFIG,1.0,5,PERIOD_SEARATION_FILING,CL_DURATA
DCIS_DIVFIG,1.0,6,TYPE_PROCEED,CL_ESAURIMENTO
DCIS_DIVFIG,1.0,7,Y_CHILDREN_IN_CUSTODY,CL_SI_NO
DCIS_DIVFIG,1.0,8,MARRIAGE_DURATION,CL_DURATA
DCIS_DIVFIG,1.0,9,YEAR_MARRIAGE,CL_T_BIS
DCIS_DIVFIG,1.0,10,NUMBER_OF_CHILDREN,CL_NUMEROSITA
DCIS_DIVFIG,1.0,11,SPOUSE_DIVORCE_PETITION,CL_CONIUGI
DCIS_DIVFIG,1.0,12,TYPE_OF_CUSTODY,CL_AFFIDAMENTO
DCIS_DIVFIG,1.0,13,NUMBER_OF_CHILD_CUSTODY,CL_NUMEROSITA
DCIS_DIVFIG,1.0,14,AGE_CHILDREN_IN_CUSTODY,CL_ETA1
DCIS_DIVFIG1,1.0,1,FREQ,CL_FREQ
DCIS_DIVFIG1,1.0,2,REF_AREA,CL_ITTER107
DCIS_DIVFIG1,1.0,3,DATA_TYPE,CL_TIPO_DATO15
DCIS_DIVFIG1,1.0,4,RITE_PROCEED,CL_ESAURIMENTO
DCIS_DIVFIG1,1.0,5,PERIOD_SEARATION_FILING,CL_DURATA
DCIS_DIVFIG1,1.0,6,TYPE_PROCEED,CL_ESAURIMENTO
DCIS_DIVFIG1,1.0,7,Y_CHILDREN_IN_CUSTODY,CL_SI_NO
DCIS_DIVFIG1,1.0,8,MARRIAGE_DURATION,CL_DURATA
DCIS_DIVFIG1,1.0,9,YEAR_MARRIAGE,CL_T_BIS
DCIS_DIVFIG1,1.0,10,NUMBER_OF_CHILDREN,CL_NUMEROSITA
DCIS_DIVFIG1,1.0,11,SPOUSE_DIVORCE_PETITION,CL_CONIUGI
DCIS_DIVFIG1,1.0,12,TYPE_OF_CUSTODY,CL_AFFIDAMENTO
DCIS_DIVFIG1,1.0,13,NUMBER_OF_CHILD_CUSTODY,CL_NUMEROSITA
DCIS_DIVFIG1,1.0,14,AGE_CHILDREN_IN_CUSTODY,CL_ETA1
DCIS_DIVFIG811599,1.0,1,FREQ,CL_FREQ
DCIS_DIVFIG811599,1.0,2,REF_AREA,CL_ITTER107
DCIS_DIVFIG811599,1.0,3,DATA_TYPE,CL_TIPO_DATO15
DCIS_DIVFIG811599,1.0,4,PERIOD_SEARATION_FILING,CL_DURATA
DCIS_DIVORDEMCONG,1.0,1,FREQ,CL_FREQ
DCIS_DIVORDEMCONG,1.0,2,REF_AREA,CL_ITTER107
DCIS_DIVORDEMCONG,1.0,3,DATA_TYPE,CL_TIPO_DATO15
DCIS_DIVORDEMCONG,1.0,4,HUSBAND_PLACE_BIRTH,CL_ITTER107
DCIS_DIVORDEMCONG,1.0,5,WIFE_PLACE_BIRTH,CL_ITTER107
DCIS_DIVORDEMCONG,1.0,6,HUSBAND_RESID,CL_ITTER107
DCIS_DIVORDEMCONG,1.0,7,WIFE_RESID,CL_ITTER107
DCIS_DIVORDEMCONG,1.0,8,AGE_HUSB_DIVORCE,CL_ETA1
DCIS_DIVORDEMCONG,1.0,9,AGE_WIFE_DIVORCE,CL_ETA1
DCIS_DIVORDEMCONG,1.0,10,AGE_HUSB_MARRIAGE,CL_ETA1
DCIS_DIVORDEMCONG,1.0,11,AGE_WIFE_MARRIEAGE,CL_ETA1
DCIS_DIVORDEMCONG,1.0,12,YEAR_MARRIAGE,CL_T_BIS
DCIS_DIVORDEMCONG1,1.0,1,FREQ,CL_FREQ
DCIS_DIVORDEMCONG1,1.0,2,REF_AREA,CL_ITTER107
DCIS_DIVORDEMCONG1,1.0,3,DATA_TYPE,CL_TIPO_DATO15
DCIS_DIVORDEMCONG1,1.0,4,HUSBAND_PLACE_BIRTH,CL_ITTER107
DCIS_DIVORDEMCONG1,1.0,5,WIFE_PLACE_BIRTH,CL_ITTER107
DCIS_DIVORDEMCONG1,1.0,6,HUSBAND_RESID,CL_ITTER107
DCIS_DIVORDEMCONG1,1.0,7,WIFE_RESID,CL_ITTER107
DCIS_DIVORDEMCONG1,1.0,8,AGE_HUSB_DIVORCE,CL_ETA1
DCIS_DIVORDEMCONG1,1.0,9,AGE_WIFE_DIVORCE,CL_ETA1
DCIS_DIVORDEMCONG1,1.0,10,AGE_HUSB_MARRIAGE,CL_ETA1
DCIS_DIVORDEMCONG1,1.0,11,AGE_WIFE_MARRIEAGE,CL_ETA1
DCIS_DIVORDEMCONG1,1.0,12,YEAR_MARRIAGE,CL_T_BIS
DCIS_DIVORZIND,1.0,1,FREQ,CL_FREQ
DCIS_DIVORZIND,1.0,2,REF_AREA,CL_ITTER107
DCIS_DIVORZIND,1.0,3,DATA_TYPE,CL_TIPO_DATO15
DCIS_DIVORZIND1,1.0,1,FREQ,CL_FREQ
DCIS_DIVORZIND1,1.0,2,REF_AREA,CL_ITTER107
DCIS_DIVORZIND1,1.0,3,DATA_TYPE,CL_TIPO_DATO15
DCIS_DIVSOC,1.0,1,FREQ,CL_FREQ
DCIS_DIVSOC,1.0,2,REF_AREA,CL_ITTER107
DCIS_DIVSOC,1.0,3,DATA_TYPE,CL_TIPO_DATO15
DCIS_DIVSOC,1.0,4,EDU_LEV_HUSBAND,CL_TITOLO_STUDIO
DCIS_DIVSOC,1.0,5,EDU_LEV_WIFE,CL_TITOLO_STUDIO
DCIS_DIVSOC,1.0,6,LABOUR_STATUS_HUSBAND,CL_CONDIZIONE_DICH
DCIS_DIVSOC,1.0,7,LABOUR_STATUS_WIFE,CL_CONDIZIONE_DICH
DCIS_DIVSOC,1.0,8,PROF_STATUS_HUSBAND,CL_PROFILO_PROF
DCIS_DIVSOC,1.0,9,PROF_STATUS_WIFE,CL_PROFILO_PROF
DCIS_DIVSOC1,1.0,1,FREQ,CL_FREQ
DCIS_DIVSOC1,1.0,2,REF_AREA,CL_ITTER107
DCIS_DIVSOC1,1.0,3,DATA_TYPE,CL_TIPO_DATO15
DCIS_DIVSOC1,1.0,4,EDU_LEV_HUSBAND,CL_TITOLO_STUDIO
DCIS_DIVSOC1,1.0,5,EDU_LEV_WIFE,CL_TITOLO_STUDIO
DCIS_DIVSOC1,1.0,6,LABOUR_STATUS_HUSBAND,CL_CONDIZIONE_DICH
DCIS_DIVSOC1,1.0,7,LABOUR_STATUS_WIFE,CL_CONDIZIONE_DICH
DCIS_DIVSOC1,1.0,8,PROF_STATUS_HUSBAND,CL_PROFILO_PROF
DCIS_DIVSOC1,1.0,9,PROF_STATUS_WIFE,CL_PROFILO_PROF
DCIS_DOCENTI,1.0,1,FREQ,CL_FREQ
DCIS_DOCENTI,1.0,2,REF_AREA,CL_ITTER107
DCIS_DOCENTI,1.0,3,DATA_TYPE,CL_TIPO_DATO6
DCIS_DOCENTI,1.0,4,MEASURE,CL_MISURA1
DCIS_DOCENTI,1.0,5,TYPE_UNIV_MANAGEMENT,CL_NATGIUR
DCIS_DOCENTI,1.0,6,FACULTY_TYPE,CL_FACOLTA
DCIS_DOCENTI,1.0,7,SEX,CL_SEXISTAT1
DCIS_DOCENTI,1.0,8,TITLE,CL_DOCENTE_QUALIF
DCIS_DOCENTI1,1.0,1,FREQ,CL_FREQ
DCIS_DOCENTI1,1.0,2,REF_AREA,CL_ITTER107
DCIS_DOCENTI1,1.0,3,DATA_TYPE,CL_TIPO_DATO6
DCIS_DOCENTI1,1.0,4,MEASURE,CL_MISURA1
DCIS_DOCENTI1,1.0,5,TYPE_UNIV_MANAGEMENT,CL_NATGIUR
DCIS_DOCENTI1,1.0,6,ACADEMIC_DISCIPL_AREAS,CL_AREADIDATTICA
DCIS_DOCENTI1,1.0,7,SEX,CL_SEXISTAT1
DCIS_DOCENTI1,1.0,8,TITLE,CL_DOCENTE_QUALIF
DCIS_FECONDITA1,1.1,1,FREQ,CL_FREQ
DCIS_FECONDITA1,1.1,2,REF_AREA,CL_ITTER107
DCIS_FECONDITA1,1.1,3,DATA_TYPE,CL_TIPO_DATO15
DCIS_FECONDITA1,1.1,4,CITIZENSHIP,CL_CITTADINANZA
DCIS_FECONDITA1,1.1,5,MOTHER_AGE,CL_ETA1
DCIS_FORMAZUNIV,1.0,1,FREQ,CL_FREQ
DCIS_FORMAZUNIV,1.0,2,REF_AREA,CL_ITTER107
DCIS_FORMAZUNIV,1.0,3,DATA_TYPE,CL_TIPDATOUNIV
DCIS_FORMAZUNIV,1.0,4,SEX,CL_SEXISTAT1
DCIS_FORMAZUNIV,1.0,5,TYPE_DEGREE_COURSE,CL_TIPCORSOLAUREA
DCIS_FORMAZUNIV,1.0,6,FIELD_STUDY,CL_AREADIDATTICA
DCIS_FORMAZUNIV,1.0,7,RESIDENCE_TERR,CL_ITTER107
DCIS_HEALTH_CARE_WORKF,1.0,1,FREQ,CL_FREQ
DCIS_HEALTH_CARE_WORKF,1.0,2,REF_AREA,CL_ITTER107
DCIS_HEALTH_CARE_WORKF,1.0,3,DATA_TYPE,CL_TIPO_DATO14
DCIS_HEALTH_CARE_WORKF,1.0,4,SEX,CL_SEXISTAT1
DCIS_HEALTH_CARE_WORKF,1.0,5,AGE_CLASS,CL_ETA1
DCIS_HEALTH_CARE_WORKF,1.0,6,HEALTH_PROFESSION,CL_PERSONALE
DCIS_HEALTH_CARE_WORKF,1.0,7,WORK_SECTOR,CL_SETTITOLARE
DCIS_HEALTH_CARE_WORKF,1.0,8,POSIZ_PROF,CL_POSIZPROF
DCIS_HEALTH_CARE_WORKF,1.0,9,PERM_TEMP_EMPLOYEES,CL_CARATT_OCC
DCIS_HEALTH_CARE_WORKF,1.0,10,ECON_ACTIVITY_NACE_2007,CL_ATECO_2007
DCIS_HEALTH_CARE_WORKF,1.0,11,MEDICAL_SPECIALITY,CL_SMS
DCIS_IMMATRIC,1.0,1,FREQ,CL_FREQ
DCIS_IMMATRIC,1.0,2,REGION_OF_STUDY,CL_ITTER107
DCIS_IMMATRIC,1.0,3,DATA_TYPE,CL_TIPO_DATO6
DCIS_IMMATRIC,1.0,4,MEASURE,CL_MISURA1
DCIS_IMMATRIC,1.0,5,TYPE_UNIV_MANAGEMENT,CL_NATGIUR
DCIS_IMMATRIC,1.0,6,SEX,CL_SEXISTAT1
DCIS_IMMATRIC,1.0,7,TYPE_DEGREE_COURSE,CL_TIPCORSOLAUREA
DCIS_IMMATRIC,1.0,8,FIELD_STUDY,CL_AREADIDATTICA
DCIS_IMMATRIC1,1.0,1,FREQ,CL_FREQ
DCIS_IMMATRIC1,1.0,2,REGION_OF_STUDY,CL_ITTER107
DCIS_IMMATRIC1,1.0,3,DATA_TYPE,CL_TIPO_DATO6
DCIS_IMMATRIC1,1.0,4,MEASURE,CL_MISURA1
DCIS_IMMATRIC1,1.0,5,TYPE_UNIV_MANAGEMENT,CL_NATGIUR
DCIS_IMMATRIC1,1.0,6,SEX,CL_SEXISTAT1
DCIS_IMMATRIC1,1.0,7,TYPE_DEGREE_COURSE,CL_TIPCORSOLAUREA
DCIS_IMMATRIC1,1.0,8,FIELD_STUDY,CL_AREADIDATTICA
DCIS_INCIDENTISTR1,1.0,1,FREQ,CL_FREQ
DCIS_INCIDENTISTR1,1.0,2,REF_AREA,CL_ITTER107
DCIS_INCIDENTISTR1,1.0,3,DATA_TYPE,CL_TIPO_DATO22
DCIS_INCIDENTISTR1,1.0,4,ACCIDENT_LOCALIZATON,CL_LOCSTRADALE
DCIS_INCIDENTISTR1,1.0,5,INTERSECTION,CL_INTERSEZIONE
DCIS_INCIDENTISTR1,1.0,6,TY_ROAD_ACCIDENT,CL_NATURAINCIDENTE
DCIS_INCIDENTISTR1,1.0,7,Y_DEADLY_ACCIDENT,CL_SI_NO
DCIS_INCIDENTISTR1,1.0,8,HO_ROAD_ACCIDENT,CL_ORA
DCIS_INCIDENTISTR1,1.0,9,WEEK_DAY,CL_GIORNOSETT
DCIS_INCIDENTISTR1,1.0,10,MONTH,CL_MESE2
DCIS_INCIDMORFER_COM,1.0,1,FREQ,CL_FREQ
DCIS_INCIDMORFER_COM,1.0,2,REF_AREA,CL_ITTER107
DCIS_INCIDMORFER_COM,1.0,3,DATA_TYPE,CL_TIPO_DATO22
DCIS_INCIDMORFER_COM,1.0,4,RESULT,CL_ESITO
DCIS_INDDEMOG1,1.0,1,FREQ,CL_FREQ
DCIS_INDDEMOG1,1.0,2,REF_AREA,CL_ITTER107
DCIS_INDDEMOG1,1.0,3,DATA_TYPE,CL_TIPO_DATO15
DCIS_INDINCIDENT,1.0,1,FREQ,CL_FREQ
DCIS_INDINCIDENT,1.0,2,REF_AREA,CL_ITTER107
DCIS_INDINCIDENT,1.0,3,DATA_TYPE,CL_TIPO_DATO22
DCIS_INDINCIDENT,1.0,4,ACCIDENT_LOCALIZATON,CL_LOCSTRADALE
DCIS_IND_MORT_EDU,1.0,1,FREQ,CL_FREQ
DCIS_IND_MORT_EDU,1.0,2,REF_AREA,CL_ITTER107
DCIS_IND_MORT_EDU,1.0,3,DATA_TYPE,CL_TIPO_DATO15
DCIS_IND_MORT_EDU,1.0,4,SEX,CL_SEXISTAT1
DCIS_IND_MORT_EDU,1.0,5,AGE,CL_ETA1
DCIS_IND_MORT_EDU,1.0,6,EDU_LEV_HIGHEST,CL_TITOLO_STUDIO
DCIS_IND_MORT_EDU,1.0,7,CAUSE_DEATH,CL_CAUSEMORTE_SL
DCIS_INFANZIA,1.0,1,FREQ,CL_FREQ
DCIS_INFANZIA,1.0,2,REF_AREA,CL_ITTER107
DCIS_INFANZIA,1.0,3,DATA_TYPE,CL_TIPO_DATO6
DCIS_INFANZIA,1.0,4,MEASURE,CL_MISURA1
DCIS_INFANZIA,1.0,5,SCHOOL_LEVEL,CL_ORDINESCOL
DCIS_INFANZIA,1.0,6,TYPE_SCHOOL_MANAGEMENT,CL_NATGIUR
DCIS_ISCRITTI,1.1,1,FREQ,CL_FREQ
DCIS_ISCRITTI,1.1,2,REGION_OF_STUDY,CL_ITTER107
DCIS_ISCRITTI,1.1,3,DATA_TYPE,CL_TIPO_DATO6
DCIS_ISCRITTI,1.1,4,MEASURE,CL_MISURA1
DCIS_ISCRITTI,1.1,5,TYPE_UNIV_MANAGEMENT,CL_NATGIUR
DCIS_ISCRITTI,1.1,6,SEX,CL_SEXISTAT1
DCIS_ISCRITTI,1.1,7,TYPE_DEGREE_COURSE,CL_TIPCORSOLAUREA
DCIS_ISCRITTI,1.1,8,FIELD_STUDY,CL_AREADIDATTICA
DCIS_ISCRITTI,1.1,9,RESIDENCE_TERR,CL_ITTER107
DCIS_ISCRITTI1,1.0,1,FREQ,CL_FREQ
DCIS_ISCRITTI1,1.0,2,REGION_OF_STUDY,CL_ITTER107
DCIS_ISCRITTI1,1.0,3,DATA_TYPE,CL_TIPO_DATO6
DCIS_ISCRITTI1,1.0,4,MEASURE,CL_MISURA1
DCIS_ISCRITTI1,1.0,5,TYPE_UNIV_MANAGEMENT,CL_NATGIUR
DCIS_ISCRITTI1,1.0,6,SEX,CL_SEXISTAT1
DCIS_ISCRITTI1,1.0,7,TYPE_DEGREE_COURSE,CL_TIPCORSOLAUREA
DCIS_ISCRITTI1,1.0,8,FIELD_STUDY,CL_AREADIDATTICA
DCIS_ISCRITTI1,1.0,9,RESIDENCE_TERR,CL_ITTER107
DCIS_ISCRITTI_COM_A,1.0,1,FREQ,CL_FREQ
DCIS_ISCRITTI_COM_A,1.0,2,REF_AREA,CL_ITTER107
DCIS_ISCRITTI_COM_A,1.0,3,DATA_TYPE,CL_TIPO_DATO6
DCIS_ISCRITTI_COM_A,1.0,4,SEX,CL_SEXISTAT1
DCIS_ISCRITTI_COM_A,1.0,5,CITIZENSHIP,CL_CITTADINANZA
DCIS_ISCRITTI_COM_A,1.0,6,FIELD_STUDY,CL_AREADIDATTICA
DCIS_ISCRITTI_COM_R,1.0,1,FREQ,CL_FREQ
DCIS_ISCRITTI_COM_R,1.0,2,REF_AREA,CL_ITTER107
DCIS_ISCRITTI_COM_R,1.0,3,DATA_TYPE,CL_TIPO_DATO6
DCIS_ISCRITTI_COM_R,1.0,4,SEX,CL_SEXISTAT1
DCIS_ISCRITTI_COM_R,1.0,5,CITIZENSHIP,CL_CITTADINANZA
DCIS_ISCRITTI_COM_R,1.0,6,FIELD_STUDY,CL_AREADIDATTICA
DCIS_IVG_CARATTDON,1.0,1,FREQ,CL_FREQ
DCIS_IVG_CARATTDON,1.0,2,RESIDENCE_TERR,CL_ITTER107
DCIS_IVG_CARATTDON,1.0,3,DATA_TYPE,CL_TIPO_DATO14
DCIS_IVG_CARATTDON,1.0,4,PLACE_REGISTR_EVENT,CL_ITTER107
DCIS_IVG_CARATTDON,1.0,5,PLACE_BIRTH,CL_ITTER107
DCIS_IVG_CARATTDON,1.0,6,AGE,CL_ETA1
DCIS_IVG_CARATTDON,1.0,7,MARITAL_STATUS,CL_STATCIV2
DCIS_IVG_CARATTDON,1.0,8,EDU_LEV_HIGHEST,CL_TITOLO_STUDIO
DCIS_IVG_CARATTDON,1.0,9,LABPROF_STATUS_A,CL_CONDIZIONE_DICH
DCIS_IVG_CARATTDON,1.0,10,WOMAN_REPRODUCTIVE_HIST,CL_STRIPRODUTTIVA
DCIS_IVG_CARATTDON,1.0,11,NUMBER_OF_CASES,CL_NUMEROSITA
DCIS_IVG_CARATTDON,1.0,12,CITIZENSHIP,CL_ISO
DCIS_IVG_CARATTDON,1.0,13,MINORS_APPROVAL,CL_ASSENSO
DCIS_IVG_CARATTEV,1.0,1,FREQ,CL_FREQ
DCIS_IVG_CARATTEV,1.0,2,REF_AREA,CL_ITTER107
DCIS_IVG_CARATTEV,1.0,3,DATA_TYPE,CL_TIPO_DATO14
DCIS_IVG_CARATTEV,1.0,4,TYPE_INTERVENTION,CL_TIPOINT
DCIS_IVG_CARATTEV,1.0,5,ANALGESIC_THERAPY,CL_TERANT
DCIS_IVG_CARATTEV,1.0,6,WEEKS_OF_AMENORRHEA,CL_DURATA
DCIS_IVG_CARATTEV,1.0,7,GESTATIONAL_AGE,CL_DURATA
DCIS_IVG_CARATTEV,1.0,8,Y_FETAL_MALFORMATIONS,CL_SI_NO
DCIS_IVG_CARATTEV,1.0,9,CERTIFICATION,CL_TIPO_ATTIVITASAN
DCIS_IVG_CARATTEV,1.0,10,WAIT_DAYS_CERTIF_ABORT,CL_DURATA
DCIS_IVG_CARATTEV,1.0,11,Y_URGENCY,CL_SI_NO
DCIS_IVG_CARATTEV,1.0,12,PLACE_VOL_ABOR,CL_LUOGOEVENTO
DCIS_IVG_CARATTEV,1.0,13,COMPLICATION,CL_COMPL
DCIS_IVG_CARATTEV1,1.0,1,FREQ,CL_FREQ
DCIS_IVG_CARATTEV1,1.0,2,REF_AREA,CL_ITTER107
DCIS_IVG_CARATTEV1,1.0,3,DATA_TYPE,CL_TIPO_DATO14
DCIS_IVG_CARATTEV1,1.0,4,TYPE_INTERVENTION,CL_TIPOINT
DCIS_IVG_CARATTEV1,1.0,5,ANALGESIC_THERAPY,CL_TERANT
DCIS_IVG_CARATTEV1,1.0,6,WEEKS_OF_AMENORRHEA,CL_DURATA
DCIS_IVG_CARATTEV1,1.0,7,GESTATIONAL_AGE,CL_DURATA
DCIS_IVG_CARATTEV1,1.0,8,Y_FETAL_MALFORMATIONS,CL_SI_NO
DCIS_IVG_CARATTEV1,1.0,9,CERTIFICATION,CL_TIPO_ATTIVITASAN
DCIS_IVG_CARATTEV1,1.0,10,WAIT_DAYS_CERTIF_ABORT,CL_DURATA
DCIS_IVG_CARATTEV1,1.0,11,Y_URGENCY,CL_SI_NO
DCIS_IVG_CARATTEV1,1.0,12,PLACE_VOL_ABOR,CL_LUOGOEVENTO
DCIS_IVG_CARATTEV1,1.0,13,COMPLICATION,CL_COMPL
DCIS_IVG_MIGRAZIONE,1.0,1,FREQ,CL_FREQ
DCIS_IVG_MIGRAZIONE,1.0,2,RESIDENCE_TERR,CL_ITTER107
DCIS_IVG_MIGRAZIONE,1.0,3,DATA_TYPE,CL_TIPO_DATO14
DCIS_IVG_MIGRAZIONE,1.0,4,PLACE_REGISTR_EVENT,CL_ITTER107
DCIS_IVG_MIGRAZIONE,1.0,5,MIGRATION,CL_PROV_DEST_Z
DCIS_LAUREATI,1.0,1,FREQ,CL_FREQ
DCIS_LAUREATI,1.0,2,REGION_OF_STUDY,CL_ITTER107
DCIS_LAUREATI,1.0,3,DATA_TYPE,CL_TIPO_DATO6
DCIS_LAUREATI,1.0,4,MEASURE,CL_MISURA1
DCIS_LAUREATI,1.0,5,TYPE_UNIV_MANAGEMENT,CL_NATGIUR
DCIS_LAUREATI,1.0,6,SEX,CL_SEXISTAT1
DCIS_LAUREATI,1.0,7,TYPE_DEGREE_COURSE,CL_TIPCORSOLAUREA
DCIS_LAUREATI,1.0,8,FIELD_STUDY,CL_AREADIDATTICA
DCIS_MATRDEMO,1.0,1,FREQ,CL_FREQ
DCIS_MATRDEMO,1.0,2,REF_AREA,CL_ITTER107
DCIS_MATRDEMO,1.0,3,DATA_TYPE,CL_TIPO_DATO15
DCIS_MATRDEMO,1.0,4,MARRIAGE_RITE,CL_RITO1
DCIS_MATRDEMO,1.0,5,MARIT_PROPER_SYSTEMS,CL_TIPO_CONV_BIS
DCIS_MATRDEMO,1.0,6,MONTH_CELEBRATION,CL_T_BIS
DCIS_MATRDEMO,1.0,7,AGE_MARRIAGE_BRIDEGROOM,CL_ETA1
DCIS_MATRDEMO,1.0,8,MARITAL_STATUS_BRIDEGRO,CL_STATCIV2
DCIS_MATRDEMO,1.0,9,EDU_LEV_BRIDEGROOM,CL_TITOLO_STUDIO
DCIS_MATRDEMO,1.0,10,AGE_MARRIAGE_BRIDE,CL_ETA1
DCIS_MATRDEMO,1.0,11,MARITAL_STATUS_BRIDE,CL_STATCIV2
DCIS_MATRDEMO,1.0,12,EDU_LEV_BRIDE,CL_TITOLO_STUDIO
DCIS_MATRIMONICIT,1.0,1,FREQ,CL_FREQ
DCIS_MATRIMONICIT,1.0,2,REF_AREA,CL_ITTER107
DCIS_MATRIMONICIT,1.0,3,DATA_TYPE,CL_TIPO_DATO15
DCIS_MATRIMONICIT,1.0,4,MARRIAGE_RITE,CL_RITO1
DCIS_MATRIMONICIT,1.0,5,ORDER_MARRIAGE,CL_ORDINE
DCIS_MATRIMONICIT,1.0,6,TYPE_OF_COUPLE,CL_TIPCOPPIA
DCIS_MATRIMONICIT,1.0,7,CITIZENSHIP,CL_ISO
DCIS_MATRIMONICIT,1.0,8,CITIZENSHIP_BRIDEGROOM,CL_ISO
DCIS_MATRIMONICIT,1.0,9,EDU_LEV_BRIDEGROOM,CL_TITOLO_STUDIO
DCIS_MATRIMONICIT,1.0,10,CITIZENSHIP_BRIDE,CL_ISO
DCIS_MATRIMONICIT,1.0,11,EDU_LEV_BRIDE,CL_TITOLO_STUDIO
DCIS_MATRIMONICIT,1.0,12,Y_SAME_CITIZENSHIP,CL_SI_NO
DCIS_MATRIMONI_SOC,1.0,1,FREQ,CL_FREQ
DCIS_MATRIMONI_SOC,1.0,2,REF_AREA,CL_ITTER107
DCIS_MATRIMONI_SOC,1.0,3,DATA_TYPE,CL_TIPO_DATO15
DCIS_MATRIMONI_SOC,1.0,4,MARIT_PROPER_SYSTEMS,CL_TIPO_CONV_BIS
DCIS_MATRIMONI_SOC,1.0,5,LABOUR_STATUS_BRIDEGROOM,CL_CONDIZIONE_DICH
DCIS_MATRIMONI_SOC,1.0,6,PROF_STATUS_BRIDEGROOM,CL_PROFILO_PROF
DCIS_MATRIMONI_SOC,1.0,7,ECON_ACT_BRIDEGROOM_2007,CL_ATECO_2007
DCIS_MATRIMONI_SOC,1.0,8,BIRTH_REGION_BRIDEGROOM,CL_PROV_DEST_Z
DCIS_MATRIMONI_SOC,1.0,9,RESID_REGION_BRIDEGROOM,CL_PROV_DEST_Z
DCIS_MATRIMONI_SOC,1.0,10,LABOUR_STATUS_BRIDE,CL_CONDIZIONE_DICH
DCIS_MATRIMONI_SOC,1.0,11,PROF_STATUS_BRIDE,CL_PROFILO_PROF
DCIS_MATRIMONI_SOC,1.0,12,ECON_ACT_BRIDE_2007,CL_ATECO_2007
DCIS_MATRIMONI_SOC,1.0,13,BIRTH_REGION_BRIDE,CL_PROV_DEST_Z
DCIS_MATRIMONI_SOC,1.0,14,RESID_REGION_BRIDE,CL_PROV_DEST_Z
DCIS_MATRIND,1.0,1,FREQ,CL_FREQ
DCIS_MATRIND,1.0,2,REF_AREA,CL_ITTER107
DCIS_MATRIND,1.0,3,DATA_TYPE,CL_TIPO_DATO15
DCIS_MATRIND,1.0,4,MARITAL_STATUS_BRIDEGRO,CL_STATCIV2
DCIS_MATRIND,1.0,5,MARITAL_STATUS_BRIDE,CL_STATCIV2
DCIS_MIGRAZIONI,1.0,1,FREQ,CL_FREQ
DCIS_MIGRAZIONI,1.0,2,REF_AREA,CL_ITTER107
DCIS_MIGRAZIONI,1.0,3,DATA_TYPE,CL_TIPO_DATO15
DCIS_MIGRAZIONI,1.0,4,CHANGE_OF_RESIDENCE,CL_PROV_DEST_Z
DCIS_MIGRAZIONI,1.0,5,CITIZENSHIP,CL_ISO
DCIS_MIGRAZIONI,1.0,6,SEX,CL_SEXISTAT1
DCIS_MIGRAZIONI,1.0,7,AGE,CL_ETA1
DCIS_MIGRAZIONI,1.0,8,TERRITORY_NEXT_RESID,CL_ITTER107
DCIS_MIGRAZIONI,1.0,9,COUNTRY_PREV_RESID,CL_PAESI
DCIS_MIGRAZIONI,1.0,10,COUNTRY_NEXT_RESID,CL_PAESI
DCIS_MORTALITA1,1.0,1,FREQ,CL_FREQ
DCIS_MORTALITA1,1.0,2,REF_AREA,CL_ITTER107
DCIS_MORTALITA1,1.0,3,DATA_TYPE,CL_TIPO_DATO15
DCIS_MORTALITA1,1.0,4,SEX,CL_SEXISTAT1
DCIS_MORTALITA1,1.0,5,AGE,CL_ETA1
DCIS_MORTIFERITISTR1,1.0,1,FREQ,CL_FREQ
DCIS_MORTIFERITISTR1,1.0,2,REF_AREA,CL_ITTER107
DCIS_MORTIFERITISTR1,1.0,3,DATA_TYPE,CL_TIPO_DATO22
DCIS_MORTIFERITISTR1,1.0,4,ACCIDENT_LOCALIZATON,CL_LOCSTRADALE
DCIS_MORTIFERITISTR1,1.0,5,INTERSECTION,CL_INTERSEZIONE
DCIS_MORTIFERITISTR1,1.0,6,TY_ROAD_ACCIDENT,CL_NATURAINCIDENTE
DCIS_MORTIFERITISTR1,1.0,7,RESULT,CL_ESITO
DCIS_MORTIFERITISTR1,1.0,8,PERSON_CLASS,CL_RUOLO
DCIS_MORTIFERITISTR1,1.0,9,AGE,CL_ETA1
DCIS_MORTIFERITISTR1,1.0,10,SEX,CL_SEXISTAT1
DCIS_MORTIFERITISTR1,1.0,11,MONTH,CL_MESE2
DCIS_MUSEI,1.0,1,FREQ,CL_FREQ
DCIS_MUSEI,1.0,2,REF_AREA,CL_ITTER107
DCIS_MUSEI,1.0,3,TYPE_COLLECTION,CL_TIPMUSEO
DCIS_MUSEI,1.0,4,KIND_MUSEUM,CL_CATEGMUSEO
DCIS_MUSEI,1.0,5,KIND_OF_OWNERSHIP,CL_NATGIUR
DCIS_MUSEI,1.0,6,KIND_MANAGEMENT,CL_TIPGESTMUSEO
DCIS_MUSEI,1.0,7,MUSEUMS_NETWORK,CL_CIRCUITOMUSEO
DCIS_MUSEI,1.0,8,VISITING_PERIOD,CL_APERTURAMUSEO
DCIS_MUSEI,1.0,9,ADMISSION_FEE,CL_ACCESSOMUSEO
DCIS_MUSEI,1.0,10,ARCHIVE,CL_PRESENZAMUSEO
DCIS_MUSEI,1.0,11,EDUCATIONAL_FACILITIES,CL_PRESENZAMUSEO
DCIS_MUSEI,1.0,12,FACILITIES_DISABLED_PERS,CL_PRESENZA
DCIS_MUSEI,1.0,13,WEBSITE,CL_PRESENZA
DCIS_MUSVIS,1.0,1,FREQ,CL_FREQ
DCIS_MUSVIS,1.0,2,REF_AREA,CL_ITTER107
DCIS_MUSVIS,1.0,3,DATA_TYPE,CL_TIPO_DATO30
DCIS_MUSVIS,1.0,4,TYPE_COLLECTION,CL_TIPMUSEO1
DCIS_MUSVIS,1.0,5,KIND_MUSEUM,CL_CATEGMUSEO1
DCIS_MUSVIS,1.0,6,KIND_OF_OWNERSHIP,CL_NATGIUR1
DCIS_MUSVIS,1.0,7,KIND_MANAGEMENT,CL_CONDUZIONE
DCIS_MUSVIS,1.0,8,Y_MUSEUMS_CHAIN_MEMBER,CL_SI_NO
DCIS_MUSVIS,1.0,9,Y_ADMISSION_FREE,CL_SI_NO
DCIS_MUSVIS,1.0,10,VISITING_PERIOD,CL_PERIODICITA1
DCIS_MUSVIS,1.0,11,SERVICES_EQUIPMENT,CL_DOTAZIONI
DCIS_MUSVIS_COM,1.0,1,FREQ,CL_FREQ
DCIS_MUSVIS_COM,1.0,2,REF_AREA,CL_ITTER107
DCIS_MUSVIS_COM,1.0,3,DATA_TYPE,CL_TIPO_DATO30
DCIS_NATI1,1.0,1,FREQ,CL_FREQ
DCIS_NATI1,1.0,2,RESIDENCE_TERR,CL_ITTER107
DCIS_NATI1,1.0,3,DATA_TYPE,CL_TIPO_DATO15
DCIS_NATI1,1.0,4,CITIZENSHIP_MOTHER,CL_CITTADINANZA
DCIS_NATI1,1.0,5,MOTHER_AGE,CL_ETA1
DCIS_NATI1,1.0,6,FATHERS_AGE,CL_ETA1
DCIS_NATI1,1.0,7,YEAR_BIRTH_MOTHER,CL_T_BIS
DCIS_NATI1,1.0,8,MARITAL_STATUS_MOTHER,CL_STATCIV2
DCIS_NATI1,1.0,9,MARITAL_STATUS_FATHER,CL_STATCIV2
DCIS_NATI1,1.0,10,COUPLE_OF_PARENTS,CL_GENITORI
DCIS_NATI1,1.0,11,GEOG_AREA_BIRTH,CL_AREA
DCIS_NATI1,1.0,12,CITIZEN_FOREIN_OFBIRTH,CL_ISO
DCIS_NATI1,1.0,13,Y_BORN_ALIVE_MARRIAGE,CL_SI_NO
DCIS_NATI2,1.0,1,FREQ,CL_FREQ
DCIS_NATI2,1.0,2,RESIDENCE_TERR,CL_ITTER107
DCIS_NATI2,1.0,3,DATA_TYPE,CL_TIPO_DATO15
DCIS_NATI2,1.0,4,CITIZENSHIP_MOTHER,CL_CITTADINANZA
DCIS_NATI2,1.0,5,MOTHER_AGE,CL_ETA1
DCIS_NATI2,1.0,6,FATHERS_AGE,CL_ETA1
DCIS_NATI2,1.0,7,YEAR_BIRTH_MOTHER,CL_T_BIS
DCIS_NATI2,1.0,8,MARITAL_STATUS_MOTHER,CL_STATCIV2
DCIS_NATI2,1.0,9,MARITAL_STATUS_FATHER,CL_STATCIV2
DCIS_NATI2,1.0,10,PARENTS_CITIZENSHIP,CL_GENITORI
DCIS_NATI2,1.0,11,GEOG_AREA_BIRTH,CL_AREA
DCIS_NATI2,1.0,12,CITIZEN_FOREIN_OFBIRTH,CL_ISO
DCIS_NATI2,1.0,13,LIVE_BIRTHS_WITHIN_MARRIGE,CL_GENITORI
DCIS_OSPDISTPSICHRES,1.0,1,FREQ,CL_FREQ
DCIS_OSPDISTPSICHRES,1.0,2,REF_AREA,CL_ITTER107
DCIS_OSPDISTPSICHRES,1.0,3,DATA_TYPE,CL_TIPO_DATO14
DCIS_OSPDISTPSICHRES,1.0,4,TYPE_DISEASE,CL_PATOLOGIA
DCIS_OSPDISTPSICHRES,1.0,5,TYPE_HOSPITALIZATION,CL_REGIME
DCIS_OSPDISTPSICHRES,1.0,6,SEX,CL_SEXISTAT1
DCIS_OSPDISTPSICHRES,1.0,7,AGE,CL_ETA1
DCIS_OSPDISTPSICHRES,1.0,8,MARITAL_STATUS,CL_STATCIV2
DCIS_OSPDISTPSICHRES,1.0,9,CLINICAL_CL,CL_AGGREGATI_CLINICI
DCIS_OSPDISTPSICHRIC,1.0,1,FREQ,CL_FREQ
DCIS_OSPDISTPSICHRIC,1.0,2,HOSPIT_TERR,CL_ITTER107
DCIS_OSPDISTPSICHRIC,1.0,3,DATA_TYPE,CL_TIPO_DATO14
DCIS_OSPDISTPSICHRIC,1.0,4,TYPE_DISEASE,CL_PATOLOGIA
DCIS_OSPDISTPSICHRIC,1.0,5,TYPE_HOSPITALIZATION,CL_REGIME
DCIS_OSPDISTPSICHRIC,1.0,6,TYPE_OF_ACTIVITY,CL_TIPO_ATTIVITASAN
DCIS_OSPDISTPSICHRIC,1.0,7,HOSPITAL_TYPE,CL_ISTITUTO_SAN
DCIS_OSPDISTPSICHRIC,1.0,8,DISCHARGE_WARD,CL_REPARTO
DCIS_OSPDISTPSICHRIC,1.0,9,CLINICAL_CL,CL_AGGREGATI_CLINICI
DCIS_OSPDISTPSICHRIC,1.0,10,RESIDENCE_TERR,CL_ITTER107
DCIS_OSPED,1.0,1,FREQ,CL_FREQ
DCIS_OSPED,1.0,2,REF_AREA,CL_ITTER107
DCIS_OSPED,1.0,3,DATA_TYPE,CL_TIPO_DATO14
DCIS_OSPED,1.0,4,HOSPITAL_TYPE,CL_ISTITUTO_SAN
DCIS_OSPED,1.0,5,CLINICAL_SPECIALTY,CL_TIPO_ATTIVITASAN
DCIS_OSPEDSSN,1.0,1,FREQ,CL_FREQ
DCIS_OSPEDSSN,1.0,2,REF_AREA,CL_ITTER107
DCIS_OSPEDSSN,1.0,3,DATA_TYPE,CL_TIPO_DATO14
DCIS_OSPEDSSN,1.0,4,HOSPITAL_TYPE,CL_ISTITUTO_SAN
DCIS_OSPEDSSN,1.0,5,CLINICAL_SPECIALTY,CL_TIPO_ATTIVITASAN
DCIS_OSPEDSSN,1.0,6,MEDICAL_TECHNOLOGY,CL_APPARECCHIO_SAN
DCIS_OSPEDSSN,1.0,7,PROF_STATUS,CL_PERSONALE
DCIS_OSPED_COM,1.0,1,FREQ,CL_FREQ
DCIS_OSPED_COM,1.0,2,REF_AREA,CL_ITTER107
DCIS_OSPED_COM,1.0,3,DATA_TYPE,CL_TIPO_DATO14
DCIS_OSPED_COM,1.0,4,HOSPITAL_TYPE,CL_ISTITUTO_SAN
DCIS_OSPED_COM,1.0,5,CLINICAL_SPECIALTY,CL_TIPO_ATTIVITASAN
DCIS_OSPITIPRESIDI1,1.0,1,FREQ,CL_FREQ
DCIS_OSPITIPRESIDI1,1.0,2,REF_AREA,CL_ITTER107
DCIS_OSPITIPRESIDI1,1.0,3,DATA_TYPE,CL_TIPO_DATO14
DCIS_OSPITIPRESIDI1,1.0,4,AGE,CL_ETA1
DCIS_OSPITIPRESIDI1,1.0,5,SEX,CL_SEXISTAT1
DCIS_OSPITIPRESIDI1,1.0,6,NEED_TYPE,CL_DISAGIO
DCIS_OSPITIPRESIDI1,1.0,7,REASON_ADMISSION_MINOR,CL_MOTIVINGR
DCIS_OSPITIPRESIDI1,1.0,8,ORIG_MINOR_GUESTS,CL_PROV_DEST
DCIS_OSPITIPRESIDI1,1.0,9,ADOPTAB_STATUS_MINOR,CL_ADOTTAB
DCIS_OSPITIPRESIDI1,1.0,10,DEST_MINOR_GUESTS,CL_PROV_DEST
DCIS_OSPITIPRESIDI1,1.0,11,HEALTHCARE_LEVEL,CL_COMPARAZ
DCIS_OSPITIPRESIDI1,1.0,12,SOCIAL_PROT_FUNCTION,CL_TIPO_ATTIVITASAN
DCIS_OSPITIPRESIDI1,1.0,13,TYPE_RESID_CARE_CENTRE,CL_TIPO_STRUTTURASAN1
DCIS_OSPSTRA,1.0,1,FREQ,CL_FREQ
DCIS_OSPSTRA,1.0,2,REF_AREA,CL_ITTER107
DCIS_OSPSTRA,1.0,3,DATA_TYPE,CL_TIPO_DATO14
DCIS_OSPSTRA,1.0,4,TYPE_HOSPITALIZATION,CL_REGIME
DCIS_OSPSTRA,1.0,5,SEX,CL_SEXISTAT1
DCIS_OSPSTRA,1.0,6,AGE,CL_ETA1
DCIS_OSPSTRA,1.0,7,CITAREA_MOSTRELCOUNTRY,CL_ISO
DCIS_OSPSTRA,1.0,8,MAIN_DIAGNOSIS,CL_MALATTIE
DCIS_PERMSOGG1,1.0,1,FREQ,CL_FREQ
DCIS_PERMSOGG1,1.0,2,REF_AREA,CL_ITTER107
DCIS_PERMSOGG1,1.0,3,DATA_TYPE,CL_TIPO_DATO15
DCIS_PERMSOGG1,1.0,4,SEX,CL_SEXISTAT1
DCIS_PERMSOGG1,1.0,5,MOSTREL_CCITENSHIP,CL_ISO
DCIS_PERMSOGG1,1.0,6,TYPE_RES_PERMIT_REASON,CL_MOTIVOPS1
DCIS_PERMSOGG1,1.0,7,TYPE_RES_PERMIT,CL_DURATA
DCIS_PERMSOGG1,1.0,8,AGE,CL_ETA1
DCIS_PERMSOGG1,1.0,9,MARITAL_STATUS,CL_STATCIV2
DCIS_PERS_SANIT,1.0,1,FREQ,CL_FREQ
DCIS_PERS_SANIT,1.0,2,REF_AREA,CL_ITTER107
DCIS_PERS_SANIT,1.0,3,DATA_TYPE,CL_TIPO_DATO14
DCIS_PERS_SANIT,1.0,4,PROF_STATUS,CL_PERSONALE
DCIS_POPITAEST,1.0,1,FREQ,CL_FREQ
DCIS_POPITAEST,1.0,2,REF_AREA,CL_ITTER107
DCIS_POPITAEST,1.0,3,DATA_TYPE,CL_TIPO_DATO15
DCIS_POPITAEST,1.0,4,FOREIGN_COUNTRY,CL_ISO
DCIS_POPITAEST,1.0,5,SEX,CL_SEXISTAT1
DCIS_POPITAESTBIL,1.0,1,FREQ,CL_FREQ
DCIS_POPITAESTBIL,1.0,2,DATA_TYPE,CL_TIPO_DATO15
DCIS_POPITAESTBIL,1.0,3,COUNTRIES,CL_ISO
DCIS_POPITAESTBIL,1.0,4,SEX,CL_SEXISTAT1
DCIS_POPORESBIL1,1.0,1,FREQ,CL_FREQ
DCIS_POPORESBIL1,1.0,2,REF_AREA,CL_ITTER107
DCIS_POPORESBIL1,1.0,3,DATA_TYPE,CL_TIPO_DATO15
DCIS_POPORESBIL1,1.0,4,SEX,CL_SEXISTAT1
DCIS_POPRES1,1.0,1,FREQ,CL_FREQ
DCIS_POPRES1,1.0,2,REF_AREA,CL_ITTER107
DCIS_POPRES1,1.0,3,DATA_TYPE,CL_TIPO_DATO15
DCIS_POPRES1,1.0,4,SEX,CL_SEXISTAT1
DCIS_POPRES1,1.0,5,AGE,CL_ETA1
DCIS_POPRES1,1.0,6,MARITAL_STATUS,CL_STATCIV2
DCIS_POPSTRBIL1,1.0,1,FREQ,CL_FREQ
DCIS_POPSTRBIL1,1.0,2,REF_AREA,CL_ITTER107
DCIS_POPSTRBIL1,1.0,3,DATA_TYPE,CL_TIPO_DATO15
DCIS_POPSTRBIL1,1.0,4,SEX,CL_SEXISTAT1
DCIS_POPSTRCIT1,1.0,1,FREQ,CL_FREQ
DCIS_POPSTRCIT1,1.0,2,REF_AREA,CL_ITTER107
DCIS_POPSTRCIT1,1.0,3,DATA_TYPE,CL_TIPO_DATO15
DCIS_POPSTRCIT1,1.0,4,SEX,CL_SEXISTAT1
DCIS_POPSTRCIT1,1.0,5,CITIZENSHIP,CL_ISO
DCIS_POPSTRRES1,1.0,1,FREQ,CL_FREQ
DCIS_POPSTRRES1,1.0,2,REF_AREA,CL_ITTER107
DCIS_POPSTRRES1,1.0,3,DATA_TYPE,CL_TIPO_DATO15
DCIS_POPSTRRES1,1.0,4,SEX,CL_SEXISTAT1
DCIS_POPSTRRES1,1.0,5,AGE,CL_ETA1
DCIS_POSTILETTOPRESIDI,1.0,1,FREQ,CL_FREQ
DCIS_POSTILETTOPRESIDI,1.0,2,REF_AREA,CL_ITTER107
DCIS_POSTILETTOPRESIDI,1.0,3,TYPE_RESID_CARE_FACILITY,CL_TIPPRESIDIO
DCIS_POSTILETTOPRESIDI,1.0,4,AREA_OF_OWNER,CL_SETTITOLARE
DCIS_PRESIDI1,1.0,1,FREQ,CL_FREQ
DCIS_PRESIDI1,1.0,2,REF_AREA,CL_ITTER107
DCIS_PRESIDI1,1.0,3,DATA_TYPE,CL_TIPO_DATO14
DCIS_PRESIDI1,1.0,4,MAINLY_TARGET_USERS,CL_TIPUTENZA1
DCIS_PRESIDI1,1.0,5,TYPE_RESID_CARE_CENTRE,CL_TIPO_STRUTTURASAN1
DCIS_PRESIDI1,1.0,6,SOCIAL_PROT_FUNCTION,CL_TIPO_ATTIVITASAN
DCIS_PRESIDI1,1.0,7,HEALTHCARE_LEVEL,CL_COMPARAZ
DCIS_PRESIDI1,1.0,8,LEGAL_STATUS_OF_HOLDER,CL_SETTITOLARE
DCIS_PRESIDI1,1.0,9,TYPE_OF_ADMINISTRATOR,CL_FORMGIUR_MADRE
DCIS_PRESIDI1,1.0,10,Y_PUBLIC_FUNDING,CL_SI_NO
DCIS_PRESIDI1,1.0,11,PROF_STATUS,CL_PERSONALE
DCIS_PREVCOM,1.0,1,FREQ,CL_FREQ
DCIS_PREVCOM,1.0,2,REF_AREA,CL_ITTER107
DCIS_PREVCOM,1.0,3,DATA_TYPE,CL_TIPO_DATO15
DCIS_PREVCOM,1.0,4,SEX,CL_SEXISTAT1
DCIS_PREVCOM,1.0,5,AGE,CL_ETA1
DCIS_PREVDEM,1.0,1,FREQ,CL_FREQ
DCIS_PREVDEM,1.0,2,REF_AREA,CL_ITTER107
DCIS_PREVDEM,1.0,3,DATA_TYPE,CL_TIPO_DATO15
DCIS_PREVDEM,1.0,4,CITIZENSHIP,CL_CITTADMAD
DCIS_PREVDEM,1.0,5,SCENARIO,CL_SCENARIO
DCIS_PREVDEM,1.0,6,AGE,CL_ETA1
DCIS_PREVDEM,1.0,7,SEX,CL_SEXISTAT1
DCIS_PREVDEM1,1.0,1,FREQ,CL_FREQ
DCIS_PREVDEM1,1.0,2,REF_AREA,CL_ITTER107
DCIS_PREVDEM1,1.0,3,DATA_TYPE,CL_TIPO_DATO15
DCIS_PREVDEM1,1.0,4,FORECAST_INTERVAL,CL_INT_PREV
DCIS_PREVDEM1,1.0,5,AGE,CL_ETA1
DCIS_PREVDEM1,1.0,6,SEX,CL_SEXISTAT1
DCIS_PREVFAM,1.0,1,FREQ,CL_FREQ
DCIS_PREVFAM,1.0,2,REF_AREA,CL_ITTER107
DCIS_PREVFAM,1.0,3,DATA_TYPE,CL_TIPO_DATO15
DCIS_PREVFAM,1.0,4,AGE,CL_ETA1
DCIS_PREVFAM,1.0,5,LIVING_ARRANGEMENT,CL_TIPOLOGIA_FAMILIARE1
DCIS_PREVFAM,1.0,6,HOUSEHOLD_TYPE,CL_TIPOLOGIA_FAMILIARE1
DCIS_PRIMARIA,1.0,1,FREQ,CL_FREQ
DCIS_PRIMARIA,1.0,2,REF_AREA,CL_ITTER107
DCIS_PRIMARIA,1.0,3,DATA_TYPE,CL_TIPO_DATO6
DCIS_PRIMARIA,1.0,4,MEASURE,CL_MISURA1
DCIS_PRIMARIA,1.0,5,SCHOOL_LEVEL,CL_ORDINESCOL
DCIS_PRIMARIA,1.0,6,TYPE_SCHOOL_MANAGEMENT,CL_NATGIUR
DCIS_PUBBLICATE2,1.0,1,FREQ,CL_FREQ
DCIS_PUBBLICATE2,1.0,2,REF_AREA,CL_ITTER107
DCIS_PUBBLICATE2,1.0,3,TARGET_GROUP,CL_GENEREEDIT
DCIS_PUBBLICATE2,1.0,4,SUBJECT_PUBLISHED_BOOKS,CL_MATERIA
DCIS_PUBBLICATE2,1.0,5,TYPE_EDITION,CL_TIPEDIZIONE
DCIS_PUBBLICATE2,1.0,6,PRICE_PUBLISHED_BOOKS,CL_CLAPREZZI
DCIS_PUBBLICATE2,1.0,7,PRINTED_COPIES,CL_CLATIRATURA
DCIS_PUBBLICATE2,1.0,8,TYPE_PUBLISHER,CL_CLAEDITORE
DCIS_PUBBLICATE3,1.0,1,FREQ,CL_FREQ
DCIS_PUBBLICATE3,1.0,2,REF_AREA,CL_ITTER107
DCIS_PUBBLICATE3,1.0,3,DATA_TYPE,CL_TIPO_DATO30
DCIS_PUBBLICATE3,1.0,4,TARGET_GROUP,CL_GENEREEDIT
DCIS_PUBBLICATE3,1.0,5,SUBJECT_PUBLISHED_BOOKS,CL_MATERIA
DCIS_PUBBLICATE3,1.0,6,TYPE_EDITION,CL_TIPEDIZIONE
DCIS_PUBBLICATE3,1.0,7,PRICE_PUBLISHED_BOOKS,CL_CLAPREZZI
DCIS_PUBBLICATE3,1.0,8,PRINTED_COPIES,CL_CLATIRATURA
DCIS_PUBBLICATE3,1.0,9,TYPE_PUBLISHER,CL_CLAEDITORE
DCIS_RICPOPRES1971,1.0,1,FREQ,CL_FREQ
DCIS_RICPOPRES1971,1.0,2,REF_AREA,CL_ITTER107
DCIS_RICPOPRES1971,1.0,3,DATA_TYPE,CL_TIPO_DATO15
DCIS_RICPOPRES1971,1.0,4,AGE,CL_ETA1
DCIS_RICPOPRES1971,1.0,5,SEX,CL_SEXISTAT1
DCIS_RICPOPRES1981,1.0,1,FREQ,CL_FREQ
DCIS_RICPOPRES1981,1.0,2,REF_AREA,CL_ITTER107
DCIS_RICPOPRES1981,1.0,3,DATA_TYPE,CL_TIPO_DATO15
DCIS_RICPOPRES1981,1.0,4,AGE,CL_ETA1
DCIS_RICPOPRES1981,1.0,5,SEX,CL_SEXISTAT1
DCIS_RICPOPRES1991,1.0,1,FREQ,CL_FREQ
DCIS_RICPOPRES1991,1.0,2,REF_AREA,CL_ITTER107
DCIS_RICPOPRES1991,1.0,3,DATA_TYPE,CL_TIPO_DATO15
DCIS_RICPOPRES1991,1.0,4,AGE,CL_ETA1
DCIS_RICPOPRES1991,1.0,5,SEX,CL_SEXISTAT1
DCIS_RICPOPRES2001,1.0,1,FREQ,CL_FREQ
DCIS_RICPOPRES2001,1.0,2,REF_AREA,CL_ITTER107
DCIS_RICPOPRES2001,1.0,3,DATA_TYPE,CL_TIPO_DATO15
DCIS_RICPOPRES2001,1.0,4,AGE,CL_ETA1
DCIS_RICPOPRES2001,1.0,5,SEX,CL_SEXISTAT1
DCIS_RICPOPRES2011,1.0,1,FREQ,CL_FREQ
DCIS_RICPOPRES2011,1.0,2,REF_AREA,CL_ITTER107
DCIS_RICPOPRES2011,1.0,3,DATA_TYPE,CL_TIPO_DATO15
DCIS_RICPOPRES2011,1.0,4,AGE,CL_ETA1
DCIS_RICPOPRES2011,1.0,5,SEX,CL_SEXISTAT1
DCIS_RICPOPRES2011,1.0,6,CITIZENSHIP,CL_CITTADINANZA
DCIS_RPOP_C2011,1.0,1,FREQ,CL_FREQ
DCIS_RPOP_C2011,1.0,2,REF_AREA,CL_ITTER107
DCIS_RPOP_C2011,1.0,3,DATA_TYPE,CL_TIPO_DATO15
DCIS_RPOP_C2011,1.0,4,AGE,CL_ETA1
DCIS_RPOP_C2011,1.0,5,SEX,CL_SEXISTAT1
DCIS_RPOP_C2011,1.0,6,CITIZENSHIP,CL_CITTADINANZA
DCIS_RSERVSAN,1.0,1,FREQ,CL_FREQ
DCIS_RSERVSAN,1.0,2,REF_AREA,CL_ITTER107
DCIS_RSERVSAN,1.0,3,DATA_TYPE,CL_TIPO_DATO40
DCIS_RSERVSAN,1.0,4,SEX,CL_SEXISTAT1
DCIS_RSERVSAN,1.0,5,AGE,CL_ETA1
DCIS_RSERVSAN,1.0,6,VISIT_OF_DIAGNOSTIC,CL_VISITE
DCIS_RSERVSAN,1.0,7,PERIOD_DOCTOR_DIAGN,CL_DURATA
DCIS_SANSCUOLE,1.0,1,FREQ,CL_FREQ
DCIS_SANSCUOLE,1.0,2,REF_AREA,CL_ITTER107
DCIS_SANSCUOLE,1.0,3,DATA_TYPE,CL_TIPO_DATO14
DCIS_SANSCUOLE,1.0,4,SCHOOL_ENVIRONMENT,CL_BARRARCH
DCIS_SANSCUOLE,1.0,5,PRESENCE,CL_PRESENZA
DCIS_SANSCUOLE,1.0,6,SCHOOL_LEVEL,CL_ORDINESCOL
DCIS_SANSCUOLE,1.0,7,TYPE_SCHOOL_MANAGEMENT,CL_NATGIUR
DCIS_SCUOLE,1.0,1,FREQ,CL_FREQ
DCIS_SCUOLE,1.0,2,REF_AREA,CL_ITTER107
DCIS_SCUOLE,1.0,3,DATA_TYPE,CL_TIPO_DATO_ISTR
DCIS_SCUOLE,1.0,4,SEX,CL_SEXISTAT1
DCIS_SCUOLE,1.0,5,CITIZENSHIP,CL_CITTADINANZA
DCIS_SCUOLE,1.0,6,SCHOOL_LEVEL,CL_ORDINESCOL2
DCIS_SCUOLE,1.0,7,TYPE_SCHOOL_MANAGEMENT,CL_NATGIUR1
DCIS_SCUOLE,1.0,8,SCHOOL_YEAR,CL_N_ORDINALI
DCIS_SCUOLE,1.0,9,TYPE_SCHOOL,CL_TIPO_SCUOLA2
DCIS_SCUOLEDIS,1.0,1,FREQ,CL_FREQ
DCIS_SCUOLEDIS,1.0,2,REF_AREA,CL_ITTER107
DCIS_SCUOLEDIS,1.0,3,SCHOOL_LEVEL,CL_ORDINESCOL
DCIS_SCUOLEDIS,1.0,4,PRESENCE,CL_PRESENZA
DCIS_SCUOLEDIS,1.0,5,PROF_FIGURE_INTEGR,CL_FIGPROFES
DCIS_SCUOLESECOND2,1.0,1,FREQ,CL_FREQ
DCIS_SCUOLESECOND2,1.0,2,REF_AREA,CL_ITTER107
DCIS_SCUOLESECOND2,1.0,3,DATA_TYPE,CL_TIPO_DATO6
DCIS_SCUOLESECOND2,1.0,4,MEASURE,CL_MISURA1
DCIS_SCUOLESECOND2,1.0,5,SCHOOL_LEVEL,CL_ORDINESCOL
DCIS_SCUOLESECOND2,1.0,6,TYPE_SCHOOL,CL_TIPO_SCUOLA
DCIS_SCUOLESECOND2,1.0,7,TYPE_SCHOOL_MANAGEMENT,CL_NATGIUR
DCIS_SCUOLESORDI,1.0,1,FREQ,CL_FREQ
DCIS_SCUOLESORDI,1.0,2,REF_AREA,CL_ITTER107
DCIS_SCUOLESORDI,1.0,3,SCHOOL_LEVEL,CL_ORDINESCOL
DCIS_SCUOLESORDI,1.0,4,COMMUNIC_DEAF_PEOPLE,CL_PRESENZA
DCIS_SEPARAZDEMCONG,1.0,1,FREQ,CL_FREQ
DCIS_SEPARAZDEMCONG,1.0,2,REF_AREA,CL_ITTER107
DCIS_SEPARAZDEMCONG,1.0,3,DATA_TYPE,CL_TIPO_DATO15
DCIS_SEPARAZDEMCONG,1.0,4,HUSBAND_PLACE_BIRTH,CL_ITTER107
DCIS_SEPARAZDEMCONG,1.0,5,WIFE_PLACE_BIRTH,CL_ITTER107
DCIS_SEPARAZDEMCONG,1.0,6,HUSBAND_RESID,CL_ITTER107
DCIS_SEPARAZDEMCONG,1.0,7,WIFE_RESID,CL_ITTER107
DCIS_SEPARAZDEMCONG,1.0,8,AGE_HUSB_SEPAR,CL_ETA1
DCIS_SEPARAZDEMCONG,1.0,9,AGE_WIFE_SEPARATION,CL_ETA1
DCIS_SEPARAZDEMCONG,1.0,10,AGE_HUSB_MARRIAGE,CL_ETA1
DCIS_SEPARAZDEMCONG,1.0,11,AGE_WIFE_MARRIEAGE,CL_ETA1
DCIS_SEPARAZDEMCONG,1.0,12,YEAR_MARRIAGE,CL_T_BIS
DCIS_SEPARAZDEMCONG1,1.0,1,FREQ,CL_FREQ
DCIS_SEPARAZDEMCONG1,1.0,2,REF_AREA,CL_ITTER107
DCIS_SEPARAZDEMCONG1,1.0,3,DATA_TYPE,CL_TIPO_DATO15
DCIS_SEPARAZDEMCONG1,1.0,4,HUSBAND_PLACE_BIRTH,CL_ITTER107
DCIS_SEPARAZDEMCONG1,1.0,5,WIFE_PLACE_BIRTH,CL_ITTER107
DCIS_SEPARAZDEMCONG1,1.0,6,HUSBAND_RESID,CL_ITTER107
DCIS_SEPARAZDEMCONG1,1.0,7,WIFE_RESID,CL_ITTER107
DCIS_SEPARAZDEMCONG1,1.0,8,AGE_HUSB_SEPAR,CL_ETA1
DCIS_SEPARAZDEMCONG1,1.0,9,AGE_WIFE_SEPARATION,CL_ETA1
DCIS_SEPARAZDEMCONG1,1.0,10,AGE_HUSB_MARRIAGE,CL_ETA1
DCIS_SEPARAZDEMCONG1,1.0,11,AGE_WIFE_MARRIEAGE,CL_ETA1
DCIS_SEPARAZDEMCONG1,1.0,12,YEAR_MARRIAGE,CL_T_BIS
DCIS_SEPARAZFIG,1.0,1,FREQ,CL_FREQ
DCIS_SEPARAZFIG,1.0,2,REF_AREA,CL_ITTER107
DCIS_SEPARAZFIG,1.0,3,DATA_TYPE,CL_TIPO_DATO15
DCIS_SEPARAZFIG,1.0,4,JUDICIAL_SEPARATION,CL_MOTIVO_GIUDIZ
DCIS_SEPARAZFIG,1.0,5,TYPE_PROCEED,CL_ESAURIMENTO
DCIS_SEPARAZFIG,1.0,6,MARRIAGE_RITE,CL_RITO1
DCIS_SEPARAZFIG,1.0,7,MARRIAGE_DURATION,CL_DURATA
DCIS_SEPARAZFIG,1.0,8,YEAR_MARRIAGE,CL_T_BIS
DCIS_SEPARAZFIG,1.0,9,Y_CHILDREN_IN_CUSTODY,CL_SI_NO
DCIS_SEPARAZFIG,1.0,10,NUMBER_OF_CHILDREN,CL_NUMEROSITA
DCIS_SEPARAZFIG,1.0,11,AGE_CHILDREN_IN_CUSTODY,CL_ETA1
DCIS_SEPARAZFIG,1.0,12,NUMBER_OF_CHILD_CUSTODY,CL_NUMEROSITA
DCIS_SEPARAZFIG,1.0,13,TYPE_OF_CUSTODY,CL_AFFIDAMENTO
DCIS_SEPARAZFIG1,1.0,1,FREQ,CL_FREQ
DCIS_SEPARAZFIG1,1.0,2,REF_AREA,CL_ITTER107
DCIS_SEPARAZFIG1,1.0,3,DATA_TYPE,CL_TIPO_DATO15
DCIS_SEPARAZFIG1,1.0,4,JUDICIAL_SEPARATION,CL_MOTIVO_GIUDIZ
DCIS_SEPARAZFIG1,1.0,5,TYPE_PROCEED,CL_ESAURIMENTO
DCIS_SEPARAZFIG1,1.0,6,MARRIAGE_RITE,CL_RITO1
DCIS_SEPARAZFIG1,1.0,7,MARRIAGE_DURATION,CL_DURATA
DCIS_SEPARAZFIG1,1.0,8,YEAR_MARRIAGE,CL_T_BIS
DCIS_SEPARAZFIG1,1.0,9,Y_CHILDREN_IN_CUSTODY,CL_SI_NO
DCIS_SEPARAZFIG1,1.0,10,NUMBER_OF_CHILDREN,CL_NUMEROSITA
DCIS_SEPARAZFIG1,1.0,11,AGE_CHILDREN_IN_CUSTODY,CL_ETA1
DCIS_SEPARAZFIG1,1.0,12,NUMBER_OF_CHILD_CUSTODY,CL_NUMEROSITA
DCIS_SEPARAZFIG1,1.0,13,TYPE_OF_CUSTODY,CL_AFFIDAMENTO
DCIS_SEPARAZIND,1.0,1,FREQ,CL_FREQ
DCIS_SEPARAZIND,1.0,2,REF_AREA,CL_ITTER107
DCIS_SEPARAZIND,1.0,3,DATA_TYPE,CL_TIPO_DATO15
DCIS_SEPARAZIND1,1.0,1,FREQ,CL_FREQ
DCIS_SEPARAZIND1,1.0,2,REF_AREA,CL_ITTER107
DCIS_SEPARAZIND1,1.0,3,DATA_TYPE,CL_TIPO_DATO15
DCIS_SEPARAZSOC,1.0,1,FREQ,CL_FREQ
DCIS_SEPARAZSOC,1.0,2,REF_AREA,CL_ITTER107
DCIS_SEPARAZSOC,1.0,3,DATA_TYPE,CL_TIPO_DATO15
DCIS_SEPARAZSOC,1.0,4,EDU_LEV_HUSBAND,CL_TITOLO_STUDIO
DCIS_SEPARAZSOC,1.0,5,EDU_LEV_WIFE,CL_TITOLO_STUDIO
DCIS_SEPARAZSOC,1.0,6,LABOUR_STATUS_HUSBAND,CL_CONDIZIONE_DICH
DCIS_SEPARAZSOC,1.0,7,LABOUR_STATUS_WIFE,CL_CONDIZIONE_DICH
DCIS_SEPARAZSOC,1.0,8,PROF_STATUS_HUSBAND,CL_PROFILO_PROF
DCIS_SEPARAZSOC,1.0,9,PROF_STATUS_WIFE,CL_PROFILO_PROF
DCIS_SEPARAZSOC1,1.0,1,FREQ,CL_FREQ
DCIS_SEPARAZSOC1,1.0,2,REF_AREA,CL_ITTER107
DCIS_SEPARAZSOC1,1.0,3,DATA_TYPE,CL_TIPO_DATO15
DCIS_SEPARAZSOC1,1.0,4,EDU_LEV_HUSBAND,CL_TITOLO_STUDIO
DCIS_SEPARAZSOC1,1.0,5,EDU_LEV_WIFE,CL_TITOLO_STUDIO
DCIS_SEPARAZSOC1,1.0,6,LABOUR_STATUS_HUSBAND,CL_CONDIZIONE_DICH
DCIS_SEPARAZSOC1,1.0,7,LABOUR_STATUS_WIFE,CL_CONDIZIONE_DICH
DCIS_SEPARAZSOC1,1.0,8,PROF_STATUS_HUSBAND,CL_PROFILO_PROF
DCIS_SEPARAZSOC1,1.0,9,PROF_STATUS_WIFE,CL_PROFILO_PROF
DCIS_SERVMUSEI,1.0,1,FREQ,CL_FREQ
DCIS_SERVMUSEI,1.0,2,REF_AREA,CL_ITTER107
DCIS_SERVMUSEI,1.0,3,TYPE_COLLECTION,CL_TIPMUSEO
DCIS_SERVMUSEI,1.0,4,KIND_MUSEUM,CL_CATEGMUSEO
DCIS_SERVMUSEI,1.0,5,KIND_OF_OWNERSHIP,CL_NATGIUR
DCIS_SERVMUSEI,1.0,6,KIND_MANAGEMENT,CL_TIPGESTMUSEO
DCIS_SERVMUSEI,1.0,7,MUSEUMS_NETWORK,CL_CIRCUITOMUSEO
DCIS_SERVMUSEI,1.0,8,ADMISSION_FEE,CL_ACCESSOMUSEO
DCIS_SERVMUSEI,1.0,9,RESTAURANT,CL_PRESENZA
DCIS_SERVMUSEI,1.0,10,TEACHING_ACTIVITIES,CL_PRESENZA
DCIS_SERVMUSEI,1.0,11,RESTORATION_ACTIVITY,CL_PRESENZA
DCIS_SERVMUSEI,1.0,12,ACQUI_NEW_COLLECTIONS,CL_PRESENZA
DCIS_SERVMUSEI,1.0,13,RESEARCH,CL_PRESENZA
DCIS_SERVMUSEI,1.0,14,TEMPORARY_EXHIBITION,CL_PRESENZA
DCIS_SERVMUSEI,1.0,15,ATTENDING_CONFERENCES,CL_PRESENZA
DCIS_SERVSOCEDU,1.0,1,FREQ,CL_FREQ
DCIS_SERVSOCEDU,1.0,2,REF_AREA,CL_ITTER107
DCIS_SERVSOCEDU,1.0,3,EDUC_SERV_INFAN_DAYCARE,CL_TIPSERVSOCEDU
DCIS_SERVSOCEDU,1.0,4,DATA_TYPE,CL_TIPINDSOCEDU
DCIS_SERVSOCEDU1,1.0,1,FREQ,CL_FREQ
DCIS_SERVSOCEDU1,1.0,2,REF_AREA,CL_ITTER107
DCIS_SERVSOCEDU1,1.0,3,DATA_TYPE,CL_TIPO_DATO_SERV_SOC
DCIS_SERVSOCEDU1,1.0,4,TYPE_SOCIO_EDUC_SERVICE,CL_TIPSERVSOC
DCIS_SERVSOCEDU1,1.0,5,TYPE_MANAGEMENT,CL_TIPENTEGEST1
DCIS_SERVSOCEDU1,1.0,6,HOLDER_SECTOR_PUBPRIV,CL_SETTORE
DCIS_SPESESERSOC,1.0,1,FREQ,CL_FREQ
DCIS_SPESESERSOC,1.0,2,REF_AREA,CL_ITTER107
DCIS_SPESESERSOC,1.0,3,CATEG_OF_BENEFICIARIES,CL_AREEUTENZA
DCIS_SPESESERSOC,1.0,4,DATA_TYPE,CL_TIPINDICSPESE
DCIS_SPESESERSOC1,1.0,1,FREQ,CL_FREQ
DCIS_SPESESERSOC1,1.0,2,REF_AREA,CL_ITTER107
DCIS_SPESESERSOC1,1.0,3,DATA_TYPE,CL_TIPO_DATO_SERV_SOC
DCIS_SPESESERSOC1,1.0,4,CATEG_OF_BENEFICIARIES,CL_TIPUTENZA1
DCIS_SPESESERSOC1,1.0,5,CATEGORY_OF_SERVICE,CL_TIPSERVSOC
DCIS_SPESESERSOC1,1.0,6,KIND_PROVIDER,CL_TIPENTEGEST1
DCIS_SPESESERSOC1_RP,1.0,1,FREQ,CL_FREQ
DCIS_SPESESERSOC1_RP,1.0,2,REF_AREA,CL_ITTER107
DCIS_SPESESERSOC1_RP,1.0,3,DATA_TYPE,CL_TIPO_DATO_SERV_SOC
DCIS_SPESESERSOC1_RP,1.0,4,CATEG_OF_BENEFICIARIES,CL_TIPUTENZA1
DCIS_SPESESERSOC1_RP,1.0,5,CATEGORY_OF_SERVICE,CL_TIPSERVSOC
DCIS_SPESESERSOC1_RP,1.0,6,KIND_PROVIDER,CL_TIPENTEGEST1
DCIS_SPOSI,1.0,1,FREQ,CL_FREQ
DCIS_SPOSI,1.0,2,REF_AREA,CL_ITTER107
DCIS_SPOSI,1.0,3,DATA_TYPE,CL_TIPO_DATO15
DCIS_SPOSI,1.0,4,MARRIAGE_RITE,CL_RITO1
DCIS_SPOSI,1.0,5,YEAR_BIRTH,CL_T_BIS
DCIS_SPOSI,1.0,6,AGE_AT_MARRIAGE,CL_ETA1
DCIS_SPOSI,1.0,7,MARITAL_STATUS,CL_STATCIV2
DCIS_SPOSI,1.0,8,YEAR_END_PREV_MARRIAGE,CL_T_BIS
DCIS_SPOSI,1.0,9,WID_DIV_DURATION,CL_ETA1
DCIS_SPOSI,1.0,10,EDU_LEV_HIGHEST,CL_TITOLO_STUDIO
DCIS_SSCENT,1.0,1,FREQ,CL_FREQ
DCIS_SSCENT,1.0,2,REF_AREA,CL_ITTER107
DCIS_SSCENT,1.0,3,DATA_TYPE,CL_TIPO_DATO15
DCIS_SSCENT,1.0,4,YEAR_BIRTH,CL_T_BIS
DCIS_SSCENT,1.0,5,SEX,CL_SEXISTAT1
DCIS_STRSANDISTR,1.0,1,FREQ,CL_FREQ
DCIS_STRSANDISTR,1.0,2,REF_AREA,CL_ITTER107
DCIS_STRSANDISTR,1.0,3,DATA_TYPE,CL_TIPO_DATO14
DCIS_STRSANDISTR,1.0,4,FACILITY_TYPE,CL_TIPO_STRUTTURASAN
DCIS_STRSANDISTR,1.0,5,TYPE_OF_ACTIVITY,CL_TIPO_ATTIVITASAN
DCIS_SUICIDI,1.0,1,FREQ,CL_FREQ
DCIS_SUICIDI,1.0,2,RESIDENCE_TERR,CL_ITTER107
DCIS_SUICIDI,1.0,3,DATA_TYPE,CL_TIPO_DATO15
DCIS_SUICIDI,1.0,4,METHOD_SUICIDE,CL_CIRCOSTANZE_MORTE
DCIS_SUICIDI,1.0,5,PHY_DISEASE,CL_STATI_MORBOSI
DCIS_SUICIDI,1.0,6,MENTALBEHA_DISEASE,CL_STATI_MORBOSI
DCIS_SUICIDI,1.0,7,AGE,CL_ETA1
DCIS_SUICIDI,1.0,8,SEX,CL_SEXISTAT1
DCIS_SUICIDI,1.0,9,MARITAL_STATUS,CL_STATCIV2
DCIS_SUICIDI,1.0,10,EDU_LEV_HIGHEST,CL_TITOLO_STUDIO
DCIS_SUICIDI,1.0,11,MONTH_DEATH,CL_T_BIS
DCIS_SUICIDI,1.0,12,CITIZENSHIP,CL_ISO
DCIS_UNIONDEMO,1.0,1,FREQ,CL_FREQ
DCIS_UNIONDEMO,1.0,2,REF_AREA,CL_ITTER107
DCIS_UNIONDEMO,1.0,3,DATA_TYPE,CL_TIPO_DATO15
DCIS_UNIONDEMO,1.0,4,SEX,CL_SEXISTAT1
DCIS_UNIONDEMO,1.0,5,PROPERTY_SYSTEMS,CL_TIPO_CONV_BIS
DCIS_UNIONDEMO,1.0,6,MONTH_OF_CONSTITUTION,CL_T_BIS
DCIS_UNIONDEMO,1.0,7,AGE_CIVIL_PARTNER1,CL_ETA1
DCIS_UNIONDEMO,1.0,8,MARITAL_STATUS_PARTNER1,CL_STATCIV2
DCIS_UNIONDEMO,1.0,9,EDU_LEVEL_PARTNER1,CL_TITOLO_STUDIO
DCIS_UNIONDEMO,1.0,10,AGE_CIVIL_PARTNER2,CL_ETA1
DCIS_UNIONDEMO,1.0,11,MARITAL_STATUS_PARTNER2,CL_STATCIV2
DCIS_UNIONDEMO,1.0,12,EDU_LEVEL_PARTNER2,CL_TITOLO_STUDIO
DCIS_UNIONDEMO,1.0,13,AGE_CIVIL_PARTNERSHIP,CL_ETA1
DCIS_UNIONDEMO,1.0,14,YEAR_OF_BIRTH,CL_T_BIS
DCIS_UNIONDEMO,1.0,15,MARITAL_STATUS,CL_STATCIV2
DCIS_UNIONICIT,1.0,1,FREQ,CL_FREQ
DCIS_UNIONICIT,1.0,2,REF_AREA,CL_ITTER107
DCIS_UNIONICIT,1.0,3,DATA_TYPE,CL_TIPO_DATO15
DCIS_UNIONICIT,1.0,4,SEX,CL_SEXISTAT1
DCIS_UNIONICIT,1.0,5,PARTNER_CITIZENCHIP,CL_TIPCOPPIA
DCIS_UNIONICIT,1.0,6,CITIZENSHIP,CL_ISO
DCIS_UNIONICIT,1.0,7,CITIZENSHIP_PARTNER1,CL_ISO
DCIS_UNIONICIT,1.0,8,EDU_LEVEL_PARTNER1,CL_TITOLO_STUDIO
DCIS_UNIONICIT,1.0,9,MARITAL_STATUS_PARTNER1,CL_STATCIV2
DCIS_UNIONICIT,1.0,10,CITIZENSHIP_PARTNER2,CL_ISO
DCIS_UNIONICIT,1.0,11,EDU_LEVEL_PARTNER2,CL_TITOLO_STUDIO
DCIS_UNIONICIT,1.0,12,MARITAL_STATUS_PARTNER2,CL_STATCIV2
DCIS_UNIONICIT,1.0,13,SAME_CITIZENCHIP,CL_SI_NO
DCIS_UNIONIND,1.0,1,FREQ,CL_FREQ
DCIS_UNIONIND,1.0,2,REF_AREA,CL_ITTER107
DCIS_UNIONIND,1.0,3,DATA_TYPE,CL_TIPO_DATO15
DCIS_UNIONIND,1.0,4,MARITAL_STATUS_WOMEN,CL_STATCIV2
DCIS_UNIONIND,1.0,5,MARITAL_STATUS_MEN,CL_STATCIV2
DCIS_UNIONISOC,1.0,1,FREQ,CL_FREQ
DCIS_UNIONISOC,1.0,2,REF_AREA,CL_ITTER107
DCIS_UNIONISOC,1.0,3,DATA_TYPE,CL_TIPO_DATO15
DCIS_UNIONISOC,1.0,4,PROPERTY_SYSTEMS,CL_TIPO_CONV_BIS
DCIS_UNIONISOC,1.0,5,SEX,CL_SEXISTAT1
DCIS_UNIONISOC,1.0,6,LAB_STATUS_PARTNER1,CL_CONDIZIONE_DICH
DCIS_UNIONISOC,1.0,7,PROF_POSITION_PARTNER1,CL_PROFILO_PROF
DCIS_UNIONISOC,1.0,8,BIRTH_REG_PARTNER1,CL_PROV_DEST_Z
DCIS_UNIONISOC,1.0,9,RESIDENCE_REG_PARTNER1,CL_PROV_DEST_Z
DCIS_UNIONISOC,1.0,10,LAB_STATUS_PARTNER2,CL_CONDIZIONE_DICH
DCIS_UNIONISOC,1.0,11,PROF_POSITION_PARTNER2,CL_PROFILO_PROF
DCIS_UNIONISOC,1.0,12,BIRTH_REG_PARTNER2,CL_PROV_DEST_Z
DCIS_UNIONISOC,1.0,13,RESIDENCE_REG_PARTNER2,CL_PROV_DEST_Z
DCIS_VEICOLIINCID1,1.0,1,FREQ,CL_FREQ
DCIS_VEICOLIINCID1,1.0,2,REF_AREA,CL_ITTER107
DCIS_VEICOLIINCID1,1.0,3,DATA_TYPE,CL_TIPO_DATO22
DCIS_VEICOLIINCID1,1.0,4,ACCIDENT_LOCALIZATON,CL_LOCSTRADALE
DCIS_VEICOLIINCID1,1.0,5,INTERSECTION,CL_INTERSEZIONE
DCIS_VEICOLIINCID1,1.0,6,TY_ROAD_ACCIDENT,CL_NATURAINCIDENTE
DCIS_VEICOLIINCID1,1.0,7,VEHICLE_TYPE,CL_CATEGVEICOLI
DCIS_VEICOLIINCID1,1.0,8,MONTH,CL_MESE2
DCIS_VEICOLIPRA,1.0,1,FREQ,CL_FREQ
DCIS_VEICOLIPRA,1.0,2,REF_AREA,CL_ITTER107
DCIS_VEICOLIPRA,1.0,3,DATA_TYPE,CL_TIPO_DATO22
DCIS_VEICOLIPRA,1.0,4,VEHICLE_TYPE,CL_CATEGVEICOLI
DCIS_VEICOLIPRA_COM,1.0,1,FREQ,CL_FREQ
DCIS_VEICOLIPRA_COM,1.0,2,REF_AREA,CL_ITTER107
DCIS_VEICOLIPRA_COM,1.0,3,DATA_TYPE,CL_TIPO_DATO22
DCIS_VEICOLIPRA_COM,1.0,4,VEHICLE_TYPE,CL_CATEGVEICOLI
DCIS_VISITMUSEI,1.0,1,FREQ,CL_FREQ
DCIS_VISITMUSEI,1.0,2,REF_AREA,CL_ITTER107
DCIS_VISITMUSEI,1.0,3,TYPE_COLLECTION,CL_TIPMUSEO
DCIS_VISITMUSEI,1.0,4,KIND_MUSEUM,CL_CATEGMUSEO
DCIS_VISITMUSEI,1.0,5,KIND_OF_OWNERSHIP,CL_NATGIUR
DCIS_VISITMUSEI,1.0,6,KIND_MANAGEMENT,CL_TIPGESTMUSEO
DCIS_VISITMUSEI,1.0,7,MUSEUMS_NETWORK,CL_CIRCUITOMUSEO
DCIS_VISITMUSEI,1.0,8,ADMISSION_FEE,CL_ACCESSOMUSEO
DCIS_VISITMUSEI1,1.0,1,FREQ,CL_FREQ
DCIS_VISITMUSEI1,1.0,2,REF_AREA,CL_ITTER107
DCIS_VISITMUSEI1,1.0,3,DATA_TYPE,CL_TIPO_DATO30
DCIS_VISITMUSEI1,1.0,4,TYPE_COLLECTION,CL_TIPMUSEO1
DCIS_VISITMUSEI1,1.0,5,KIND_MUSEUM,CL_CATEGMUSEO1
DCIS_VISITMUSEI1,1.0,6,KIND_OF_OWNERSHIP,CL_NATGIUR
DCIS_VISITMUSEI1,1.0,7,KIND_MANAGEMENT,CL_CONDUZIONE
DCIS_VISITMUSEI1,1.0,8,Y_MUSEUMS_CHAIN_MEMBER,CL_SI_NO
DCIS_VISITMUSEI1,1.0,9,Y_FREE_ADMISSION,CL_SI_NO
DCSA_VOLON,1.0,1,FREQ,CL_FREQ
DCSA_VOLON,1.0,2,REF_AREA,CL_ITTER107
DCSA_VOLON,1.0,3,DATA_TYPE,CL_TIPO_DATO34
DCSA_VOLON,1.0,4,Y_ORG_BASED_VOLUNTEERING,CL_SI_NO
DCSA_VOLON,1.0,5,SEX,CL_SEXISTAT1
DCSA_VOLON,1.0,6,AGE,CL_ETA1
DCSA_VOLON,1.0,7,TYPE_ACTIVITY_PERFORMED,CL_PROFESSIONE
DCSA_VOLON,1.0,8,YEARS_OF_ACTIVITIES,CL_DURATA
DCSA_VOLON,1.0,9,EDU_LEV_HIGHEST,CL_TITOLO_STUDIO
DCSA_VOLON,1.0,10,LABOUR_PROFESS_STATUS_C,CL_CONDIZIONE_DICH
DCSA_VOLON,1.0,11,NUMBER_HOUSEHOLD_COMP,CL_NUMEROSITA
DCSA_VOLON,1.0,12,FAM_ECON_RESOURCES,CL_GIUD_RISEC
DCSA_VOLON1,1.0,1,FREQ,CL_FREQ
DCSA_VOLON1,1.0,2,REF_AREA,CL_ITTER107
DCSA_VOLON1,1.0,3,DATA_TYPE,CL_TIPO_DATO34
DCSA_VOLON1,1.0,4,FORM_VOLUNT,CL_MODATTIV
DCSA_VOLON1,1.0,5,SEX,CL_SEXISTAT1
DCSA_VOLON1,1.0,6,AGE,CL_ETA1
DCSA_VOLON1,1.0,7,TYPE_ACTIVITY_PERFORMED,CL_PROFESSIONE
DCSA_VOLON1,1.0,8,YEARS_OF_ACTIVITIES,CL_DURATA
DCSA_VOLON1,1.0,9,EDU_LEV_HIGHEST,CL_TITOLO_STUDIO
DCSA_VOLON1,1.0,10,LABOUR_PROFESS_STATUS_C,CL_CONDIZIONE_DICH
DCSA_VOLON1,1.0,11,NUMBER_HOUSEHOLD_COMP,CL_NUMEROSITA
DCSA_VOLON1,1.0,12,FAM_ECON_RESOURCES,CL_GIUD_RISEC
DCSA_VOLON_ORG,1.0,1,FREQ,CL_FREQ
DCSA_VOLON_ORG,1.0,2,REF_AREA,CL_ITTER107
DCSA_VOLON_ORG,1.0,3,DATA_TYPE,CL_TIPO_DATO34
DCSA_VOLON_ORG,1.0,4,SEX,CL_SEXISTAT1
DCSA_VOLON_ORG,1.0,5,Y_MULTI_MEMBERSHIP,CL_SI_NO
DCSA_VOLON_ORG,1.0,6,MAIN_ACT_SECTOR,CL_ICNPO
DCSA_VOLON_ORG,1.0,7,INSTITUT_SETTING,CL_TIPENTEGEST1
DCSA_VOLON_ORG,1.0,8,REASON,CL_MOTIVO_ATT
DCSA_VOLON_ORG,1.0,9,PERSONAL_IMPACT,CL_SIGNIFICATO_ATT
DCSA_VOLON_ORG1,1.0,1,FREQ,CL_FREQ
DCSA_VOLON_ORG1,1.0,2,REF_AREA,CL_ITTER107
DCSA_VOLON_ORG1,1.0,3,DATA_TYPE,CL_TIPO_DATO34
DCSA_VOLON_ORG1,1.0,4,SEX,CL_SEXISTAT1
DCSA_VOLON_ORG1,1.0,5,Y_MULTI_MEMBERSHIP,CL_SI_NO
DCSA_VOLON_ORG1,1.0,6,MAIN_ACT_SECTOR,CL_ICNPO
DCSA_VOLON_ORG1,1.0,7,INSTITUT_SETTING,CL_TIPENTEGEST1
DCSA_VOLON_ORG1,1.0,8,REASON,CL_MOTIVO_ATT
DCSA_VOLON_ORG1,1.0,9,PERSONAL_IMPACT,CL_SIGNIFICATO_ATT
DCSC_COMMDET_1,1.0,1,FREQ,CL_FREQ
DCSC_COMMDET_1,1.0,2,REF_AREA,CL_ITTER107
DCSC_COMMDET_1,1.0,3,DATA_TYPE,CL_TIPO_DATO7
DCSC_COMMDET_1,1.0,4,ADJUSTMENT,CL_CORREZ
DCSC_COMMDET_1,1.0,5,PRODUCT_SECTOR,CL_TIPO_PRODOTTOCOMM
DCSC_COMMDET_1,1.0,6,TYPE_OF_SALES,CL_FORMA_VENDITA
DCSC_COMMDET_1,1.0,7,PERS_EMPL_SIZE_CLASS,CL_CLLVT
DCSC_COSTLAVSTRUT_1,1.0,1,FREQ,CL_FREQ
DCSC_COSTLAVSTRUT_1,1.0,2,REF_AREA,CL_ITTER107
DCSC_COSTLAVSTRUT_1,1.0,3,DATA_TYPE,CL_TIPO_DATO7
DCSC_COSTLAVSTRUT_1,1.0,4,SECTOR_PUBPRIV,CL_SETTORE
DCSC_COSTLAVSTRUT_1,1.0,5,EMPLOYESS_CLASS,CL_CLLVT
DCSC_COSTLAVSTRUT_1,1.0,6,ECON_ACTIVITY_NACE_2007,CL_ATECO_2007
DCSC_COSTLAVULAOROS_1,1.0,1,FREQ,CL_FREQ
DCSC_COSTLAVULAOROS_1,1.0,2,REF_AREA,CL_ITTER107
DCSC_COSTLAVULAOROS_1,1.0,3,DATA_TYPE,CL_TIPO_DATO7
DCSC_COSTLAVULAOROS_1,1.0,4,ADJUSTMENT,CL_CORREZ
DCSC_COSTLAVULAOROS_1,1.0,5,ECON_ACTIVITY_NACE_2007,CL_ATECO_2007
DCSC_FABBRESID_1,1.0,1,FREQ,CL_FREQ
DCSC_FABBRESID_1,1.0,2,REF_AREA,CL_ITTER107
DCSC_FABBRESID_1,1.0,3,DATA_TYPE,CL_TIPO_DATO7
DCSC_FABBRESID_1,1.0,4,ADJUSTMENT,CL_CORREZ
DCSC_FABBRESID_1,1.0,5,GROUP_CATEGORY_COST,CL_COSTO_GRUPCATEG
DCSC_FATTSERVIZ_1,1.0,1,FREQ,CL_FREQ
DCSC_FATTSERVIZ_1,1.0,2,REF_AREA,CL_ITTER107
DCSC_FATTSERVIZ_1,1.0,3,DATA_TYPE,CL_TIPO_DATO7
DCSC_FATTSERVIZ_1,1.0,4,ADJUSTMENT,CL_CORREZ
DCSC_FATTSERVIZ_1,1.0,5,ECON_ACTIVITY_NACE_2007,CL_ATECO_2007
DCSC_FIDCOMM,1.0,1,FREQ,CL_FREQ
DCSC_FIDCOMM,1.0,2,REF_AREA,CL_ITTER107
DCSC_FIDCOMM,1.0,3,DATA_TYPE,CL_TIPO_DATO20
DCSC_FIDCOMM,1.0,4,ADJUSTMENT,CL_CORREZ
DCSC_FIDCOMM,1.0,5,ECON_ACTIVITY_NACE_2007,CL_ATECO_2007
DCSC_FIDCOMM,1.0,6,TYPE_OF_SALES,CL_FORMA_VENDITA
DCSC_FIDCONS,1.0,1,FREQ,CL_FREQ
DCSC_FIDCONS,1.0,2,REF_AREA,CL_ITTER107
DCSC_FIDCONS,1.0,3,DATA_TYPE,CL_TIPO_DATO19
DCSC_FIDCONS,1.0,4,ADJUSTMENT,CL_CORREZ
DCSC_FIDCONS,1.0,5,AGE,CL_ETA1
DCSC_FIDCONS,1.0,6,SEX,CL_SEXISTAT1
DCSC_FIDCONS,1.0,7,EDU_LEV_HIGHEST,CL_TITOLO_STUDIO
DCSC_FIDCONS,1.0,8,LABPROF_STATUS_A_FID,CL_CONDIZIONE_DICH2
DCSC_FIDCONS196102,1.0,1,FREQ,CL_FREQ
DCSC_FIDCONS196102,1.0,2,REF_AREA,CL_ITTER107
DCSC_FIDCONS196102,1.0,3,DATA_TYPE,CL_TIPO_DATO19
DCSC_FIDCONS196102,1.0,4,ADJUSTMENT,CL_CORREZ
DCSC_FIDCONS196102,1.0,5,SEX,CL_SEXISTAT1
DCSC_FIDCONS293221,1.0,1,FREQ,CL_FREQ
DCSC_FIDCONS293221,1.0,2,REF_AREA,CL_ITTER107
DCSC_FIDCONS293221,1.0,3,DATA_TYPE,CL_TIPO_DATO19
DCSC_FIDCONS293221,1.0,4,ADJUSTMENT,CL_CORREZ
DCSC_FIDCONS293221,1.0,5,EDU_LEV_HIGHEST,CL_TITOLO_STUDIO
DCSC_FIDCONS293784,1.0,1,FREQ,CL_FREQ
DCSC_FIDCONS293784,1.0,2,REF_AREA,CL_ITTER107
DCSC_FIDCONS293784,1.0,3,DATA_TYPE,CL_TIPO_DATO19
DCSC_FIDCONS293784,1.0,4,ADJUSTMENT,CL_CORREZ
DCSC_FIDCONS293784,1.0,5,SEX,CL_SEXISTAT1
DCSC_FIDCONS376881,1.0,1,FREQ,CL_FREQ
DCSC_FIDCONS376881,1.0,2,REF_AREA,CL_ITTER107
DCSC_FIDCONS376881,1.0,3,DATA_TYPE,CL_TIPO_DATO19
DCSC_FIDCONS376881,1.0,4,ADJUSTMENT,CL_CORREZ
DCSC_FIDCONS376881,1.0,5,AGE,CL_ETA1
DCSC_FIDCONS409060,1.0,1,FREQ,CL_FREQ
DCSC_FIDCONS409060,1.0,2,REF_AREA,CL_ITTER107
DCSC_FIDCONS409060,1.0,3,DATA_TYPE,CL_TIPO_DATO19
DCSC_FIDCONS409060,1.0,4,ADJUSTMENT,CL_CORREZ
DCSC_FIDCONS409060,1.0,5,LABPROF_STATUS_A_FID,CL_CONDIZIONE_DICH2
DCSC_FIDCONS415780,1.0,1,FREQ,CL_FREQ
DCSC_FIDCONS415780,1.0,2,REF_AREA,CL_ITTER107
DCSC_FIDCONS415780,1.0,3,DATA_TYPE,CL_TIPO_DATO19
DCSC_FIDCONS415780,1.0,4,ADJUSTMENT,CL_CORREZ
DCSC_FIDCONS518554,1.0,1,FREQ,CL_FREQ
DCSC_FIDCONS518554,1.0,2,REF_AREA,CL_ITTER107
DCSC_FIDCONS518554,1.0,3,DATA_TYPE,CL_TIPO_DATO19
DCSC_FIDCONS518554,1.0,4,ADJUSTMENT,CL_CORREZ
DCSC_FIDCONS518554,1.0,5,AGE,CL_ETA1
DCSC_FIDCONS525176,1.0,1,FREQ,CL_FREQ
DCSC_FIDCONS525176,1.0,2,REF_AREA,CL_ITTER107
DCSC_FIDCONS525176,1.0,3,DATA_TYPE,CL_TIPO_DATO19
DCSC_FIDCONS525176,1.0,4,ADJUSTMENT,CL_CORREZ
DCSC_FIDCONS525585,1.0,1,FREQ,CL_FREQ
DCSC_FIDCONS525585,1.0,2,REF_AREA,CL_ITTER107
DCSC_FIDCONS525585,1.0,3,DATA_TYPE,CL_TIPO_DATO19
DCSC_FIDCONS525585,1.0,4,ADJUSTMENT,CL_CORREZ
DCSC_FIDCONS533896,1.0,1,FREQ,CL_FREQ
DCSC_FIDCONS533896,1.0,2,REF_AREA,CL_ITTER107
DCSC_FIDCONS533896,1.0,3,DATA_TYPE,CL_TIPO_DATO19
DCSC_FIDCONS533896,1.0,4,ADJUSTMENT,CL_CORREZ
DCSC_FIDCONS659484,1.0,1,FREQ,CL_FREQ
DCSC_FIDCONS659484,1.0,2,REF_AREA,CL_ITTER107
DCSC_FIDCONS659484,1.0,3,DATA_TYPE,CL_TIPO_DATO19
DCSC_FIDCONS659484,1.0,4,ADJUSTMENT,CL_CORREZ
DCSC_FIDCONS746631,1.0,1,FREQ,CL_FREQ
DCSC_FIDCONS746631,1.0,2,REF_AREA,CL_ITTER107
DCSC_FIDCONS746631,1.0,3,DATA_TYPE,CL_TIPO_DATO19
DCSC_FIDCONS746631,1.0,4,ADJUSTMENT,CL_CORREZ
DCSC_FIDCONS769824,1.0,1,FREQ,CL_FREQ
DCSC_FIDCONS769824,1.0,2,REF_AREA,CL_ITTER107
DCSC_FIDCONS769824,1.0,3,DATA_TYPE,CL_TIPO_DATO19
DCSC_FIDCONS769824,1.0,4,ADJUSTMENT,CL_CORREZ
DCSC_FIDCONS862744,1.0,1,FREQ,CL_FREQ
DCSC_FIDCONS862744,1.0,2,REF_AREA,CL_ITTER107
DCSC_FIDCONS862744,1.0,3,DATA_TYPE,CL_TIPO_DATO19
DCSC_FIDCONS862744,1.0,4,ADJUSTMENT,CL_CORREZ
DCSC_FIDCONS905230,1.0,1,FREQ,CL_FREQ
DCSC_FIDCONS905230,1.0,2,REF_AREA,CL_ITTER107
DCSC_FIDCONS905230,1.0,3,DATA_TYPE,CL_TIPO_DATO19
DCSC_FIDCONS905230,1.0,4,ADJUSTMENT,CL_CORREZ
DCSC_FIDCONS905230,1.0,5,EDU_LEV_HIGHEST,CL_TITOLO_STUDIO
DCSC_FIDCONS92036,1.0,1,FREQ,CL_FREQ
DCSC_FIDCONS92036,1.0,2,REF_AREA,CL_ITTER107
DCSC_FIDCONS92036,1.0,3,DATA_TYPE,CL_TIPO_DATO19
DCSC_FIDCONS92036,1.0,4,ADJUSTMENT,CL_CORREZ
DCSC_FIDCONS92036,1.0,5,LABPROF_STATUS_A_FID,CL_CONDIZIONE_DICH2
DCSC_FIDIMPRCOSTR,1.0,1,FREQ,CL_FREQ
DCSC_FIDIMPRCOSTR,1.0,2,REF_AREA,CL_ITTER107
DCSC_FIDIMPRCOSTR,1.0,3,DATA_TYPE,CL_TIPO_DATO23
DCSC_FIDIMPRCOSTR,1.0,4,ADJUSTMENT,CL_CORREZ
DCSC_FIDIMPRCOSTR,1.0,5,ECON_ACTIVITY_NACE_2007,CL_ATECO_2007
DCSC_FIDIMPRCOSTR,1.0,6,PERS_EMPL_SIZE_CLASS,CL_CLLVT
DCSC_FIDIMPRMAN,1.0,1,FREQ,CL_FREQ
DCSC_FIDIMPRMAN,1.0,2,REF_AREA,CL_ITTER107
DCSC_FIDIMPRMAN,1.0,3,DATA_TYPE,CL_TIPO_DATO24
DCSC_FIDIMPRMAN,1.0,4,ADJUSTMENT,CL_CORREZ
DCSC_FIDIMPRMAN,1.0,5,ECON_ACTIVITY_NACE_2007,CL_ATECO_2007
DCSC_FIDIMPRMAN,1.0,6,PERS_EMPL_SIZE_CLASS,CL_CLLVT
DCSC_FIDIMPRSERV,1.0,1,FREQ,CL_FREQ
DCSC_FIDIMPRSERV,1.0,2,REF_AREA,CL_ITTER107
DCSC_FIDIMPRSERV,1.0,3,DATA_TYPE,CL_TIPO_DATO25
DCSC_FIDIMPRSERV,1.0,4,ADJUSTMENT,CL_CORREZ
DCSC_FIDIMPRSERV,1.0,5,ECON_ACTIVITY_NACE_2007,CL_ATECO_2007
DCSC_FIDIMPRSERV,1.0,6,PERS_EMPL_SIZE_CLASS,CL_CLLVT
DCSC_GI_COS,1.0,1,FREQ,CL_FREQ
DCSC_GI_COS,1.0,2,REF_AREA,CL_ITTER107
DCSC_GI_COS,1.0,3,DATA_TYPE,CL_TIPO_DATO7
DCSC_GI_COS,1.0,4,ADJUSTMENT,CL_CORREZ
DCSC_GI_COS,1.0,5,PROF_STATUS_EMP,CL_PROFILO_PROF
DCSC_GI_COS,1.0,6,ECON_ACTIVITY_NACE_2007,CL_ATECO_2007
DCSC_GI_OCC,1.0,1,FREQ,CL_FREQ
DCSC_GI_OCC,1.0,2,REF_AREA,CL_ITTER107
DCSC_GI_OCC,1.0,3,DATA_TYPE,CL_TIPO_DATO7
DCSC_GI_OCC,1.0,4,ADJUSTMENT,CL_CORREZ
DCSC_GI_OCC,1.0,5,PROF_STATUS_EMP,CL_PROFILO_PROF
DCSC_GI_OCC,1.0,6,ECON_ACTIVITY_NACE_2007,CL_ATECO_2007
DCSC_GI_ORE,1.0,1,FREQ,CL_FREQ
DCSC_GI_ORE,1.0,2,REF_AREA,CL_ITTER107
DCSC_GI_ORE,1.0,3,DATA_TYPE,CL_TIPO_DATO7
DCSC_GI_ORE,1.0,4,ADJUSTMENT,CL_CORREZ
DCSC_GI_ORE,1.0,5,PROF_STATUS_EMP,CL_PROFILO_PROF
DCSC_GI_ORE,1.0,6,ECON_ACTIVITY_NACE_2007,CL_ATECO_2007
DCSC_GI_RE,1.0,1,FREQ,CL_FREQ
DCSC_GI_RE,1.0,2,REF_AREA,CL_ITTER107
DCSC_GI_RE,1.0,3,DATA_TYPE,CL_TIPO_DATO7
DCSC_GI_RE,1.0,4,ADJUSTMENT,CL_CORREZ
DCSC_GI_RE,1.0,5,PROF_STATUS_EMP,CL_PROFILO_PROF
DCSC_GI_RE,1.0,6,ECON_ACTIVITY_NACE_2007,CL_ATECO_2007
DCSC_IESI,1.0,1,FREQ,CL_FREQ
DCSC_IESI,1.0,2,REF_AREA,CL_ITTER107
DCSC_IESI,1.0,3,DATA_TYPE,CL_TIPO_DATO23
DCSC_IESI,1.0,4,ADJUSTMENT,CL_CORREZ
DCSC_IESI,1.0,5,ECON_ACTIVITY_NACE_2007,CL_ATECO_2007
DCSC_INDICITOL,1.0,1,FREQ,CL_FREQ
DCSC_INDICITOL,1.0,2,REF_AREA,CL_ITTER107
DCSC_INDICITOL,1.0,3,DATA_TYPE,CL_TIPO_DATO7
DCSC_INDICITOL,1.0,4,ADJUSTMENT,CL_CORREZ
DCSC_INDICITOL,1.0,5,HOM_TYPE_WORK,CL_COSTO_GRUPCATEG
DCSC_INDPREPROCOSTR,1.0,1,FREQ,CL_FREQ
DCSC_INDPREPROCOSTR,1.0,2,REF_AREA,CL_ITTER107
DCSC_INDPREPROCOSTR,1.0,3,DATA_TYPE,CL_TIPO_DATO7
DCSC_INDPREPROCOSTR,1.0,4,ADJUSTMENT,CL_CORREZ
DCSC_INDPREPROCOSTR,1.0,5,ECON_ACTIVITY_NACE_2007,CL_ATECO_2007
DCSC_INDTRAEREO,1.0,1,FREQ,CL_FREQ
DCSC_INDTRAEREO,1.0,2,REF_AREA,CL_ITTER107
DCSC_INDTRAEREO,1.0,3,DATA_TYPE,CL_TIPO_DATO7
DCSC_INDTRAEREO,1.0,4,ARRIVING_DEPARTING,CL_ARRIVO_PARTENZA
DCSC_INDTRAEREO,1.0,5,AIRPORTS,CL_AEROPORTI
DCSC_INDTRAEREO,1.0,6,AIR_SERVICE_TYPE,CL_SERVIZIO_AEREO_TIPO
DCSC_INDTRAEREO,1.0,7,NATION_VECTOR,CL_ISO
DCSC_INDTRAEREO,1.0,8,COUNTRY_PREV_NEXT,CL_ISO
DCSC_INDXPRODCOSTR_1,1.0,1,FREQ,CL_FREQ
DCSC_INDXPRODCOSTR_1,1.0,2,REF_AREA,CL_ITTER107
DCSC_INDXPRODCOSTR_1,1.0,3,DATA_TYPE,CL_TIPO_DATO7
DCSC_INDXPRODCOSTR_1,1.0,4,ADJUSTMENT,CL_CORREZ
DCSC_INDXPRODCOSTR_1,1.0,5,ECON_ACTIVITY_NACE_2007,CL_ATECO_2007
DCSC_INDXPRODIND_1,1.0,1,FREQ,CL_FREQ
DCSC_INDXPRODIND_1,1.0,2,REF_AREA,CL_ITTER107
DCSC_INDXPRODIND_1,1.0,3,DATA_TYPE,CL_TIPO_DATO7
DCSC_INDXPRODIND_1,1.0,4,ADJUSTMENT,CL_CORREZ
DCSC_INDXPRODIND_1,1.0,5,ECON_ACTIVITY_NACE_2007,CL_ATECO_2007
DCSC_NONRESID_CONSTR,1.0,1,FREQ,CL_FREQ
DCSC_NONRESID_CONSTR,1.0,2,REF_AREA,CL_ITTER107
DCSC_NONRESID_CONSTR,1.0,3,DATA_TYPE,CL_TIPO_DATO7
DCSC_NONRESID_CONSTR,1.0,4,ECON_ACT_DEST,CL_SETTORE_TIPO
DCSC_NONRESID_CONSTR,1.0,5,TITLE_BUILD,CL_SERVIZIO_PRF
DCSC_NONRESID_CONSTR,1.0,6,EST_DUR_WORK,CL_DURATA
DCSC_NONRESID_CONSTR,1.0,7,HOLDER_TIT_BLD,CL_FORMGIUR
DCSC_NONRESID_CONSTR,1.0,8,HEAT_SYST_TYPE,CL_DOTAZIONI
DCSC_NONRESID_CONSTR,1.0,9,FLOOR_ADD,CL_SI_NO
DCSC_ORDFATT,1.0,1,FREQ,CL_FREQ
DCSC_ORDFATT,1.0,2,REF_AREA,CL_ITTER107
DCSC_ORDFATT,1.0,3,DATA_TYPE,CL_TIPO_DATO7
DCSC_ORDFATT,1.0,4,ADJUSTMENT,CL_CORREZ
DCSC_ORDFATT,1.0,5,MARKET,CL_MERCATO
DCSC_ORDFATT,1.0,6,ECON_ACTIVITY_NACE_2007,CL_ATECO_2007
DCSC_ORE10_2,1.0,1,FREQ,CL_FREQ
DCSC_ORE10_2,1.0,2,REF_AREA,CL_ITTER107
DCSC_ORE10_2,1.0,3,DATA_TYPE,CL_TIPO_DATO7
DCSC_ORE10_2,1.0,4,ADJUSTMENT,CL_CORREZ
DCSC_ORE10_2,1.0,5,EMPLOYESS_CLASS,CL_CLLVT
DCSC_ORE10_2,1.0,6,ECON_ACTIVITY_NACE_2007,CL_ATECO_2007
DCSC_OROS_1,1.0,1,FREQ,CL_FREQ
DCSC_OROS_1,1.0,2,REF_AREA,CL_ITTER107
DCSC_OROS_1,1.0,3,DATA_TYPE,CL_TIPO_DATO7
DCSC_OROS_1,1.0,4,ADJUSTMENT,CL_CORREZ
DCSC_OROS_1,1.0,5,ECON_ACTIVITY_NACE_2007,CL_ATECO_2007
DCSC_PERM_RAP1,1.0,1,FREQ,CL_FREQ
DCSC_PERM_RAP1,1.0,2,REF_AREA,CL_ITTER107
DCSC_PERM_RAP1,1.0,3,DATA_TYPE,CL_TIPO_DATO7
DCSC_PERM_RAP1,1.0,4,ADJUSTMENT,CL_CORREZ
DCSC_PERM_RAP1,1.0,5,BUILDING_TYPE,CL_EDIFICI
DCSC_POSTIVAC_2,1.0,1,FREQ,CL_FREQ
DCSC_POSTIVAC_2,1.0,2,REF_AREA,CL_ITTER107
DCSC_POSTIVAC_2,1.0,3,DATA_TYPE,CL_TIPO_DATO7
DCSC_POSTIVAC_2,1.0,4,ADJUSTMENT,CL_CORREZ
DCSC_POSTIVAC_2,1.0,5,EMPLOYESS_CLASS,CL_CLLVT
DCSC_POSTIVAC_2,1.0,6,ECON_ACTIVITY_NACE_2007,CL_ATECO_2007
DCSC_PREIMPIND,1.0,1,FREQ,CL_FREQ
DCSC_PREIMPIND,1.0,2,REF_AREA,CL_ITTER107
DCSC_PREIMPIND,1.0,3,DATA_TYPE,CL_TIPO_DATO7
DCSC_PREIMPIND,1.0,4,ADJUSTMENT,CL_CORREZ
DCSC_PREIMPIND,1.0,5,MARKET,CL_MERCATO
DCSC_PREIMPIND,1.0,6,ECON_ACTIVITY_NACE_2007,CL_ATECO_2007
DCSC_PREZPRODSERV_1,1.0,1,FREQ,CL_FREQ
DCSC_PREZPRODSERV_1,1.0,2,REF_AREA,CL_ITTER107
DCSC_PREZPRODSERV_1,1.0,3,DATA_TYPE,CL_TIPO_DATO7
DCSC_PREZPRODSERV_1,1.0,4,ADJUSTMENT,CL_CORREZ
DCSC_PREZPRODSERV_1,1.0,5,ECON_ACTIVITY_NACE_2007,CL_ATECO_2007
DCSC_PREZZPIND_1,1.0,1,FREQ,CL_FREQ
DCSC_PREZZPIND_1,1.0,2,REF_AREA,CL_ITTER107
DCSC_PREZZPIND_1,1.0,3,DATA_TYPE,CL_TIPO_DATO7
DCSC_PREZZPIND_1,1.0,4,ADJUSTMENT,CL_CORREZ
DCSC_PREZZPIND_1,1.0,5,MARKET,CL_MERCATO
DCSC_PREZZPIND_1,1.0,6,ECON_ACTIVITY_NACE_2007,CL_ATECO_2007
DCSC_RACLI,1.0,1,FREQ,CL_FREQ
DCSC_RACLI,1.0,2,REF_AREA,CL_ITTER107
DCSC_RACLI,1.0,3,DATA_TYPE,CL_TIPO_DATO7
DCSC_RACLI,1.0,4,SEX,CL_SEXISTAT1
DCSC_RACLI,1.0,5,AGE,CL_ETA1
DCSC_RACLI,1.0,6,EDU_LEV_HIGHEST,CL_TITOLO_STUDIO
DCSC_RACLI,1.0,7,COUNTRY_BIRTH,CL_ISO
DCSC_RACLI,1.0,8,CITIZENSHIP,CL_ISO
DCSC_RACLI,1.0,9,TYPE_OF_CONTRACT,CL_CARATT_OCC
DCSC_RACLI,1.0,10,FULL_PART_TIME,CL_REGIME_ORARIO
DCSC_RACLI,1.0,11,CONTARCTUAL_OCCUPATION,CL_PROFILO_PROF
DCSC_RACLI,1.0,12,EMPLOYEE_TENURE,CL_ETA1
DCSC_RACLI,1.0,13,PAID_DAYS,CL_DURATA
DCSC_RACLI,1.0,14,ECON_ACTIVITY_NACE_2007,CL_ATECO_2007
DCSC_RACLI,1.0,15,EMPLOYESS_CLASS,CL_CLLVT
DCSC_RESID_CONSTR,1.0,1,FREQ,CL_FREQ
DCSC_RESID_CONSTR,1.0,2,REF_AREA,CL_ITTER107
DCSC_RESID_CONSTR,1.0,3,DATA_TYPE,CL_TIPO_DATO7
DCSC_RESID_CONSTR,1.0,4,SURF_AREA_IN_USE,CL_SETTORE_TIPO
DCSC_RESID_CONSTR,1.0,5,NUM_DWELLINGS,CL_NUMEROSITA
DCSC_RESID_CONSTR,1.0,6,TITLE_BUILD,CL_SERVIZIO_PRF
DCSC_RESID_CONSTR,1.0,7,EST_DUR_WORK,CL_DURATA
DCSC_RESID_CONSTR,1.0,8,NUM_ROOM,CL_NUMEROSITA
DCSC_RESID_CONSTR,1.0,9,USEFUL_FLOOR_AREA_CL,CL_SUPERFICIE
DCSC_RESID_CONSTR,1.0,10,NUM_FLOORS,CL_NUMEROSITA
DCSC_RESID_CONSTR,1.0,11,HOLDER_TIT_BLD,CL_FORMGIUR
DCSC_RESID_CONSTR,1.0,12,HEAT_SYST_TYPE,CL_DOTAZIONI
DCSC_RESID_CONSTR,1.0,13,FLOOR_ADD,CL_SI_NO
DCSC_RESID_CONSTR,1.0,14,PIANO_CASA,CL_SERVIZIO_PRF
DCSC_RETRATECO1,1.0,1,FREQ,CL_FREQ
DCSC_RETRATECO1,1.0,2,REF_AREA,CL_ITTER107
DCSC_RETRATECO1,1.0,3,DATA_TYPE,CL_TIPO_DATO7
DCSC_RETRATECO1,1.0,4,ADJUSTMENT,CL_CORREZ
DCSC_RETRATECO1,1.0,5,PROF_STATUS_EMP,CL_PROFILO_PROF
DCSC_RETRATECO1,1.0,6,ECON_ACTIVITY_NACE_2007,CL_ATECO_2007
DCSC_RETRCASSCOMPPA,1.0,1,FREQ,CL_FREQ
DCSC_RETRCASSCOMPPA,1.0,2,REF_AREA,CL_ITTER107
DCSC_RETRCASSCOMPPA,1.0,3,DATA_TYPE,CL_TIPO_DATO7
DCSC_RETRCASSCOMPPA,1.0,4,MEASURE,CL_MISURA1
DCSC_RETRCASSCOMPPA,1.0,5,PROF_STATUS_EMP,CL_PROFILO_PROF
DCSC_RETRCASSCOMPPA,1.0,6,COMPARTMENT_PUB_ADMIN,CL_COMPARTO_PA
DCSC_RETRCASSCOMPPA,1.0,7,ACCORDING_AREA,CL_AREAPA
DCSC_RETRCONTR1C,1.0,1,FREQ,CL_FREQ
DCSC_RETRCONTR1C,1.0,2,REF_AREA,CL_ITTER107
DCSC_RETRCONTR1C,1.0,3,DATA_TYPE,CL_TIPO_DATO7
DCSC_RETRCONTR1C,1.0,4,ADJUSTMENT,CL_CORREZ
DCSC_RETRCONTR1C,1.0,5,PROF_STATUS_EMP,CL_PROFILO_PROF
DCSC_RETRCONTR1C,1.0,6,MAIN_AGREEMENT_GROUP,CL_TIPO_CONTRATTO
DCSC_RETRCONTR1O,1.0,1,FREQ,CL_FREQ
DCSC_RETRCONTR1O,1.0,2,REF_AREA,CL_ITTER107
DCSC_RETRCONTR1O,1.0,3,DATA_TYPE,CL_TIPO_DATO7
DCSC_RETRCONTR1O,1.0,4,ADJUSTMENT,CL_CORREZ
DCSC_RETRCONTR1O,1.0,5,PROF_STATUS_EMP,CL_PROFILO_PROF
DCSC_RETRCONTR1O,1.0,6,MAIN_AGREEMENT_GROUP,CL_TIPO_CONTRATTO
DCSC_RETRCONTR1T,1.0,1,FREQ,CL_FREQ
DCSC_RETRCONTR1T,1.0,2,REF_AREA,CL_ITTER107
DCSC_RETRCONTR1T,1.0,3,DATA_TYPE,CL_TIPO_DATO7
DCSC_RETRCONTR1T,1.0,4,ADJUSTMENT,CL_CORREZ
DCSC_RETRCONTR1T,1.0,5,PROF_STATUS_EMP,CL_PROFILO_PROF
DCSC_RETRCONTR1T,1.0,6,MAIN_AGREEMENT_GROUP,CL_TIPO_CONTRATTO
DCSC_RETRULAOROS_1,1.0,1,FREQ,CL_FREQ
DCSC_RETRULAOROS_1,1.0,2,REF_AREA,CL_ITTER107
DCSC_RETRULAOROS_1,1.0,3,DATA_TYPE,CL_TIPO_DATO7
DCSC_RETRULAOROS_1,1.0,4,ADJUSTMENT,CL_CORREZ
DCSC_RETRULAOROS_1,1.0,5,ECON_ACTIVITY_NACE_2007,CL_ATECO_2007
DCSC_TRAFERR,1.0,1,FREQ,CL_FREQ
DCSC_TRAFERR,1.0,2,REF_AREA,CL_ITTER107
DCSC_TRAFERR,1.0,3,DATA_TYPE,CL_TIPO_DATO7
DCSC_TRAFERR,1.0,4,ENTER_DIMENSION,CL_DIMENSIONE_IMPRESA
DCSC_TRAFERR,1.0,5,CATEG_TRANSPORT,CL_TRASPORTO_TIPO
DCSC_TRAFERR,1.0,6,PASSENGER_DESTINATION,CL_TRASPORTO_TIPO
DCSC_TRAFERR,1.0,7,GOODS_TRANSPORT_NSTR,CL_NST_R
DCSC_TRAFERR,1.0,8,GOODS_TRANSPORT_NST_2007,CL_NST2007
DCSC_TRAFERR,1.0,9,GOODS_DANGER_TYPE,CL_ADR_MERCI_PERIC
DCSC_TRAFERR,1.0,10,COUNTRY_GOOD_ORIGIN,CL_ISO
DCSC_TRAFERR,1.0,11,COUNTRY_GOOD_DESTINATION,CL_ISO
DCSC_TRAFERR,1.0,12,INTERMODAL_TR_UNIT,CL_CATEGVEICOLI
DCSC_TRAFERR,1.0,13,ACCIDENT_TYPE,CL_TIPO_INCIDENTE
DCSC_TRAMAR,1.0,1,FREQ,CL_FREQ
DCSC_TRAMAR,1.0,2,REF_AREA,CL_ITTER107
DCSC_TRAMAR,1.0,3,DATA_TYPE,CL_TIPO_DATO7
DCSC_TRAMAR,1.0,4,NAVIGATION_TRTYPE,CL_TRASPORTO_TIPO
DCSC_TRAMAR,1.0,5,PORT_EMB_DISEMB,CL_PORTI
DCSC_TRAMAR,1.0,6,TYPE_OF_CARGO,CL_TIPO_CARICO
DCSC_TRAMAR,1.0,7,GOODS_TRANSPORT_NSTR,CL_NST_R
DCSC_TRAMAR,1.0,8,GOODS_TRANSPORT_NST_2007,CL_NST2007
DCSC_TRAMAR,1.0,9,COUNTRY_PREV_NEXT,CL_ISO
DCSC_TRAMAR,1.0,10,MAR_REG_LOADING,CL_ISO
DCSC_TRAMAR,1.0,11,MAR_REG_UNLOADING,CL_ISO
DCSC_TRAMERCIS1,1.0,1,FREQ,CL_FREQ
DCSC_TRAMERCIS1,1.0,2,REG_VEHI_AREA,CL_ITTER107
DCSC_TRAMERCIS1,1.0,3,DATA_TYPE,CL_TIPO_DATO7
DCSC_TRAMERCIS1,1.0,4,REG_LOADING,CL_ISO
DCSC_TRAMERCIS1,1.0,5,REG_UNLOADING,CL_ISO
DCSC_TRAMERCIS1,1.0,6,GOODS_TRANSPORT_NST_2007,CL_NST2007
DCSC_TRAMERCIS1,1.0,7,TITLE_OF_TRANSPORT,CL_TIT_POSSESSO
DCSC_TRAMERCIS1,1.0,8,DISTANCE_CLASS,CL_LUNGHEZZA
DCSC_TRAMERCIS2,1.0,1,FREQ,CL_FREQ
DCSC_TRAMERCIS2,1.0,2,REG_VEHI_AREA,CL_ITTER107
DCSC_TRAMERCIS2,1.0,3,DATA_TYPE,CL_TIPO_DATO7
DCSC_TRAMERCIS2,1.0,4,CATEG_TRANSPORT,CL_TRASPORTO_TIPO
DCSC_TRAMERCIS2,1.0,5,GOODS_TRANSPORT_NST_2007,CL_NST2007
DCSC_TRAMERCIS2,1.0,6,TITLE_OF_TRANSPORT,CL_TIT_POSSESSO
DCSC_TRAMERCIS2,1.0,7,DISTANCE_CLASS,CL_LUNGHEZZA
DCSC_TUR,1.0,1,FREQ,CL_FREQ
DCSC_TUR,1.0,2,REF_AREA,CL_ITTER107
DCSC_TUR,1.0,3,DATA_TYPE,CL_TIPO_DATO7
DCSC_TUR,1.0,4,ADJUSTMENT,CL_CORREZ
DCSC_TUR,1.0,5,TYPE_ACCOMMODATION,CL_TIPO_ALLOGGIO2
DCSC_TUR,1.0,6,ECON_ACTIVITY_NACE_2007,CL_ATECO_2007
DCSC_TUR,1.0,7,COUNTRY_RES_GUESTS,CL_ISO
DCSC_TUR,1.0,8,LOCALITY_TYPE,CL_TIPOITTER1
DCSC_TUR,1.0,9,URBANIZ_DEGREE,CL_TIPOITTER1
DCSC_TUR,1.0,10,COASTAL_AREA,CL_TIPOITTER1
DCSC_TUR,1.0,11,SIZE_BY_NUMBER_ROOMS,CL_NUMEROSITA
DCSE_CPA_ATECO2007_COE_OPT,1.0,1,FREQ,CL_FREQ_NST
DCSE_CPA_ATECO2007_COE_OPT,1.0,2,REF_AREA,CL_COEWEB_ITTER107_SITC_CTCI
DCSE_CPA_ATECO2007_COE_OPT,1.0,3,DATA_TYPE,CL_COEWEB_TIPO_DATO12_NC8VQ
DCSE_CPA_ATECO2007_COE_OPT,1.0,4,ADJUSTMENT,CL_COEWEB_CORREZ_NC8
DCSE_CPA_ATECO2007_COE_OPT,1.0,5,CPA_ATECO2007_COE,CL_COEWEB_CPA_ATECO2007_COE
DCSE_CPA_ATECO2007_COE_OPT,1.0,6,PARTNER_COUNTRY,CL_COEWEB_GEONOM
DCSE_NC8_VQ_OPT,1.0,1,FREQ,CL_FREQ_NC8
DCSE_NC8_VQ_OPT,1.0,2,COMB_NOM_NC8,CL_COEWEB_NC8
DCSE_NC8_VQ_OPT,1.0,3,PARTNER_COUNTRY,CL_COEWEB_GEONOM
DCSE_NC8_VQ_OPT,1.0,4,DATA_TYPE,CL_COEWEB_TIPO_DATO12_NC8VQ
DCSE_NC8_VQ_OPT,1.0,5,REF_AREA,CL_COEWEB_ITTER107_NC8
DCSE_NC8_VQ_OPT,1.0,6,ADJUSTMENT,CL_COEWEB_CORREZ_NC8
DCSI_CPI_CONTROLLO,1.0,1,FREQ,CL_FREQ
DCSI_CPI_CONTROLLO,1.0,2,REF_AREA,CL_ITTER107
DCSI_CPI_CONTROLLO,1.0,3,DATA_TYPE,CL_TIPO_DATO_CIS
DCSI_CPI_CONTROLLO,1.0,4,ECON_ACTIVITY_NACE_2007,CL_ATECO_2007
DCSI_CPI_CONTROLLO,1.0,5,PERS_EMPL_SIZE_CLASS,CL_CLLVT
DCSI_CPI_CONTROLLO,1.0,6,FAM_BUSI_SUCC_PERIOD,CL_RIF_TIME
DCSI_CPI_CONTROLLO,1.0,7,CONSEQ_GENERAT_TRANS,CL_CONSEG_OSTACOLI
DCSI_CPI_CONTROLLO,1.0,8,OBST_GEN_TARNS,CL_CONSEG_OSTACOLI
DCSI_CPI_CONTROLLO,1.0,9,TYPE_MANAGEMENT,CL_CONDUZIONE
DCSI_CPI_CONTROLLO,1.0,10,OBJ_STRA_PU_LAST3Y,CL_STRATEGIE_IMP
DCSI_CPI_CONTROLLO,1.0,11,OBJ_STRA_RESULT,CL_STRATEGIE_IMP
DCSI_CPI_CONTROLLO,1.0,12,OBJ_STRA_PU_NEXT3Y,CL_STRATEGIE_IMP
DCSI_CPI_ENVIROM,1.0,1,FREQ,CL_FREQ
DCSI_CPI_ENVIROM,1.0,2,REF_AREA,CL_ITTER107
DCSI_CPI_ENVIROM,1.0,3,DATA_TYPE,CL_TIPO_DATO_CIS
DCSI_CPI_ENVIROM,1.0,4,ECON_ACTIVITY_NACE_2007,CL_ATECO_2007
DCSI_CPI_ENVIROM,1.0,5,PERS_EMPL_SIZE_CLASS,CL_CLLVT
DCSI_CPI_ENVIROM,1.0,6,TYPE_INV_EFFSUS_EN_TR_LAST3Y,CL_STRATEGIE_IMP
DCSI_CPI_ENVIROM,1.0,7,USE_INCENTIVES,CL_STRATEGIE_IMP
DCSI_CPI_ENVIROM,1.0,8,ACT_REDCONS_NTRES_MAN_WASTE,CL_STRATEGIE_IMP
DCSI_CPI_ENVIROM,1.0,9,INVO_ITAB_INI_RED_ENV_IMP,CL_STRATEGIE_IMP
DCSI_CPI_ENVIROM,1.0,10,SUS_ENV_INI_LAST3Y,CL_STRATEGIE_IMP
DCSI_CPI_ENVIROM,1.0,11,ASS_ENV_SUS_INI_LAST3Y,CL_STRATEGIE_IMP
DCSI_CPI_ENVRESSINT,1.0,1,FREQ,CL_FREQ
DCSI_CPI_ENVRESSINT,1.0,2,REF_AREA,CL_ITTER107
DCSI_CPI_ENVRESSINT,1.0,3,DATA_TYPE,CL_TIPO_DATO_CIS
DCSI_CPI_ENVRESSINT,1.0,4,ECON_ACTIVITY_NACE_2007,CL_ATECO_2007
DCSI_CPI_ENVRESSINT,1.0,5,PERS_EMPL_SIZE_CLASS,CL_CLLVT
DCSI_CPI_ENVRESSINT,1.0,6,MAIN_REAS_TAKE_ACT,CL_STRATEGIE_IMP
DCSI_CPI_ENVRESSINT,1.0,7,FIN_RES_PU_OBJECT,CL_STRATEGIE_IMP
DCSI_CPI_ENVRESSINT,1.0,8,STAK_ACTIVE_PART,CL_STRATEGIE_IMP
DCSI_CPI_ENVRESSINT,1.0,9,HOW_PROJ_FOUNDED,CL_STRATEGIE_IMP
DCSI_CPI_FINANZA,1.0,1,FREQ,CL_FREQ
DCSI_CPI_FINANZA,1.0,2,REF_AREA,CL_ITTER107
DCSI_CPI_FINANZA,1.0,3,DATA_TYPE,CL_TIPO_DATO_CIS
DCSI_CPI_FINANZA,1.0,4,ECON_ACTIVITY_NACE_2007,CL_ATECO_2007
DCSI_CPI_FINANZA,1.0,5,PERS_EMPL_SIZE_CLASS,CL_CLLVT
DCSI_CPI_FINANZA,1.0,6,SOURCE_FIN,CL_FINANZIAMENTO
DCSI_CPI_FINANZA,1.0,7,DEGREE_DEPEN_EXT_SOU_FIN,CL_ORD_LIVELLO
DCSI_CPI_FINANZA,1.0,8,DEGREE_DEPEN_FIN_BANK,CL_ORD_LIVELLO
DCSI_CPI_FINANZA,1.0,9,REASONS_USE_EXT_FIN_SOU,CL_STRATEGIE_IMP
DCSI_CPI_FINANZA,1.0,10,BANKS_CREDIT_RELAT,CL_NUMEROSITA
DCSI_CPI_FINANZA,1.0,11,SHR_DBT_HELD_MAINBANK,CL_NUMEROSITA
DCSI_CPI_FINANZA,1.0,12,TYPE_OF_BANK_FOR_INV,CL_STRATEGIE_IMP
DCSI_CPI_FINANZA,1.0,13,CHOICE_BANK_FACTORS,CL_STRATEGIE_IMP
DCSI_CPI_FINANZA,1.0,14,BANK_REQ_ASSESS_CRDWORTH,CL_STRATEGIE_IMP
DCSI_CPI_FINANZA,1.0,15,TOOLS_IMPR_CRE_POS_BANKS,CL_STRATEGIE_IMP
DCSI_CPI_FORMAZIONE,1.0,1,FREQ,CL_FREQ
DCSI_CPI_FORMAZIONE,1.0,2,REF_AREA,CL_ITTER107
DCSI_CPI_FORMAZIONE,1.0,3,DATA_TYPE,CL_TIPO_DATO_CIS
DCSI_CPI_FORMAZIONE,1.0,4,ECON_ACTIVITY_NACE_2007,CL_ATECO_2007
DCSI_CPI_FORMAZIONE,1.0,5,PERS_EMPL_SIZE_CLASS,CL_CLLVT
DCSI_CPI_FORMAZIONE,1.0,6,TYPE_TRAINING,CL_DOTAZIONI
DCSI_CPI_FORMAZIONE,1.0,7,SUBJECT_TRAINING,CL_STRATEGIE_IMP
DCSI_CPI_FORMAZIONE,1.0,8,PERC_CLASS_PERS_TRAINING,CL_NUMEROSITA
DCSI_CPI_FORMAZIONE,1.0,9,STATE_EXPEN_TRAINING,CL_ORD_LIVELLO
DCSI_CPI_FORMAZIONE,1.0,10,LIMIT_EXPEN_TRAINING,CL_STRATEGIE_IMP
DCSI_CPI_INTERNAZ,1.0,1,FREQ,CL_FREQ
DCSI_CPI_INTERNAZ,1.0,2,REF_AREA,CL_ITTER107
DCSI_CPI_INTERNAZ,1.0,3,DATA_TYPE,CL_TIPO_DATO_CIS
DCSI_CPI_INTERNAZ,1.0,4,ECON_ACTIVITY_NACE_2007,CL_ATECO_2007
DCSI_CPI_INTERNAZ,1.0,5,PERS_EMPL_SIZE_CLASS,CL_CLLVT
DCSI_CPI_INTERNAZ,1.0,6,DELOCAL_MODE_IDE,CL_STRATEGIE_IMP
DCSI_CPI_INTERNAZ,1.0,7,AREAS_DELOC_IDE,CL_ISO
DCSI_CPI_INTERNAZ,1.0,8,DESTINATION_FORINV_VIAFDI,CL_STRATEGIE_IMP
DCSI_CPI_INTERNAZ,1.0,9,AREAS_DELOC_VIAAGREECONTRACTS,CL_ISO
DCSI_CPI_INTERNAZ,1.0,10,DESTINATION_FORINV_VIAAGREECONTRACTS,CL_STRATEGIE_IMP
DCSI_CPI_INTERNAZ,1.0,11,TYPE_COMP_WORKPROC_PROVIDED,CL_STRATEGIE_IMP
DCSI_CPI_INTERNAZ,1.0,12,TYPE_COMP_WORKPROC_COMMISSIONED,CL_STRATEGIE_IMP
DCSI_CPI_INTERNAZ,1.0,13,AREA_DELOC_PROD_ACTIVITY,CL_ISO
DCSI_CPI_INTERNAZ,1.0,14,REASONS_DELOCAL,CL_STRATEGIE_IMP
DCSI_CPI_INTERNAZ,1.0,15,OBST_DELOCAL,CL_STRATEGIE_IMP
DCSI_CPI_LABCOLL,1.0,1,FREQ,CL_FREQ
DCSI_CPI_LABCOLL,1.0,2,REF_AREA,CL_ITTER107
DCSI_CPI_LABCOLL,1.0,3,DATA_TYPE,CL_TIPO_DATO_CIS
DCSI_CPI_LABCOLL,1.0,4,ECON_ACTIVITY_NACE_2007,CL_ATECO_2007
DCSI_CPI_LABCOLL,1.0,5,PERS_EMPL_SIZE_CLASS,CL_CLLVT
DCSI_CPI_LABCOLL,1.0,6,MEASURES_IMPRO_OCC_WELLBEING,CL_STRATEGIE_IMP
DCSI_CPI_LABCOLL,1.0,7,MEASURES_SUPP_PAR_WORKFAM_L3Y,CL_STRATEGIE_IMP
DCSI_CPI_LABCOLL,1.0,8,MEASURES_SUPP_PAR_WORKFAM_N1Y,CL_STRATEGIE_IMP
DCSI_CPI_LABCOLL,1.0,9,INIZIATIVES_COLLECTIVE_INT,CL_STRATEGIE_IMP
DCSI_CPI_LABCOLL,1.0,10,AREAS_COLLECTIVE_INTEREST,CL_STRATEGIE_IMP
DCSI_CPI_LABCOLL,1.0,11,ASSESSMENT_MEAS_OCC_WELLBEING,CL_STRATEGIE_IMP
DCSI_CPI_LABCOLL,1.0,12,ASSESSMENT_SOCIAL_REPORT,CL_SI_NO
DCSI_CPI_LOCSEC,1.0,1,FREQ,CL_FREQ
DCSI_CPI_LOCSEC,1.0,2,REF_AREA,CL_ITTER107
DCSI_CPI_LOCSEC,1.0,3,DATA_TYPE,CL_TIPO_DATO_CIS
DCSI_CPI_LOCSEC,1.0,4,ECON_ACTIVITY_NACE_2007,CL_ATECO_2007
DCSI_CPI_LOCSEC,1.0,5,PERS_EMPL_SIZE_CLASS,CL_CLLVT
DCSI_CPI_LOCSEC,1.0,6,INIZIATIVES_STREN_CAPA_TERR_ACTORS,CL_STRATEGIE_IMP
DCSI_CPI_LOCSEC,1.0,7,AREAS_INTEREST,CL_STRATEGIE_IMP
DCSI_CPI_LOCSEC,1.0,8,FACTOR_SUCCESS_PROMOTE_ECDEV,CL_STRATEGIE_IMP
DCSI_CPI_LOCSEC,1.0,9,LEVEL_IMPORTANCE,CL_ORD_LIVELLO
DCSI_CPI_LOCSEC,1.0,10,SAFETY_ASPECTS,CL_STRATEGIE_IMP
DCSI_CPI_LOCSEC,1.0,11,CAUSE_RELEVAN_SAFETY_ASP,CL_STRATEGIE_IMP
DCSI_CPI_LOCSEC,1.0,12,ACT_PLAN_COMP_SAFETY,CL_STRATEGIE_IMP
DCSI_CPI_MERCATO,1.0,1,FREQ,CL_FREQ
DCSI_CPI_MERCATO,1.0,2,REF_AREA,CL_ITTER107
DCSI_CPI_MERCATO,1.0,3,DATA_TYPE,CL_TIPO_DATO_CIS
DCSI_CPI_MERCATO,1.0,4,ECON_ACTIVITY_NACE_2007,CL_ATECO_2007
DCSI_CPI_MERCATO,1.0,5,PERS_EMPL_SIZE_CLASS,CL_CLLVT
DCSI_CPI_MERCATO,1.0,6,COMPETITORS_AREA,CL_AREA
DCSI_CPI_MERCATO,1.0,7,ECON_ACTIVITY_SECT_CUSTOMER,CL_ATECO_2007
DCSI_CPI_MERCATO,1.0,8,CUSTOMER_ORDER_IMPORTANCE,CL_N_ORDINALI
DCSI_CPI_MERCATO,1.0,9,CUSTOMERS_AREA,CL_ISO
DCSI_CPI_MERCATO,1.0,10,GEO_MARKET,CL_AREA
DCSI_CPI_MERCATO,1.0,11,PRICES_DETERM_CRITER,CL_STRATEGIE_IMP
DCSI_CPI_MERCATO,1.0,12,MAIN_STREGTH_COMPCAPACITY,CL_STRATEGIE_IMP
DCSI_CPI_MERCATO,1.0,13,OBSTAC_COMP_CAPACITY,CL_CONSEG_OSTACOLI
DCSI_CPI_MERCATO,1.0,14,COMPANY_COMP_CAPACITY,CL_ORD_LIVELLO
DCSI_CPI_RELAZIONI,1.0,1,FREQ,CL_FREQ
DCSI_CPI_RELAZIONI,1.0,2,REF_AREA,CL_ITTER107
DCSI_CPI_RELAZIONI,1.0,3,DATA_TYPE,CL_TIPO_DATO_CIS
DCSI_CPI_RELAZIONI,1.0,4,ECON_ACTIVITY_NACE_2007,CL_ATECO_2007
DCSI_CPI_RELAZIONI,1.0,5,PERS_EMPL_SIZE_CLASS,CL_CLLVT
DCSI_CPI_RELAZIONI,1.0,6,TYPE_OF_PARTNER,CL_RIFERIMENTO
DCSI_CPI_RELAZIONI,1.0,7,PARTNER_NATIONALITY,CL_PROV_DEST_Z
DCSI_CPI_RELAZIONI,1.0,8,FUNCTIONAL_AREA_AFFECTED,CL_AZ_FUNZIONE
DCSI_CPI_RELAZIONI,1.0,9,CAUSE_RELATIONSHIP,CL_STRATEGIE_IMP
DCSI_CPI_RELAZIONI,1.0,10,NUMB_PARTNER_RELATION,CL_NUMEROSITA
DCSI_CPI_RELAZIONI,1.0,11,PERC_PURCH_MAINSUPP_ONTOTPURCH,CL_NUMEROSITA
DCSI_CPI_RELAZIONI,1.0,12,PERC_REVEN_MAINCUST_ONTOTALREV,CL_NUMEROSITA
DCSI_CPI_RELAZIONI,1.0,13,ECON_ACTIVITY_SECT_PARTNER_ENT,CL_ATECO_2007
DCSI_CPI_RELAZIONI,1.0,14,DIFF_START_RELATIONS,CL_CONSEG_OSTACOLI
DCSI_CPI_RISORSE,1.0,1,FREQ,CL_FREQ
DCSI_CPI_RISORSE,1.0,2,REF_AREA,CL_ITTER107
DCSI_CPI_RISORSE,1.0,3,DATA_TYPE,CL_TIPO_DATO_CIS
DCSI_CPI_RISORSE,1.0,4,ECON_ACTIVITY_NACE_2007,CL_ATECO_2007
DCSI_CPI_RISORSE,1.0,5,PERS_EMPL_SIZE_CLASS,CL_CLLVT
DCSI_CPI_RISORSE,1.0,6,LABOUR_POS_HUMAN_RES_ACQ,CL_PROFILO_PROF
DCSI_CPI_RISORSE,1.0,7,IDENTIF_SELECT_METHOD,CL_STRATEGIE_IMP
DCSI_CPI_RISORSE,1.0,8,FUNCTIONAL_AREA_AFFECTED,CL_AZ_FUNZIONE
DCSI_CPI_RISORSE,1.0,9,TRANSVERSAL_SKILLS_REL_SELECTION,CL_STRATEGIE_IMP
DCSI_CPI_RISORSE,1.0,10,OBST_ACQUISITION,CL_CONSEG_OSTACOLI
DCSI_CPI_RISORSE,1.0,11,PERS_MANAG_PRACTICE,CL_STRATEGIE_IMP
DCSI_CPI_RISORSE,1.0,12,PERS_ATTR_RET_PRACTICE,CL_STRATEGIE_IMP
DCSP_AGRITURISMO,1.0,1,FREQ,CL_FREQ
DCSP_AGRITURISMO,1.0,2,REF_AREA,CL_ITTER107
DCSP_AGRITURISMO,1.0,3,DATA_TYPE,CL_TIPO_DATO5
DCSP_AGRITURISMO,1.0,4,AGRIT_AUTHORIZATION,CL_SERVIZIO_PRF
DCSP_AGRITURISMO,1.0,5,AGRITOURISM_SERVICES,CL_SERVIZIO_PRF
DCSP_AGRITURISMO,1.0,6,AUTHO_DURAT_AGRITOUR,CL_DURATA
DCSP_AGRITURISMO,1.0,7,DINAMIC_AGRIT_AUTHORIZ,CL_STATO_AUTORIZ_CERT
DCSP_AGRITURISMO,1.0,8,ALTIMETRIC_ZONE,CL_ZONA_ALTIM
DCSP_AGRITURISMO,1.0,9,SEX,CL_SEXISTAT1
DCSP_AGRITURISMO_COM,1.0,1,FREQ,CL_FREQ
DCSP_AGRITURISMO_COM,1.0,2,REF_AREA,CL_ITTER107
DCSP_AGRITURISMO_COM,1.0,3,DATA_TYPE,CL_TIPO_DATO5
DCSP_AGRITURISMO_COM,1.0,4,AGRIT_AUTHORIZATION,CL_SERVIZIO_PRF
DCSP_ALLEV,1.0,1,FREQ,CL_FREQ
DCSP_ALLEV,1.0,2,REF_AREA,CL_ITTER107
DCSP_ALLEV,1.0,3,DATA_TYPE,CL_TIPO_DATO5
DCSP_ALLEV,1.0,4,MEASURE,CL_MISURA1
DCSP_ALLEV,1.0,5,TYPE_OF_HERD,CL_TIPO_ALLEVAMENTO
DCSP_COEIMPEX1,1.0,1,FREQ,CL_FREQ
DCSP_COEIMPEX1,1.0,2,REF_AREA,CL_COEWEB_ITTER107
DCSP_COEIMPEX1,1.0,3,DATA_TYPE,CL_COEWEB_TIPO_DATO_COEIMPEX
DCSP_COEIMPEX1,1.0,4,CPA_ATECO2007_COE,CL_COEWEB_ATECO_2007_MERCE
DCSP_COEIMPEX1,1.0,5,PARTNER_COUNTRY,CL_COEWEB_GEONOM
DCSP_COLTIVAZIONI,1.1,1,FREQ,CL_FREQ
DCSP_COLTIVAZIONI,1.1,2,REF_AREA,CL_ITTER107
DCSP_COLTIVAZIONI,1.1,3,DATA_TYPE,CL_TIPO_DATO5
DCSP_COLTIVAZIONI,1.1,4,TYPE_OF_CROP,CL_AGRI_MADRE
DCSP_COLTIVAZIONI,1.1,5,DESTINATION_WINEGRAPES,CL_DESTINAZIONEUVA
DCSP_COLTIVSPA,1.0,1,FREQ,CL_FREQ
DCSP_COLTIVSPA,1.0,2,REF_AREA,CL_ITTER107
DCSP_COLTIVSPA,1.0,3,DATA_TYPE,CL_TIPO_DATO5
DCSP_COLTIVSPA,1.0,4,MEASURE,CL_MISURA1
DCSP_COLTIVSPA,1.0,5,USED_AGRI_AREA_CLASS,CL_CLASSE_SAU
DCSP_COLTIVSPA,1.0,6,MANAGEMENT_FORM,CL_COLTIV_CONDUZ
DCSP_COLTIVSPA,1.0,7,ALTIMETRIC_ZONE,CL_ZONA_ALTIM
DCSP_COLTIVSPA,1.0,8,TYPE_OF_CROP,CL_TIPO_SUPERFICIE
DCSP_CONSISTENZE,1.0,1,FREQ,CL_FREQ
DCSP_CONSISTENZE,1.0,2,REF_AREA,CL_ITTER107
DCSP_CONSISTENZE,1.0,3,DATA_TYPE,CL_TIPO_DATO5
DCSP_CONSISTENZE,1.0,4,TYPE_OF_HERD,CL_TIPO_ALLEVAMENTO
DCSP_CONSISTENZE,1.0,5,SEX_ANIMAL,CL_SEXISTAT1
DCSP_DOPIGP,1.0,1,FREQ,CL_FREQ
DCSP_DOPIGP,1.0,2,REF_AREA,CL_ITTER107
DCSP_DOPIGP,1.0,3,DATA_TYPE,CL_TIPO_DATO5
DCSP_DOPIGP,1.0,4,PDO_PGI_TSG_SECT_PROD,CL_AGRI_MADRE
DCSP_DOPIGP,1.0,5,SEX,CL_SEXISTAT1
DCSP_DOPIGP,1.0,6,ALTIMETRIC_ZONE,CL_ZONA_ALTIM
DCSP_DOPIGP,1.0,7,TYPE_OF_HERD,CL_TIPO_ALLEVAMENTO
DCSP_DOPIGP,1.0,8,WORKING_PROCESS,CL_PROC_LAVORAZIONE
DCSP_DOPIGP,1.0,9,PDO_PGI_TSG_PROD_STATUS,CL_STATO_AUTORIZ_CERT
DCSP_DOPIGP,1.0,10,DYNAMIC_OPERATORS,CL_STATO_AUTORIZ_CERT
DCSP_DOPIGP_COM,1.0,1,FREQ,CL_FREQ
DCSP_DOPIGP_COM,1.0,2,REF_AREA,CL_ITTER107
DCSP_DOPIGP_COM,1.0,3,DATA_TYPE,CL_TIPO_DATO5
DCSP_FERTILIZZANTI,1.0,1,FREQ,CL_FREQ
DCSP_FERTILIZZANTI,1.0,2,REF_AREA,CL_ITTER107
DCSP_FERTILIZZANTI,1.0,3,DATA_TYPE,CL_TIPO_DATO5
DCSP_FERTILIZZANTI,1.0,4,TYPE_OF_FERTILIZER,CL_FERTILIZZANTI
DCSP_FERTILIZZANTI,1.0,5,TYPE_OF_PLANT_NUTRIENTS,CL_ELEMENTI_CHIMICI
DCSP_FERTILIZZANTI,1.0,6,PRODUCTION_AREA,CL_ISO
DCSP_FERTILIZZANTI,1.0,7,PRODUCT_TYPE,CL_PROD_ENERG
DCSP_FERTILIZZANTI,1.0,8,Y_USE_ORGANIC_FARMING,CL_SI_NO
DCSP_FITOSANITARI,1.0,1,FREQ,CL_FREQ
DCSP_FITOSANITARI,1.0,2,REF_AREA,CL_ITTER107
DCSP_FITOSANITARI,1.0,3,DATA_TYPE,CL_TIPO_DATO_FITO
DCSP_FITOSANITARI,1.0,4,TYPE_OF_CROP,CL_UTILTERR
DCSP_FITOSANITARI,1.0,5,PLANT_PROTECTION_PROD,CL_FITO_PRINCIPI_ATTIVI
DCSP_FITOSANITARI,1.0,6,NUMBER_PHYTOS_TREAT,CL_NUMEROSITA
DCSP_FITOSANITARI,1.0,7,LEVEL_OF_TOXICITY,CL_LIVELLO_GIUDIZIO
DCSP_FOI1,1.0,1,FREQ,CL_FREQ
DCSP_FOI1,1.0,2,REF_AREA,CL_ITTER107
DCSP_FOI1,1.0,3,DATA_TYPE,CL_TIPO_DATO2
DCSP_FOI1,1.0,4,MEASURE,CL_MISURA1
DCSP_FOI1,1.0,5,COICOP_REV_ISTAT,CL_COICOP_NIC
DCSP_FOI1B2010,1.0,1,FREQ,CL_FREQ
DCSP_FOI1B2010,1.0,2,REF_AREA,CL_ITTER107
DCSP_FOI1B2010,1.0,3,DATA_TYPE,CL_TIPO_DATO2
DCSP_FOI1B2010,1.0,4,MEASURE,CL_MISURA1
DCSP_FOI1B2010,1.0,5,COICOP_REV_ISTAT,CL_COICOP
DCSP_FOI1B2015,1.0,1,FREQ,CL_FREQ
DCSP_FOI1B2015,1.0,2,REF_AREA,CL_ITTER107
DCSP_FOI1B2015,1.0,3,DATA_TYPE,CL_TIPO_DATO2
DCSP_FOI1B2015,1.0,4,MEASURE,CL_MISURA1
DCSP_FOI1B2015,1.0,5,E_COICOP_REV_ISTAT,CL_COICOP_2015
DCSP_FOI1B2025,1.0,1,FREQ,CL_FREQ
DCSP_FOI1B2025,1.0,2,REF_AREA,CL_ITTER107
DCSP_FOI1B2025,1.0,3,DATA_TYPE,CL_TIPO_DATO2
DCSP_FOI1B2025,1.0,4,MEASURE,CL_MISURA1
DCSP_FOI1B2025,1.0,5,ECOICOP_2,CL_ECOICOP_2
DCSP_FOI2,1.0,1,FREQ,CL_FREQ
DCSP_FOI2,1.0,2,REF_AREA,CL_ITTER107
DCSP_FOI2,1.0,3,DATA_TYPE,CL_TIPO_DATO2
DCSP_FOI2,1.0,4,MEASURE,CL_MISURA1
DCSP_FOI2,1.0,5,COICOP_REV_ISTAT,CL_COICOP_NIC
DCSP_FOI2B2010,1.0,1,FREQ,CL_FREQ
DCSP_FOI2B2010,1.0,2,REF_AREA,CL_ITTER107
DCSP_FOI2B2010,1.0,3,DATA_TYPE,CL_TIPO_DATO2
DCSP_FOI2B2010,1.0,4,MEASURE,CL_MISURA1
DCSP_FOI2B2010,1.0,5,COICOP_REV_ISTAT,CL_COICOP
DCSP_FOI2B2015,1.0,1,FREQ,CL_FREQ
DCSP_FOI2B2015,1.0,2,REF_AREA,CL_ITTER107
DCSP_FOI2B2015,1.0,3,DATA_TYPE,CL_TIPO_DATO2
DCSP_FOI2B2015,1.0,4,MEASURE,CL_MISURA1
DCSP_FOI2B2015,1.0,5,E_COICOP_REV_ISTAT,CL_COICOP_2015
DCSP_FOI2B2025,1.0,1,FREQ,CL_FREQ
DCSP_FOI2B2025,1.0,2,REF_AREA,CL_ITTER107
DCSP_FOI2B2025,1.0,3,DATA_TYPE,CL_TIPO_DATO2
DCSP_FOI2B2025,1.0,4,MEASURE,CL_MISURA1
DCSP_FOI2B2025,1.0,5,ECOICOP_2,CL_ECOICOP_2
DCSP_FOI3,1.0,1,FREQ,CL_FREQ
DCSP_FOI3,1.0,2,REF_AREA,CL_ITTER107
DCSP_FOI3,1.0,3,DATA_TYPE,CL_TIPO_DATO2
DCSP_FOI3,1.0,4,COICOP_REV_ISTAT,CL_COICOP_NIC
DCSP_FOI3B2010,1.0,1,FREQ,CL_FREQ
DCSP_FOI3B2010,1.0,2,REF_AREA,CL_ITTER107
DCSP_FOI3B2010,1.0,3,DATA_TYPE,CL_TIPO_DATO2
DCSP_FOI3B2010,1.0,4,COICOP_REV_ISTAT,CL_COICOP
DCSP_FOI3B2015,1.0,1,FREQ,CL_FREQ
DCSP_FOI3B2015,1.0,2,REF_AREA,CL_ITTER107
DCSP_FOI3B2015,1.0,3,DATA_TYPE,CL_TIPO_DATO2
DCSP_FOI3B2015,1.0,4,E_COICOP_REV_ISTAT,CL_COICOP_2015
DCSP_FOI3EC2,1.0,1,FREQ,CL_FREQ
DCSP_FOI3EC2,1.0,2,REF_AREA,CL_ITTER107
DCSP_FOI3EC2,1.0,3,DATA_TYPE,CL_TIPO_DATO2
DCSP_FOI3EC2,1.0,4,ECOICOP_2,CL_ECOICOP_2
DCSP_ICT,1.0,1,FREQ,CL_FREQ
DCSP_ICT,1.0,2,REF_AREA,CL_ITTER107
DCSP_ICT,1.0,3,DATA_TYPE,CL_VARICT
DCSP_ICT,1.0,4,ECON_ACTIVITY_NACE_2007,CL_ATECO_2007
DCSP_ICT,1.0,5,PERS_EMPL_SIZE_CLASS,CL_CLLVT
DCSP_IPAB,1.0,1,FREQ,CL_FREQ
DCSP_IPAB,1.0,2,REF_AREA,CL_ITTER107
DCSP_IPAB,1.0,3,DATA_TYPE,CL_TIPO_DATO2
DCSP_IPAB,1.0,4,MEASURE,CL_MISURA1
DCSP_IPAB,1.0,5,PURCHASES_DWELLINGS,CL_TYPPURCH
DCSP_IPCA1,1.0,1,FREQ,CL_FREQ
DCSP_IPCA1,1.0,2,REF_AREA,CL_ITTER107
DCSP_IPCA1,1.0,3,DATA_TYPE,CL_TIPO_DATO2
DCSP_IPCA1,1.0,4,MEASURE,CL_MISURA1
DCSP_IPCA1,1.0,5,COICOP_REV_ISTAT,CL_COICOP
DCSP_IPCA1B2015,1.0,1,FREQ,CL_FREQ
DCSP_IPCA1B2015,1.0,2,REF_AREA,CL_ITTER107
DCSP_IPCA1B2015,1.0,3,DATA_TYPE,CL_TIPO_DATO2
DCSP_IPCA1B2015,1.0,4,MEASURE,CL_MISURA1
DCSP_IPCA1B2015,1.0,5,E_COICOP_REV_ISTAT,CL_COICOP_2015
DCSP_IPCA1B2025,1.0,1,FREQ,CL_FREQ
DCSP_IPCA1B2025,1.0,2,REF_AREA,CL_ITTER107
DCSP_IPCA1B2025,1.0,3,DATA_TYPE,CL_TIPO_DATO2
DCSP_IPCA1B2025,1.0,4,MEASURE,CL_MISURA1
DCSP_IPCA1B2025,1.0,5,ECOICOP_2,CL_ECOICOP_2
DCSP_IPCA2,1.0,1,FREQ,CL_FREQ
DCSP_IPCA2,1.0,2,REF_AREA,CL_ITTER107
DCSP_IPCA2,1.0,3,DATA_TYPE,CL_TIPO_DATO2
DCSP_IPCA2,1.0,4,MEASURE,CL_MISURA1
DCSP_IPCA2,1.0,5,COICOP_REV_ISTAT,CL_COICOP
DCSP_IPCA2B2015,1.0,1,FREQ,CL_FREQ
DCSP_IPCA2B2015,1.0,2,REF_AREA,CL_ITTER107
DCSP_IPCA2B2015,1.0,3,DATA_TYPE,CL_TIPO_DATO2
DCSP_IPCA2B2015,1.0,4,MEASURE,CL_MISURA1
DCSP_IPCA2B2015,1.0,5,E_COICOP_REV_ISTAT,CL_COICOP_2015
DCSP_IPCA2B2025,1.0,1,FREQ,CL_FREQ
DCSP_IPCA2B2025,1.0,2,REF_AREA,CL_ITTER107
DCSP_IPCA2B2025,1.0,3,DATA_TYPE,CL_TIPO_DATO2
DCSP_IPCA2B2025,1.0,4,MEASURE,CL_MISURA1
DCSP_IPCA2B2025,1.0,5,ECOICOP_2,CL_ECOICOP_2
DCSP_IPCA3,1.0,1,FREQ,CL_FREQ
DCSP_IPCA3,1.0,2,REF_AREA,CL_ITTER107
DCSP_IPCA3,1.0,3,DATA_TYPE,CL_TIPO_DATO2
DCSP_IPCA3,1.0,4,E_COICOP_REV_ISTAT,CL_COICOP
DCSP_IPCA3EC2,1.0,1,FREQ,CL_FREQ
DCSP_IPCA3EC2,1.0,2,REF_AREA,CL_ITTER107
DCSP_IPCA3EC2,1.0,3,DATA_TYPE,CL_TIPO_DATO2
DCSP_IPCA3EC2,1.0,4,ECOICOP_2,CL_ECOICOP_2
DCSP_IPCATC1,1.0,1,FREQ,CL_FREQ
DCSP_IPCATC1,1.0,2,REF_AREA,CL_ITTER107
DCSP_IPCATC1,1.0,3,DATA_TYPE,CL_TIPO_DATO2
DCSP_IPCATC1,1.0,4,MEASURE,CL_MISURA1
DCSP_IPCATC1,1.0,5,COICOP_REV_ISTAT,CL_COICOP
DCSP_IPCATC1B2015,1.0,1,FREQ,CL_FREQ
DCSP_IPCATC1B2015,1.0,2,REF_AREA,CL_ITTER107
DCSP_IPCATC1B2015,1.0,3,DATA_TYPE,CL_TIPO_DATO2
DCSP_IPCATC1B2015,1.0,4,MEASURE,CL_MISURA1
DCSP_IPCATC1B2015,1.0,5,E_COICOP_REV_ISTAT,CL_COICOP_2015
DCSP_IPCATC1B2025,1.0,1,FREQ,CL_FREQ
DCSP_IPCATC1B2025,1.0,2,REF_AREA,CL_ITTER107
DCSP_IPCATC1B2025,1.0,3,DATA_TYPE,CL_TIPO_DATO2
DCSP_IPCATC1B2025,1.0,4,MEASURE,CL_MISURA1
DCSP_IPCATC1B2025,1.0,5,ECOICOP_2,CL_ECOICOP_2
DCSP_IPCATC2,1.0,1,FREQ,CL_FREQ
DCSP_IPCATC2,1.0,2,REF_AREA,CL_ITTER107
DCSP_IPCATC2,1.0,3,DATA_TYPE,CL_TIPO_DATO2
DCSP_IPCATC2,1.0,4,MEASURE,CL_MISURA1
DCSP_IPCATC2,1.0,5,COICOP_REV_ISTAT,CL_COICOP
DCSP_IPCATC2B2015,1.0,1,FREQ,CL_FREQ
DCSP_IPCATC2B2015,1.0,2,REF_AREA,CL_ITTER107
DCSP_IPCATC2B2015,1.0,3,DATA_TYPE,CL_TIPO_DATO2
DCSP_IPCATC2B2015,1.0,4,MEASURE,CL_MISURA1
DCSP_IPCATC2B2015,1.0,5,E_COICOP_REV_ISTAT,CL_COICOP_2015
DCSP_LACIS,1.0,1,FREQ,CL_FREQ
DCSP_LACIS,1.0,2,REF_AREA,CL_ITTER107
DCSP_LACIS,1.0,3,DATA_TYPE,CL_TIPO_DATO_CIS
DCSP_LACIS,1.0,4,ECON_ACTIVITY_NACE_2007,CL_ATECO_2007
DCSP_LACIS,1.0,5,PERS_EMPL_SIZE_CLASS,CL_CLLVT
DCSP_LACIS,1.0,6,INFO_INNOV_ENTERPRISES,CL_FORMA_INNOVAZ
DCSP_LACIS,1.0,7,ENTERPRISE_GOALS,CL_OBIETTIVI
DCSP_LACIS,1.0,8,ENTERPRISES_STRATEGIES,CL_STRATEGIE
DCSP_LACIS,1.0,9,OBSTACLES,CL_OSTACOLI
DCSP_LACIS,1.0,10,DEGREE_IMPORTANCE,CL_ORD_LIVELLO
DCSP_LATTE,1.0,1,FREQ,CL_FREQ
DCSP_LATTE,1.0,2,REF_AREA,CL_ITTER107
DCSP_LATTE,1.0,3,DATA_TYPE,CL_TIPO_DATO5
DCSP_LATTE,1.0,4,TYPE_UNITS_MILK_PROD,CL_UNITA_PROD
DCSP_LATTE,1.0,5,TONNES_OF_PROD_YEAR,CL_NUMEROSITA
DCSP_LATTE,1.0,6,TYPE_OF_DAIRY_PROD,CL_PROD_LATT_CAS
DCSP_LIVESTIMPEXP,1.0,1,FREQ,CL_FREQ
DCSP_LIVESTIMPEXP,1.0,2,REF_AREA,CL_ITTER107
DCSP_LIVESTIMPEXP,1.0,3,DATA_TYPE,CL_TIPO_DATO12
DCSP_LIVESTIMPEXP,1.0,4,KIND_OF_LIVESTOCK_MEAT,CL_TIPO_MERCE
DCSP_LIVESTIMPEXP,1.0,5,PARTNER_COUNTRY,CL_ISO
DCSP_MACELLAZIONI,1.0,1,FREQ,CL_FREQ
DCSP_MACELLAZIONI,1.0,2,REF_AREA,CL_ITTER107
DCSP_MACELLAZIONI,1.0,3,DATA_TYPE,CL_TIPO_DATO5
DCSP_MACELLAZIONI,1.0,4,TYPE_OF_HERD,CL_TIPO_ALLEVAMENTO
DCSP_MACELLAZIONI,1.0,5,SLAUGHTERHOUSE_CATEG,CL_ORIG_RIS
DCSP_NIC1B2015,1.0,1,FREQ,CL_FREQ
DCSP_NIC1B2015,1.0,2,REF_AREA,CL_ITTER107
DCSP_NIC1B2015,1.0,3,DATA_TYPE,CL_TIPO_DATO2
DCSP_NIC1B2015,1.0,4,MEASURE,CL_MISURA1
DCSP_NIC1B2015,1.0,5,E_COICOP_REV_ISTAT,CL_COICOP_2015
DCSP_NIC1B2025,1.0,1,FREQ,CL_FREQ
DCSP_NIC1B2025,1.0,2,REF_AREA,CL_ITTER107
DCSP_NIC1B2025,1.0,3,DATA_TYPE,CL_TIPO_DATO2
DCSP_NIC1B2025,1.0,4,MEASURE,CL_MISURA1
DCSP_NIC1B2025,1.0,5,ECOICOP_2,CL_ECOICOP_2
DCSP_NIC2B2015,1.0,1,FREQ,CL_FREQ
DCSP_NIC2B2015,1.0,2,REF_AREA,CL_ITTER107
DCSP_NIC2B2015,1.0,3,DATA_TYPE,CL_TIPO_DATO2
DCSP_NIC2B2015,1.0,4,MEASURE,CL_MISURA1
DCSP_NIC2B2015,1.0,5,E_COICOP_REV_ISTAT,CL_COICOP_2015
DCSP_NIC2B2025,1.0,1,FREQ,CL_FREQ
DCSP_NIC2B2025,1.0,2,REF_AREA,CL_ITTER107
DCSP_NIC2B2025,1.0,3,DATA_TYPE,CL_TIPO_DATO2
DCSP_NIC2B2025,1.0,4,MEASURE,CL_MISURA1
DCSP_NIC2B2025,1.0,5,ECOICOP_2,CL_ECOICOP_2
DCSP_NIC3B2015,1.0,1,FREQ,CL_FREQ
DCSP_NIC3B2015,1.0,2,REF_AREA,CL_ITTER107
DCSP_NIC3B2015,1.0,3,DATA_TYPE,CL_TIPO_DATO2
DCSP_NIC3B2015,1.0,4,E_COICOP_REV_ISTAT,CL_COICOP_2015
DCSP_NIC3EC2,1.0,1,FREQ,CL_FREQ
DCSP_NIC3EC2,1.0,2,REF_AREA,CL_ITTER107
DCSP_NIC3EC2,1.0,3,DATA_TYPE,CL_TIPO_DATO2
DCSP_NIC3EC2,1.0,4,ECOICOP_2,CL_ECOICOP_2
DCSP_NICDUE,1.0,1,FREQ,CL_FREQ
DCSP_NICDUE,1.0,2,REF_AREA,CL_ITTER107
DCSP_NICDUE,1.0,3,DATA_TYPE,CL_TIPO_DATO2
DCSP_NICDUE,1.0,4,MEASURE,CL_MISURA1
DCSP_NICDUE,1.0,5,COICOP_REV_ISTAT,CL_COICOP_NIC
DCSP_NICDUEB2010,1.0,1,FREQ,CL_FREQ
DCSP_NICDUEB2010,1.0,2,REF_AREA,CL_ITTER107
DCSP_NICDUEB2010,1.0,3,DATA_TYPE,CL_TIPO_DATO2
DCSP_NICDUEB2010,1.0,4,MEASURE,CL_MISURA1
DCSP_NICDUEB2010,1.0,5,COICOP_REV_ISTAT,CL_COICOP
DCSP_NICTRE,1.0,1,FREQ,CL_FREQ
DCSP_NICTRE,1.0,2,REF_AREA,CL_ITTER107
DCSP_NICTRE,1.0,3,DATA_TYPE,CL_TIPO_DATO2
DCSP_NICTRE,1.0,4,COICOP_REV_ISTAT,CL_COICOP_NIC
DCSP_NICTREB2010,1.0,1,FREQ,CL_FREQ
DCSP_NICTREB2010,1.0,2,REF_AREA,CL_ITTER107
DCSP_NICTREB2010,1.0,3,DATA_TYPE,CL_TIPO_DATO2
DCSP_NICTREB2010,1.0,4,COICOP_REV_ISTAT,CL_COICOP
DCSP_NICUNOB,1.0,1,FREQ,CL_FREQ
DCSP_NICUNOB,1.0,2,REF_AREA,CL_ITTER107
DCSP_NICUNOB,1.0,3,DATA_TYPE,CL_TIPO_DATO2
DCSP_NICUNOB,1.0,4,MEASURE,CL_MISURA1
DCSP_NICUNOB,1.0,5,COICOP_REV_ISTAT,CL_COICOP_NIC
DCSP_NICUNOBB2010,1.0,1,FREQ,CL_FREQ
DCSP_NICUNOBB2010,1.0,2,REF_AREA,CL_ITTER107
DCSP_NICUNOBB2010,1.0,3,DATA_TYPE,CL_TIPO_DATO2
DCSP_NICUNOBB2010,1.0,4,MEASURE,CL_MISURA1
DCSP_NICUNOBB2010,1.0,5,COICOP_REV_ISTAT,CL_COICOP
DCSP_PREZZIAGR,1.0,1,FREQ,CL_FREQ
DCSP_PREZZIAGR,1.0,2,REF_AREA,CL_ITTER107
DCSP_PREZZIAGR,1.0,3,DATA_TYPE,CL_TIPO_DATO2
DCSP_PREZZIAGR,1.0,4,PURCHASE_PRODUCTS,CL_PRODCONS_AGRI
DCSP_PREZZIAGR,1.0,5,SOLD_PRODUCTS,CL_PRODCONS_AGRI
DCSP_PRODCOM,1.0,1,FREQ,CL_FREQ
DCSP_PRODCOM,1.0,2,REF_AREA,CL_ITTER107
DCSP_PRODCOM,1.0,3,DATA_TYPE,CL_TIPO_DATO37
DCSP_PRODCOM,1.0,4,PRODCOM_NACE_REV2,CL_ATECO_2007_PRODCOM
DCSP_RICAREA,1.0,1,FREQ,CL_FREQ
DCSP_RICAREA,1.0,2,REF_AREA,CL_ITTER107
DCSP_RICAREA,1.0,3,DATA_TYPE,CL_TIPO_DATO5
DCSP_RICAREA,1.0,4,TURNOVER_CLASS,CL_IMPORTOEURO
DCSP_RICAREA,1.0,5,AWU_CLASS,CL_NUMEROSITA
DCSP_RICAREA,1.0,6,LEGAL_FORM,CL_FORMGIUR
DCSP_RICAREA,1.0,7,MANAGEMENT_FORM,CL_COLTIV_CONDUZ
DCSP_RICAREA,1.0,8,TYPE_OF_FARMING,CL_OTE
DCSP_RICAREA,1.0,9,PURPOSE_AGRIC_ACTIVITY,CL_AUTOCONSUMO
DCSP_RICAREA,1.0,10,ECON_ACTIVITY_NACE_2007,CL_ATECO_2007
DCSP_RS,1.0,1,FREQ,CL_FREQ
DCSP_RS,1.0,2,REF_AREA,CL_ITTER107
DCSP_RS,1.0,3,DATA_TYPE,CL_TIPO_DATO_CIS
DCSP_RS,1.0,4,INSTITUTIONAL_SECTOR,CL_SETTISTSEC2010
DCSP_RS,1.0,5,ECON_ACTIVITY_NACE_2007,CL_ATECO_2007
DCSP_RS,1.0,6,PERS_EMPL_SIZE_CLASS,CL_CLLVT
DCSP_RS,1.0,7,TYPE_RESEAR_DEVELOP,CL_ATTIVEC_CSC
DCSP_RS,1.0,8,FIELD_OF_SCIENCE,CL_CORSO_LAUREA
DCSP_RS,1.0,9,PRODSERV_RES_NACE_2007,CL_ATECO_2007
DCSP_RS,1.0,10,SOURCE_OF_FUNDS,CL_SETTISTSEC2010
DCSP_RS,1.0,11,COSTS_TYPE,CL_TIPENTSPE
DCSP_RS,1.0,12,SOC_ECON_GOALS,CL_OBIETTIVI
DCSP_RS,1.0,13,PROF_STATUS,CL_PROFILO_PROF
DCSP_RS,1.0,14,SEX,CL_SEXISTAT1
DCSP_RS,1.0,15,ISCED_QUALIFICATION,CL_TITOLO_STUDIO
DCSP_SBSNAZ,1.0,1,FREQ,CL_FREQ
DCSP_SBSNAZ,1.0,2,REF_AREA,CL_ITTER107
DCSP_SBSNAZ,1.0,3,DATA_TYPE,CL_TIPO_DATO29
DCSP_SBSNAZ,1.0,4,ECON_ACTIVITY_NACE_2007,CL_ATECO_2007
DCSP_SBSNAZ,1.0,5,PERS_EMPL_SIZE_CLASS,CL_CLLVT
DCSP_SBSNAZ,1.0,6,TURNOVER_CLASS,CL_CL_IMPORTO1
DCSP_SBSNAZ,1.0,7,ENVIROM_DOMAIN,CL_AREEAMB
DCSP_SBSNAZ2002,1.0,1,FREQ,CL_FREQ
DCSP_SBSNAZ2002,1.0,2,REF_AREA,CL_ITTER107
DCSP_SBSNAZ2002,1.0,3,DATA_TYPE,CL_TIPO_DATO29
DCSP_SBSNAZ2002,1.0,4,ECON_ACTIVITY_NACE_2002,CL_ATECO2002
DCSP_SBSNAZ2002,1.0,5,PERS_EMPL_SIZE_CLASS,CL_CLLVT
DCSP_SBSREG,1.0,1,FREQ,CL_FREQ
DCSP_SBSREG,1.0,2,REF_AREA,CL_ITTER107
DCSP_SBSREG,1.0,3,DATA_TYPE,CL_TIPO_DATO29
DCSP_SBSREG,1.0,4,ECON_ACTIVITY_NACE_2007,CL_ATECO_2007
DCSP_SBSREG2002,1.0,1,FREQ,CL_FREQ
DCSP_SBSREG2002,1.0,2,REF_AREA,CL_ITTER107
DCSP_SBSREG2002,1.0,3,DATA_TYPE,CL_TIPO_DATO29
DCSP_SBSREG2002,1.0,4,ECON_ACTIVITY_NACE_2002,CL_ATECO2002
DCSP_SPA,1.0,1,FREQ,CL_FREQ
DCSP_SPA,1.0,2,REF_AREA,CL_ITTER107
DCSP_SPA,1.0,3,DATA_TYPE,CL_TIPO_DATO5
DCSP_SPA,1.0,4,LEGAL_FORM,CL_FORMGIUR
DCSP_SPA,1.0,5,MANAGEMENT_FORM,CL_COLTIV_CONDUZ
DCSP_SPA,1.0,6,LAND_OWNERSHIP,CL_TIT_POSSESSO
DCSP_SPA,1.0,7,AGRI_AREA_CLASS,CL_CLASSE_SAU
DCSP_SPA,1.0,8,TYPE_OF_CROP,CL_AGRI_MADRE
DCSP_SPA,1.0,9,TYPE_OF_HERD,CL_TIPO_ALLEVAMENTO
DCSP_SPA,1.0,10,GAINFUL_ACTIVITIES,CL_ATTCONNESSE
DCSP_SPA,1.0,11,KIND_OF_RENEW_ENERGY,CL_TIPO_FONTENERG
DCSP_SPA,1.0,12,EDU_LEV_FARM_MAN,CL_TITOLO_STUDIO
DCSP_SPA,1.0,13,LABOUR_FORCE_CATEG,CL_MANODOPERA
DCSP_SPA,1.0,14,NAT_LAB_FORCE,CL_ISO
DCSP_SPA,1.0,15,QWN_USE_MECH_MEANS,CL_TIT_POSSESSO
DCSP_SPA,1.0,16,TYPE_OF_MECH_MEANS,CL_TIPO_MEZZO
DCSS_ABITAZIONI_TV,1.0,1,FREQ,CL_FREQ
DCSS_ABITAZIONI_TV,1.0,2,REF_AREA,CL_ITTER107
DCSS_ABITAZIONI_TV,1.0,3,INDICATOR,CL_TIPO_DATO_CENS_POP
DCSS_ABITAZIONI_TV,1.0,4,OWNERSHIP_TYPE,CL_TIT_POSSESSO
DCSS_ABITAZIONI_TV,1.0,5,NUMB_ROOM,CL_NUMEROSITA
DCSS_ABITAZIONI_TV,1.0,6,USE_FLOOR_SPACEGROUP,CL_SUPERFICIE
DCSS_ABITAZIONI_TV,1.0,7,HEATING_SYSTEM_TYPE,CL_DOTAZIONI
DCSS_ABITAZIONI_TV,1.0,8,ACCESS_BUILDING,CL_EDIFICI
DCSS_ABITAZIONI_TV,1.0,9,TYPE_OF_BUILDING,CL_EDIFICI
DCSS_BEST_PPC_TV,1.0,1,FREQ,CL_FREQ
DCSS_BEST_PPC_TV,1.0,2,REF_AREA,CL_ITTER107
DCSS_BEST_PPC_TV,1.0,3,INDICATOR,CL_TIPO_DATO_CENS_POP
DCSS_BEST_PPC_TV,1.0,4,GENDER,CL_SEXISTAT1
DCSS_BEST_PPC_TV,1.0,5,PERC_CRIME_RISK,CL_GIUDIZIO_TIPO
DCSS_BEST_PPC_TV,1.0,6,LIFE_SATISF,CL_GIUDIZIO_TIPO
DCSS_BEST_PPC_TV,1.0,7,FAMILY_MEM_COUNT,CL_SI_NO
DCSS_BEST_PPC_TV,1.0,8,FRIENDS_COUNT,CL_SI_NO
DCSS_BEST_PPC_TV,1.0,9,NEIGHBORS_COUNT,CL_GIUDIZIO_TIPO
DCSS_BEST_PPC_TV,1.0,10,PERC_SAF_WAD,CL_GIUDIZIO_TIPO
DCSS_CARS,1.0,1,FREQ,CL_FREQ
DCSS_CARS,1.0,2,REF_AREA,CL_ITTER107
DCSS_CARS,1.0,3,INDICATOR,CL_TIPO_DATO_CENS_POP
DCSS_CARS,1.0,4,CITIZEN_OWNER,CL_CITTADINANZA
DCSS_CARS,1.0,5,NUM_HOUS_MEMB,CL_NUMEROSITA
DCSS_CARS,1.0,6,CITIZEN_HOUS_MEMB,CL_TIP_FAM
DCSS_CARS_PARK,1.0,1,FREQ,CL_FREQ
DCSS_CARS_PARK,1.0,2,REF_AREA,CL_ITTER107
DCSS_CARS_PARK,1.0,3,INDICATOR,CL_TIPO_DATO_CENS_POP
DCSS_CARS_PARK,1.0,4,CITIZEN_OWNER,CL_CITTADINANZA
DCSS_CARS_PARK,1.0,5,NUM_HOUS_MEMB,CL_NUMEROSITA
DCSS_CARS_PARK,1.0,6,CITIZEN_HOUS_MEMB,CL_TIP_FAM
DCSS_CARS_PARK,1.0,7,AV_CAR_PARK,CL_SI_NO
DCSS_CARS_PARK,1.0,8,TYPE_CAR_PARK,CL_DOTAZIONI
DCSS_CONVIVENZE_TV,1.0,1,FREQ,CL_FREQ
DCSS_CONVIVENZE_TV,1.0,2,REF_AREA,CL_ITTER107
DCSS_CONVIVENZE_TV,1.0,3,INDICATOR,CL_TIPO_DATO_CENS_POP
DCSS_CONVIVENZE_TV,1.0,4,GENDER,CL_SEXISTAT1
DCSS_CONVIVENZE_TV,1.0,5,AGE_CLASS,CL_ETA1
DCSS_CONVIVENZE_TV,1.0,6,CITIZENSHIP,CL_CITTADINANZA
DCSS_CONVIVENZE_TV,1.0,7,TYPE_INST_HOUSEHOLD,CL_STRUTTURE
DCSS_CONVIVENZE_TV,1.0,8,NUM_MEMB_INST_HOUS,CL_NUMEROSITA
DCSS_EMPLP_TV,1.0,1,FREQ,CL_FREQ
DCSS_EMPLP_TV,1.0,2,REF_AREA,CL_ITTER107
DCSS_EMPLP_TV,1.0,3,INDICATOR,CL_TIPO_DATO_CENS_POP
DCSS_EMPLP_TV,1.0,4,GENDER,CL_SEXISTAT1
DCSS_EMPLP_TV,1.0,5,AGE_CLASS,CL_ETA1
DCSS_EMPLP_TV,1.0,6,EMPLOYMENT_STATUS,CL_PROFILO_PROF
DCSS_EMPLP_TV,1.0,7,BRANCH_ECON_ACT,CL_ATECO_2007
DCSS_FAMIGLIE_TV,1.0,1,FREQ,CL_FREQ
DCSS_FAMIGLIE_TV,1.0,2,REF_AREA,CL_ITTER107
DCSS_FAMIGLIE_TV,1.0,3,INDICATOR,CL_TIPO_DATO_CENS_POP
DCSS_FAMIGLIE_TV,1.0,4,NUM_MEMB,CL_NUMEROSITA
DCSS_FAMIGLIE_TV,1.0,5,NUM_FR_MENB,CL_NUMEROSITA
DCSS_FAMILY_NUCLEI_TV,1.0,1,FREQ,CL_FREQ
DCSS_FAMILY_NUCLEI_TV,1.0,2,REF_AREA,CL_ITTER107
DCSS_FAMILY_NUCLEI_TV,1.0,3,INDICATOR,CL_TIPO_DATO_CENS_POP
DCSS_FAMILY_NUCLEI_TV,1.0,4,AGE_CLASS_COHABIT_P1,CL_ETA1
DCSS_FAMILY_NUCLEI_TV,1.0,5,AGE_CLASS_COHABIT_P2,CL_ETA1
DCSS_FAMILY_NUCLEI_TV,1.0,6,SEX_PARENT,CL_SEXISTAT1
DCSS_FAMILY_NUCLEI_TV,1.0,7,AGE_CLASS_PARENT,CL_ETA1
DCSS_FAMILY_NUCLEI_TV,1.0,8,NUM_CHILDREN,CL_NUMEROSITA
DCSS_FAMILY_NUCLEI_TV,1.0,9,FAMILY_NUCLEI_TYPE,CL_TIP_NUCL
DCSS_FAMILY_NUCLEI_TV,1.0,10,COUPLE_FAM_TYPE,CL_COMPARAZ_SEX
DCSS_FAMILY_NUCLEI_TV,1.0,11,PRESENCE_CHILDREN,CL_SI_NO
DCSS_FAMILY_NUCLEI_TV,1.0,12,MARRIED_CONS_UN_COUPLES,CL_COMPARAZ_ST_CIV
DCSS_FAM_POP_TV,1.0,1,FREQ,CL_FREQ
DCSS_FAM_POP_TV,1.0,2,REF_AREA,CL_ITTER107
DCSS_FAM_POP_TV,1.0,3,INDICATOR,CL_TIPO_DATO_CENS_POP
DCSS_FORPOP_TV,1.0,1,FREQ,CL_FREQ
DCSS_FORPOP_TV,1.0,2,REF_AREA,CL_ITTER107
DCSS_FORPOP_TV,1.0,3,INDICATOR,CL_TIPO_DATO_CENS_POP
DCSS_FORPOP_TV,1.0,4,GENDER,CL_SEXISTAT1
DCSS_FORPOP_TV,1.0,5,AGE_CLASS,CL_ETA1
DCSS_FORPOP_TV,1.0,6,CITIZENSHIP,CL_CITTADINANZA
DCSS_FORPOP_TV,1.0,7,MARITAL_STATUS,CL_STATCIV2
DCSS_FORPOP_TV,1.0,8,POS_FAM_NUCL,CL_POS_NUCLEO
DCSS_FPHH_FNCL_TV,1.0,1,FREQ,CL_FREQ
DCSS_FPHH_FNCL_TV,1.0,2,REF_AREA,CL_ITTER107
DCSS_FPHH_FNCL_TV,1.0,3,INDICATOR,CL_TIPO_DATO_CENS_POP
DCSS_FPHH_FNCL_TV,1.0,4,GENDER,CL_SEXISTAT1
DCSS_FPHH_FNCL_TV,1.0,5,AGE_CLASS,CL_ETA1
DCSS_FPHH_FNCL_TV,1.0,6,HOUSEHOLD_TYPE,CL_TIP_FAM
DCSS_FPHH_FNCL_TV,1.0,7,FAMILY_NUCLEI_TYPE,CL_TIP_NUCL
DCSS_FPHH_FNCL_TV,1.0,8,GEOG_AREA_CITIZ_RP,CL_ISO
DCSS_HCUE_COM_TV,1.1,1,FREQ,CL_FREQ
DCSS_HCUE_COM_TV,1.1,2,REF_AREA,CL_ITTER107
DCSS_HCUE_COM_TV,1.1,3,INDICATOR,CL_TIPO_DATO_CENS_POP
DCSS_HCUE_COM_TV,1.1,4,GENDER,CL_SEXISTAT1
DCSS_HCUE_COM_TV,1.1,5,MARITAL_STATUS,CL_STATCIV2
DCSS_HCUE_COM_TV,1.1,6,COUNTRY_BIRTH,CL_ISO
DCSS_HCUE_COM_TV,1.1,7,HOUSEHOLD_TYPE,CL_TIP_FAM
DCSS_HCUE_COM_TV,1.1,8,FAMILY_NUCLEI_TYPE,CL_TIP_NUCL
DCSS_HCUE_COM_TV,1.1,9,NUM_MEMB,CL_NUMEROSITA
DCSS_HCUE_COM_TV,1.1,10,TYPE_OF_BUILDING,CL_EDIFICI
DCSS_HUDW_TV,1.0,1,FREQ,CL_FREQ
DCSS_HUDW_TV,1.0,2,REF_AREA,CL_ITTER107
DCSS_HUDW_TV,1.0,3,INDICATOR,CL_TIPO_DATO_CENS_POP
DCSS_HUDW_TV,1.0,4,TENURE_STATUS_HOU,CL_TIT_POSSESSO
DCSS_HUDW_TV,1.0,5,PERIOD_CONSTRUCT,CL_T_BIS
DCSS_HUDW_TV,1.0,6,OCC_STATUS_CDW,CL_STATO_OCCUPAZ
DCSS_HUDW_TV,1.0,7,USE_FLOOR_SPACEGROUP,CL_SUPERFICIE
DCSS_HUDW_TV,1.0,8,NUMBER_OCCUPANTS,CL_NUMEROSITA
DCSS_HUDW_TV,1.0,9,DENSITY_STANDARD,CL_SUPERFICIE
DCSS_HUDW_TV,1.0,10,HEATING_SYSTEM_TYPE,CL_DOTAZIONI
DCSS_ISTR_LAV_PEN_2_TV,1.0,1,FREQ,CL_FREQ
DCSS_ISTR_LAV_PEN_2_TV,1.0,2,REF_AREA,CL_ITTER107
DCSS_ISTR_LAV_PEN_2_TV,1.0,3,INDICATOR,CL_TIPO_DATO_CENS_POP
DCSS_ISTR_LAV_PEN_2_TV,1.0,4,GENDER,CL_SEXISTAT1
DCSS_ISTR_LAV_PEN_2_TV,1.0,5,AGE_NOCLASS,CL_ETA1
DCSS_ISTR_LAV_PEN_2_TV,1.0,6,CITIZENSHIP,CL_CITTADINANZA
DCSS_ISTR_LAV_PEN_2_TV,1.0,7,EDU_ATTAIN,CL_TITOLO_STUDIO
DCSS_ISTR_LAV_PEN_2_TV,1.0,8,CUR_ACT_STAT,CL_FORZE_LAV
DCSS_ISTR_LAV_PEN_2_TV,1.0,9,LOC_DEST,CL_PROV_DEST_Z
DCSS_ISTR_LAV_PEN_2_TV,1.0,10,REAS_COMMUTING,CL_MOTIVOPS1
DCSS_LCAS_FRISC,1.0,1,FREQ,CL_FREQ
DCSS_LCAS_FRISC,1.0,2,REF_AREA,CL_ITTER107
DCSS_LCAS_FRISC,1.0,3,INDICATOR,CL_TIPO_DATO_CENS_POP
DCSS_LCAS_FRISC,1.0,4,GENDER,CL_SEXISTAT1
DCSS_LCAS_FRISC,1.0,5,AGE_CLASS,CL_ETA1
DCSS_LCAS_FRISC,1.0,6,WORK_HOME,CL_FREQUENZA2
DCSS_LCAS_FRISC,1.0,7,VOCAT_TRAIN_ATT,CL_SI_NO
DCSS_LCAS_FRISC,1.0,8,DAY_NUR_PRIM_SCH,CL_FORMAZIONE
DCSS_LCAS_FRISC,1.0,9,ENROL_COURSE,CL_SI_NO
DCSS_MIGR_BACKG_PAR_TV,1.0,1,FREQ,CL_FREQ
DCSS_MIGR_BACKG_PAR_TV,1.0,2,REF_AREA,CL_ITTER107
DCSS_MIGR_BACKG_PAR_TV,1.0,3,INDICATOR,CL_TIPO_DATO_CENS_POP
DCSS_MIGR_BACKG_PAR_TV,1.0,4,GENDER,CL_SEXISTAT1
DCSS_MIGR_BACKG_PAR_TV,1.0,5,AGE_CLASS,CL_ETA1
DCSS_MIGR_BACKG_PAR_TV,1.0,6,CITIZENSHIP,CL_CITTADINANZA
DCSS_MIGR_BACKG_PAR_TV,1.0,7,PREVOUS_CITIZEN,CL_CITTADINANZA
DCSS_MIGR_BACKG_PAR_TV,1.0,8,PLACE_BIRTH_PAR,CL_GENITORI
DCSS_MIGR_BACKG_PAR_TV,1.0,9,EDU_ATTAIN,CL_TITOLO_STUDIO
DCSS_MIGR_BACKG_TV,1.0,1,FREQ,CL_FREQ
DCSS_MIGR_BACKG_TV,1.0,2,REF_AREA,CL_ITTER107
DCSS_MIGR_BACKG_TV,1.0,3,INDICATOR,CL_TIPO_DATO_CENS_POP
DCSS_MIGR_BACKG_TV,1.0,4,GENDER,CL_SEXISTAT1
DCSS_MIGR_BACKG_TV,1.0,5,AGE_CLASS,CL_ETA1
DCSS_MIGR_BACKG_TV,1.0,6,CITIZENSHIP,CL_CITTADINANZA
DCSS_MIGR_BACKG_TV,1.0,7,PREVOUS_CITIZEN,CL_CITTADINANZA
DCSS_MIGR_BACKG_TV,1.0,8,COUNTRY_PREV_CITIZEN,CL_ISO
DCSS_MIGR_BACKG_TV,1.0,9,EDU_ATTAIN,CL_TITOLO_STUDIO
DCSS_POPHH_PHH_TV,1.0,1,FREQ,CL_FREQ
DCSS_POPHH_PHH_TV,1.0,2,REF_AREA,CL_ITTER107
DCSS_POPHH_PHH_TV,1.0,3,INDICATOR,CL_TIPO_DATO_CENS_POP
DCSS_POPHH_PHH_TV,1.0,4,GENDER,CL_SEXISTAT1
DCSS_POPHH_PHH_TV,1.0,5,AGE_CLASS,CL_ETA1
DCSS_POPHH_PHH_TV,1.0,6,PRIVATE_HOUS_STATUS,CL_POS_FAM
DCSS_POPHH_PHH_TV,1.0,7,NUM_MEMB,CL_NUMEROSITA
DCSS_POPHH_PHH_TV,1.0,8,HOUSEHOLD_TYPE,CL_TIP_FAM
DCSS_POPRESABR_TV,1.0,1,FREQ,CL_FREQ
DCSS_POPRESABR_TV,1.0,2,REF_AREA,CL_ITTER107
DCSS_POPRESABR_TV,1.0,3,INDICATOR,CL_TIPO_DATO_CENS_POP
DCSS_POPRESABR_TV,1.0,4,GENDER,CL_SEXISTAT1
DCSS_POPRESABR_TV,1.0,5,AGE_CLASS,CL_ETA1
DCSS_POPRESABR_TV,1.0,6,YEAR_ARRIVAL,CL_T_BIS
DCSS_POPRESABR_TV,1.0,7,PL_USUAL_RES_1Y_CR,CL_PROV_DEST_Z
DCSS_POPRESABR_TV,1.0,8,PLACE_BIRTH,CL_ISO
DCSS_POPRESABR_TV,1.0,9,GEOG_AREA_CITIZ,CL_ISO
DCSS_POP_CAMPI_ATTR_TV,1.0,1,FREQ,CL_FREQ
DCSS_POP_CAMPI_ATTR_TV,1.0,2,REF_AREA,CL_ITTER107
DCSS_POP_CAMPI_ATTR_TV,1.0,3,INDICATOR,CL_TIPO_DATO_CENS_POP
DCSS_POP_CAMPI_ATTR_TV,1.0,4,GENDER,CL_SEXISTAT1
DCSS_POP_CAMPI_ATTR_TV,1.0,5,AGE_CLASS,CL_ETA1
DCSS_POP_CAMPI_ATTR_TV,1.0,6,CITIZENSHIP,CL_CITTADINANZA
DCSS_POP_DEMCITMIG_SETA_TV,1.0,1,FREQ,CL_FREQ
DCSS_POP_DEMCITMIG_SETA_TV,1.0,2,REF_AREA,CL_ITTER107
DCSS_POP_DEMCITMIG_SETA_TV,1.0,3,INDICATOR,CL_TIPO_DATO_CENS_POP
DCSS_POP_DEMCITMIG_SETA_TV,1.0,4,GENDER,CL_SEXISTAT1
DCSS_POP_DEMCITMIG_SETA_TV,1.0,5,AGE_NOCLASS,CL_ETA1
DCSS_POP_DEMCITMIG_SETA_TV,1.0,6,MARITAL_STATUS,CL_STATCIV2
DCSS_POP_DEMCITMIG_SETA_TV,1.0,7,CITIZENSHIP,CL_CITTADINANZA
DCSS_POP_DEMCITMIG_SETA_TV,1.0,8,AREA_CONTRY_CITIZEN,CL_ISO
DCSS_POP_DEMCITMIG_SETA_TV,1.0,9,USUAL_RESID_1Y,CL_PROV_DEST_Z
DCSS_POP_DEMCITMIG_TV,1.0,1,FREQ,CL_FREQ
DCSS_POP_DEMCITMIG_TV,1.0,2,REF_AREA,CL_ITTER107
DCSS_POP_DEMCITMIG_TV,1.0,3,INDICATOR,CL_TIPO_DATO_CENS_POP
DCSS_POP_DEMCITMIG_TV,1.0,4,GENDER,CL_SEXISTAT1
DCSS_POP_DEMCITMIG_TV,1.0,5,AGE_CLASS,CL_ETA1
DCSS_POP_DEMCITMIG_TV,1.0,6,MARITAL_STATUS,CL_STATCIV2
DCSS_POP_DEMCITMIG_TV,1.0,7,CITIZENSHIP,CL_CITTADINANZA
DCSS_POP_DEMCITMIG_TV,1.0,8,AREA_CONTRY_CITIZEN,CL_ISO
DCSS_POP_DEMCITMIG_TV,1.0,9,USUAL_RESID_1Y,CL_PROV_DEST_Z
DCSS_POP_LEGALE_TV,1.0,1,FREQ,CL_FREQ
DCSS_POP_LEGALE_TV,1.0,2,REF_AREA,CL_ITTER107
DCSS_POP_LEGALE_TV,1.0,3,INDICATOR,CL_TIPO_DATO_CENS_POP
DCSS_RESPOP_PL1Y_TV,1.0,1,FREQ,CL_FREQ
DCSS_RESPOP_PL1Y_TV,1.0,2,REF_AREA,CL_ITTER107
DCSS_RESPOP_PL1Y_TV,1.0,3,INDICATOR,CL_TIPO_DATO_CENS_POP
DCSS_RESPOP_PL1Y_TV,1.0,4,GENDER,CL_SEXISTAT1
DCSS_RESPOP_PL1Y_TV,1.0,5,AGE_CLASS,CL_ETA1
DCSS_RESPOP_PL1Y_TV,1.0,6,CITIZENSHIP,CL_CITTADINANZA
DCSS_RESPOP_PL1Y_TV,1.0,7,PL_USUAL_RES_1Y,CL_PROV_DEST_Z
DCSS_RESPOP_PL1Y_TV,1.0,8,PL_USUAL_RES_1Y_CR,CL_PROV_DEST_Z
DCSS_RESPOP_PL1Y_TV,1.0,9,EDU_ATTAIN,CL_TITOLO_STUDIO
DCSS_RESPOP_PL1Y_TV,1.0,10,CUR_ACT_STAT,CL_FORZE_LAV
DCSS_SENZA_TETTO_TV,1.0,1,FREQ,CL_FREQ
DCSS_SENZA_TETTO_TV,1.0,2,REF_AREA,CL_ITTER107
DCSS_SENZA_TETTO_TV,1.0,3,INDICATOR,CL_TIPO_DATO_CENS_POP
DCSS_SENZA_TETTO_TV,1.0,4,GENDER,CL_SEXISTAT1
DCSS_SENZA_TETTO_TV,1.0,5,AGE_CLASS,CL_ETA1
DCSS_SENZA_TETTO_TV,1.0,6,CITIZENSHIP,CL_CITTADINANZA
DICA_ACDP,1.0,1,FREQ,CL_FREQ
DICA_ACDP,1.0,2,REF_AREA,CL_ITTER107
DICA_ACDP,1.0,3,DATA_TYPE,CL_TIPO_DATO_CIS
DICA_ACDP,1.0,4,ECON_ACTIVITY_NACE_2007,CL_ATECO_2007
DICA_ACDP,1.0,5,PERS_EMPL_SIZE_CLASS,CL_CLLVT
DICA_ACDP,1.0,6,LEGAL_FORM,CL_FORMGIUR
DICA_ACDP,1.0,7,AGE_ENTERPRISE,CL_ETA1
DICA_ACDP,1.0,8,SEX,CL_SEXISTAT1
DICA_ACDP,1.0,9,AGE,CL_ETA1
DICA_ACDP,1.0,10,COUNTRY_BIRTH,CL_ISO
DICA_ADIPPP,1.0,1,FREQ,CL_FREQ
DICA_ADIPPP,1.0,2,REF_AREA,CL_ITTER107
DICA_ADIPPP,1.0,3,DATA_TYPE,CL_TIPO_DATO_CIS
DICA_ADIPPP,1.0,4,ECON_ACTIVITY_NACE_2007,CL_ATECO_2007
DICA_ADIPPP,1.0,5,PERS_EMPL_SIZE_CLASS,CL_CLLVT
DICA_ADIPPP,1.0,6,SEX,CL_SEXISTAT1
DICA_ADIPPP,1.0,7,AGE,CL_ETA1
DICA_ADIPPP,1.0,8,COUNTRY_BIRTH,CL_ISO
DICA_ADIPPP,1.0,9,SOC_SECUR_CONTRIB_ALLOW,CL_BENEFICIARIO
DICA_ADIPWP,1.0,1,FREQ,CL_FREQ
DICA_ADIPWP,1.0,2,REF_AREA,CL_ITTER107
DICA_ADIPWP,1.0,3,DATA_TYPE,CL_TIPO_DATO_CIS
DICA_ADIPWP,1.0,4,ECON_ACTIVITY_NACE_2007,CL_ATECO_2007
DICA_ADIPWP,1.0,5,PERS_EMPL_SIZE_CLASS,CL_CLLVT
DICA_ADIPWP,1.0,6,LEGAL_FORM,CL_FORMGIUR
DICA_ADIPWP,1.0,7,AGE_ENTERPRISE,CL_ETA1
DICA_ADIPWP,1.0,8,SEX,CL_SEXISTAT1
DICA_ADIPWP,1.0,9,AGE,CL_ETA1
DICA_ADIPWP,1.0,10,COUNTRY_BIRTH,CL_ISO
DICA_ADIPWP,1.0,11,PROF_STATUS,CL_PROFILO_PROF
DICA_ADIPWP,1.0,12,TYPE_OF_CONTRACT,CL_CARATT_OCC
DICA_ADIPWP,1.0,13,FULL_PART_TIME,CL_REGIME_ORARIO
DICA_AESTCP,1.0,1,FREQ,CL_FREQ
DICA_AESTCP,1.0,2,REF_AREA,CL_ITTER107
DICA_AESTCP,1.0,3,DATA_TYPE,CL_TIPO_DATO_CIS
DICA_AESTCP,1.0,4,ECON_ACTIVITY_NACE_2007,CL_ATECO_2007
DICA_AESTCP,1.0,5,PERS_EMPL_SIZE_CLASS,CL_CLLVT
DICA_AESTCP,1.0,6,LEGAL_FORM,CL_FORMGIUR
DICA_AESTCP,1.0,7,AGE_ENTERPRISE,CL_ETA1
DICA_AESTCP,1.0,8,Y_ENTER_WITH_EMPLOYEES,CL_SI_NO
DICA_AESTCP,1.0,9,SEX,CL_SEXISTAT1
DICA_AESTCP,1.0,10,AGE,CL_ETA1
DICA_AESTCP,1.0,11,COUNTRY_BIRTH,CL_ISO
DICA_AESTCP,1.0,12,ANNUAL_INCOME_CLASS,CL_IMPORTOEURO
DICA_AESTCP,1.0,13,WORKPERIOD_INTHEYEAR,CL_DURATA
DICA_AESTLP,1.0,1,FREQ,CL_FREQ
DICA_AESTLP,1.0,2,REF_AREA,CL_ITTER107
DICA_AESTLP,1.0,3,DATA_TYPE,CL_TIPO_DATO_CIS
DICA_AESTLP,1.0,4,ECON_ACTIVITY_NACE_2007,CL_ATECO_2007
DICA_AESTLP,1.0,5,PERS_EMPL_SIZE_CLASS,CL_CLLVT
DICA_AESTLP,1.0,6,LEGAL_FORM,CL_FORMGIUR
DICA_AESTLP,1.0,7,AGE_ENTERPRISE,CL_ETA1
DICA_AESTLP,1.0,8,Y_ENTER_WITH_EMPLOYEES,CL_SI_NO
DICA_AESTLP,1.0,9,SEX,CL_SEXISTAT1
DICA_AESTLP,1.0,10,AGE,CL_ETA1
DICA_AESTLP,1.0,11,COUNTRY_BIRTH,CL_ISO
DICA_AESTLP,1.0,12,OUTWORKER_TYPE,CL_PROFILO_PROF
DICA_AINDP,1.0,1,FREQ,CL_FREQ
DICA_AINDP,1.0,2,REF_AREA,CL_ITTER107
DICA_AINDP,1.0,3,DATA_TYPE,CL_TIPO_DATO_CIS
DICA_AINDP,1.0,4,ECON_ACTIVITY_NACE_2007,CL_ATECO_2007
DICA_AINDP,1.0,5,PERS_EMPL_SIZE_CLASS,CL_CLLVT
DICA_AINDP,1.0,6,LEGAL_FORM,CL_FORMGIUR
DICA_AINDP,1.0,7,AGE_ENTERPRISE,CL_ETA1
DICA_AINDP,1.0,8,Y_ENTER_WITH_EMPLOYEES,CL_SI_NO
DICA_AINDP,1.0,9,SEX,CL_SEXISTAT1
DICA_AINDP,1.0,10,AGE,CL_ETA1
DICA_AINDP,1.0,11,COUNTRY_BIRTH,CL_ISO
DICA_AINDP,1.0,12,SELF_EMPLOYED_TYPE,CL_PROFILO_PROF
DICA_AINTP,1.0,1,FREQ,CL_FREQ
DICA_AINTP,1.0,2,REF_AREA,CL_ITTER107
DICA_AINTP,1.0,3,DATA_TYPE,CL_TIPO_DATO_CIS
DICA_AINTP,1.0,4,ECON_ACTIVITY_NACE_2007,CL_ATECO_2007
DICA_AINTP,1.0,5,PERS_EMPL_SIZE_CLASS,CL_CLLVT
DICA_AINTP,1.0,6,LEGAL_FORM,CL_FORMGIUR
DICA_AINTP,1.0,7,AGE_ENTERPRISE,CL_ETA1
DICA_AINTP,1.0,8,Y_ENTER_WITH_EMPLOYEES,CL_SI_NO
DICA_AINTP,1.0,9,SEX,CL_SEXISTAT1
DICA_AINTP,1.0,10,AGE,CL_ETA1
DICA_AINTP,1.0,11,COUNTRY_BIRTH,CL_ISO
DICA_AINTP,1.0,12,WORKPERIOD_INTHEYEAR_OUT_USENT,CL_DURATA
DICA_ASIAAGR,1.0,1,FREQ,CL_FREQ
DICA_ASIAAGR,1.0,2,REF_AREA,CL_ITTER107
DICA_ASIAAGR,1.0,3,DATA_TYPE,CL_TIPO_DATO_CIS
DICA_ASIAAGR,1.0,4,ECON_ACTIVITY_NACE_2007,CL_ATECO_2007
DICA_ASIAAGR,1.0,5,PERS_EMPL_SIZE_CLASS,CL_CLLVT
DICA_ASIAAGR,1.0,6,LEGAL_FORM,CL_FORMGIUR
DICA_ASIAAGR,1.0,7,PRESENCE_AGR_HOLD,CL_SI_NO
DICA_ASIAUE1P,1.0,1,FREQ,CL_FREQ
DICA_ASIAUE1P,1.0,2,REF_AREA,CL_ITTER107
DICA_ASIAUE1P,1.0,3,DATA_TYPE,CL_TIPO_DATO_CIS
DICA_ASIAUE1P,1.0,4,ECON_ACTIVITY_NACE_2007,CL_ATECO_2007
DICA_ASIAUE1P,1.0,5,PERS_EMPL_SIZE_CLASS,CL_CLLVT
DICA_ASIAUE1P,1.0,6,LEGAL_FORM,CL_FORMGIUR
DICA_ASIAUE1P,1.0,7,Y_ENTER_WITH_EMPLOYEES,CL_SI_NO
DICA_ASIAUE1P,1.0,8,Y_CRAFTMEN,CL_SI_NO
DICA_ASIAUE1P_ENT,1.0,1,FREQ,CL_FREQ
DICA_ASIAUE1P_ENT,1.0,2,REF_AREA,CL_ITTER107
DICA_ASIAUE1P_ENT,1.0,3,DATA_TYPE,CL_TIPO_DATO_CIS
DICA_ASIAUE1P_ENT,1.0,4,ECON_ACTIVITY_NACE_2007,CL_ATECO_2007
DICA_ASIAUE1P_ENT,1.0,5,PERS_EMPL_SIZE_CLASS,CL_CLLVT
DICA_ASIAUE1P_ENT,1.0,6,LEGAL_FORM,CL_FORMGIUR
DICA_ASIAUE1P_ENT,1.0,7,Y_ENTER_WITH_EMPLOYEES,CL_SI_NO
DICA_ASIAUE1P_ENT,1.0,8,TYPE_REL_LU_ENT,CL_ENTERPRISE_FEATURES
DICA_ASIAUE1P_ENT,1.0,9,GOV_ENT_GR,CL_ENTERPRISE_FEATURES
DICA_ASIAUE1P_TESTDSD,1.0,1,FREQ,CL_FREQ
DICA_ASIAUE1P_TESTDSD,1.0,2,REF_AREA,CL_ITTER107_TESTCLONE
DICA_ASIAUE1P_TESTDSD,1.0,3,DATA_TYPE,CL_TIPO_DATO_CIS
DICA_ASIAUE1P_TESTDSD,1.0,4,ECON_ACTIVITY_NACE_2007,CL_ATECO_2007
DICA_ASIAUE1P_TESTDSD,1.0,5,PERS_EMPL_SIZE_CLASS,CL_CLLVT
DICA_ASIAUE1P_TESTDSD,1.0,6,LEGAL_FORM,CL_FORMGIUR
DICA_ASIAUE1P_TESTDSD,1.0,7,Y_ENTER_WITH_EMPLOYEES,CL_SI_NO
DICA_ASIAUE1P_TESTDSD,1.0,8,Y_CRAFTMEN,CL_SI_NO
DICA_ASIAULOCCP,1.0,1,FREQ,CL_FREQ
DICA_ASIAULOCCP,1.0,2,REF_AREA,CL_ITTER107
DICA_ASIAULOCCP,1.0,3,DATA_TYPE,CL_TIPO_DATO_CIS
DICA_ASIAULOCCP,1.0,4,ECON_ACTIVITY_NACE_2007,CL_ATECO_2007
DICA_ASIAULOCCP,1.0,5,PERS_EMPL_SIZE_CLASS,CL_CLLVT
DICA_ASIAULOCCP,1.0,6,SEX,CL_SEXISTAT1
DICA_ASIAULOCCP,1.0,7,AGE,CL_ETA1
DICA_ASIAULOCCP,1.0,8,COUNTRY_BIRTH,CL_ISO
DICA_ASIAULOCCP,1.0,9,PROF_STATUS,CL_PROFILO_PROF
DICA_ASIAULP,1.0,1,FREQ,CL_FREQ
DICA_ASIAULP,1.0,2,REF_AREA,CL_ITTER107
DICA_ASIAULP,1.0,3,DATA_TYPE,CL_TIPO_DATO_CIS
DICA_ASIAULP,1.0,4,ECON_ACTIVITY_NACE_2007,CL_ATECO_2007
DICA_ASIAULP,1.0,5,PERS_EMPL_SIZE_CLASS,CL_CLLVT
DICA_ASIAULP_TERRIFDATA,1.0,1,FREQ,CL_FREQ
DICA_ASIAULP_TERRIFDATA,1.0,2,REF_AREA,CL_ITTER107
DICA_ASIAULP_TERRIFDATA,1.0,3,DATA_TYPE,CL_TIPO_DATO_CIS
DICA_ASIAULP_TERRIFDATA,1.0,4,ECON_ACTIVITY_NACE_2007,CL_ATECO_2007
DICA_ASIAULP_TERRIFDATA,1.0,5,PERS_EMPL_SIZE_CLASS,CL_CLLVT
DICA_DEMOGRAFIA,1.0,1,FREQ,CL_FREQ
DICA_DEMOGRAFIA,1.0,2,REF_AREA,CL_ITTER107
DICA_DEMOGRAFIA,1.0,3,DATA_TYPE,CL_TIPO_DATO_CIS
DICA_DEMOGRAFIA,1.0,4,ECON_ACTIVITY_NACE_2007,CL_ATECO_2007
DICA_DEMOGRAFIA,1.0,5,PERS_EMPL_SIZE_CLASS,CL_CLLVT
DICA_DEMOGRAFIA,1.0,6,LEGAL_FORM,CL_FORMGIUR
DICA_IPIF,1.0,1,FREQ,CL_FREQ
DICA_IPIF,1.0,2,REF_AREA,CL_ITTER107
DICA_IPIF,1.0,3,DATA_TYPE,CL_TIPO_DATO_CIS
DICA_IPIF,1.0,4,ECON_ACTIVITY_NACE_2007,CL_ATECO_2007
DICA_IPIF,1.0,5,LEGAL_FORM,CL_FORMGIUR
DICA_IPIF,1.0,6,HUMAN_RESOURCE_TYPE,CL_PROFILO_PROF
DICA_IPIF,1.0,7,HUMAN_RESOURCE_CLASS,CL_NUMEROSITA
DICA_IPIF,1.0,8,HUMAN_RESOURCE_SEX,CL_SEXISTAT1
DICA_IPIF,1.0,9,EDU_LEV_HIGHEST,CL_TITOLO_STUDIO
DICA_IPIF,1.0,10,TYPE_TRAINING,CL_FORMAZIONE_ATT
DICA_IPIF,1.0,11,HOURS_TRAINING_PROVIDED,CL_DURATA
DICA_IPIF,1.0,12,CLASS_PERS_TRAINING,CL_NUMEROSITA
DICA_IPO,1.0,1,FREQ,CL_FREQ
DICA_IPO,1.0,2,REF_AREA,CL_ITTER107
DICA_IPO,1.0,3,DATA_TYPE,CL_TIPO_DATO_CIS
DICA_IPO,1.0,4,ECON_ACTIVITY_NACE_2007,CL_ATECO_2007
DICA_IPO,1.0,5,LEGAL_FORM,CL_FORMGIUR
DICA_IPO,1.0,6,HUMAN_RESOURCE_TYPE,CL_PROFILO_PROF
DICA_IPO,1.0,7,HUMAN_RESOURCE_CLASS,CL_NUMEROSITA
DICA_IPO,1.0,8,HUMAN_RESOURCE_SEX,CL_SEXISTAT1
DICA_IPO,1.0,9,HUMAN_RESOURCE_AGE,CL_ETA1
DICA_IPO,1.0,10,TYPE_EMPL_CONTRACT,CL_CONTRATTO
DICA_IPO,1.0,11,WORK_TIME_REGIME,CL_REGIME_ORARIO
DICA_IPSTRIPCOM,1.0,1,FREQ,CL_FREQ
DICA_IPSTRIPCOM,1.0,2,REF_AREA,CL_ITTER107
DICA_IPSTRIPCOM,1.0,3,DATA_TYPE,CL_TIPO_DATO_CIS
DICA_IPSTRIPCOM,1.0,4,ECON_ACTIVITY_NACE_2007,CL_ATECO_2007
DICA_IPSTRIPCOM,1.0,5,LEGAL_FORM,CL_FORMGIUR
DICA_IPSTRIPCOM,1.0,6,LOCAL_UNITS_CLASS,CL_NUMEROSITA
DICA_IPSTRIPCOM,1.0,7,HUMAN_RESOURCE_TYPE,CL_PROFILO_PROF
DICA_IPSTRIPCOM,1.0,8,HUMAN_RESOURCE_CLASS,CL_NUMEROSITA
DICA_IPSTRIPCOM,1.0,9,HUMAN_RESOURCE_SEX,CL_SEXISTAT1
DICA_IPSTRIPNP,1.0,1,FREQ,CL_FREQ
DICA_IPSTRIPNP,1.0,2,REF_AREA,CL_ITTER107
DICA_IPSTRIPNP,1.0,3,DATA_TYPE,CL_TIPO_DATO_CIS
DICA_IPSTRIPNP,1.0,4,ECON_ACTIVITY_NACE_2007,CL_ATECO_2007
DICA_IPSTRIPNP,1.0,5,LEGAL_FORM,CL_FORMGIUR
DICA_IPSTRIPNP,1.0,6,LOCAL_UNITS_CLASS,CL_NUMEROSITA
DICA_IPSTRIPNP,1.0,7,HUMAN_RESOURCE_TYPE,CL_PROFILO_PROF
DICA_IPSTRIPNP,1.0,8,HUMAN_RESOURCE_CLASS,CL_NUMEROSITA
DICA_IPSTRIPNP,1.0,9,HUMAN_RESOURCE_SEX,CL_SEXISTAT1
DICA_IPSTRULCOM,1.0,1,FREQ,CL_FREQ
DICA_IPSTRULCOM,1.0,2,REF_AREA,CL_ITTER107
DICA_IPSTRULCOM,1.0,3,DATA_TYPE,CL_TIPO_DATO_CIS
DICA_IPSTRULCOM,1.0,4,ECON_ACTIVITY_NACE_2007,CL_ATECO_2007
DICA_IPSTRULCOM,1.0,5,LEGAL_FORM,CL_FORMGIUR
DICA_IPSTRULCOM,1.0,6,REAL_ESTATES_RIGHT_USE,CL_TIT_POSSESSO
DICA_IPSTRULCOM,1.0,7,SIZE_LOCAL_UNIT_CLASS,CL_NUMEROSITA
DICA_IPSTRULCOM,1.0,8,PROF_STAT_DETAILED,CL_PROFILO_PROF
DICA_IPSTRULCOM,1.0,9,HUMAN_RESOURCE_CLASS,CL_NUMEROSITA
DICA_IPSTRULCOM,1.0,10,HUMAN_RESOURCE_SEX,CL_SEXISTAT1
DICA_IPSTRULNP,1.0,1,FREQ,CL_FREQ
DICA_IPSTRULNP,1.0,2,REF_AREA,CL_ITTER107
DICA_IPSTRULNP,1.0,3,DATA_TYPE,CL_TIPO_DATO_CIS
DICA_IPSTRULNP,1.0,4,ECON_ACTIVITY_NACE_2007,CL_ATECO_2007
DICA_IPSTRULNP,1.0,5,LEGAL_FORM,CL_FORMGIUR
DICA_IPSTRULNP,1.0,6,REAL_ESTATES_RIGHT_USE,CL_TIT_POSSESSO
DICA_IPSTRULNP,1.0,7,SIZE_LOCAL_UNIT_CLASS,CL_NUMEROSITA
DICA_IPSTRULNP,1.0,8,PROF_STAT_DETAILED,CL_PROFILO_PROF
DICA_IPSTRULNP,1.0,9,HUMAN_RESOURCE_CLASS,CL_NUMEROSITA
DICA_IPSTRULNP,1.0,10,HUMAN_RESOURCE_SEX,CL_SEXISTAT1
DICA_N01C,1.0,1,FREQ,CL_FREQ
DICA_N01C,1.0,2,REF_AREA,CL_ITTER107
DICA_N01C,1.0,3,DATA_TYPE,CL_TIPO_DATO_CIS
DICA_N01C,1.0,4,NPRO_MAIN_SEC_ICNPO,CL_ICNPO
DICA_N01C,1.0,5,LEGAL_FORM,CL_FORMGIUR
DICA_N01C,1.0,6,TYPE_ECON_ACTIVITY,CL_NATPROD
DICA_N01C,1.0,7,PREVALENT_SOURCE_OF_FUNDS,CL_ORIG_RIS
DICA_N01C,1.0,8,INSTIUTION_SCOPE,CL_DEST_SERVIZIO
DICA_N01C,1.0,9,HUMAN_RESOURCE_TYPE,CL_PROFILO_PROF
DICA_N01C,1.0,10,HUMAN_RESOURCE_CLASS,CL_NUMEROSITA
DICA_N01SS,1.0,1,FREQ,CL_FREQ
DICA_N01SS,1.0,2,REF_AREA,CL_ITTER107
DICA_N01SS,1.0,3,DATA_TYPE,CL_TIPO_DATO_CIS
DICA_N01SS,1.0,4,NPRO_MAIN_SEC_ICNPO,CL_ICNPO
DICA_N01SS,1.0,5,NONPROFIT_SECON_SECTOR,CL_ICNPO
DICA_N01SS,1.0,6,LEGAL_FORM,CL_FORMGIUR
DICA_N01SS,1.0,7,TYPE_ECON_ACTIVITY,CL_NATPROD
DICA_N01SS,1.0,8,PREVALENT_SOURCE_OF_FUNDS,CL_ORIG_RIS
DICA_N01SS,1.0,9,INSTIUTION_SCOPE,CL_DEST_SERVIZIO
DICA_N02M,1.0,1,FREQ,CL_FREQ
DICA_N02M,1.0,2,REF_AREA,CL_ITTER107
DICA_N02M,1.0,3,DATA_TYPE,CL_TIPO_DATO_CIS
DICA_N02M,1.0,4,NPRO_MAIN_SEC_ICNPO,CL_ICNPO
DICA_N02M,1.0,5,LEGAL_FORM,CL_FORMGIUR
DICA_N02M,1.0,6,LEGAL_FORM_ACQUI_PERIOD,CL_T_BIS
DICA_N02M,1.0,7,TYPE_ECON_ACTIVITY,CL_NATPROD
DICA_N02M,1.0,8,PREVALENT_SOURCE_OF_FUNDS,CL_ORIG_RIS
DICA_N02M,1.0,9,INSTIUTION_SCOPE,CL_DEST_SERVIZIO
DICA_N02M,1.0,10,MISSION_INSTITUTION,CL_RIF_BISOGNO
DICA_N03B,1.0,1,FREQ,CL_FREQ
DICA_N03B,1.0,2,REF_AREA,CL_ITTER107
DICA_N03B,1.0,3,DATA_TYPE,CL_TIPO_DATO_CIS
DICA_N03B,1.0,4,NPRO_MAIN_SEC_ICNPO,CL_ICNPO
DICA_N03B,1.0,5,LEGAL_FORM,CL_FORMGIUR
DICA_N03B,1.0,6,REV_BAL_SHEET,CL_IMPORTOEURO
DICA_N03B,1.0,7,EXP_BAL_SHEET,CL_IMPORTOEURO
DICA_N03B,1.0,8,HUMAN_RESOURCE_TYPE,CL_PROFILO_PROF
DICA_N03B,1.0,9,HUMAN_RESOURCE_CLASS,CL_NUMEROSITA
DICA_N03B,1.0,10,HUMAN_RESOURCE_SEX,CL_SEXISTAT1
DICA_N03G,1.0,1,FREQ,CL_FREQ
DICA_N03G,1.0,2,REF_AREA,CL_ITTER107
DICA_N03G,1.0,3,DATA_TYPE,CL_TIPO_DATO_CIS
DICA_N03G,1.0,4,NPRO_MAIN_SEC_ICNPO,CL_ICNPO
DICA_N03G,1.0,5,LEGAL_FORM,CL_FORMGIUR
DICA_N03G,1.0,6,TYPE_ECON_ACTIVITY,CL_NATPROD
DICA_N03G,1.0,7,PREVALENT_SOURCE_OF_FUNDS,CL_ORIG_RIS
DICA_N03G,1.0,8,INSTIUTION_SCOPE,CL_DEST_SERVIZIO
DICA_N03G,1.0,9,HUMAN_RESOURCE_TYPE,CL_PROFILO_PROF
DICA_N03G,1.0,10,HUMAN_RESOURCE_CLASS,CL_NUMEROSITA
DICA_N03G,1.0,11,HUMAN_RESOURCE_SEX,CL_SEXISTAT1
DICA_N05W,1.0,1,FREQ,CL_FREQ
DICA_N05W,1.0,2,REF_AREA,CL_ITTER107
DICA_N05W,1.0,3,DATA_TYPE,CL_TIPO_DATO_CIS
DICA_N05W,1.0,4,NPRO_MAIN_SEC_ICNPO,CL_ICNPO
DICA_N05W,1.0,5,LEGAL_FORM,CL_FORMGIUR
DICA_N05W,1.0,6,LEGAL_FORM_ACQUI_PERIOD,CL_T_BIS
DICA_N05W,1.0,7,HUMAN_RESOURCE_TYPE,CL_PROFILO_PROF
DICA_N05W,1.0,8,HUMAN_RESOURCE_CLASS,CL_NUMEROSITA
DICA_N05W,1.0,9,HUMAN_RESOURCE_SEX,CL_SEXISTAT1
DICA_N05W,1.0,10,TYPE_EMPL_CONTRACT,CL_CONTRATTO
DICA_N05W,1.0,11,WORK_TIME_REGIME,CL_REGIME_ORARIO
DICA_TISTUDIO,1.0,1,FREQ,CL_FREQ
DICA_TISTUDIO,1.0,2,REF_AREA,CL_ITTER107
DICA_TISTUDIO,1.0,3,DATA_TYPE,CL_TIPO_DATO_CIS
DICA_TISTUDIO,1.0,4,ECON_ACTIVITY_NACE_2007,CL_ATECO_2007
DICA_TISTUDIO,1.0,5,SEX,CL_SEXISTAT1
DICA_TISTUDIO,1.0,6,AGE,CL_ETA1
DICA_TISTUDIO,1.0,7,COUNTRY_BIRTH,CL_ISO
DICA_TISTUDIO,1.0,8,EDU_LEV_HIGHEST,CL_TITOLO_STUDIO_CENS
DICA_TISTUDIO,1.0,9,PROF_STATUS,CL_PROFILO_PROF
DICIS_SCUOLSEC1,1.0,1,FREQ,CL_FREQ
DICIS_SCUOLSEC1,1.0,2,REF_AREA,CL_ITTER107
DICIS_SCUOLSEC1,1.0,3,DATA_TYPE,CL_TIPO_DATO6
DICIS_SCUOLSEC1,1.0,4,MEASURE,CL_MISURA1
DICIS_SCUOLSEC1,1.0,5,SCHOOL_LEVEL,CL_ORDINESCOL
DICIS_SCUOLSEC1,1.0,6,TYPE_SCHOOL_MANAGEMENT,CL_NATGIUR
DIPS_SIR_IND_TERR_DRT,1.0,1,FREQ,CL_FREQ
DIPS_SIR_IND_TERR_DRT,1.0,2,REF_AREA,CL_ITTER107
DIPS_SIR_IND_TERR_DRT,1.0,3,DATA_TYPE,CL_SIR_INDICATORS
DIPS_SIR_IND_TERR_DRT_OCC,1.1,1,FREQ,CL_FREQ
DIPS_SIR_IND_TERR_DRT_OCC,1.1,2,REF_AREA,CL_ITTER107
DIPS_SIR_IND_TERR_DRT_OCC,1.1,3,DATA_TYPE,CL_SIR_INDICATORS_TEST
DIPS_SIR_IND_TERR_DRT_OCC,1.1,4,SEX,CL_SEXISTAT1
DIPS_SIR_IND_TERR_DRT_OCC_RBI,1.0,1,FREQ,CL_FREQ
DIPS_SIR_IND_TERR_DRT_OCC_RBI,1.0,2,REF_AREA,CL_ITTER107
DIPS_SIR_IND_TERR_DRT_OCC_RBI,1.0,3,DATA_TYPE,CL_SIR_INDICATORS
DIPS_SIR_IND_TERR_DRT_OCC_RBI,1.0,4,SEX,CL_SEXISTAT1
DSD_DIFF_REPORT,1.0,1,FREQ,CL_FREQ
DSD_DIFF_REPORT,1.0,2,REF_AREA,CL_ITTER107
INDUNIV,1.0,1,FREQ,CL_FREQ
INDUNIV,1.0,2,REF_AREA,CL_ITTER107
INDUNIV,1.0,3,DATA_TYPE,CL_TIPO_DATO6
INDUNIV,1.0,4,MEASURE,CL_MISURA1
INDUNIV,1.0,5,SEX,CL_SEXISTAT1
MEF_REDDITIIRPEF_COM,1.0,1,FREQ,CL_FREQ
MEF_REDDITIIRPEF_COM,1.0,2,REF_AREA,CL_ITTER107
MEF_REDDITIIRPEF_COM,1.0,3,DATA_TYPE,CL_TIPO_DATO_MEF
MEF_REDDITIIRPEF_COM,1.0,4,AMOUNT_CLASS,CL_IMPORTOEURO
PERCEPIT,1.0,1,FREQ,CL_FREQ
PERCEPIT,1.0,2,REF_AREA,CL_ITTER107
PERCEPIT,1.0,3,DATA_TYPE,CL_TIPO_DATO8
PERCEPIT,1.0,4,MEASURE,CL_MISURA1
PERCEPIT,1.0,5,ECON_SITUATION_PERCEIVED,CL_GIUD_DIFFICOLTA
PERCEPIT,1.0,6,NUMBER_HOUSEHOLD_COMP,CL_NUMERO_COMPONENTI
PERCEPIT,1.0,7,HOUSEHOLD_TYPOLOGY,CL_TIPOLOGIA_FAMILIARE1
PERCEPIT,1.0,8,NUMB_OF_CHILDREN,CL_TIPOLOGIA_FAM_MINORI
PERCEPIT,1.0,9,NUMB_OF_ELDERLY,CL_TIPOLOGIA_FAM_ANZIANI
PERCEPIT,1.0,10,SEX_MAIN_PERCEPTOR,CL_SEXISTAT1
PERCEPIT,1.0,11,AGE_MAIN_EARNIER,CL_CLASETA5
PERCEPIT,1.0,12,EDU_LEV_MAIN_EARN,CL_TITOLO_STUDIO
PERCEPIT,1.0,13,LABPROF_STATUS_C_MAIN_EARNER,CL_CONDIZIONE_DICH2
PERCEPIT213747,1.0,1,FREQ,CL_FREQ
PERCEPIT213747,1.0,2,REF_AREA,CL_ITTER107
PERCEPIT213747,1.0,3,DATA_TYPE,CL_TIPO_DATO8
PERCEPIT213747,1.0,4,ECON_SITUATION_PERCEIVED,CL_GIUD_DIFFICOLTA
PERCEPIT213747,1.0,5,HOUSEHOLD_TYPOLOGY,CL_TIPOLOGIA_FAMILIARE1
PERCEPIT263604,1.0,1,FREQ,CL_FREQ
PERCEPIT263604,1.0,2,REF_AREA,CL_ITTER107
PERCEPIT263604,1.0,3,DATA_TYPE,CL_TIPO_DATO8
PERCEPIT263604,1.0,4,ECON_SITUATION_PERCEIVED,CL_GIUD_DIFFICOLTA
PERCEPIT263604,1.0,5,EDU_LEV_MAIN_EARN,CL_TITOLO_STUDIO
PERCEPIT263604,1.0,6,LABPROF_STATUS_C_MAIN_EARNER,CL_CONDIZIONE_DICH2
PERCEPIT406502,1.0,1,FREQ,CL_FREQ
PERCEPIT406502,1.0,2,REF_AREA,CL_ITTER107
PERCEPIT406502,1.0,3,DATA_TYPE,CL_TIPO_DATO8
PERCEPIT406502,1.0,4,ECON_SITUATION_PERCEIVED,CL_GIUD_DIFFICOLTA
PERCEPIT406502,1.0,5,SEX_MAIN_PERCEPTOR,CL_SEXISTAT1
PERCEPIT406502,1.0,6,AGE_MAIN_EARNIER,CL_CLASETA5
PERCEPIT8019,1.0,1,FREQ,CL_FREQ
PERCEPIT8019,1.0,2,REF_AREA,CL_ITTER107
PERCEPIT8019,1.0,3,DATA_TYPE,CL_TIPO_DATO8
PERCEPIT8019,1.0,4,ECON_SITUATION_PERCEIVED,CL_GIUD_DIFFICOLTA
PERCEPIT974457,1.0,1,FREQ,CL_FREQ
PERCEPIT974457,1.0,2,REF_AREA,CL_ITTER107
PERCEPIT974457,1.0,3,DATA_TYPE,CL_TIPO_DATO8
PERCEPIT974457,1.0,4,ECON_SITUATION_PERCEIVED,CL_GIUD_DIFFICOLTA
PERCEPIT974457,1.0,5,NUMBER_HOUSEHOLD_COMP,CL_NUMERO_COMPONENTI
PROVAORDINE,1.0,1,FREQ,CL_FREQ
PROVAORDINE,1.0,2,REF_AREA,CL_ITTER107
PROVAORDINE,1.0,3,DATA_TYPE,CL_TIPO_DATO7
PROVAORDINE,1.0,4,ADJUSTMENT,CL_CORREZ
PROVAORDINE,1.0,5,PRODUCT_SECTOR,CL_TIPO_PRODOTTOCOMM
PROVAORDINE,1.0,6,TYPE_OF_SALES,CL_FORMA_VENDITA
PROVAORDINE,1.0,7,PERS_EMPL_SIZE_CLASS,CL_CLLVT
TERRIT_PROVA_NUOVE_NUTZ,1.1,1,FREQ,CL_FREQ
TERRIT_PROVA_NUOVE_NUTZ,1.1,2,REF_AREA,CL_TERR_NUTZ_PROVA
TEST,1.0,1,FREQ,CL_FREQ
TEST,1.0,2,REF_AREA,CL_ITTER107
TEST,1.0,3,DOMAIN,CL_SUS_DOMAIN
TEST,1.0,4,DATA_TYPE,CL_BES_INDICATOR
TEST,1.0,5,SEX,CL_SEXISTAT1
TEST,1.0,6,EDITION,CL_T_BIS
TEST_DCIS_ABORTISPONTL,1.0,1,FREQ,CL_FREQ
TEST_DCIS_ABORTISPONTL,1.0,2,REF_AREA,CL_ITTER107
TEST_DCIS_ABORTISPONTL,1.0,3,DATA_TYPE,CL_TIPO_DATO14
TEST_DCIS_ABORTISPONTL,1.0,4,AGE,CL_ETA1
TEST_DCIS_ABORTISPONTL,1.0,5,TYPE_INTERVENTION,CL_TIPOINT
TEST_DCIS_ABORTISPONTL,1.0,6,ANALGESIC_THERAPY,CL_TERANT
TEST_DCIS_ABORTISPONTL,1.0,7,COMPLICATION,CL_COMPL
TEST_DCIS_ABORTISPONTL,1.0,8,PLACE_MISCARRIAGE,CL_LUOGOEVENTO
TEST_DCIS_ABORTISPONTL,1.0,9,CITIZENSHIP,CL_ISO
TEST_DCIS_ABORTISPONTL,1.0,10,WEEKS_OF_AMENORRHEA,CL_DURATA
TEST_DCIS_ABORTISPONTL,1.0,11,Y_ART_REPROD_TECHNIQUES,CL_SI_NO
TEST_DCIS_ABORTISPONTL,1.0,12,METHOD_ARTIF_REPRODUCTIVE,CL_PMA
TEST_DCIS_ABORTISPONTL,1.0,13,RESIDENCE_TERR,CL_ITTER107
