id,agency,version,name_en,name_it,dsd,dsd_version,last_update,metadata_url
101_1015,IT1,1.0,Crops,Coltivazioni,DCSP_COLTIVAZIONI,1.1,2026-07-28T09:04:47.207Z,
101_1015_DF_DCSP_COLTIVAZIONI_1,IT1,1.0,Areas and production - overall data,Superfici e produzione - dati in complesso,DCSP_COLTIVAZIONI,1.1,2026-07-28T09:03:38.324Z,
101_1015_DF_DCSP_COLTIVAZIONI_10,IT1,1.0,Sowing forecast,Intenzioni di semina,DCSP_COLTIVAZIONI,1.1,2026-07-28T09:04:47.207Z,
101_1015_DF_DCSP_COLTIVAZIONI_2,IT1,1.0,Areas and production - overall data - provinces,Superfici e produzione - dati in complesso - prov,DCSP_COLTIVAZIONI,1.1,2026-07-28T09:03:38.324Z,
101_1030,IT1,1.0,"PDO, PGI and TSG quality products",Prodotti agroalimentari di qualità DOP/IGP e STG,DCSP_DOPIGP,1.0,2024-11-05T14:58:04.484Z,METADATA_URL
101_1030_DF_DCSP_DOPIGP_1,IT1,1.0,Operators by sector,Operatori per settore,DCSP_DOPIGP,1.0,2024-11-05T14:58:04.484Z,
101_1030_DF_DCSP_DOPIGP_2,IT1,1.0,Operators by product,Operatori per prodotto,DCSP_DOPIGP,1.0,2024-11-05T14:58:04.484Z,
101_1030_DF_DCSP_DOPIGP_3,IT1,1.0,Dynamics of operators,Dinamica degli operatori,DCSP_DOPIGP,1.0,2024-09-18T17:08:30.377Z,
101_1030_DF_DCSP_DOPIGP_4,IT1,1.0,"PDO, PGI and TSG active products","Prodotti DOP, IGP e STG attivi",DCSP_DOPIGP,1.0,2024-09-18T17:08:30.377Z,
101_1030_DF_DCSP_DOPIGP_5,IT1,1.0,Working process by altimetric zone,Processo di lavorazione per zona altimetrica,DCSP_DOPIGP,1.0,2024-11-05T14:58:04.484Z,
101_1030_DF_DCSP_DOPIGP_6,IT1,1.0,Working process by sex of the conductor,Processo di lavorazione per sesso del conduttore,DCSP_DOPIGP,1.0,11/05/2024 14:58:04,
101_1033,IT1,1.0,Slaughtering,Macellazioni,DCSP_MACELLAZIONI,1.0,2026-07-24T10:16:58.690Z,METADATA_URL
101_1033_DF_DASH_DCSP_MACELLAZIONI_1,IT1,1.0,Meat - monthly data,Carni - dati mensili,DCSP_MACELLAZIONI,1.0,2026-07-24T10:16:58.690Z,
101_1033_DF_DCSP_MACELLAZIONI_1,IT1,1.0,Red meat - monthly data,Carni rosse - dati mensili,DCSP_MACELLAZIONI,1.0,2026-07-24T10:16:58.690Z,
101_1033_DF_DCSP_MACELLAZIONI_2,IT1,1.0,White meat - monthly data,Carni bianche - dati mensili,DCSP_MACELLAZIONI,1.0,2026-07-24T10:16:58.690Z,
101_1033_DF_DCSP_MACELLAZIONI_3,IT1,1.0,Red meat - annual data,Carni rosse - dati annuali,DCSP_MACELLAZIONI,1.0,2026-04-16T09:16:55.302Z,
101_1033_DF_DCSP_MACELLAZIONI_4,IT1,1.0,White meat - annual data,Carni bianche - dati annuali,DCSP_MACELLAZIONI,1.0,2026-06-12T08:42:56.673Z,
101_1039,IT1,1.0,Agritourism - municipalities,Agriturismo - comuni,DCSP_AGRITURISMO_COM,1.0,03/07/2022 18:11:15,METADATA_URL
101_1039_DF_DCSP_AGRITURISMO_COM_1,IT1,1.0,Agritourism - municipalities,Agriturismo - comuni,DCSP_AGRITURISMO_COM,1.0,03/01/2022 16:09:32,
101_1077,IT1,1.0,"PDO, PGI and TSG products:  operators - municipalities data",Prodotti di qualità DOP/IGP e STG: operatori - dati comunali,DCSP_DOPIGP_COM,1.0,2024-03-18T14:26:38.727Z,METADATA_URL
101_1077_DF_DCSP_DOPIGP_COM_1,IT1,1.0,"PDO, PGI and TSG products: operators - municipalities data",Prodotti di qualità DOP/IGP e STG: operatori - dati comunali,DCSP_DOPIGP_COM,1.0,03/18/2024 14:26:38,
101_12,IT1,1.0,Agricoltural prices,Prezzi dei prodotti agricoli,DCSP_PREZZIAGR,1.0,2026-05-25T12:09:23.309Z,METADATA_URL
101_12_DF_DCSP_PREZZIAGR_1,IT1,1.0,"Agricultural purchase price index, monthly data (base 2015)","Indice dei prezzi dei prodotti acquistati dagli agricoltori, mensile (base 2015)",DCSP_PREZZIAGR,1.0,2025-06-03T09:56:05.538Z,METADATA_URL
101_12_DF_DCSP_PREZZIAGR_10,IT1,1.0,"Agricultural producer price index, monthly data (base 2020)","Indice dei prezzi alla produzione dei prodotti venduti dagli agricoltori, mensile (base 2020)",DCSP_PREZZIAGR,1.0,2026-05-25T12:09:23.309Z,
101_12_DF_DCSP_PREZZIAGR_11,IT1,1.0,"Agricultural purchase price index, annual average (base 2020)","Indice dei prezzi dei prodotti acquistati dagli agricoltori, media annua (base 2020)",DCSP_PREZZIAGR,1.0,2026-05-25T12:09:23.309Z,
101_12_DF_DCSP_PREZZIAGR_12,IT1,1.0,"Agricultural producer price index, annual average (base 2020)","Indice dei prezzi alla produzione dei prodotti venduti dagli agricoltori, media annua (base 2020)",DCSP_PREZZIAGR,1.0,2026-05-25T12:09:23.309Z,
101_12_DF_DCSP_PREZZIAGR_2,IT1,1.0,"Agricultural producer price index, monthly data (base 2015)","Indice dei prezzi alla produzione dei prodotti venduti dagli agricoltori, mensile (base 2015)",DCSP_PREZZIAGR,1.0,2025-06-03T09:53:01.429Z,
101_12_DF_DCSP_PREZZIAGR_3,IT1,1.0,"Agricultural purchase price index, annual average (base 2015)","Indice dei prezzi dei prodotti acquistati dagli agricoltori, media annua (base 2015)",DCSP_PREZZIAGR,1.0,2025-06-03T09:51:34.538Z,
101_12_DF_DCSP_PREZZIAGR_4,IT1,1.0,"Agricultural producer price index, annual average (base 2015)","Indice dei prezzi alla produzione dei prodotti venduti dagli agricoltori, media annua (base 2015)",DCSP_PREZZIAGR,1.0,2025-06-03T09:49:51.149Z,
101_12_DF_DCSP_PREZZIAGR_5,IT1,1.0,"Agricultural purchase price index, monthly data (base 2010)","Indice dei prezzi dei prodotti acquistati dagli agricoltori, mensile (base 2010)",DCSP_PREZZIAGR,1.0,2025-06-03T09:46:23.557Z,
101_12_DF_DCSP_PREZZIAGR_6,IT1,1.0,"Agricultural producer price index, monthly data (base 2010)","Indice dei prezzi alla produzione dei prodotti venduti dagli agricoltori, mensile (base 2010)",DCSP_PREZZIAGR,1.0,2025-06-03T09:46:23.557Z,
101_12_DF_DCSP_PREZZIAGR_7,IT1,1.0,"Agricultural purchase price index, annual average (base 2010)","Indice dei prezzi dei prodotti acquistati dagli agricoltori, media annua (base 2010)",DCSP_PREZZIAGR,1.0,2025-06-03T09:46:23.557Z,
101_12_DF_DCSP_PREZZIAGR_8,IT1,1.0,"Agricultural producer price index, annual average (base 2010)","Indice dei prezzi alla produzione dei prodotti venduti dagli agricoltori, media annua (base 2010)",DCSP_PREZZIAGR,1.0,2025-06-03T09:46:23.557Z,
101_12_DF_DCSP_PREZZIAGR_9,IT1,1.0,"Agricultural purchase price index, monthly data (base 2020)","Indice dei prezzi dei prodotti acquistati dagli agricoltori, mensile (base 2020)",DCSP_PREZZIAGR,1.0,2026-05-25T12:09:23.309Z,
101_148,IT1,1.0,Economic results of farms,Risultati economici delle aziende agricole,DCSP_RICAREA,1.0,03/07/2022 18:28:53,METADATA_URL
101_148_DF_DCSP_RICAREA_1,IT1,1.0,Economic results of farms - Key data,Risultati economici delle aziende agricole - Principali dati,DCSP_RICAREA,1.0,2025-07-07T12:48:32.084Z,
101_148_DF_DCSP_RICAREA_2,IT1,1.0,Farm average economic values by AWU class,Valori economici medi per azienda per classe di ULA,DCSP_RICAREA,1.0,03/01/2022 22:01:59,
101_148_DF_DCSP_RICAREA_3,IT1,1.0,Farm average economic values by turnover class,Valori economici medi per azienda per classe di fatturato,DCSP_RICAREA,1.0,03/01/2022 22:15:53,
101_148_DF_DCSP_RICAREA_4,IT1,1.0,Farm average economic values by legal form,Valori economici medi per azienda per forma giuridica,DCSP_RICAREA,1.0,03/01/2022 22:24:21,
101_148_DF_DCSP_RICAREA_5,IT1,1.0,Performance indicators by sector,Idicatori di performance per settore,DCSP_RICAREA,1.0,03/01/2022 22:30:39,
101_22,IT1,1.0,Plant protection products,Fitosanitari,DCSP_FITOSANITARI,1.0,2026-03-17T11:32:27.340Z,METADATA_URL
101_22_DF_DCSP_FITOSANITARI_1,IT1,1.0,Distributed products - provinces,Prodotti distribuiti - prov.,DCSP_FITOSANITARI,1.0,2026-03-17T11:19:33.550Z,
101_22_DF_DCSP_FITOSANITARI_2,IT1,1.0,Active substances conteined - provinces,Principi attivi contenuti - prov.,DCSP_FITOSANITARI,1.0,2026-03-17T11:19:33.550Z,
101_22_DF_DCSP_FITOSANITARI_3,IT1,1.0,Use by type of crop - Key data,Utilizzo per tipo di coltura - Principali dati,DCSP_FITOSANITARI,1.0,2026-03-17T11:32:27.340Z,
101_22_DF_DCSP_FITOSANITARI_4,IT1,1.0,Use - detail of active substances,Utilizzo - dettaglio di principio attivo,DCSP_FITOSANITARI,1.0,2026-03-17T11:32:27.340Z,
101_22_DF_DCSP_FITOSANITARI_5,IT1,1.0,Treatmemts made class,Classe di trattamenti effettuati,DCSP_FITOSANITARI,1.0,2026-03-17T11:32:27.340Z,
101_959,IT1,1.0,Milk and dairy products,Latte e prodotti lattiero caseari,DCSP_LATTE,1.0,2026-04-28T07:25:40.898Z,METADATA_URL
101_959_DF_DCSP_LATTE_1,IT1,1.0,Products - monthly data,Prodotti - dati mensili,DCSP_LATTE,1.0,2026-04-28T07:25:40.898Z,
101_959_DF_DCSP_LATTE_2,IT1,1.0,Products by kind of productive unit,Prodotti per tipo di unità produttiva,DCSP_LATTE,1.0,2024-05-16T09:28:54.295Z,
101_959_DF_DCSP_LATTE_3,IT1,1.0,Quantity of fresh products imported,Quantità di materie prime fresche importate,DCSP_LATTE,1.0,2024-05-16T09:28:54.295Z,
101_959_DF_DCSP_LATTE_4,IT1,1.0,Products and factories by tonnes of product,Prodotti e stabilimenti per classi di tonnellate di prodotto,DCSP_LATTE,1.0,2024-05-16T09:28:54.295Z,
101_959_DF_DCSP_LATTE_5,IT1,1.0,Factories by productive unit - reg,Stabilimenti per unità produttive - reg,DCSP_LATTE,1.0,2024-05-16T09:28:54.295Z,
101_959_DF_DCSP_LATTE_6,IT1,1.0,Products - reg,Prodotti - reg,DCSP_LATTE,1.0,2024-05-16T09:28:54.295Z,
101_961,IT1,1.0,Livestock,Consistenze degli allevamenti,DCSP_CONSISTENZE,1.0,2026-03-11T11:55:26.924Z,METADATA_URL
101_961_DF_DCSP_CONSISTENZE_1,IT1,1.0,Livestock at 1st of december - regional,Consistenze al 1° dicembre - reg,DCSP_CONSISTENZE,1.0,2025-11-27T11:34:46.811Z,
101_961_DF_DCSP_CONSISTENZE_2,IT1,1.0,Livestock at 1st of june,Consistenze al 1° giugno,DCSP_CONSISTENZE,1.0,2026-03-11T11:55:26.924Z,
101_962,IT1,1.0,Livestock import export,Import export di bestiame,DCSP_LIVESTIMPEXP,1.0,03/07/2022 18:17:01,METADATA_URL
101_962_DF_DCSP_LIVESTIMPEXP_1,IT1,1.0,Live animals - Monthly data,Animali vivi - dati mensili,DCSP_LIVESTIMPEXP,1.0,02/21/2022 13:06:51,
101_962_DF_DCSP_LIVESTIMPEXP_2,IT1,1.0,Live animals - Annual data,Animali vivi - dati annuali,DCSP_LIVESTIMPEXP,1.0,02/21/2022 13:02:09,
101_962_DF_DCSP_LIVESTIMPEXP_3,IT1,1.0,Meat - Monthly data,Carni - dati mensili,DCSP_LIVESTIMPEXP,1.0,02/21/2022 12:59:46,
101_962_DF_DCSP_LIVESTIMPEXP_4,IT1,1.0,Meat - Annual data,Carni - dati annuali,DCSP_LIVESTIMPEXP,1.0,02/21/2022 13:13:36,
101_965,IT1,1.0,Agritourism,Agriturismo,DCSP_AGRITURISMO,1.0,2026-03-09T11:39:59.115Z,METADATA_URL
101_965_DF_DCSP_AGRITURISMO_1,IT1,1.0,Authorized farms,Aziende autorizzate - prov,DCSP_AGRITURISMO,1.0,2026-03-09T11:39:59.115Z,
101_965_DF_DCSP_AGRITURISMO_2,IT1,1.0,Agrituristic services,Servizi agrituristici,DCSP_AGRITURISMO,1.0,2026-03-09T11:39:59.115Z,
101_965_DF_DCSP_AGRITURISMO_3,IT1,1.0,Altimetric zone and conductor sex - provincial data,Zona altimetrica e sesso del conduttore - prov,DCSP_AGRITURISMO,1.0,2026-03-09T11:39:59.115Z,
101_965_DF_DCSP_AGRITURISMO_4,IT1,1.0,Authorised duration of agritouristic activity - provincial data,Durata dell'autorizzazione - prov,DCSP_AGRITURISMO,1.0,2026-03-09T11:39:59.115Z,
101_965_DF_DCSP_AGRITURISMO_5,IT1,1.0,Authorized farms dinamic - provincial data,Dinamica autorizzazioni - prov,DCSP_AGRITURISMO,1.0,2026-03-09T11:39:59.115Z,
102_974,IT1,1.0,Farm structure,Struttura delle aziende agricole,DCSP_SPA,1.0,03/08/2022 21:30:35,METADATA_URL
102_974_DF_DCSP_SPA_1,IT1,1.0,Farm and area by land ownership,Aziende e superfici per titolo di possesso,DCSP_SPA,1.0,03/07/2022 22:28:39,METADATA_URL
102_974_DF_DCSP_SPA_10,IT1,1.0,Farms with renevable energy,Aziende con energia rinnovabile,DCSP_SPA,1.0,03/21/2022 15:30:48,
102_974_DF_DCSP_SPA_11,IT1,1.0,Farms and mechanical means,Aziende e mezzi meccanici,DCSP_SPA,1.0,03/24/2022 20:39:36,
102_974_DF_DCSP_SPA_12,IT1,1.0,Farms by legal form,Aziende per forma giuridica,DCSP_SPA,1.0,03/25/2022 10:33:01,
102_974_DF_DCSP_SPA_13,IT1,1.0,Farms by farm manager educational level,Aziende per titolo di studio del conduttore,DCSP_SPA,1.0,03/25/2022 15:42:43,
102_974_DF_DCSP_SPA_14,IT1,1.0,Persons and working days by labour force category,Persone e giornate di lavoro per tipo di manodopera,DCSP_SPA,1.0,03/31/2022 19:25:10,
102_974_DF_DCSP_SPA_2,IT1,1.0,Farm and area by class of agricoltural area,Aziende e superfici per classe di superficie,DCSP_SPA,1.0,03/08/2022 16:54:13,
102_974_DF_DCSP_SPA_3,IT1,1.0,Farm and area by management system,Aziende e superfici per forma di conduzione,DCSP_SPA,1.0,03/09/2022 16:30:14,
102_974_DF_DCSP_SPA_4,IT1,1.0,Farm with irrigable and irrigated area,Aziende a superficie irrigabile ed irrigata,DCSP_SPA,1.0,03/09/2022 16:38:04,METADATA_URL
102_974_DF_DCSP_SPA_5,IT1,1.0,Farms and agricoltural area with organic farming,Aziende e superfici per coltivazione biologiche,DCSP_SPA,1.0,03/09/2022 16:56:39,METADATA_URL
102_974_DF_DCSP_SPA_6,IT1,1.0,Farms and agricoltural area,Aziende e superfici,DCSP_SPA,1.0,03/09/2022 17:13:37,METADATA_URL
102_974_DF_DCSP_SPA_7,IT1,1.0,Farms and agricoltural area by crops,Aziende e superfici per coltivazione,DCSP_SPA,1.0,03/16/2022 20:27:30,
102_974_DF_DCSP_SPA_8,IT1,1.0,Farms and livestock,Aziende e consistenze degli allevamenti,DCSP_SPA,1.0,03/16/2022 21:21:11,
102_974_DF_DCSP_SPA_9,IT1,1.0,Farms with gainful activities,Aziende con attività connesse,DCSP_SPA,1.0,03/16/2022 21:29:51,
104_466,IT1,1.0,Fertilizars,Fertilizzanti,DCSP_FERTILIZZANTI,1.0,2026-02-27T09:30:26.472Z,METADATA_URL
104_466_DF_DCSP_FERTILIZZANTI_1,IT1,1.0,Fertilizers distribuited by product status - reg.,Fertilizzanti distribuiti per stato liquido o solido - reg.,DCSP_FERTILIZZANTI,1.0,2026-02-27T09:30:26.472Z,
104_466_DF_DCSP_FERTILIZZANTI_2,IT1,1.0,Fertilizers distribuited for use in organic farming - reg.,Fertilizzanti distribuiti per uso in agricoltura biologica - reg.,DCSP_FERTILIZZANTI,1.0,2026-02-27T09:30:26.472Z,
104_466_DF_DCSP_FERTILIZZANTI_3,IT1,1.0,Fertilizers distribuited by production area - reg.,Fertilizzanti distribuiti per area di produzione - reg.,DCSP_FERTILIZZANTI,1.0,2026-02-27T09:30:26.472Z,
104_466_DF_DCSP_FERTILIZZANTI_4,IT1,1.0,Fertilizers distributed - prov.,Fertilizzanti distribuiti - prov.,DCSP_FERTILIZZANTI,1.0,2026-02-27T09:30:26.472Z,
104_466_DF_DCSP_FERTILIZZANTI_5,IT1,1.0,Plant nutrients contained - prov.,Elementi nutritivi contenuti - prov.,DCSP_FERTILIZZANTI,1.0,2026-02-27T09:30:26.472Z,
104_466_DF_DCSP_FERTILIZZANTI_6,IT1,1.0,Plant nutrients contained by type of fertilizer,Elementi nutritivi contenuti per tipo di fertilizzante,DCSP_FERTILIZZANTI,1.0,2026-02-27T09:30:26.472Z,
104_466_DF_DCSP_FERTILIZZANTI_7,IT1,1.0,Plant nutrients contained by hectare of area fit for being fertilized - reg.,Elementi nutritivi contenuti per ettaro di superficie concimabile - reg.,DCSP_FERTILIZZANTI,1.0,2026-02-27T09:30:26.472Z,
111_111,IT1,1.0,Building permits  indicators,Indicatori  permessi di costruire,DCSC_PERM_RAP1,1.0,2026-07-09T08:08:48.496Z,
111_111_DF_DCSC_PERM_RAP1_1,IT1,1.0,New residential buildings,Nuovi fabbricati residenziali,DCSC_PERM_RAP1,1.0,2026-07-09T08:08:48.496Z,
111_111_DF_DCSC_PERM_RAP1_2,IT1,1.0,New non-residential construction,Nuova edilizia non residenziale,DCSC_PERM_RAP1,1.0,2026-07-09T08:08:48.496Z,
111_263,IT1,1.0,Business confidence in the manufacturing sector,Fiducia delle imprese manifatturiere,DCSC_FIDIMPRMAN,1.0,2026-07-31T08:15:39.191Z,
111_263_DF_DCSC_FIDIMPRMAN_1,IT1,1.0,Monthly seasonally adjusted climate and balances,Clima e saldi mensili destagionalizzati,DCSC_FIDIMPRMAN,1.0,2026-03-26T09:38:22.499Z,
111_263_DF_DCSC_FIDIMPRMAN_10,IT1,1.0,"Monthly raw climate, balances and frequency - geographical areas","Clima, saldi e frequenze mensili grezzi - rip.",DCSC_FIDIMPRMAN,1.0,2026-03-26T09:38:22.499Z,
111_263_DF_DCSC_FIDIMPRMAN_11,IT1,1.0,"Monthly raw climate, balances and frequency by NACE","Clima, saldi e frequenze mensili grezzi per Ateco",DCSC_FIDIMPRMAN,1.0,2026-03-26T09:38:22.499Z,
111_263_DF_DCSC_FIDIMPRMAN_12,IT1,1.0,Monthly raw balances and frequency by size class of persons employed,Saldi e frequenze mensili grezzi per classe di addetti,DCSC_FIDIMPRMAN,1.0,2026-03-26T09:38:22.499Z,
111_263_DF_DCSC_FIDIMPRMAN_13,IT1,1.0,Quarterly seasonally adjusted export and capacity utilisation,Modulo trimestrale imprese esportatrici e capacità produttiva destagionalizzati,DCSC_FIDIMPRMAN,1.0,2026-03-26T09:38:22.499Z,
111_263_DF_DCSC_FIDIMPRMAN_14,IT1,1.0,Quarterly raw export and capacity utilisation - rip.,Modulo trimestrale imprese esportatrici e capacità produttiva grezzi - rip.,DCSC_FIDIMPRMAN,1.0,2026-03-26T09:38:22.499Z,
111_263_DF_DCSC_FIDIMPRMAN_15,IT1,1.0,Quarterly raw export and capacity utilisation by NACE,Modulo trimestrale imprese esportatrici e capacità produttiva grezzi per Ateco,DCSC_FIDIMPRMAN,1.0,2026-03-26T09:38:22.499Z,
111_263_DF_DCSC_FIDIMPRMAN_16,IT1,1.0,Quarterly raw export and capacity utilisation by size class of persons employed,Modulo trimestrale imprese esportatrici e capacità produttiva grezzi per classe di addetti,DCSC_FIDIMPRMAN,1.0,2026-03-26T09:38:22.499Z,
111_263_DF_DCSC_FIDIMPRMAN_17,IT1,1.0,Monthly seasonally adjusted climate and balances,Clima e saldi mensili destagionalizzati,DCSC_FIDIMPRMAN,1.0,2026-07-31T08:15:39.191Z,
111_263_DF_DCSC_FIDIMPRMAN_18,IT1,1.0,"Monthly raw climate, balances and frequency - geographical areas","Clima, saldi e frequenze mensili grezzi - rip.",DCSC_FIDIMPRMAN,1.0,2026-07-31T08:15:39.191Z,
111_263_DF_DCSC_FIDIMPRMAN_19,IT1,1.0,"Monthly raw climate, balances and frequency by NACE","Clima, saldi e frequenze mensili grezzi per Ateco",DCSC_FIDIMPRMAN,1.0,2026-07-31T08:15:39.191Z,
111_263_DF_DCSC_FIDIMPRMAN_2,IT1,1.0,"Monthly raw climate, balances and frequency - geographical areas","Clima, saldi e frequenze mensili grezzi - rip.",DCSC_FIDIMPRMAN,1.0,2026-03-26T09:38:22.499Z,
111_263_DF_DCSC_FIDIMPRMAN_20,IT1,1.0,Monthly raw balances and frequency by size class of persons employed,Saldi e frequenze mensili grezzi per classe di addetti,DCSC_FIDIMPRMAN,1.0,2026-07-31T08:15:39.191Z,
111_263_DF_DCSC_FIDIMPRMAN_21,IT1,1.0,Quarterly seasonally adjusted export and capacity utilisation,Modulo trimestrale imprese esportatrici e capacità produttiva destagionalizzati,DCSC_FIDIMPRMAN,1.0,2026-07-31T08:15:39.191Z,
111_263_DF_DCSC_FIDIMPRMAN_22,IT1,1.0,Quarterly raw export and capacity utilisation - rip.,Modulo trimestrale imprese esportatrici e capacità produttiva grezzi - rip.,DCSC_FIDIMPRMAN,1.0,2026-07-31T08:15:39.191Z,
111_263_DF_DCSC_FIDIMPRMAN_23,IT1,1.0,Quarterly raw export and capacity utilisation by NACE,Modulo trimestrale imprese esportatrici e capacità produttiva grezzi per Ateco,DCSC_FIDIMPRMAN,1.0,2026-07-31T08:15:39.191Z,
111_263_DF_DCSC_FIDIMPRMAN_24,IT1,1.0,Quarterly raw export and capacity utilisation by size class of persons employed,Modulo trimestrale imprese esportatrici e capacità produttiva grezzi per classe di addetti,DCSC_FIDIMPRMAN,1.0,2026-07-31T08:15:39.191Z,
111_263_DF_DCSC_FIDIMPRMAN_3,IT1,1.0,"Monthly raw climate, balances and frequency by NACE","Clima, saldi e frequenze mensili grezzi per Ateco",DCSC_FIDIMPRMAN,1.0,2026-03-26T09:38:22.499Z,
111_263_DF_DCSC_FIDIMPRMAN_4,IT1,1.0,Monthly raw balances and frequency by size class of persons employed,Saldi e frequenze mensili grezzi per classe di addetti,DCSC_FIDIMPRMAN,1.0,2026-03-26T09:38:22.499Z,
111_263_DF_DCSC_FIDIMPRMAN_5,IT1,1.0,Quarterly seasonally adjusted export and capacity utilisation,Modulo trimestrale imprese esportatrici e capacità produttiva destagionalizzati,DCSC_FIDIMPRMAN,1.0,2026-03-26T09:38:22.499Z,
111_263_DF_DCSC_FIDIMPRMAN_6,IT1,1.0,Quarterly raw export and capacity utilisation - rip.,Modulo trimestrale imprese esportatrici e capacità produttiva grezzi - rip.,DCSC_FIDIMPRMAN,1.0,2026-03-26T09:38:22.499Z,
111_263_DF_DCSC_FIDIMPRMAN_7,IT1,1.0,Quarterly raw export and capacity utilisation by NACE,Modulo trimestrale imprese esportatrici e capacità produttiva grezzi per Ateco,DCSC_FIDIMPRMAN,1.0,2026-03-26T09:38:22.499Z,
111_263_DF_DCSC_FIDIMPRMAN_8,IT1,1.0,Quarterly raw export and capacity utilisation by size class of persons employed,Modulo trimestrale imprese esportatrici e capacità produttiva grezzi per classe di addetti,DCSC_FIDIMPRMAN,1.0,2026-03-26T09:38:22.499Z,
111_263_DF_DCSC_FIDIMPRMAN_9,IT1,1.0,Monthly seasonally adjusted climate and balances,Clima e saldi mensili destagionalizzati,DCSC_FIDIMPRMAN,1.0,2026-03-26T09:38:22.499Z,
111_40,IT1,1.0,Business confidence in the construction sector,Fiducia delle imprese costruzioni,DCSC_FIDIMPRCOSTR,1.0,2026-07-31T08:13:52.453Z,
111_40_DF_DCSC_FIDIMPRCOSTR_1,IT1,1.0,Seasonally adjusted climate and balances - monthly,Clima e saldi destagionalizzati - mensili,DCSC_FIDIMPRCOSTR,1.0,2026-03-26T10:43:04.906Z,
111_40_DF_DCSC_FIDIMPRCOSTR_2,IT1,1.0,"Raw climate, balances and frequency by divisions of constructions - monthly","Clima, saldi e frequenze grezzi per divisioni delle costruzioni - mensili",DCSC_FIDIMPRCOSTR,1.0,2026-03-26T10:43:04.906Z,
111_40_DF_DCSC_FIDIMPRCOSTR_3,IT1,1.0,Raw activity secured - quarterly,Durata di attività assicurata grezzi - trimestrali,DCSC_FIDIMPRCOSTR,1.0,2026-03-26T10:43:04.906Z,
111_40_DF_DCSC_FIDIMPRCOSTR_4,IT1,1.0,Seasonally adjusted climate and balances - monthly,Clima e saldi destagionalizzati - mensili,DCSC_FIDIMPRCOSTR,1.0,2026-03-26T10:43:04.906Z,
111_40_DF_DCSC_FIDIMPRCOSTR_5,IT1,1.0,"Raw climate, balances and frequency by divisions of constructions - monthly","Clima, saldi e frequenze grezzi per divisioni delle costruzioni - mensili",DCSC_FIDIMPRCOSTR,1.0,2026-03-26T10:43:04.906Z,
111_40_DF_DCSC_FIDIMPRCOSTR_6,IT1,1.0,Raw activity secured - quarterly,Durata di attività assicurata grezzi - trimestrali,DCSC_FIDIMPRCOSTR,1.0,2026-03-26T10:43:04.906Z,
111_40_DF_DCSC_FIDIMPRCOSTR_7,IT1,1.0,Seasonally adjusted climate and balances - monthly,Clima e saldi destagionalizzati - mensili,DCSC_FIDIMPRCOSTR,1.0,2026-07-31T08:13:52.453Z,
111_40_DF_DCSC_FIDIMPRCOSTR_8,IT1,1.0,"Raw climate, balances and frequency by divisions of constructions - monthly","Clima, saldi e frequenze grezzi per divisioni delle costruzioni - mensili",DCSC_FIDIMPRCOSTR,1.0,2026-07-31T08:13:52.453Z,
111_40_DF_DCSC_FIDIMPRCOSTR_9,IT1,1.0,Raw activity secured - quarterly,Durata di attività assicurata grezzi - trimestrali,DCSC_FIDIMPRCOSTR,1.0,2026-07-31T08:13:52.453Z,
114_191,IT1,1.0,Industrial new orders and turnover index,Indice dei nuovi ordinativi e del fatturato dei prodotti industriali,DCSC_ORDFATT,1.0,2026-07-29T08:05:01.750Z,
114_191_DF_DCSC_ORDFATT_1,IT1,1.0,Industrial turnover - Monthly (base 2015),Fatturato dei prodotti industriali - Mensili (base 2015),DCSC_ORDFATT,1.0,2024-06-17T13:44:13.344Z,
114_191_DF_DCSC_ORDFATT_10,IT1,1.0,Industrial volume turnover - Monthly data (base 2021),Volume del fatturato industriale - Mensili (base 2021),DCSC_ORDFATT,1.0,2026-07-29T08:05:01.750Z,
114_191_DF_DCSC_ORDFATT_2,IT1,1.0,Manufacturing turnover volume index - Monthly (base 2015),Indice di volume del fatturato manifatturiero - Mensili (base 2015),DCSC_ORDFATT,1.0,2024-06-17T13:44:13.344Z,
114_191_DF_DCSC_ORDFATT_3,IT1,1.0,Industrial new orders - monthly data (base 2015 - until December 2020),Nuovi ordinativi dei prodotti industriali - Mensili (base 2015 - dati fino a dicembre 2020),DCSC_ORDFATT,1.0,2024-06-17T13:44:13.344Z,
114_191_DF_DCSC_ORDFATT_4,IT1,1.0,New orders - Monthly (base 2010),Nuovi ordinativi - Mensili (base 2010),DCSC_ORDFATT,1.0,2024-06-17T13:44:13.344Z,
114_191_DF_DCSC_ORDFATT_5,IT1,1.0,Turnover - Monthly (base 2010),Fatturato - Mensili (base 2010),DCSC_ORDFATT,1.0,2024-06-17T13:44:13.344Z,
114_191_DF_DCSC_ORDFATT_6,IT1,1.0,Manifacturing turnover volume - Monthly (base 2010),Volume del fatturato manifatturiero - Mensili (base 2010),DCSC_ORDFATT,1.0,2024-06-17T13:44:13.344Z,
114_191_DF_DCSC_ORDFATT_7,IT1,1.0,New orders - Monthly (base 2005),Nuovi ordinativi - Mensili (base 2005),DCSC_ORDFATT,1.0,2024-06-17T13:44:13.344Z,
114_191_DF_DCSC_ORDFATT_8,IT1,1.0,Turnover - Monthly (base 2005),Fatturato - Mensili (base 2005),DCSC_ORDFATT,1.0,2024-06-17T13:44:13.344Z,
114_191_DF_DCSC_ORDFATT_9,IT1,1.0,Industrial turnover  - Monthly data (base 2021),Valore del fatturato industriale - Mensili (base 2021),DCSC_ORDFATT,1.0,2026-07-29T08:05:01.750Z,
115_168,IT1,1.0,Industrial production volume,Produzione industriale in quantità e valore,DCSP_PRODCOM,1.0,2025-10-31T13:55:29.049Z,
115_168_DF_DCSP_PRODCOM_1,IT1,1.0,Production value by Nace Rev.2 (division),Produzione industriale per settore economico (Ateco 2 cifre),DCSP_PRODCOM,1.0,10/31/2025 13:55:29,
115_168_DF_DCSP_PRODCOM_2,IT1,1.0,Production value and volume by single product (Prodcom),Produzione in valore e quantità per singolo prodotto (Prodcom),DCSP_PRODCOM,1.0,10/31/2025 13:55:29,
115_168_DF_DCSP_PRODCOM_3,IT1,1.0,Production value and volume for all products (Prodcom),Produzione in valore e quantità per tutti i prodotti (Prodcom),DCSP_PRODCOM,1.0,10/31/2025 13:55:29,
115_333,IT1,1.0,Industrial production index,Indice della produzione industriale,DCSC_INDXPRODIND_1,1.0,2026-08-06T08:05:06.697Z,
115_333_DF_DCSC_INDXPRODIND_1_1,IT1,1.0,Industrial production index - Monthly data (base 2015),Indice della produzione industriale - Mensili (base 2015),DCSC_INDXPRODIND_1,1.0,2026-03-13T09:03:31.725Z,
115_333_DF_DCSC_INDXPRODIND_1_2,IT1,1.0,Detail production index - (Ateco 4 digit),Dettaglio settori economici (Ateco 4 cifre),DCSC_INDXPRODIND_1,1.0,2026-03-13T09:03:31.725Z,
115_333_DF_DCSC_INDXPRODIND_1_4,IT1,1.0,Monthly data (base 2010),Mensili (base 2010),DCSC_INDXPRODIND_1,1.0,2026-03-13T09:03:31.725Z,
115_333_DF_DCSC_INDXPRODIND_1_5,IT1,1.0,Monthly data (base 2005),Mensili (base 2005),DCSC_INDXPRODIND_1,1.0,2026-03-13T09:03:31.725Z,
115_333_DF_DCSC_INDXPRODIND_1_6,IT1,1.0,Industrial production index - Monthly data (base 2021),Indice della produzione industriale - Mensili (base 2021),DCSC_INDXPRODIND_1,1.0,2026-08-06T08:05:06.697Z,
115_362,IT1,1.0,Index of production in construction,Indice della produzione nelle costruzioni,DCSC_INDXPRODCOSTR_1,1.0,2026-07-17T08:05:19.346Z,
115_362_DF_DCSC_INDXPRODCOSTR_1_1,IT1,1.0,Index of production in construction - Monthly data (base 2015),Indice della produzione nelle costruzioni - Mensili (base 2015),DCSC_INDXPRODCOSTR_1,1.0,2024-03-27T09:20:38.797Z,
115_362_DF_DCSC_INDXPRODCOSTR_1_2,IT1,1.0,Monthly data (base 2010),Mensili (base 2010),DCSC_INDXPRODCOSTR_1,1.0,2024-03-27T09:17:22.946Z,
115_362_DF_DCSC_INDXPRODCOSTR_1_3,IT1,1.0,Monthly data (base 2005),Mensili (base 2005),DCSC_INDXPRODCOSTR_1,1.0,2024-03-27T09:17:22.946Z,
115_362_DF_DCSC_INDXPRODCOSTR_1_4,IT1,1.0,Index of production in construction - Monthly data (base 2021),Indice della produzione nelle costruzioni - Mensili (base 2021),DCSC_INDXPRODCOSTR_1,1.0,2026-07-17T08:05:19.346Z,
117_1035,IT1,1.0,Bank services - municipalities data,Servizi bancari - dati comunali,DCAT_SERVBANC_COM,1.0,2023-12-08T08:40:29.763Z,METADATA_URL
117_1035_DF_DCAT_SERVBANC_COM_1,IT1,1.0,Bank services - municipalities data,Servizi bancari - dati comunali,DCAT_SERVBANC_COM,1.0,12/08/2023 08:40:29,
117_1057,IT1,1.0,Rail transport,Trasporto ferroviario,DCSC_TRAFERR,1.0,2025-12-10T14:11:07.806Z,
117_1057_DF_DCSC_TRAFERR_1,IT1,1.0,Rail transport - Key data,Trasporto ferroviario - Principali dati,DCSC_TRAFERR,1.0,2025-12-10T14:11:07.806Z,
117_1057_DF_DCSC_TRAFERR_2,IT1,1.0,Passengers and average distance dy destination,Passeggeri e percorrenza media per tipo di destinazione,DCSC_TRAFERR,1.0,2025-12-10T13:18:58.304Z,
117_1057_DF_DCSC_TRAFERR_3,IT1,1.0,Goods transported by type of goods (NST/2007),Merci trasportate per gruppo merceologico (NST/2007),DCSC_TRAFERR,1.0,2025-12-10T13:18:58.304Z,
117_1057_DF_DCSC_TRAFERR_4,IT1,1.0,Goods transported by destination country,Merci trasportate per paese di destinazione,DCSC_TRAFERR,1.0,2025-12-10T14:11:07.806Z,
117_1057_DF_DCSC_TRAFERR_5,IT1,1.0,Goods transported by origin caoutry,Merci trasportate per paese di origine,DCSC_TRAFERR,1.0,2025-12-10T14:05:24.999Z,
117_1057_DF_DCSC_TRAFERR_6,IT1,1.0,Intermodal transport,Trasporto intermodale,DCSC_TRAFERR,1.0,2025-12-10T13:18:58.304Z,
117_1057_DF_DCSC_TRAFERR_7,IT1,1.0,Dangerous goods,Merci pericolose,DCSC_TRAFERR,1.0,2025-12-10T13:18:58.304Z,
117_1057_DF_DCSC_TRAFERR_8,IT1,1.0,Rail transport accidents,Incidenti ferroviari,DCSC_TRAFERR,1.0,2025-12-10T13:18:58.304Z,
117_262,IT1,1.0,Business confidence in the market services sector,Fiducia delle imprese servizi,DCSC_FIDIMPRSERV,1.0,2026-07-31T08:12:56.814Z,
117_262_DF_DCSC_FIDIMPRSERV_1,IT1,1.0,"Climate and balance (Nace section) - Monthly data, raw and seasonally adjusted",Clima e saldi (Ateco macrosettori) - mensili grezzi e destagionalizzati,DCSC_FIDIMPRSERV,1.0,2026-03-26T10:33:02.248Z,
117_262_DF_DCSC_FIDIMPRSERV_10,IT1,1.0,Balance and frequency (Nace 2 digit) - Monthly raw data,Saldi e frequenze (Ateco 2 cifre) - mensili grezzi,DCSC_FIDIMPRSERV,1.0,2026-07-31T08:12:56.814Z,
117_262_DF_DCSC_FIDIMPRSERV_11,IT1,1.0,Factors limiting production and capacity utilisation raw balance and frequency - Quaterly raw data,Saldi e frequenze (ostacoli e capacità) - trimestrali grezzi,DCSC_FIDIMPRSERV,1.0,2026-07-31T08:12:56.814Z,
117_262_DF_DCSC_FIDIMPRSERV_2,IT1,1.0,"Climate, frequency and balance - Monthly data, raw and seasonally adjusted - Geographical areas","Clima, saldi e frequenze - mensili grezzi e destagionalizzati - rip",DCSC_FIDIMPRSERV,1.0,2026-03-26T10:33:02.248Z,
117_262_DF_DCSC_FIDIMPRSERV_3,IT1,1.0,Balance and frequency (Nace 2 digit) - Monthly raw data,Saldi e frequenze (Ateco 2 cifre) - mensili grezzi,DCSC_FIDIMPRSERV,1.0,2026-03-26T10:33:02.248Z,
117_262_DF_DCSC_FIDIMPRSERV_4,IT1,1.0,Factors limiting production and capacity utilisation raw balance and frequency - Quaterly raw data,Saldi e frequenze (ostacoli e capacità) - trimestrali grezzi,DCSC_FIDIMPRSERV,1.0,2026-03-26T10:33:02.248Z,
117_262_DF_DCSC_FIDIMPRSERV_5,IT1,1.0,Monthly seasonally adjusted climate and balance by NACE Rev. 2 - level national and geographical area,Clima e saldi mensili destagionalizzati per Ateco2007 - livello nazionale e ripartizionale,DCSC_FIDIMPRSERV,1.0,2026-03-26T10:33:02.248Z,
117_262_DF_DCSC_FIDIMPRSERV_6,IT1,1.0,"Monthly raw balance, climate and frequency by NACE Rev.2 - level national and geografical area","Clima, saldi e frequenze mensili grezzi per Ateco 2007 - livello nazionale e ripartizionale",DCSC_FIDIMPRSERV,1.0,2026-03-26T10:33:02.248Z,
117_262_DF_DCSC_FIDIMPRSERV_7,IT1,1.0,Quaterly factors limiting production and capacity utilisation raw balance and frequency -,Saldi e frequenze modulo trimestrale ostacoli e capacità grezzi,DCSC_FIDIMPRSERV,1.0,2026-03-26T10:33:02.248Z,
117_262_DF_DCSC_FIDIMPRSERV_8,IT1,1.0,"Climate and balance (Nace section) - Monthly data, raw and seasonally adjusted",Clima e saldi (Ateco macrosettori) - mensili grezzi e destagionalizzati,DCSC_FIDIMPRSERV,1.0,2026-07-31T08:12:56.814Z,
117_262_DF_DCSC_FIDIMPRSERV_9,IT1,1.0,"Climate, frequency and balance - Monthly data, raw and seasonally adjusted - Geographical areas","Clima, saldi e frequenze - mensili grezzi e destagionalizzati - rip",DCSC_FIDIMPRSERV,1.0,2026-07-31T08:12:56.814Z,
117_266,IT1,1.0,Business confidence in the retail trade Sector,Fiducia delle imprese del commercio,DCSC_FIDCOMM,1.0,2026-07-31T08:11:55.407Z,
117_266_DF_DCSC_FIDCOMM_1,IT1,1.0,Climate and balances by type of sales - Monthly data seasonally adjusted,Clima e saldi per forma di vendita - mensili destagionalizzati,DCSC_FIDCOMM,1.0,2026-03-26T10:56:06.397Z,
117_266_DF_DCSC_FIDCOMM_2,IT1,1.0,"Climate, balances and frequencies by Nace Rev.2 and type of sales - Monthly raw data","Clima, saldi e frequenze per Ateco 2007 e forma di vendita - mensili grezzi",DCSC_FIDCOMM,1.0,2026-03-26T10:56:06.397Z,
117_266_DF_DCSC_FIDCOMM_3,IT1,1.0,Monthly seasonally adjusted climate and balances by type of sales,Clima e saldi mensili destagionalizzati per forma di vendita,DCSC_FIDCOMM,1.0,2026-03-26T10:56:06.397Z,
117_266_DF_DCSC_FIDCOMM_4,IT1,1.0,Monthly seasonally adjusted climate and balances by type of sales,"Clima, saldi e frequenze mensili grezzi per Ateco e forma di vendita",DCSC_FIDCOMM,1.0,2026-03-26T10:56:06.397Z,
117_266_DF_DCSC_FIDCOMM_5,IT1,1.0,Climate and balances by type of sales - Monthly data seasonally adjusted,Clima e saldi per forma di vendita - mensili destagionalizzati,DCSC_FIDCOMM,1.0,2026-07-31T08:11:55.407Z,
117_266_DF_DCSC_FIDCOMM_6,IT1,1.0,"Climate, balances and frequencies by Nace Rev.2 and type of sales - Monthly raw data","Clima, saldi e frequenze per Ateco 2007 e forma di vendita - mensili grezzi",DCSC_FIDCOMM,1.0,2026-07-31T08:11:55.407Z,
119_367,IT1,1.0,Indexes of turnover in other services,Indice del fatturato dei servizi,DCSC_FATTSERVIZ_1,1.0,2026-07-29T08:00:44.211Z,
119_367_DF_DCSC_FATTSERVIZ_1_1,IT1,1.0,Raw data - Quarterly data (base 2015),Indice del fatturato dei servizi - Trimestrali (base 2015),DCSC_FATTSERVIZ_1,1.0,2024-06-17T13:39:19.583Z,
119_367_DF_DCSC_FATTSERVIZ_1_2,IT1,1.0,Quarterly data (base 2010),Trimestrali (base 2010),DCSC_FATTSERVIZ_1,1.0,2024-06-17T13:39:19.583Z,
119_367_DF_DCSC_FATTSERVIZ_1_3,IT1,1.0,Quarterly data (base 2005),Trimestrali (base 2005),DCSC_FATTSERVIZ_1,1.0,2024-06-17T13:39:19.583Z,
119_367_DF_DCSC_FATTSERVIZ_1_4,IT1,1.0,Indexes of turnover in services - Monthly (base 2021=100),Indice del fatturato dei servizi - Mensili (base 2021=100),DCSC_FATTSERVIZ_1,1.0,2026-07-29T08:00:44.211Z,
11_111,IT1,1.0,Residential construction - annual data,Edilizia residenziale - dati annuali,DCSC_RESID_CONSTR,1.0,2026-07-08T19:45:18.640Z,
11_111_DF_DCSC_RESID_CONSTR_1,IT1,1.0,New residential buildings and related dwellings - provinces and municipality classes,Fabbricati residenziali nuovi e relative abitazioni  - province e classi di comune,DCSC_RESID_CONSTR,1.0,2026-07-08T19:45:18.640Z,
11_111_DF_DCSC_RESID_CONSTR_10,IT1,1.0,Surface areas of new residential buildings by intended use  - geographical areas and municipality classes,Superfici dei fabbricati residenziali nuovi per destinazione d'uso -  ripartizioni e classi di comune,DCSC_RESID_CONSTR,1.0,2026-07-08T19:45:18.640Z,
11_111_DF_DCSC_RESID_CONSTR_11,IT1,1.0,New residential buildings and extensions with related dwellings by holder of the title to build - regions and municipality classes,Fabbricati residenziali nuovi e ampliamenti con relative abitazioni per richiedente il titolo abilitativo - regioni e classi di comune,DCSC_RESID_CONSTR,1.0,2026-07-08T19:45:18.640Z,
11_111_DF_DCSC_RESID_CONSTR_12,IT1,1.0,New residential buildings by heating system type - geographical areas and municipality classes,Fabbricati residenziali nuovi per tipologia dell'impianto - ripartizioni e e classi di comune,DCSC_RESID_CONSTR,1.0,2026-07-08T19:45:18.640Z,
11_111_DF_DCSC_RESID_CONSTR_13,IT1,1.0,Extensions of residential buildings with or without additional floors - geographical areas and municipality classes,Ampliamenti di fabbricati residenziali con o senza sopraelevazione - ripartizioni e e classi di comune,DCSC_RESID_CONSTR,1.0,2026-07-08T19:45:18.640Z,
11_111_DF_DCSC_RESID_CONSTR_14,IT1,1.0,New residences for communities and extensions of residences for communities - geographical areas and municipality classes,Fabbricati nuovi e ampliamenti di fabbricati destinati a collettività - ripartizioni e classi di comune,DCSC_RESID_CONSTR,1.0,2026-07-08T19:45:18.640Z,
11_111_DF_DCSC_RESID_CONSTR_15,IT1,1.0,New residential buildings and extensions of residential buildings by piano casa - geographical areas and municipality classes,Fabbricati residenziali nuovi e ampliamenti di fabbricati residenziali per piano casa - ripartizioni e classi di comune,DCSC_RESID_CONSTR,1.0,2026-07-08T19:45:18.640Z,
11_111_DF_DCSC_RESID_CONSTR_2,IT1,1.0,Extensions of residential buildings - provinces and municipality classes,Ampliamenti di fabbricati residenziali - province e classi di comune,DCSC_RESID_CONSTR,1.0,2026-07-08T19:45:18.640Z,
11_111_DF_DCSC_RESID_CONSTR_3,IT1,1.0,New residential buildings by number of dwellings - regions and municipality classes,Fabbricati residenziali nuovi per numero di abitazioni - regioni e classi di comune,DCSC_RESID_CONSTR,1.0,2026-07-08T19:45:18.640Z,
11_111_DF_DCSC_RESID_CONSTR_4,IT1,1.0,New residential buildings and extensions of residential buildings by title to build - geographical areas and municipality classes,Fabbricati residenziali nuovi e ampliamenti per titolo abilitativo - ripartizioni e classi di comune,DCSC_RESID_CONSTR,1.0,2026-07-08T19:45:18.640Z,
11_111_DF_DCSC_RESID_CONSTR_5,IT1,1.0,New residential buildings and extensions of residential buildings by estimated duration of works - geographical areas and municipality classes,Fabbricati residenziali nuovi e ampliamenti per durata prevista dei lavori -  ripartizioni e classi di comune,DCSC_RESID_CONSTR,1.0,2026-07-08T19:45:18.640Z,
11_111_DF_DCSC_RESID_CONSTR_6,IT1,1.0,Dwellings in new residential buildings by number of rooms - provinces,Abitazioni in fabbricati residenziali nuovi per numero di stanze - province,DCSC_RESID_CONSTR,1.0,2026-07-08T19:45:18.640Z,
11_111_DF_DCSC_RESID_CONSTR_7,IT1,1.0,Dwellings in new residential buildings by useful floor area classes - provinces,Abitazioni in fabbricati residenziali nuovi per classi di superficie utile abitabile - province,DCSC_RESID_CONSTR,1.0,2026-07-08T19:45:18.640Z,
11_111_DF_DCSC_RESID_CONSTR_8,IT1,1.0,Dwellings in new residential buildings by number of rooms and useful floor area classes - geographical areas and municipality classes,Abitazioni in fabbricati residenziali nuovi per numero di stanze e superficie utile abitabile - ripartizioni e classi di comune,DCSC_RESID_CONSTR,1.0,2026-07-08T19:45:18.640Z,
11_111_DF_DCSC_RESID_CONSTR_9,IT1,1.0,New residential buildings by number of floors - regions and municipality classes,Fabbricati residenziali nuovi per numero di piani - regioni e classi di comune,DCSC_RESID_CONSTR,1.0,2026-07-08T19:45:18.640Z,
120_337,IT1,1.0,Index of retail trade sales,Indice delle vendite del commercio al dettaglio,DCSC_COMMDET_1,1.0,2026-08-04T08:09:56.618Z,
120_337_DF_DCSC_COMMDET_1_1,IT1,1.0,Retail trade sales by type of product employment size class- monthly data (base 2015),Valore delle vendite per settore merceologico e classe di addetti -mensili (base 2015),DCSC_COMMDET_1,1.0,2024-03-15T10:19:49.255Z,
120_337_DF_DCSC_COMMDET_1_10,IT1,1.0,Retail trade sales by type of product and type of sales - Monthly data (base 2005),Valore delle vendite per settore merceologico e forma distributiva - dati mensili (base 2005),DCSC_COMMDET_1,1.0,2024-03-12T10:28:58.687Z,
120_337_DF_DCSC_COMMDET_1_11,IT1,1.0,Retail trade sales by type of product and employment size class - Monthly data (base 2005),"Valore delle vendite per settore merceologico, gruppi di prodotti e classe di addetti - dati mensili (base 2005)",DCSC_COMMDET_1,1.0,2024-03-12T10:28:58.687Z,
120_337_DF_DCSC_COMMDET_1_12,IT1,1.0,Retail trade sales by type of product employment size class - monthly data (base 2021),Valore delle vendite per settore merceologico e classe di addetti - mensili (base 2021),DCSC_COMMDET_1,1.0,2026-08-04T08:09:56.618Z,
120_337_DF_DCSC_COMMDET_1_13,IT1,1.0,Retail trade sales by type of product and type of sales - monthly data (base 2021),Valore delle vendite per settore merceologico e forma distributiva - mensili (base 2021),DCSC_COMMDET_1,1.0,2026-08-04T08:09:56.618Z,
120_337_DF_DCSC_COMMDET_1_14,IT1,1.0,Retail trade sales by type of product - monthly raw data (base 2021),Valore delle vendite per settore merceologico e gruppi di prodotti - mensili grezzi (base 2021),DCSC_COMMDET_1,1.0,2026-08-04T08:09:56.618Z,
120_337_DF_DCSC_COMMDET_1_15,IT1,1.0,Volume of retail trade sales index by type of product - monthly data (base 2021),Volume delle vendite per settore merceologico - mensili (base 2021),DCSC_COMMDET_1,1.0,2026-08-04T08:09:56.618Z,
120_337_DF_DCSC_COMMDET_1_2,IT1,1.0,Retail trade sales by type of product and type of sales - monthly data (base 2015),Valore delle vendite per settore merceologico e forma distributiva - mensili (base 2015),DCSC_COMMDET_1,1.0,2024-03-15T10:24:19.148Z,
120_337_DF_DCSC_COMMDET_1_3,IT1,1.0,Retail trade sales by type of product - monthly raw data (base 2015),Valore delle vendite per settore merceologico e gruppi di prodotti - mensili grezzi (base 2015),DCSC_COMMDET_1,1.0,2024-03-15T10:28:09.729Z,
120_337_DF_DCSC_COMMDET_1_4,IT1,1.0,Volume of retail trade sales index by type of product - monthly data (base 2015),Volume delle vendite per settore merceologico - mensili (base 2015),DCSC_COMMDET_1,1.0,2024-03-15T10:32:13.093Z,
120_337_DF_DCSC_COMMDET_1_5,IT1,1.0,Retail trade sales by type of sales and employment size class - monthly data (base 2010),Valore delle vendite per forma distributiva e classe di addetti - dati mensili (base 2010),DCSC_COMMDET_1,1.0,2024-03-12T10:28:58.687Z,
120_337_DF_DCSC_COMMDET_1_6,IT1,1.0,Retail trade sales by type of product and type of sales - monthly data (base 2010),Valore delle vendite per settore merceologico e forma distributiva - dati mensili (base 2010),DCSC_COMMDET_1,1.0,2024-03-12T10:28:58.687Z,
120_337_DF_DCSC_COMMDET_1_7,IT1,1.0,Retail trade sales by type of product and employment size class - monthly data (base 2010),"Valore delle vendite per settore merceologico, gruppi di prodotti e classe di addetti - dati mensili (base 2010)",DCSC_COMMDET_1,1.0,2024-03-12T10:28:58.687Z,
120_337_DF_DCSC_COMMDET_1_8,IT1,1.0,Retail trade sales index by type of product - monthly data (base 2010),Volume delle vendite per settore merceologico - dati mensili (base 2010),DCSC_COMMDET_1,1.0,2024-03-12T10:28:58.687Z,
120_337_DF_DCSC_COMMDET_1_9,IT1,1.0,Retail trade sales by type of sales and employment size class - Monthly data (base 2005),Valore delle vendite per forma distributiva e classe di addetti - dati mensili (base 2005),DCSC_COMMDET_1,1.0,2024-03-12T10:28:58.687Z,
121_329,IT1,1.0,Road freight carriage by category of transport,Road freight carriage by category of transport,DCSC_TRAMERCIS2,1.0,2026-02-04T13:45:58.777Z,
121_329_DF_DCSC_TRAMERCIS2_1,IT1,1.0,"Road freight transport by category of transport, distance class and type of transport","Trasporto merci su strada per tipo di trasporto, classe di percorrenza e titolo di trasporto",DCSC_TRAMERCIS2,1.0,2026-02-04T13:45:58.777Z,
121_330,IT1,1.0,Road freight transport,Trasporto merci su strada,DCSC_TRAMERCIS1,1.0,2026-02-04T13:45:14.098Z,
121_330_DF_DCSC_TRAMERCIS1_1,IT1,1.0,Goods carried by type of transport and distance class,Merci trasportate per titolo di trasporto e classe di percorrenza,DCSC_TRAMERCIS1,1.0,2026-02-04T13:45:14.098Z,
121_330_DF_DCSC_TRAMERCIS1_2,IT1,1.0,"Goods carried - tons by type of goods (chapter), loading and unloading region",Merci trasportate - tonnellate per territorio di origine e di destinazione e macrobranca merceologica,DCSC_TRAMERCIS1,1.0,2026-02-04T13:45:14.098Z,
121_330_DF_DCSC_TRAMERCIS1_3,IT1,1.0,"Goods carried - tons- by type of transport, loading and unloading region",Merci trasportate - tonnellate per territorio di origine e di destinazione e titolo di trasporto,DCSC_TRAMERCIS1,1.0,2026-02-04T13:45:14.098Z,
121_330_DF_DCSC_TRAMERCIS1_4,IT1,1.0,Goods carried by oading place and type of transport (domestic transport),Merci trasportate per territorio di origine e titolo di trasporto (trasporto interno),DCSC_TRAMERCIS1,1.0,2026-02-04T13:45:14.098Z,
121_330_DF_DCSC_TRAMERCIS1_5,IT1,1.0,Goods carried by loading place and type of transport (total transport),Merci trasportate per territorio di origine e titolo di trasporto (trasporto complessivo),DCSC_TRAMERCIS1,1.0,2026-02-04T13:45:14.098Z,
121_330_DF_DCSC_TRAMERCIS1_6,IT1,1.0,Goods carried by unloading place and type of transport (domestic transport),Merci trasportate per territorio di destinazione e titolo di trasporto (trasporto interno),DCSC_TRAMERCIS1,1.0,2026-02-04T13:45:14.098Z,
121_330_DF_DCSC_TRAMERCIS1_7,IT1,1.0,Goods carried by unloading place and type of transport (total transport),Merci trasportate per territorio di destinazione e titolo di trasporto (trasporto complessivo),DCSC_TRAMERCIS1,1.0,2026-02-04T13:45:14.098Z,
121_331,IT1,1.0,Air transport,Trasporto aereo,DCSC_INDTRAEREO,1.0,2026-07-20T09:05:04.827Z,
121_331_DF_DCSC_INDTRAEREO_1,IT1,1.0,Internal and internazional,Voli interni e internazionali,DCSC_INDTRAEREO,1.0,08/10/2026 13:28:40,
121_331_DF_DCSC_INDTRAEREO_2,IT1,1.0,International by country of origin/destination,Voli internazionali per paese di origine/destinazione,DCSC_INDTRAEREO,1.0,07/20/2026 09:05:04,
121_331_DF_DCSC_INDTRAEREO_3,IT1,1.0,"International from and to Linate, Malpensa, Fiumicino","Voli internazionali da e per Linate, Malpensa, Fiumicino",DCSC_INDTRAEREO,1.0,07/20/2026 09:05:04,
121_331_DF_DCSC_INDTRAEREO_4,IT1,1.0,Quarterly data,Dato trimestrale,DCSC_INDTRAEREO,1.0,07/20/2026 09:05:04,
121_393,IT1,1.0,Maritime transport,Trasporto marittimo,DCSC_TRAMAR,1.0,2025-12-10T10:58:13.255Z,
121_393_DF_DCSC_TRAMAR_1,IT1,1.0,Passengers and goods,Passeggeri e merci,DCSC_TRAMAR,1.0,2025-12-10T10:58:13.255Z,
121_393_DF_DCSC_TRAMAR_2,IT1,1.0,Passengers for each port by direction,Passeggeri per porto di imbarco e sbarco,DCSC_TRAMAR,1.0,2025-12-10T10:58:13.255Z,
121_393_DF_DCSC_TRAMAR_3,IT1,1.0,"Goods for port by direction, by tipe of cargo and goods NST 2007","Merci per porto di imbarco e sbarco, tipo di carico e merce NST 2007",DCSC_TRAMAR,1.0,2025-12-10T10:58:13.255Z,
121_393_DF_DCSC_TRAMAR_4,IT1,1.0,International goods by country of origin or destination and type of goods NST 2007 (Countries that transport more than one million tons),Navigazione internazionale per paesi con almeno un milione di tonnellate movimentate e tipo merce NST 2007,DCSC_TRAMAR,1.0,2025-12-10T10:58:13.255Z,
121_393_DF_DCSC_TRAMAR_5,IT1,1.0,National goods by italian region of loading or destination,Navigazione di cabotaggio per regione italiana di imbarco e sbarco,DCSC_TRAMAR,1.0,2025-12-10T10:58:13.255Z,
121_393_DF_DCSC_TRAMAR_6,IT1,1.0,"Goods, number and gross tonnage of vessel by italian region","Merci, navi arrivate e tonnellate di stazza lorda per regione",DCSC_TRAMAR,1.0,2025-12-10T10:58:13.255Z,
121_393_DF_DCSC_TRAMAR_7,IT1,1.0,Port and type of goods NST/R,Porto e tipo merce NST/R,DCSC_TRAMAR,1.0,2025-12-10T10:58:13.255Z,
121_393_DF_DCSC_TRAMAR_8,IT1,1.0,International goods by country of origin or destination and type of goods NST/R (Countries that transport more than one million tons),Navigazione internazionale per paesi con almeno un milione di tonnellate movimentate e tipo merce NST/R,DCSC_TRAMAR,1.0,2025-12-10T10:58:13.255Z,
122_54,IT1,1.0,Capacity of collective accommodation establishments and Occupancy in collective accommodation establishments,Capacità degli esercizi ricettivi e Movimento dei clienti negli esercizi ricettivi,DCSC_TUR,1.0,2026-08-03T12:43:26.941Z,
122_54_DF_DCSC_TUR_1,IT1,1.0,Capacity of collective accommodation establishments by type of accomodation - com.,Capacità degli esercizi ricettivi per tipo di esercizio - com.,DCSC_TUR,1.0,2026-08-03T12:43:26.941Z,
122_54_DF_DCSC_TUR_10,IT1,1.0,Type of locality and country of residence,Tipo di località e paese di residenza,DCSC_TUR,1.0,2026-08-03T12:43:26.941Z,
122_54_DF_DCSC_TUR_11,IT1,1.0,"By region, by residence - monthly and yearly",Per regione e per residenza del cliente - mensili e annuali,DCSC_TUR,1.0,2026-08-03T12:43:26.941Z,
122_54_DF_DCSC_TUR_12,IT1,1.0,"By class, by residence - yearly",Per tipo di esercizio e residenza del cliente - annuali,DCSC_TUR,1.0,2026-08-03T12:43:26.941Z,
122_54_DF_DCSC_TUR_13,IT1,1.0,"Arrivals, nights spent, average lenght of stay - Monthly data","Arrivi, presenze, permanenza media - Mensili",DCSC_TUR,1.0,2026-08-03T12:43:26.941Z,
122_54_DF_DCSC_TUR_2,IT1,1.0,Size of hotels and similar establishments - prov.,Dimensione dell'albergo - prov.,DCSC_TUR,1.0,2026-08-03T12:43:26.941Z,
122_54_DF_DCSC_TUR_3,IT1,1.0,Occupancy in collective tourist accomodation by type of accomodation - monthly data,Movimento dei clienti negli esercizi ricettivi per tipo di esercizio - mensili,DCSC_TUR,1.0,2026-08-03T12:43:26.941Z,
122_54_DF_DCSC_TUR_4,IT1,1.0,Residents by region of origin,Residenti per regione di origine,DCSC_TUR,1.0,2026-08-03T12:43:26.941Z,
122_54_DF_DCSC_TUR_5,IT1,1.0,Country of origin,Paese di origine,DCSC_TUR,1.0,2026-08-03T12:43:26.941Z,
122_54_DF_DCSC_TUR_6,IT1,1.0,Type of locality,Tipo di località,DCSC_TUR,1.0,2026-08-03T12:43:26.941Z,
122_54_DF_DCSC_TUR_7,IT1,1.0,Movement of guests in the collective accommodation establishments by type of accommodation - annual data,Movimento dei clienti negli esercizi ricettivi per tipo di esercizio - annuali,DCSC_TUR,1.0,2026-08-03T12:43:26.941Z,
122_54_DF_DCSC_TUR_8,IT1,1.0,Residents by region,Residenti per regione di origine,DCSC_TUR,1.0,2026-08-03T12:43:26.941Z,
122_54_DF_DCSC_TUR_9,IT1,1.0,Country of origin - prov,Paese di origine - prov,DCSC_TUR,1.0,2026-08-03T12:43:26.941Z,
123_712,IT1,1.0,Accounts indicators and institutional units personnel indicators,Indicatori di bilancio e dati sul personale delle unità istituzionali,DCAR_INDBILPER,1.0,2026-06-05T07:33:46.215Z,
123_712_DF_DCAR_INDBILPER_1,IT1,1.0,Accounts indicators and institutional units personnel indicators,Indicatori di bilancio e dati sul personale delle unità istituzionali,DCAR_INDBILPER,1.0,2026-05-14T12:02:56.117Z,
123_713,IT1,1.0,Number and type of institutional units,Numero e tipo di unità istituzionali,DCAR_UI,1.0,2026-03-31T09:24:28.087Z,
123_713_DF_DCAR_UI_1,IT1,1.0,Number and type of institutional units,Numero e tipo di unità istituzionali,DCAR_UI,1.0,2026-03-31T09:24:28.087Z,
123_840,IT1,1.0,Institutional units activities and organization,Attività e organizzazione delle unità istituzionali,DCAR_INDCENS_PA,1.0,2026-03-31T09:23:55.347Z,
123_840_DF_DCAR_INDCENS_PA_1,IT1,1.0,Indicators,Indicatori,DCAR_INDCENS_PA,1.0,2026-03-31T09:23:55.347Z,
123_840_DF_DCAR_INDCENS_PA_2,IT1,1.0,Some services functionality,Funzionalità di alcuni servizi,DCAR_INDCENS_PA,1.0,2026-03-31T09:23:55.347Z,
124_1156,IT1,1.0,"Universities, polytechnic institutes and institutes of higher education balance sheet (euros)","Stato patrimoniale delle università, politecnici ed istituti di istruzione universitaria (euro)",DCAR_STATPAT_UNI,1.0,2026-06-05T07:12:29.389Z,
124_1156_DF_DCAR_STATPAT_UNI_1,IT1,1.0,"Public universities, polytechnic institutes and institutes of higher education balance sheet (euros)","Stato patrimoniale delle università, politecnici ed istituti di istruzione universitaria (euro)",DCAR_STATPAT_UNI,1.0,2026-03-24T15:19:45.582Z,
124_1157,IT1,1.0,"Universities, polytechnic institutes and institutes of higher education profit and loss account (euros)","Conto economico delle università, politecnici ed istituti di istruzione universitaria (euro)",DCAR_CONTECON_UNI,1.0,2026-06-05T07:09:09.536Z,
124_1157_DF_DCAR_CONTECON_UNI_1,IT1,1.0,"Universities, polytechnic institutes and institutes of higher education profit and loss account (euros)","Conto economico delle università, politecnici ed istituti di istruzione universitaria (euro)",DCAR_CONTECON_UNI,1.0,2026-03-24T15:03:35.339Z,
124_229,IT1,1.0,Chamber of commerce balance sheet - euros,Stato patrimoniale delle camere di commercio - euro,DCAR_STATPATCC,1.1,2026-03-31T09:47:34.530Z,
124_229_DF_DCAR_STATPATCC_1,IT1,1.0,Chamber of commerce balance sheet (euros),Stato patrimoniale delle camere di commercio (euro),DCAR_STATPATCC,1.1,2026-03-31T09:47:34.530Z,
124_231,IT1,1.0,Revenue of institutional local unities (euros),Entrate delle unità istituzionali locali (euro),DCAR_ENTIST,1.0,2026-03-24T15:06:13.434Z,
124_231_DF_DCAR_ENTIST_1,IT1,1.0,Revenue of institutional local unities (euros),Entrate delle unità istituzionali locali (euro),DCAR_ENTIST,1.0,03/24/2026 15:06:13,
124_232,IT1,1.0,Expenditures of institutional local unities  (euros),Spese delle unità istituzionali locali (euro),DCAR_SPEIST,1.0,2026-03-24T15:10:34.941Z,
124_232_DF_DCAR_SPEIST_1,IT1,1.0,Expenditures of institutional local unities (euros),Spese delle unità istituzionali locali (euro),DCAR_SPEIST,1.0,03/24/2026 15:10:34,
124_233_DF_DCAR_ENTIST_PA_1,IT1,1.0,Revenue of State General Account (euro),Entrate del Rendiconto Generale dello Stato (euro),DCAR_ENTIST_PA,1.0,2026-07-30T13:05:25.409Z,
124_234_DF_DCAR_SPEIST_PA_1,IT1,1.0,Expenditures of State General Account (euro),Spese del Rendiconto Generale dello Stato (euro),DCAR_SPEIST_PA,1.0,2026-07-30T13:09:47.818Z,
124_234_DF_DCAR_SPEIST_PA_2,IT1,1.0,"Expenditures of public universities, polytechnic institutes and institutes of higher education (euro)","Spese delle università, politecnici ed istituti di istruzione universitaria (euro)",DCAR_SPEIST_PA,1.0,2026-06-16T13:02:07.207Z,
124_322,IT1,1.0,Chambers of commerce profit and loss account - euros,Conto economico delle camere di commercio - euro,DCAR_CONTECON_CC,1.0,2026-03-24T15:00:41.581Z,
124_322_DF_DCAR_CONTECON_CC_1,IT1,1.0,Chambers of commerce profit and loss account (euros),Conto economico delle camere di commercio (euro),DCAR_CONTECON_CC,1.0,2026-03-24T15:00:41.581Z,
124_722,IT1,1.0,"Local health units, hospital companies, university hospitals, general hospitals and hospitals with a scientific character profit and loss account ( thousands of euro)","Conto economico delle Asl, aziende ospedaliere, aziende ospedaliere universitarie, policlinici e IRCCS (migliaia di euro)",DCAR_CONTECON_ASLAO,1.0,2025-10-14T12:39:26.727Z,
124_722_DF_DCAR_CONTECON_ASLAO_1,IT1,1.0,"Local health units, hospital companies, university hospitals, general hospitals and hospitals with a scientific character profit and loss account (thousands of euro)","Conto economico delle Asl, aziende ospedaliere, aziende ospedaliere universitarie, Policlinici e IRCCS (migliaia di euro)",DCAR_CONTECON_ASLAO,1.0,2025-10-14T12:39:26.727Z,
12_323,IT1,1.0,Urban wastewater treatment plants,Impianti di depurazione delle acque reflue urbane,DCCV_IMPDEP,1.0,2026-06-04T13:38:47.646Z,
12_323_DF_DCCV_IMPDEP_1,IT1,1.0,Urban wastewater treatment plants - reg.,Impianti di depurazione delle acque reflue urbane - reg.,DCCV_IMPDEP,1.0,2023-09-26T11:20:57.074Z,
12_323_DF_DCCV_IMPDEP_2,IT1,1.0,Urban wastewater treatment plants - ato,Impianti di depurazione delle acque reflue urbane - ato,DCCV_IMPDEP,1.0,2023-09-26T11:20:57.074Z,
12_340,IT1,1.0,Water abstraction for drinkable use,Prelievo di acqua per uso potabile,DCCV_PRELACQ,1.0,2025-08-01T09:28:25.790Z,
12_340_DF_DCCV_PRELACQ_1,IT1,1.0,Water abstraction for drinkable use,Prelievo di acqua per uso potabile,DCCV_PRELACQ,1.0,2025-08-01T09:28:25.790Z,
12_60,IT1,1.0,Public water supply use,Distribuzione di acqua potabile,DCCV_CONSACQUA,1.0,2025-08-01T09:23:04.040Z,
12_60_DF_DCCV_CONSACQUA_1,IT1,1.0,Public water supply use - reg.,Distribuzione di acqua potabile - reg.,DCCV_CONSACQUA,1.0,2025-08-01T09:23:04.040Z,
12_60_DF_DCCV_CONSACQUA_2,IT1,1.0,Public water supply use - municipalities,Distribuzione di acqua potabile,DCCV_CONSACQUA,1.0,2025-08-01T09:23:04.040Z,
12_60_DF_DCCV_CONSACQUA_3,IT1,1.0,Public water supply use - River basin district,Distribuzione di acqua potabile - Distretto idrografico,DCCV_CONSACQUA,1.0,2025-08-01T09:23:04.040Z,
139_176,IT1,1.0,Import and export by country and commodity Nace 2007,Importazioni ed esportazioni per paese e merce Ateco 2007,DCSP_COEIMPEX1,1.0,,
140_180,IT1,1.0,Nic - monthly data until 2010 (base 1995),Nic - mensili sino al  2010 (base 1995),DCSP_NICUNOB,1.0,2023-08-30T14:13:49.329Z,
143_1043,IT1,1.0,Construction producer prices indeces,Indici dei prezzi alla produzione delle costruzioni,DCSC_INDPREPROCOSTR,1.0,2026-07-30T10:04:46.070Z,
143_1043_DF_DCSC_INDPREPROCOSTR_1,IT1,1.0,Construction producer prices (base 2015),Prezzi alla produzione delle costruzioni (base 2015),DCSC_INDPREPROCOSTR,1.0,2025-12-02T13:29:46.193Z,
143_1043_DF_DCSC_INDPREPROCOSTR_2,IT1,1.0,Construction producer prices (base 2021),Prezzi alla produzione delle costruzioni (base 2021),DCSC_INDPREPROCOSTR,1.0,2026-07-30T10:04:46.070Z,
143_222,IT1,1.0,Import price index - monthly data,Indice dei prezzi all'importazione - dati mensili,DCSC_PREIMPIND,1.0,2026-08-11T08:30:11.208Z,
143_222_DF_DCSC_PREIMPIND_1,IT1,1.0,Import prices - Monthly data (base 2015),Prezzi all'importazione - Dati mensili (base 2015),DCSC_PREIMPIND,1.0,2025-12-02T13:44:22.375Z,
143_222_DF_DCSC_PREIMPIND_2,IT1,1.0,Import prices - Monthly data (base 2021),Prezzi all'importazione - Dati mensili (base 2021),DCSC_PREIMPIND,1.0,2026-08-11T08:30:11.208Z,
143_497,IT1,1.0,House prices (Ipab),Prezzi delle abitazioni (Ipab),DCSP_IPAB,1.0,2026-06-23T09:12:21.115Z,
143_497_DF_DCSP_IPAB_1,IT1,1.0,Quarterly data from 2010 until 2024 (base 2015),Trimestrali dal 2010 al 2024 (base 2015),DCSP_IPAB,1.0,2026-06-17T12:44:08.211Z,
143_497_DF_DCSP_IPAB_2,IT1,1.0,Annual average from 2010 until 2024 (base 2015),Medie annue dal 2010 al 2024 (base 2015),DCSP_IPAB,1.0,2026-06-17T12:46:31.229Z,
143_497_DF_DCSP_IPAB_3,IT1,1.0,Weights from 2010 onwards,Pesi dal 2010,DCSP_IPAB,1.0,2026-06-23T09:12:21.115Z,
143_497_DF_DCSP_IPAB_4,IT1,1.0,Quarterly data from 2010 until 2016 (base 2010),Trimestrali dal 2010 al 2016 (base 2010),DCSP_IPAB,1.0,2025-02-26T11:20:08.862Z,
143_497_DF_DCSP_IPAB_5,IT1,1.0,Annual average from 2010 until 2016 (base 2010),Medie annue dal 2010 al 2016 (base 2010),DCSP_IPAB,1.0,2025-02-26T11:20:08.862Z,
143_497_DF_DCSP_IPAB_6,IT1,1.0,Quarterly data from 2010 onwards (base 2025),Trimestrali dal 2010 (base 2025),DCSP_IPAB,1.0,06/23/2026 09:12:21,
143_497_DF_DCSP_IPAB_7,IT1,1.0,Annual average from 2010 onwards (base 2025),Medie annue dal 2010 (base 2025),DCSP_IPAB,1.0,06/23/2026 09:12:21,
144_107_DF_DCSP_FOI3_1,IT1,1.0,Foi – weights until 2010,Foi - pesi sino al 2010,DCSP_FOI3,1.0,02/04/2023 18:12:12,
144_110_DF_DCSP_FOI1_1,IT1,1.0,Foi - monthly data until 2010 (base 1995),Foi - mensili sino al 2010 (base 1995),DCSP_FOI1,1.0,08/29/2023 11:06:53,
144_118_DF_DCSP_FOI2_1,IT1,1.0,Foi - annual data until 2010 (base 1995),Foi - medie annue sino al 2010 (base 1995),DCSP_FOI2,1.0,08/29/2023 14:04:12,
144_125_DF_DCSP_NICDUE_1,IT1,1.0,Coicop classification (2 digit) (base December 1998) - prov.,Classificazione Coicop (2 cifre) (base dicembre 1998) - prov.,DCSP_NICDUE,1.0,08/30/2023 08:50:02,
144_125_DF_DCSP_NICDUE_2,IT1,1.0,Product types (base 1995),Tipologie di prodotto (base 1995),DCSP_NICDUE,1.0,08/30/2023 08:50:02,
144_125_DF_DCSP_NICDUE_3,IT1,1.0,Coicop classification (5 digit) (base 1995),Classificazione Coicop (5 cifre) (base 1995),DCSP_NICDUE,1.0,08/30/2023 08:50:02,
144_126_DF_DCSP_NICTRE_1,IT1,1.0,Product types,Tipologie di prodotto,DCSP_NICTRE,1.0,02/02/2023 19:53:15,
144_126_DF_DCSP_NICTRE_2,IT1,1.0,Coicop classification (5 digit),Classificazione Coicop (5 cifre),DCSP_NICTRE,1.0,02/02/2023 19:55:58,
144_180_DF_DCSP_NICUNOB_1,IT1,1.0,Coicop classification (2 digit) (base december 1998),Classificazione Coicop (2 cifre) (base dicembre 1998),DCSP_NICUNOB,1.0,08/30/2023 14:13:49,
144_180_DF_DCSP_NICUNOB_2,IT1,1.0,Product types (base 1995),Tipologie di prodotto (base 1995),DCSP_NICUNOB,1.0,08/30/2023 14:13:49,
144_180_DF_DCSP_NICUNOB_3,IT1,1.0,Coicop classification (5 digit) (base 1995),Classificazione Coicop (5 cifre) (base 1995),DCSP_NICUNOB,1.0,08/30/2023 14:13:49,
145_360,IT1,1.0,Industrial producer prices,Prezzi alla produzione dell'industria,DCSC_PREZZPIND_1,1.0,2026-07-30T10:00:38.239Z,
145_360_DF_DCSC_PREZZPIND_1_1,IT1,1.0,Industrial producer prices - monthly data (base 2015),Prezzi alla produzione dell'industria - mensili (base 2015),DCSC_PREZZPIND_1,1.0,2024-06-17T14:14:26.228Z,
145_360_DF_DCSC_PREZZPIND_1_2,IT1,1.0,Monthly data (base 2010),Mensili (base 2010),DCSC_PREZZPIND_1,1.0,2024-06-17T14:14:26.228Z,
145_360_DF_DCSC_PREZZPIND_1_3,IT1,1.0,Monthly data (base 2005),Mensili (base 2005),DCSC_PREZZPIND_1,1.0,2024-06-17T14:14:26.228Z,
145_360_DF_DCSC_PREZZPIND_1_4,IT1,1.0,Industrial producer prices - monthly data (base 2021),Prezzi alla produzione dell'industria - mensili (base 2021),DCSC_PREZZPIND_1,1.0,2026-07-30T10:00:38.239Z,
145_361,IT1,1.0,Construction costs,Costi di costruzione,DCSC_FABBRESID_1,1.0,2026-07-30T10:03:49.761Z,
145_361_DF_DCSC_FABBRESID_1_1,IT1,1.0,Residential and non-residential buildings - monthly data (base 2015),Fabbricato residenziale e capannone industriale - mensili (base 2015),DCSC_FABBRESID_1,1.0,2024-06-17T14:08:19.588Z,
145_361_DF_DCSC_FABBRESID_1_2,IT1,1.0,Roads with tunnel section - monthly data (base 2015),Tronco stradale con tratto in galleria - mensili (base 2015),DCSC_FABBRESID_1,1.0,2024-06-17T14:08:19.588Z,
145_361_DF_DCSC_FABBRESID_1_3,IT1,1.0,Road stretches - broken series - monthly data (base 2015),Tronchi stradali - serie interrotta - mensili (base 2015),DCSC_FABBRESID_1,1.0,2024-06-17T14:08:19.588Z,
145_361_DF_DCSC_FABBRESID_1_4,IT1,1.0,Residential building - monthly data (base 2010),Fabbricato residenziale - mensili (base 2010),DCSC_FABBRESID_1,1.0,2024-06-17T14:08:19.588Z,
145_361_DF_DCSC_FABBRESID_1_5,IT1,1.0,Road stretches - monthly data (base 2010),Tronchi stradali - mensili (base 2010),DCSC_FABBRESID_1,1.0,2024-06-17T14:08:19.588Z,
145_361_DF_DCSC_FABBRESID_1_6,IT1,1.0,Residential building from 2000 until 2012 (base 2005) - monthly data,Fabbricato residenziale dal 2000 al 2012 (base 2005) - mensili,DCSC_FABBRESID_1,1.0,2024-06-17T14:08:19.588Z,
145_361_DF_DCSC_FABBRESID_1_7,IT1,1.0,Residential and non-residential buildings - monthly data (base 2021),Fabbricato residenziale e capannone industriale - mensili (base 2021),DCSC_FABBRESID_1,1.0,2026-07-30T10:03:49.761Z,
145_361_DF_DCSC_FABBRESID_1_8,IT1,1.0,Roads with tunnel section - monthly data (base 2021),Tronco stradale con tratto in galleria - mensili (base 2021),DCSC_FABBRESID_1,1.0,2026-07-30T10:03:49.761Z,
145_361_DF_DCSC_FABBRESID_1_9,IT1,1.0,Road stretches - broken series - monthly data (base 2015),Tronchi stradali - serie interrotta - mensili (base 2015),DCSC_FABBRESID_1,1.0,2026-07-30T10:03:49.761Z,
145_362_DCSC_INDICITOL_1,IT1,1.0,Homogeneous types of works - monthly data (base 2022),Tipologie omogenee di lavorazioni (TOL) - mensili (base 2022),DCSC_INDICITOL,1.0,2026-07-30T10:05:53.499Z,
145_376,IT1,1.0,Services producer prices,Prezzi alla produzione dei servizi,DCSC_PREZPRODSERV_1,1.0,2026-07-01T09:12:20.613Z,
145_376_DF_DCSC_PREZPRODSERV_1_1,IT1,1.0,Quarterly data business to business from 2006 to 2023 (base 2015),Trimestrali business to business dal 2006 al 2023 (base 2015),DCSC_PREZPRODSERV_1,1.0,2024-07-01T09:33:01.029Z,
145_376_DF_DCSC_PREZPRODSERV_1_2,IT1,1.0,Annual average business to business from 2006 to 2023 (base 2015),Medie annue business to business dal 2006 al 2023 (base 2015),DCSC_PREZPRODSERV_1,1.0,2024-07-01T09:30:52.538Z,
145_376_DF_DCSC_PREZPRODSERV_1_3,IT1,1.0,Quarterly data business to business from 2006 to 2017 (base 2010),Trimestrali business to business dal 2006 al 2017 (base 2010),DCSC_PREZPRODSERV_1,1.0,2024-07-01T09:28:36.185Z,
145_376_DF_DCSC_PREZPRODSERV_1_4,IT1,1.0,Annual average business to business from 2006 to 2012 (base 2010),Medie annue business to business dal 2006 al 2017 (base 2010),DCSC_PREZPRODSERV_1,1.0,2024-07-01T09:25:50.762Z,
145_376_DF_DCSC_PREZPRODSERV_1_5,IT1,1.0,Quarterly data business to business from 2006 until 2012 (base 2006),Trimestrali business to business dal 2006 al 2012 (base 2006),DCSC_PREZPRODSERV_1,1.0,2024-07-01T09:23:26.072Z,
145_376_DF_DCSC_PREZPRODSERV_1_6,IT1,1.0,Annual average business to business from 2006 until 2012 (base 2006),Medie annue business to business dal 2006 al 2012 (base 2006),DCSC_PREZPRODSERV_1,1.0,2024-07-01T09:18:59.372Z,
145_376_DF_DCSC_PREZPRODSERV_1_7,IT1,1.0,Quarterly data business to business from 2006 (base 2021),Trimestrali business to business dal 2006 (base 2021),DCSC_PREZPRODSERV_1,1.0,2026-07-01T09:12:20.613Z,
145_376_DF_DCSC_PREZPRODSERV_1_8,IT1,1.0,Quarterly data business to all from 2006 (base 2021),Trimestrali business to all dal 2006 (base 2021),DCSC_PREZPRODSERV_1,1.0,2026-07-01T09:12:20.613Z,
149_319,IT1,1.0,Bargaining tension,Tensione contrattuale,DCSC_RETRCONTR1T,1.0,2026-07-29T09:14:09.770Z,
149_319_DF_DCSC_RETRCONTR1T_1,IT1,1.0,Bargaining tension - indicators (base 2015),Tensioni contrattuale - indicatori (base 2015),DCSC_RETRCONTR1T,1.0,2024-06-17T16:13:24.324Z,
149_319_DF_DCSC_RETRCONTR1T_2,IT1,1.0,Indicators (base 2010),Indicatori (base 2010),DCSC_RETRCONTR1T,1.0,2024-06-17T16:13:24.324Z,
149_319_DF_DCSC_RETRCONTR1T_3,IT1,1.0,Indicators (base 2005),Indicatori (base 2005),DCSC_RETRCONTR1T,1.0,2024-06-17T16:13:24.324Z,
149_319_DF_DCSC_RETRCONTR1T_4,IT1,1.0,Bargaining tension - indicators (base 2021),Tensione contrattuale - indicatori (base 2021),DCSC_RETRCONTR1T,1.0,2026-07-29T09:14:09.770Z,
149_327,IT1,1.0,"Annual gross hours, net hours, holidays and other hours reduction - full-time employees","Orario contrattuale, ferie e altre riduzioni orarie - dipendenti a tempo pieno",DCSC_RETRCONTR1O,1.0,2023-12-21T15:27:44.351Z,
149_327_DF_DCSC_RETRCONTR1O_1,IT1,1.0,"Annual gross hours, net hours, holidays and other hours reduction - full-time employees","Orario contrattuale, ferie e altre riduzioni orarie - dipendenti a tempo pieno",DCSC_RETRCONTR1O,1.0,2023-12-21T15:27:44.351Z,
149_577,IT1,1.0,Number of payroll jobs,Posizioni lavorative alle dipendenze,DCSC_OROS_1,1.0,2026-06-12T08:11:52.398Z,
149_577_DF_DCSC_OROS_1_1,IT1,1.0,Number of payroll jobs (base 2015),Posizioni lavorative alle dipendenze (base 2015),DCSC_OROS_1,1.0,2024-09-12T08:05:39.594Z,
149_577_DF_DCSC_OROS_1_2,IT1,1.0,Number of payroll jobs (base 2010),Posizioni lavorative alle dipendenze (base 2010),DCSC_OROS_1,1.0,2024-09-12T08:05:39.594Z,
149_577_DF_DCSC_OROS_1_3,IT1,1.0,Number of payroll jobs (base 2021),Posizioni lavorative alle dipendenze (base 2021),DCSC_OROS_1,1.0,2026-06-12T08:11:52.398Z,
14_121_DF_DCCV_TRASPUB_1,IT1,1.0,Public transport,Trasporto pubblico,DCCV_TRASPUB,1.0,09/27/2023 14:43:39,
14_122_DF_DCCV_VERDURB_1,IT1,1.0,Public green areas - data until 2009,Verde urbano - dati fino al 2009,DCCV_VERDURB,1.0,09/27/2023 14:46:16,
14_166_DF_DCCV_INTBONRUM_1,IT1,1.0,Remediation of noise,Interventi di bonifica del rumore,DCCV_INTBONRUM,1.0,05/16/2023 14:17:27,
14_167_DF_DCCV_MONINQACS_1,IT1,1.0,Acoustic pollution,Inquinamento acustico,DCCV_MONINQACS,1.0,09/26/2023 14:11:38,
150_105,IT1,1.0,Employment by number of actual weekly hours and average number of actual weekly hours,Occupati per ore settimanali lavorate e numero di ore settimanali lavorate procapite,DCCV_ORELAVMED,1.0,2023-12-14T08:19:07.766Z,
150_105_DF_DCCV_ORELAVMED_UNT2020_1,IT1,1.0,Average number of actual weekly hours - ripartitional level,Numero di ore medie settimanali effettivamente lavorate pro-capite - livello ripartizionale,DCCV_ORELAVMED_UNT2020,1.0,2023-06-23T09:29:07.666Z,
150_105_DF_DCCV_ORELAVMED_UNT2020_2,IT1,1.0,Employment by number of actual weekly hours - ripartitional level,Numero di occupati per ore settimanali effettivamente lavorate - livello ripartizionale,DCCV_ORELAVMED_UNT2020,1.0,2023-06-23T09:35:06.592Z,
150_1168,IT1,1.0,Employment rate  - monthly data - previous regulation (until 2020),Tasso di occupazione  - dati mensili - regolamento precedente (fino al 2020),DCCV_TAXOCCUMENS1_UNT2020,1.0,2023-12-20T09:16:30.237Z,
150_1168_DF_DCCV_TAXOCCUMENS1_UNT2020_1,IT1,1.0,Employment rate - monthly data - previous regulation (until 2020),Tasso di occupazione - dati mensili - regolamento precedente (fino al 2020),DCCV_TAXOCCUMENS1_UNT2020,1.0,2023-12-20T09:16:30.237Z,
150_1169,IT1,1.0,Labour force  - monthly data - previous regulation (until 2020),Forze lavoro  - dati mensili - regolamento precedente (fino al 2020),DCCV_FORZLVMENS1_UNT2020,1.0,2023-12-11T09:23:53.524Z,
150_1169_DF_DCCV_FORZLVMENS1_UNT2020_1,IT1,1.0,Labour force  - monthly data - previous regulation (until 2020),Forze lavoro  - dati mensili - regolamento precedente (fino al 2020),DCCV_FORZLVMENS1_UNT2020,1.0,2023-12-11T09:23:53.524Z,
150_1170,IT1,1.0,Employed -  monthly data - previous regulation (until 2020),Occupati -  dati mensili - regolamento precedente (fino al 2020),DCCV_OCCUPATIMENS1_UNT2020,1.0,2023-12-12T14:01:04.385Z,
150_1170_DF_DCCV_OCCUPATIMENS1_UNT2020_1,IT1,1.0,"Professional status, temporary employees","Posizione professionale, carattere occupazione",DCCV_OCCUPATIMENS1_UNT2020,1.0,2023-12-12T14:01:04.385Z,
150_1170_DF_DCCV_OCCUPATIMENS1_UNT2020_2,IT1,1.0,"Gender, age","Sesso, età",DCCV_OCCUPATIMENS1_UNT2020,1.0,2023-12-12T14:01:04.385Z,
150_1171,IT1,1.0,Activity rate  - monthly data - previous regulation (until 2020),Tasso di attività  - dati mensili - regolamento precedente (fino al 2020),DCCV_TAXATVTMENS1_UNT2020,1.0,2023-12-14T14:09:18.866Z,
150_1171_DF_DCCV_TAXATVTMENS1_UNT2020_1,IT1,1.0,Activity rate - monthly data - previous regulation (until 2020),Tasso di attività - dati mensili - regolamento precedente (fino al 2020),DCCV_TAXATVTMENS1_UNT2020,1.0,2023-12-14T14:09:18.866Z,
150_1172,IT1,1.0,Activity rate - quarterly seasonally adjusted data - previous regulation (until 2020),Tasso di attività - dati trimestrali destagionalizzati - regolamento precedente (fino al 2020),DCCV_TAXATVTDE1_UNT2020,1.0,2023-12-14T11:00:07.919Z,
150_1172_DF_DCCV_TAXATVTDE1_UNT2020_1,IT1,1.0,"Gender, age","Sesso, età",DCCV_TAXATVTDE1_UNT2020,1.0,2023-12-14T11:00:07.919Z,
150_1172_DF_DCCV_TAXATVTDE1_UNT2020_2,IT1,1.0,Geographical areas,Ripartizioni,DCCV_TAXATVTDE1_UNT2020,1.0,2023-12-14T11:00:07.919Z,
150_1173,IT1,1.0,Labour force - quarterly seasonally adjusted data - previous regulation (until 2020),Forze di lavoro - dati trimestrali destagionalizzati - regolamento precedente (fino al 2020),DCCV_FORZLVDE1_UNT2020,1.0,2023-12-07T17:17:11.842Z,
150_1173_DF_DCCV_FORZLVDE1_UNT2020_1,IT1,1.0,"Gender, age","Sesso, età",DCCV_FORZLVDE1_UNT2020,1.0,2023-12-07T17:17:11.842Z,
150_1173_DF_DCCV_FORZLVDE1_UNT2020_2,IT1,1.0,Geographical areas,Ripartizioni,DCCV_FORZLVDE1_UNT2020,1.0,2023-12-07T17:17:11.842Z,
150_1174,IT1,1.0,Employed - quarterly seasonally adjusted data - previous regulation (until 2020),Occupati - dati trimestrali destagionalizzati - regolamento precedente (fino al 2020),DCCV_OCCUPATITDE1_UNT2020,1.0,2023-12-13T10:54:39.614Z,
150_1174_DF_DCCV_OCCUPATITDE1_UNT2020_1,IT1,1.0,"Professional status, permanent or temporary employees","Posizione professionale, carattere occupazione",DCCV_OCCUPATITDE1_UNT2020,1.0,2023-12-13T10:54:39.614Z,
150_1174_DF_DCCV_OCCUPATITDE1_UNT2020_2,IT1,1.0,Sectors of economic activity,Macrosettori economici,DCCV_OCCUPATITDE1_UNT2020,1.0,2023-12-13T10:54:39.614Z,
150_1174_DF_DCCV_OCCUPATITDE1_UNT2020_3,IT1,1.0,"Gender, age","Sesso, età",DCCV_OCCUPATITDE1_UNT2020,1.0,2023-12-13T10:54:39.614Z,
150_1174_DF_DCCV_OCCUPATITDE1_UNT2020_4,IT1,1.0,Geographical areas,Ripartizioni,DCCV_OCCUPATITDE1_UNT2020,1.0,2023-12-13T10:54:39.614Z,
150_1175,IT1,1.0,Employment rate - quarterly seasonally adjusted data - previous regulation (until 2020),Tasso di occupazione - dati trimestrali destagionalizzati - regolamento precedente (fino al 2020),DCCV_TAXOCCUDE1_UNT2020,1.0,2023-12-19T16:17:24.418Z,
150_1175_DF_DCCV_TAXOCCUDE1_UNT2020_1,IT1,1.0,"Gender, age","Sesso, età",DCCV_TAXOCCUDE1_UNT2020,1.0,2023-12-19T16:17:24.418Z,
150_1175_DF_DCCV_TAXOCCUDE1_UNT2020_2,IT1,1.0,Geographical areas,Ripartizioni,DCCV_TAXOCCUDE1_UNT2020,1.0,2023-12-19T16:17:24.418Z,
150_1188,IT1,1.0,Employment (thousands) - previous regulation (until 2020),Occupati (migliaia) - regolamento precedente (fino al 2020),DCCV_OCCUPATIT1_UNT2020,1.0,2023-12-14T07:44:15.195Z,
150_1188_DF_DCCV_OCCUPATIT1_UNT2020_1,IT1,1.0,"Employment (thousands) - previous regulation (until 2020) - Highest level of education attained, citizenship, age","Occupati (migliaia) - regolamento precedente (fino al 2020)- Titolo di studio, cittadinanza, età",DCCV_OCCUPATIT1_UNT2020,1.0,2023-12-14T07:44:15.195Z,
150_1188_DF_DCCV_OCCUPATIT1_UNT2020_10,IT1,1.0,Employment (thousands) - previous regulation (until 2020)- Nace 2007 (detail) - professional status,Occupati (migliaia) - regolamento precedente (fino al 2020)- Ateco 2007 (dettaglio) - posizione professionale,DCCV_OCCUPATIT1_UNT2020,1.0,2023-12-14T07:44:15.195Z,
150_1188_DF_DCCV_OCCUPATIT1_UNT2020_11,IT1,1.0,Employment (thousands) - previous regulation (until 2020)- Nace 2007 - professional status detailed,Occupati (migliaia) - regolamento precedente (fino al 2020)- Ateco 2007 - profilo professionale,DCCV_OCCUPATIT1_UNT2020,1.0,2023-12-14T07:44:15.195Z,
150_1188_DF_DCCV_OCCUPATIT1_UNT2020_12,IT1,1.0,"Employment (thousands) - previous regulation (until 2020)- Nace 2007 - employees, temporary employees, age","Occupati (migliaia) - regolamento precedente (fino al 2020)- Ateco 2007 - dipendenti, carattere occupazione, età",DCCV_OCCUPATIT1_UNT2020,1.0,2023-12-14T07:44:15.195Z,
150_1188_DF_DCCV_OCCUPATIT1_UNT2020_13,IT1,1.0,"Employment (thousands) - previous regulation (until 2020)- Nace 2002 - professional status, age","Occupati (migliaia) - regolamento precedente (fino al 2020)- Ateco 2002 - posizione professionale, età",DCCV_OCCUPATIT1_UNT2020,1.0,2023-12-14T07:44:15.195Z,
150_1188_DF_DCCV_OCCUPATIT1_UNT2020_14,IT1,1.0,"Employment (thousands) - previous regulation (until 2020)- Nace 2002 - professional status, citizenship","Occupati (migliaia) - regolamento precedente (fino al 2020)- Ateco 2002 - posizione professionale, cittadinanza",DCCV_OCCUPATIT1_UNT2020,1.0,2023-12-14T07:44:15.195Z,
150_1188_DF_DCCV_OCCUPATIT1_UNT2020_15,IT1,1.0,"Employment (thousands) - previous regulation (until 2020)- Nace 2002 - professional status, full-time/part-time","Occupati (migliaia) - regolamento precedente (fino al 2020)- Ateco 2002 - posizione professionale, tempo pieno/parziale",DCCV_OCCUPATIT1_UNT2020,1.0,2023-12-14T07:44:15.195Z,
150_1188_DF_DCCV_OCCUPATIT1_UNT2020_16,IT1,1.0,Employment (thousands) - previous regulation (until 2020)- Nace 2002 (detail) - professional status,Occupati (migliaia) - regolamento precedente (fino al 2020)- Ateco 2002 (dettaglio) - posizione professionale,DCCV_OCCUPATIT1_UNT2020,1.0,2023-12-14T07:44:15.195Z,
150_1188_DF_DCCV_OCCUPATIT1_UNT2020_17,IT1,1.0,Employment (thousands) - previous regulation (until 2020)- Nace 2002 - professional status detailed,Occupati (migliaia) - regolamento precedente (fino al 2020)- Ateco 2002 - profilo professionale,DCCV_OCCUPATIT1_UNT2020,1.0,2023-12-14T07:44:15.195Z,
150_1188_DF_DCCV_OCCUPATIT1_UNT2020_18,IT1,1.0,"Nace 2001 - employees, temporary employees, age","Ateco 2002 - dipendenti, carattere occupazione, età",DCCV_OCCUPATIT1_UNT2020,1.0,2023-12-14T07:44:15.195Z,
150_1188_DF_DCCV_OCCUPATIT1_UNT2020_19,IT1,1.0,"Employment (thousands) - previous regulation (until 2020)- Nace 2002, Nace 2007 (2008-2010)","Occupati (migliaia) - regolamento precedente (fino al 2020)- Ateco 2002, Ateco 2007 (2008-2010)",DCCV_OCCUPATIT1_UNT2020,1.0,2023-12-14T07:44:15.195Z,
150_1188_DF_DCCV_OCCUPATIT1_UNT2020_2,IT1,1.0,Employment (thousands) - previous regulation (until 2020)- Professional status detailed,Occupati (migliaia) - regolamento precedente (fino al 2020)- Profilo professionale,DCCV_OCCUPATIT1_UNT2020,1.0,2023-12-14T07:44:15.195Z,
150_1188_DF_DCCV_OCCUPATIT1_UNT2020_20,IT1,1.0,Employment (thousands) - previous regulation (until 2020)- Occupation 2011 (detail),Occupati (migliaia) - regolamento precedente (fino al 2020)- Professione 2011 (dettaglio),DCCV_OCCUPATIT1_UNT2020,1.0,2023-12-14T07:44:15.195Z,
150_1188_DF_DCCV_OCCUPATIT1_UNT2020_21,IT1,1.0,"Employment (thousands) - previous regulation (until 2020)- Occupation 2011, citizenship","Occupati (migliaia) - regolamento precedente (fino al 2020)- Professione 2011, cittadinanza",DCCV_OCCUPATIT1_UNT2020,1.0,2023-12-14T07:44:15.195Z,
150_1188_DF_DCCV_OCCUPATIT1_UNT2020_22,IT1,1.0,Employment (thousands) - previous regulation (until 2020)- Occupation 2001 (detail),Occupati (migliaia) - regolamento precedente (fino al 2020)- Professione 2001 (dettaglio),DCCV_OCCUPATIT1_UNT2020,1.0,2023-12-14T07:44:15.195Z,
150_1188_DF_DCCV_OCCUPATIT1_UNT2020_23,IT1,1.0,"Employment (thousands) - previous regulation (until 2020)- Occupation 2001, citizenship","Occupati (migliaia) - regolamento precedente (fino al 2020)- Professione 2001, cittadinanza",DCCV_OCCUPATIT1_UNT2020,1.0,2023-12-14T07:44:15.195Z,
150_1188_DF_DCCV_OCCUPATIT1_UNT2020_24,IT1,1.0,Employment (thousands) - previous regulation (until 2020)- Age,Occupati (migliaia) - regolamento precedente (fino al 2020)- Età,DCCV_OCCUPATIT1_UNT2020,1.0,2023-12-14T07:44:15.195Z,
150_1188_DF_DCCV_OCCUPATIT1_UNT2020_25,IT1,1.0,Employment (thousands) - previous regulation (until 2020)- Highest level of education attained,Occupati (migliaia) - regolamento precedente (fino al 2020)- Titolo di studio,DCCV_OCCUPATIT1_UNT2020,1.0,2023-12-14T07:44:15.195Z,
150_1188_DF_DCCV_OCCUPATIT1_UNT2020_26,IT1,1.0,"Employment (thousands) - previous regulation (until 2020)- Professional status, full-time/part-time","Occupati (migliaia) - regolamento precedente (fino al 2020)- Posizione professionale, tempo pieno/parziale",DCCV_OCCUPATIT1_UNT2020,1.0,2023-12-14T07:44:15.195Z,
150_1188_DF_DCCV_OCCUPATIT1_UNT2020_27,IT1,1.0,Employment (thousands) - previous regulation (until 2020)- Nace 2007 - pofessional status - quarterly data,Occupati (migliaia) - regolamento precedente (fino al 2020)- Ateco 2007 - posizione professionale - trimestrali,DCCV_OCCUPATIT1_UNT2020,1.0,2023-12-14T07:44:15.195Z,
150_1188_DF_DCCV_OCCUPATIT1_UNT2020_28,IT1,1.0,Employment (thousands) - previous regulation (until 2020)- Employees - temporary employees,Occupati (migliaia) - regolamento precedente (fino al 2020)- Dipendenti - carattere occupazione,DCCV_OCCUPATIT1_UNT2020,1.0,2023-12-14T07:44:15.195Z,
150_1188_DF_DCCV_OCCUPATIT1_UNT2020_29,IT1,1.0,Employment (thousands) - previous regulation (until 2020)- Gender,Occupati (migliaia) - regolamento precedente (fino al 2020)- Sesso,DCCV_OCCUPATIT1_UNT2020,1.0,2023-12-14T07:44:15.195Z,
150_1188_DF_DCCV_OCCUPATIT1_UNT2020_3,IT1,1.0,"Employment (thousands) - previous regulation (until 2020)- Full-time/part-time, professional status, age","Occupati (migliaia) - regolamento precedente (fino al 2020)- Tempo pieno/parziale, posizione professionale, età",DCCV_OCCUPATIT1_UNT2020,1.0,2023-12-14T07:44:15.195Z,
150_1188_DF_DCCV_OCCUPATIT1_UNT2020_30,IT1,1.0,Employment (thousands) - previous regulation (until 2020)- Nace 2007 - professional status,Occupati (migliaia) - regolamento precedente (fino al 2020)- Ateco 2007 - posizione professionale,DCCV_OCCUPATIT1_UNT2020,1.0,2023-12-14T07:44:15.195Z,
150_1188_DF_DCCV_OCCUPATIT1_UNT2020_31,IT1,1.0,Employment (thousands) - previous regulation (until 2020)- Nace 2002 - professional status,Occupati (migliaia) - regolamento precedente (fino al 2020)- Ateco 2002 - posizione professionale,DCCV_OCCUPATIT1_UNT2020,1.0,2023-12-14T07:44:15.195Z,
150_1188_DF_DCCV_OCCUPATIT1_UNT2020_32,IT1,1.0,Employment (thousands) - previous regulation (until 2020)- Since I 1977 - age,Occupati (migliaia) - regolamento precedente (fino al 2020)- Dal I 1977 - età,DCCV_OCCUPATIT1_UNT2020,1.0,2023-12-14T07:44:15.195Z,
150_1188_DF_DCCV_OCCUPATIT1_UNT2020_33,IT1,1.0,Employment (thousands) - previous regulation (until 2020)- Since I 1977 - highest level of education attained,Occupati (migliaia) - regolamento precedente (fino al 2020)- Dal I 1977 - titolo di studio,DCCV_OCCUPATIT1_UNT2020,1.0,2023-12-14T07:44:15.195Z,
150_1188_DF_DCCV_OCCUPATIT1_UNT2020_34,IT1,1.0,Employment (thousands) - previous regulation (until 2020)- Since I 1977 - professional status,Occupati (migliaia) - regolamento precedente (fino al 2020)- Dal I 1977 - posizione professionale,DCCV_OCCUPATIT1_UNT2020,1.0,2023-12-14T07:44:15.195Z,
150_1188_DF_DCCV_OCCUPATIT1_UNT2020_35,IT1,1.0,Employment (thousands) - previous regulation (until 2020)- Since IV 1992 - age detail,Occupati (migliaia) - regolamento precedente (fino al 2020)- Dal IV 1992 - dettaglio età,DCCV_OCCUPATIT1_UNT2020,1.0,2023-12-14T07:44:15.195Z,
150_1188_DF_DCCV_OCCUPATIT1_UNT2020_36,IT1,1.0,"Employment (thousands) - previous regulation (until 2020)- Since IV 1992 - highest level of education attained, age","Occupati (migliaia) - regolamento precedente (fino al 2020)- Dal IV 1992 - titolo di studio, età",DCCV_OCCUPATIT1_UNT2020,1.0,2023-12-14T07:44:15.195Z,
150_1188_DF_DCCV_OCCUPATIT1_UNT2020_37,IT1,1.0,"Employment (thousands) - previous regulation (until 2020)- Since IV 1992 - professional status, temporary employees","Occupati (migliaia) - regolamento precedente (fino al 2020)- Dal IV 1992 - posizione professionale, carattere occupazione",DCCV_OCCUPATIT1_UNT2020,1.0,2023-12-14T07:44:15.195Z,
150_1188_DF_DCCV_OCCUPATIT1_UNT2020_38,IT1,1.0,Employment (thousands) - previous regulation (until 2020)- Since IV 1992 - full-time/part-time,Occupati (migliaia) - regolamento precedente (fino al 2020)- Dal IV 1992 - tempo pieno/parziale,DCCV_OCCUPATIT1_UNT2020,1.0,2023-12-14T07:44:15.195Z,
150_1188_DF_DCCV_OCCUPATIT1_UNT2020_39,IT1,1.0,Employment (thousands) - previous regulation (until 2020)- Since IV 1992 - regional data,Occupati (migliaia) - regolamento precedente (fino al 2020)- Dal IV 1992 - dati regionali,DCCV_OCCUPATIT1_UNT2020,1.0,2023-12-14T07:44:15.195Z,
150_1188_DF_DCCV_OCCUPATIT1_UNT2020_4,IT1,1.0,"Employment (thousands) - previous regulation (until 2020)- Full-time/part-time, citizenship","Occupati (migliaia) - regolamento precedente (fino al 2020)- Tempo pieno/parziale, cittadinanza",DCCV_OCCUPATIT1_UNT2020,1.0,2023-12-14T07:44:15.195Z,
150_1188_DF_DCCV_OCCUPATIT1_UNT2020_40,IT1,1.0,Employment (thousands) - previous regulation (until 2020)- Nace 2002 (since I 1977-2010) - employees,Occupati (migliaia) - regolamento precedente (fino al 2020)- Ateco 2002 (dal I 1977-2010) - posizione professionale,DCCV_OCCUPATIT1_UNT2020,1.0,2023-12-14T07:44:15.195Z,
150_1188_DF_DCCV_OCCUPATIT1_UNT2020_41,IT1,1.0,"Employment (thousands) - previous regulation (until 2020)- Nace 2002 (since IV 1992-2010) - temporary employees, professional status","Occupati (migliaia) - regolamento precedente (fino al 2020)- Ateco 2002 (dal IV 1992-2010) - posizione professionale, carattere occupazione",DCCV_OCCUPATIT1_UNT2020,1.0,2023-12-14T07:44:15.195Z,
150_1188_DF_DCCV_OCCUPATIT1_UNT2020_42,IT1,1.0,Employment (thousands) - previous regulation (until 2020)- Nace 2002 (since IV 1992-2010) - full-time/part-time,Occupati (migliaia) - regolamento precedente (fino al 2020)- Ateco 2002 (dal IV 1992-2010) - tempo pieno/parziale,DCCV_OCCUPATIT1_UNT2020,1.0,2023-12-14T07:44:15.195Z,
150_1188_DF_DCCV_OCCUPATIT1_UNT2020_43,IT1,1.0,Employment (thousands) - previous regulation (until 2020)- Nace 2002 (since IV 1992-2010) - regional data,Occupati (migliaia) - regolamento precedente (fino al 2020)- Ateco 2002 (dal IV 1992-2010) - dati regionali,DCCV_OCCUPATIT1_UNT2020,1.0,2023-12-14T07:44:15.195Z,
150_1188_DF_DCCV_OCCUPATIT1_UNT2020_5,IT1,1.0,"Employment (thousands) - previous regulation (until 2020)- Employees by temporary employees/permanent employees, full-time/part-time, age","Occupati (migliaia) - regolamento precedente (fino al 2020)- Dipendenti a tempo determinato/indeterminato, tempo pieno/parziale, età",DCCV_OCCUPATIT1_UNT2020,1.0,2023-12-14T07:44:15.195Z,
150_1188_DF_DCCV_OCCUPATIT1_UNT2020_6,IT1,1.0,"Employment (thousands) - previous regulation (until 2020)- Employees by temporary employees/permanent employees, citizenship","Occupati (migliaia) - regolamento precedente (fino al 2020)- Dipendenti a tempo determinato/indeterminato, cittadinanza",DCCV_OCCUPATIT1_UNT2020,1.0,2023-12-14T07:44:15.195Z,
150_1188_DF_DCCV_OCCUPATIT1_UNT2020_7,IT1,1.0,"Employment (thousands) - previous regulation (until 2020)- Nace 2007 - professional status, age","Occupati (migliaia) - regolamento precedente (fino al 2020)- Ateco 2007 - posizione professionale, età",DCCV_OCCUPATIT1_UNT2020,1.0,2023-12-14T07:44:15.195Z,
150_1188_DF_DCCV_OCCUPATIT1_UNT2020_8,IT1,1.0,"Employment (thousands) - previous regulation (until 2020)- Nace 2007 - professional status, citizenship","Occupati (migliaia) - regolamento precedente (fino al 2020)- Ateco 2007 - posizione professionale, cittadinanza",DCCV_OCCUPATIT1_UNT2020,1.0,2023-12-14T07:44:15.195Z,
150_1188_DF_DCCV_OCCUPATIT1_UNT2020_9,IT1,1.0,"Employment (thousands) - previous regulation (until 2020)- Nace 2007 - professional status, full-time/part-time","Occupati (migliaia) - regolamento precedente (fino al 2020)- Ateco 2007 - posizione professionale, tempo pieno/parziale",DCCV_OCCUPATIT1_UNT2020,1.0,2023-12-14T07:44:15.195Z,
150_1189,IT1,1.0,Employment  rate - previous regulation (until 2020),Tasso di  occupazione - regolamento precedente (fino al 2020),DCCV_TAXOCCU1_UNT2020,1.0,2023-12-19T07:11:09.799Z,
150_1189_DF_DCCV_TAXOCCU1_UNT2020_1,IT1,1.0,"Highest level of education attained, age","Titolo di studio, età",DCCV_TAXOCCU1_UNT2020,1.0,2023-12-19T07:11:09.799Z,
150_1189_DF_DCCV_TAXOCCU1_UNT2020_2,IT1,1.0,"Highest level of education attained, citizenship","Titolo di studio, cittadinanza",DCCV_TAXOCCU1_UNT2020,1.0,2023-12-19T07:11:09.799Z,
150_1189_DF_DCCV_TAXOCCU1_UNT2020_3,IT1,1.0,Regional data,Dati regionali,DCCV_TAXOCCU1_UNT2020,1.0,2023-12-19T07:11:09.799Z,
150_1189_DF_DCCV_TAXOCCU1_UNT2020_4,IT1,1.0,Provincial data,Dati provinciali,DCCV_TAXOCCU1_UNT2020,1.0,2023-12-19T07:11:09.799Z,
150_1189_DF_DCCV_TAXOCCU1_UNT2020_5,IT1,1.0,Dal I 1977 - età,Since I 1977 - age,DCCV_TAXOCCU1_UNT2020,1.0,2023-12-19T07:11:09.799Z,
150_1189_DF_DCCV_TAXOCCU1_UNT2020_6,IT1,1.0,Since I 1977 - highest level of education attained,Dal I 1977 - titolo di studio,DCCV_TAXOCCU1_UNT2020,1.0,2023-12-19T07:11:09.799Z,
150_1189_DF_DCCV_TAXOCCU1_UNT2020_7,IT1,1.0,Since IV 1992 - age detail,Dal IV 1992 - dettaglio età,DCCV_TAXOCCU1_UNT2020,1.0,2023-12-19T07:11:09.799Z,
150_1189_DF_DCCV_TAXOCCU1_UNT2020_8,IT1,1.0,"Since IV 1992 - highest level of education attained, age","Dal IV 1992 - titolo di studio, età",DCCV_TAXOCCU1_UNT2020,1.0,2023-12-19T07:11:09.799Z,
150_1189_DF_DCCV_TAXOCCU1_UNT2020_9,IT1,1.0,Since IV 1992 - regional data,Dal IV 1992 - dati regionali,DCCV_TAXOCCU1_UNT2020,1.0,2023-12-19T07:11:09.799Z,
150_1190,IT1,1.0,Labour  force - previous regulation (until 2020),Forze di  lavoro - regolamento precedente (fino al 2020),DCCV_FORZLV1_UNT2020,1.0,2023-12-06T17:04:33.960Z,
150_1190_DF_DCCV_FORZLV1_UNT2020_1,IT1,1.0,"Highest level of education attained, age","Titolo di studio, età",DCCV_FORZLV1_UNT2020,1.0,2023-12-06T17:04:33.960Z,
150_1190_DF_DCCV_FORZLV1_UNT2020_10,IT1,1.0,"Since IV 1992 - highest level of education attained, age","Dal IV 1992 - titolo di studio, età",DCCV_FORZLV1_UNT2020,1.0,2023-12-06T17:04:33.960Z,
150_1190_DF_DCCV_FORZLV1_UNT2020_11,IT1,1.0,Since IV 1992 - regional data,Dal IV 1992 - dati regionali,DCCV_FORZLV1_UNT2020,1.0,2023-12-06T17:04:33.960Z,
150_1190_DF_DCCV_FORZLV1_UNT2020_2,IT1,1.0,"Highest level of education attained, citizenship","Titolo di studio, cittadinanza",DCCV_FORZLV1_UNT2020,1.0,2023-12-06T17:04:33.960Z,
150_1190_DF_DCCV_FORZLV1_UNT2020_3,IT1,1.0,Regional data - gender,Dati regionali - sesso,DCCV_FORZLV1_UNT2020,1.0,2023-12-06T17:04:33.960Z,
150_1190_DF_DCCV_FORZLV1_UNT2020_4,IT1,1.0,Regional data - age,Dati regionali - età,DCCV_FORZLV1_UNT2020,1.0,2023-12-06T17:04:33.960Z,
150_1190_DF_DCCV_FORZLV1_UNT2020_5,IT1,1.0,Regional data - highest level of education attained,Dati regionali - titolo di studio,DCCV_FORZLV1_UNT2020,1.0,2023-12-06T17:04:33.960Z,
150_1190_DF_DCCV_FORZLV1_UNT2020_6,IT1,1.0,Provincial data,Dati provinciali,DCCV_FORZLV1_UNT2020,1.0,2023-12-06T17:04:33.960Z,
150_1190_DF_DCCV_FORZLV1_UNT2020_7,IT1,1.0,Since I 1977 - age,Dal I 1977 - età,DCCV_FORZLV1_UNT2020,1.0,2023-12-06T17:04:33.960Z,
150_1190_DF_DCCV_FORZLV1_UNT2020_8,IT1,1.0,Since I 1977 - highest level of education attained,Dal I 1977 - titolo di studio,DCCV_FORZLV1_UNT2020,1.0,2023-12-06T17:04:33.960Z,
150_1190_DF_DCCV_FORZLV1_UNT2020_9,IT1,1.0,Since IV 1992 - age detail,Dal IV 1992 - dettaglio età,DCCV_FORZLV1_UNT2020,1.0,2023-12-06T17:04:33.960Z,
150_1191,IT1,1.0,Activity  rate - previous regulation (until 2020),Tasso di  attività - regolamento precedente (fino al 2020),DCCV_TAXATVT1_UNT2020,1.0,2023-12-14T09:23:01.155Z,
150_1191_DF_DCCV_TAXATVT1_UNT2020_1,IT1,1.0,"Highest level of education attained, age","Titolo di studio, età",DCCV_TAXATVT1_UNT2020,1.0,2023-12-14T09:23:01.155Z,
150_1191_DF_DCCV_TAXATVT1_UNT2020_2,IT1,1.0,"Highest level of education attained, ctizenship","Titolo di studio, cittadinanza",DCCV_TAXATVT1_UNT2020,1.0,2023-12-14T09:23:01.155Z,
150_1191_DF_DCCV_TAXATVT1_UNT2020_3,IT1,1.0,Regional data,Dati regionali,DCCV_TAXATVT1_UNT2020,1.0,2023-12-14T09:23:01.155Z,
150_1191_DF_DCCV_TAXATVT1_UNT2020_4,IT1,1.0,Provincial data,Dati provinciali,DCCV_TAXATVT1_UNT2020,1.0,2023-12-14T09:23:01.155Z,
150_1191_DF_DCCV_TAXATVT1_UNT2020_5,IT1,1.0,Since I 1977 - age,Dal I 1977 - età,DCCV_TAXATVT1_UNT2020,1.0,2023-12-14T09:23:01.155Z,
150_1191_DF_DCCV_TAXATVT1_UNT2020_6,IT1,1.0,Since I 1977 - highest level of education attained,Dal I 1977 - titolo di studio,DCCV_TAXATVT1_UNT2020,1.0,2023-12-14T09:23:01.155Z,
150_1191_DF_DCCV_TAXATVT1_UNT2020_7,IT1,1.0,Since IV 1992 - age detail,Dal IV 1992 - dettaglio età,DCCV_TAXATVT1_UNT2020,1.0,2023-12-14T09:23:01.155Z,
150_1191_DF_DCCV_TAXATVT1_UNT2020_8,IT1,1.0,"Since IV 1992 - Highest level of education attained, age","Dal IV 1992 - Titolo di studio, età",DCCV_TAXATVT1_UNT2020,1.0,2023-12-14T09:23:01.155Z,
150_1191_DF_DCCV_TAXATVT1_UNT2020_9,IT1,1.0,Since IV 1992 - regional data,Dal IV 1992 - dati regionali,DCCV_TAXATVT1_UNT2020,1.0,2023-12-14T09:23:01.155Z,
150_872,IT1,1.0,Employment rate  - monthly data,Tasso di occupazione  - dati mensili,DCCV_TAXOCCUMENS1,1.0,2026-07-30T09:23:39.562Z,
150_872_DF_DCCV_TAXOCCUMENS1_1,IT1,1.0,Employment rate - monthly data,Tasso di occupazione - dati mensili,DCCV_TAXOCCUMENS1,1.0,2026-07-30T09:23:39.562Z,
150_873,IT1,1.0,Labour force  - monthly data,Forze lavoro  - dati mensili,DCCV_FORZLVMENS1,1.0,2026-07-30T09:05:53.183Z,
150_873_DF_DCCV_FORZLVMENS1_1,IT1,1.0,Labour force - monthly data,Forze lavoro - dati mensili,DCCV_FORZLVMENS1,1.0,2026-07-30T09:05:53.183Z,
150_875,IT1,1.0,Employed -  monthly data,Occupati -  dati mensili,DCCV_OCCUPATIMENS1,1.0,2026-07-30T09:10:33.205Z,
150_875_DF_DCCV_OCCUPATIMENS1_1,IT1,1.0,"Professional status, temporary employees","Posizione professionale, carattere occupazione",DCCV_OCCUPATIMENS1,1.0,2026-07-30T09:10:33.205Z,
150_875_DF_DCCV_OCCUPATIMENS1_2,IT1,1.0,"Gender, age","Sesso, età",DCCV_OCCUPATIMENS1,1.0,2026-07-30T09:10:33.205Z,
150_876,IT1,1.0,Activity rate  - monthly data,Tasso di attività  - dati mensili,DCCV_TAXATVTMENS1,1.0,2026-07-30T09:27:24.707Z,
150_876_DF_DCCV_TAXATVTMENS1_1,IT1,1.0,Activity rate - monthly data,Tasso di attività - dati mensili,DCCV_TAXATVTMENS1,1.0,2026-07-30T09:27:24.707Z,
150_880,IT1,1.0,Activity rate - quarterly seasonally adjusted data,Tasso di attività - dati trimestrali destagionalizzati,DCCV_TAXATVTDE1,1.0,2026-06-12T08:15:24.330Z,
150_880_DF_DCCV_TAXATVTDE1_1,IT1,1.0,"Gender, age","Sesso, età",DCCV_TAXATVTDE1,1.0,2026-06-12T08:15:24.330Z,
150_880_DF_DCCV_TAXATVTDE1_2,IT1,1.0,Geographical areas,Ripartizioni,DCCV_TAXATVTDE1,1.0,2026-06-12T08:15:24.330Z,
150_881,IT1,1.0,Labour force - quarterly seasonally adjusted data,Forze di lavoro - dati trimestrali destagionalizzati,DCCV_FORZLVDE1,1.0,2026-06-12T08:16:26.562Z,
150_881_DF_DCCV_FORZLVDE1_1,IT1,1.0,"Gender, age","Sesso, età",DCCV_FORZLVDE1,1.0,2026-06-12T08:16:26.562Z,
150_881_DF_DCCV_FORZLVDE1_2,IT1,1.0,Geographical areas,Ripartizioni,DCCV_FORZLVDE1,1.0,2026-06-12T08:16:26.562Z,
150_882,IT1,1.0,Employed - quarterly seasonally adjusted data,Occupati - dati trimestrali destagionalizzati,DCCV_OCCUPATITDE1,1.0,2026-06-12T08:17:22.902Z,
150_882_DF_DCCV_OCCUPATITDE1_1,IT1,1.0,"Professional status, permanent or temporary employees","Posizione professionale, carattere occupazione",DCCV_OCCUPATITDE1,1.0,2026-06-12T08:17:22.902Z,
150_882_DF_DCCV_OCCUPATITDE1_2,IT1,1.0,Sectors of economic activity,Macrosettori economici,DCCV_OCCUPATITDE1,1.0,2026-06-12T08:17:22.902Z,
150_882_DF_DCCV_OCCUPATITDE1_3,IT1,1.0,"Gender, age","Sesso, età",DCCV_OCCUPATITDE1,1.0,2026-06-12T08:17:22.902Z,
150_882_DF_DCCV_OCCUPATITDE1_4,IT1,1.0,Geographical areas,Ripartizioni,DCCV_OCCUPATITDE1,1.0,2026-06-12T08:17:22.902Z,
150_883,IT1,1.0,Employment rate - quarterly seasonally adjusted data,Tasso di occupazione - dati trimestrali destagionalizzati,DCCV_TAXOCCUDE1,1.0,2026-06-12T08:18:21.273Z,
150_883_DF_DCCV_TAXOCCUDE1_1,IT1,1.0,"Gender, age","Sesso, età",DCCV_TAXOCCUDE1,1.0,2026-06-12T08:18:21.273Z,
150_883_DF_DCCV_TAXOCCUDE1_2,IT1,1.0,Geographical areas,Ripartizioni,DCCV_TAXOCCUDE1,1.0,2026-06-12T08:18:21.273Z,
150_908,IT1,1.0,Labour  force,Forze di  lavoro,DCCV_FORZLV1,1.0,2026-06-12T08:15:33.656Z,
150_908_DF_DCCV_FORZLV1_1,IT1,1.0,Age class,Classe di età,DCCV_FORZLV1,1.0,2026-06-12T08:15:33.656Z,
150_908_DF_DCCV_FORZLV1_2,IT1,1.0,"Highest level of education attained, age","Titolo di studio, età",DCCV_FORZLV1,1.0,2026-06-12T08:15:33.656Z,
150_908_DF_DCCV_FORZLV1_3,IT1,1.0,"Citizenship, highest level of education attained, age","Cittadinanza, titolo di studio, età",DCCV_FORZLV1,1.0,2026-06-12T08:15:33.656Z,
150_908_DF_DCCV_FORZLV1_4,IT1,1.0,Regional data - gender,Dati regionali - sesso,DCCV_FORZLV1,1.0,2026-06-12T08:15:33.656Z,
150_908_DF_DCCV_FORZLV1_5,IT1,1.0,Regional data - age,Dati regionali - età,DCCV_FORZLV1,1.0,2026-06-12T08:15:33.656Z,
150_908_DF_DCCV_FORZLV1_6,IT1,1.0,Regional data - highest level of education attained,Dati regionali - titolo di studio,DCCV_FORZLV1,1.0,2026-06-12T08:15:33.656Z,
150_908_DF_DCCV_FORZLV1_7,IT1,1.0,Provincial data,Dati provinciali,DCCV_FORZLV1,1.0,2026-06-12T08:15:33.656Z,
150_908_DF_DCCV_FORZLV1_8,IT1,1.0,Since I 2004 - age,Dal I 2004 - età,DCCV_FORZLV1,1.0,2026-06-12T08:15:33.656Z,
150_915,IT1,1.0,Employment  rate,Tasso di  occupazione,DCCV_TAXOCCU1,1.0,2026-06-12T08:16:24.762Z,
150_915_DF_DCCV_TAXOCCU1_1,IT1,1.0,Age class,Classe di età,DCCV_TAXOCCU1,1.0,2026-06-12T08:16:24.762Z,
150_915_DF_DCCV_TAXOCCU1_2,IT1,1.0,"Highest level of education attained, age","Titolo di studio, età",DCCV_TAXOCCU1,1.0,2026-06-12T08:16:24.762Z,
150_915_DF_DCCV_TAXOCCU1_3,IT1,1.0,"Highest level of education attained, citizenship, age","Titolo di studio, cittadinanza, età",DCCV_TAXOCCU1,1.0,2026-06-12T08:16:24.762Z,
150_915_DF_DCCV_TAXOCCU1_4,IT1,1.0,Regional data,Dati regionali,DCCV_TAXOCCU1,1.0,2026-06-12T08:16:24.762Z,
150_915_DF_DCCV_TAXOCCU1_5,IT1,1.0,Provincial data,Dati provinciali,DCCV_TAXOCCU1,1.0,2026-06-12T08:16:24.762Z,
150_915_DF_DCCV_TAXOCCU1_6,IT1,1.0,Since I 2004 - age,Dal I 2004 - età,DCCV_TAXOCCU1,1.0,2026-06-12T08:16:24.762Z,
150_915_DF_DCCV_TAXOCCU1_YOUTH_1,IT1,1.0,Youth - Employment rate - annual and quarterly data,Giovani - Tasso di occupazione - dati annuali e trimestrali,DCCV_TAXOCCU1,1.0,2026-06-12T08:16:24.762Z,
150_916,IT1,1.0,Activity  rate,Tasso di  attività,DCCV_TAXATVT1,1.0,2026-06-12T08:17:09.038Z,
150_916_DF_DCCV_TAXATVT1_1,IT1,1.0,Age class,Classe di età,DCCV_TAXATVT1,1.0,2026-06-12T08:17:09.038Z,
150_916_DF_DCCV_TAXATVT1_2,IT1,1.0,"Highest level of education attained, age","Titolo di studio, età",DCCV_TAXATVT1,1.0,2026-06-12T08:17:09.038Z,
150_916_DF_DCCV_TAXATVT1_3,IT1,1.0,"Highest level of education attained, ctizenship","Titolo di studio, cittadinanza",DCCV_TAXATVT1,1.0,2026-06-12T08:17:09.038Z,
150_916_DF_DCCV_TAXATVT1_4,IT1,1.0,Regional data,Dati regionali,DCCV_TAXATVT1,1.0,2026-06-12T08:17:09.038Z,
150_916_DF_DCCV_TAXATVT1_5,IT1,1.0,Provincial data,Dati provinciali,DCCV_TAXATVT1,1.0,2026-06-12T08:17:09.038Z,
150_916_DF_DCCV_TAXATVT1_6,IT1,1.0,Since I 2004 - age,Dal I 2004 - età,DCCV_TAXATVT1,1.0,2026-06-12T08:17:09.038Z,
150_916_DF_DCCV_TAXATVT1_YOUTH_1,IT1,1.0,Youth - Activity rate - annual and quarterly data,Tasso di attività - dati annuali e trimestrali,DCCV_TAXATVT1,1.0,2026-06-12T08:17:09.038Z,
150_938,IT1,1.0,Employment  (thousands),Occupati  (migliaia),DCCV_OCCUPATIT1,1.0,2026-06-12T08:18:17.865Z,
150_938_DF_DCCV_OCCUPATIT1_1,IT1,1.0,Employment  (thousands) - Age class,Occupati  (migliaia) - Classe di età,DCCV_OCCUPATIT1,1.0,2026-06-12T08:18:17.865Z,
150_938_DF_DCCV_OCCUPATIT1_10,IT1,1.0,"Employment  (thousands) - Nace 2007 - professional status, full-time/part-time","Occupati  (migliaia) - Ateco 2007 - posizione professionale, tempo pieno/parziale",DCCV_OCCUPATIT1,1.0,2026-06-12T08:18:17.865Z,
150_938_DF_DCCV_OCCUPATIT1_11,IT1,1.0,Employment  (thousands) - Nace 2007 (detail) - professional status,Occupati  (migliaia) - Ateco 2007 (dettaglio) - posizione professionale,DCCV_OCCUPATIT1,1.0,2026-06-12T08:18:17.865Z,
150_938_DF_DCCV_OCCUPATIT1_12,IT1,1.0,Employment  (thousands) - Nace 2007 - professional status detailed,Occupati  (migliaia) - Ateco 2007 - profilo professionale,DCCV_OCCUPATIT1,1.0,2026-06-12T08:18:17.865Z,
150_938_DF_DCCV_OCCUPATIT1_13,IT1,1.0,"Employment  (thousands) - Nace 2007 - employees, temporary employees, age","Occupati  (migliaia) - Ateco 2007 - dipendenti, carattere occupazione, età",DCCV_OCCUPATIT1,1.0,2026-06-12T08:18:17.865Z,
150_938_DF_DCCV_OCCUPATIT1_14,IT1,1.0,Employment  (thousands) - Occupation (detail),Occupati  (migliaia) - Professione (dettaglio),DCCV_OCCUPATIT1,1.0,2026-06-12T08:18:17.865Z,
150_938_DF_DCCV_OCCUPATIT1_15,IT1,1.0,"Employment  (thousands) - Occupation, citizenship","Occupati  (migliaia) - Professione, cittadinanza",DCCV_OCCUPATIT1,1.0,2026-06-12T08:18:17.865Z,
150_938_DF_DCCV_OCCUPATIT1_16,IT1,1.0,Employment  (thousands) - Age,Occupati  (migliaia) - Età,DCCV_OCCUPATIT1,1.0,2026-06-12T08:18:17.865Z,
150_938_DF_DCCV_OCCUPATIT1_17,IT1,1.0,Employment  (thousands) - Highest level of education attained,Occupati  (migliaia) - Titolo di studio,DCCV_OCCUPATIT1,1.0,2026-06-12T08:18:17.865Z,
150_938_DF_DCCV_OCCUPATIT1_18,IT1,1.0,"Employment  (thousands) - Professional status, full-time/part-time","Occupati  (migliaia)  - Posizione professionale, tempo pieno/parziale",DCCV_OCCUPATIT1,1.0,2026-06-12T08:18:17.865Z,
150_938_DF_DCCV_OCCUPATIT1_19,IT1,1.0,Employment  (thousands) - Nace 2007 - pofessional status - quarterly data,Occupati  (migliaia) - Ateco 2007 - posizione professionale - trimestrali,DCCV_OCCUPATIT1,1.0,2026-06-12T08:18:17.865Z,
150_938_DF_DCCV_OCCUPATIT1_2,IT1,1.0,"Employment  (thousands) - Highest level of education attained, citizenship, age","Occupati  (migliaia) - Titolo di studio, cittadinanza, età",DCCV_OCCUPATIT1,1.0,2026-06-12T08:18:17.865Z,
150_938_DF_DCCV_OCCUPATIT1_20,IT1,1.0,Employment  (thousands) - Employees - temporary employees,Occupati  (migliaia) - Dipendenti - carattere occupazione,DCCV_OCCUPATIT1,1.0,2026-06-12T08:18:17.865Z,
150_938_DF_DCCV_OCCUPATIT1_21,IT1,1.0,Employment  (thousands) - Gender,Occupati  (migliaia) - Sesso,DCCV_OCCUPATIT1,1.0,2026-06-12T08:18:17.865Z,
150_938_DF_DCCV_OCCUPATIT1_22,IT1,1.0,Employment  (thousands) - Nace 2007,Occupati  (migliaia) - Ateco 2007,DCCV_OCCUPATIT1,1.0,2026-06-12T08:18:17.865Z,
150_938_DF_DCCV_OCCUPATIT1_23,IT1,1.0,Employment  (thousands) - Professional status,Occupati  (migliaia) - Posizione professionale,DCCV_OCCUPATIT1,1.0,2026-06-12T08:18:17.865Z,
150_938_DF_DCCV_OCCUPATIT1_24,IT1,1.0,Employment  (thousands) - Since I 2004 - age,Occupati  (migliaia) - Dal I 2004 - età,DCCV_OCCUPATIT1,1.0,2026-06-12T08:18:17.865Z,
150_938_DF_DCCV_OCCUPATIT1_25,IT1,1.0,"Employment  (thousands) - Since I 2004 - Nace, professional status","Occupati  (migliaia) - Dal I 2004 - Ateco, posizione professionale",DCCV_OCCUPATIT1,1.0,2026-06-12T08:18:17.865Z,
150_938_DF_DCCV_OCCUPATIT1_26,IT1,1.0,"Employment  (thousands) - Since I 2004 - Nace, employees, temporary employees","Occupati  (migliaia) - Dal I 2004 - Ateco, dipendente e carattere occupazione",DCCV_OCCUPATIT1,1.0,2026-06-12T08:18:17.865Z,
150_938_DF_DCCV_OCCUPATIT1_3,IT1,1.0,Employment  (thousands) - Professional status detailed,Occupati  (migliaia) - Profilo professionale,DCCV_OCCUPATIT1,1.0,2026-06-12T08:18:17.865Z,
150_938_DF_DCCV_OCCUPATIT1_4,IT1,1.0,"Employment  (thousands) - Full-time/part-time, professional status, age","Occupati  (migliaia) - Tempo pieno/parziale, posizione professionale, età",DCCV_OCCUPATIT1,1.0,2026-06-12T08:18:17.865Z,
150_938_DF_DCCV_OCCUPATIT1_5,IT1,1.0,"Employment  (thousands) - Full-time/part-time, citizenship","Occupati  (migliaia) - Tempo pieno/parziale, cittadinanza",DCCV_OCCUPATIT1,1.0,2026-06-12T08:18:17.865Z,
150_938_DF_DCCV_OCCUPATIT1_6,IT1,1.0,"Employment  (thousands) - Employees by temporary employees/permanent employees, full-time/part-time, age","Occupati  (migliaia) - Dipendenti a tempo determinato/indeterminato, tempo pieno/parziale, età",DCCV_OCCUPATIT1,1.0,2026-06-12T08:18:17.865Z,
150_938_DF_DCCV_OCCUPATIT1_7,IT1,1.0,"Employment  (thousands) - Employees by temporary employees/permanent employees, citizenship","Occupati  (migliaia) - Dipendenti a tempo determinato/indeterminato, cittadinanza",DCCV_OCCUPATIT1,1.0,2026-06-12T08:18:17.865Z,
150_938_DF_DCCV_OCCUPATIT1_8,IT1,1.0,"Employment  (thousands) - Nace 2007 - professional status, age","Occupati  (migliaia) - Ateco 2007 - posizione professionale, età",DCCV_OCCUPATIT1,1.0,2026-06-12T08:18:17.865Z,
150_938_DF_DCCV_OCCUPATIT1_9,IT1,1.0,"Employment  (thousands) - Nace 2007 - professional status, citizenship","Occupati  (migliaia) - Ateco 2007 - posizione professionale, cittadinanza",DCCV_OCCUPATIT1,1.0,2026-06-12T08:18:17.865Z,
151_1176,IT1,1.0,Unemployment rate  - monthly data- previous regulation (until 2020),Tasso di disoccupazione  - dati mensili- regolamento precedente (fino al 2020),DCCV_TAXDISOCCUMENS1_UNT2020,1.0,2023-12-18T09:26:58.589Z,
151_1176_DF_DCCV_TAXDISOCCUMENS1_UNT2020,IT1,1.0,Unemployment rate - monthly data - previous regulation (until 2020),Tasso di disoccupazione - dati mensili - regolamento precedente (fino al 2020),DCCV_TAXDISOCCUMENS1_UNT2020,1.0,2023-12-18T09:26:58.589Z,
151_1177,IT1,1.0,Unemployed  - monthly data - previous regulation (until 2020),Disoccupati  - dati mensili - regolamento precedente (fino al 2020),DCCV_DISOCCUPTMENS1_UNT2020,1.0,2023-12-06T10:16:22.702Z,
151_1177_DF_DCCV_DISOCCUPTMENS1_UNT20201,IT1,1.0,"Gender, age","Sesso, età",DCCV_DISOCCUPTMENS1_UNT2020,1.0,2023-12-06T10:16:22.702Z,
151_1177_DF_DCCV_DISOCCUPTMENS1_UNT20202,IT1,1.0,Unemployment ratio - monthly data,Incidenza dei disoccupati sulla popolazione,DCCV_DISOCCUPTMENS1_UNT2020,1.0,2023-12-06T10:16:22.702Z,
151_1178,IT1,1.0,Unemployment rate - quarterly seasonally adjusted data - previous regulation (until 2020),Tasso di disoccupazione - dati trimestrali destagionalizzati  - regolamento precedente (fino al 2020),DCCV_TAXDISOCCUDE1_UNT2020,1.0,2023-12-15T13:22:18.807Z,
151_1178_DF_DCCV_TAXDISOCCUDE1_UNT2020_1,IT1,1.0,"Gender, age","Sesso, età",DCCV_TAXDISOCCUDE1_UNT2020,1.0,2023-12-15T13:22:18.807Z,
151_1178_DF_DCCV_TAXDISOCCUDE1_UNT2020_2,IT1,1.0,Geographical areas,Ripartizioni,DCCV_TAXDISOCCUDE1_UNT2020,1.0,2023-12-15T13:22:18.807Z,
151_1179,IT1,1.0,Unemployed - quarterly seasonally adjusted data - previous regulation (until 2020),Disoccupati - dati trimestrali destagionalizzati - regolamento precedente (fino al 2020),DCCV_DISOCCUPTDE1_UNT2020,1.0,2023-12-04T17:30:18.658Z,
151_1179_DF_DCCV_DISOCCUPTDE1_UNT2020_1,IT1,1.0,"Gender, age","Sesso, età",DCCV_DISOCCUPTDE1_UNT2020,1.0,2023-12-04T17:30:18.658Z,
151_1179_DF_DCCV_DISOCCUPTDE1_UNT2020_2,IT1,1.0,Geographical areas,Ripartizioni,DCCV_DISOCCUPTDE1_UNT2020,1.0,2023-12-04T17:30:18.658Z,
151_1192,IT1,1.0,Unemployment - previous regulation (until 2020),Disoccupati - regolamento precedente (fino al 2020),DCCV_DISOCCUPT1_UNT2020,1.0,2023-12-04T15:40:23.810Z,
151_1192_DF_DCCV_DISOCCUPT1_UNT2020_1,IT1,1.0,"Highest level of education attained, age","Titolo di studio, età",DCCV_DISOCCUPT1_UNT2020,1.0,2023-12-04T15:40:23.810Z,
151_1192_DF_DCCV_DISOCCUPT1_UNT2020_10,IT1,1.0,"Since IV 1992 - highest level of education attained, age","Dal IV 1992 - titolo di studio, età",DCCV_DISOCCUPT1_UNT2020,1.0,2023-12-04T15:40:23.810Z,
151_1192_DF_DCCV_DISOCCUPT1_UNT2020_11,IT1,1.0,Since IV 1992 - duration of unemployment,Dal IV 1992 - durata della disoccupazione,DCCV_DISOCCUPT1_UNT2020,1.0,2023-12-04T15:40:23.810Z,
151_1192_DF_DCCV_DISOCCUPT1_UNT2020_12,IT1,1.0,Since IV 1992 - regional data,Dal IV 1992 - dati regionali,DCCV_DISOCCUPT1_UNT2020,1.0,2023-12-04T15:40:23.810Z,
151_1192_DF_DCCV_DISOCCUPT1_UNT2020_2,IT1,1.0,Citizenship,Cittadinanza,DCCV_DISOCCUPT1_UNT2020,1.0,2023-12-04T15:40:23.810Z,
151_1192_DF_DCCV_DISOCCUPT1_UNT2020_3,IT1,1.0,"Labour status, long term unemployment","Condizione professionale, disoccupazione di lunga durata",DCCV_DISOCCUPT1_UNT2020,1.0,2023-12-04T15:40:23.810Z,
151_1192_DF_DCCV_DISOCCUPT1_UNT2020_4,IT1,1.0,Regional data - highest level of education attained,Dati regionali - titolo di studio,DCCV_DISOCCUPT1_UNT2020,1.0,2023-12-04T15:40:23.810Z,
151_1192_DF_DCCV_DISOCCUPT1_UNT2020_5,IT1,1.0,Regional data - labour status,Dati regionali - condizione professionale,DCCV_DISOCCUPT1_UNT2020,1.0,2023-12-04T15:40:23.810Z,
151_1192_DF_DCCV_DISOCCUPT1_UNT2020_6,IT1,1.0,Provincial data,Dati provinciali,DCCV_DISOCCUPT1_UNT2020,1.0,2023-12-04T15:40:23.810Z,
151_1192_DF_DCCV_DISOCCUPT1_UNT2020_7,IT1,1.0,Since I 1977 - age,Dal I 1977 - età,DCCV_DISOCCUPT1_UNT2020,1.0,2023-12-04T15:40:23.810Z,
151_1192_DF_DCCV_DISOCCUPT1_UNT2020_8,IT1,1.0,Since I 1977 - highest level of education attained,Dal I 1977 - titolo di studio,DCCV_DISOCCUPT1_UNT2020,1.0,2023-12-04T15:40:23.810Z,
151_1192_DF_DCCV_DISOCCUPT1_UNT2020_9,IT1,1.0,Since IV 1992 - age detail,Dal IV 1992 - dettaglio età,DCCV_DISOCCUPT1_UNT2020,1.0,2023-12-04T15:40:23.810Z,
151_1193,IT1,1.0,Unemployment  rate - previous regulation (until 2020),Tasso di  disoccupazione - regolamento precedente (fino al 2020),DCCV_TAXDISOCCU1_UNT2020,1.0,2023-12-15T11:09:24.819Z,
151_1193_DF_DCCV_TAXDISOCCU1_UNT2020_1,IT1,1.0,"Highest level of education attained, age","Titolo di studio, età",DCCV_TAXDISOCCU1_UNT2020,1.0,2023-12-15T11:09:24.819Z,
151_1193_DF_DCCV_TAXDISOCCU1_UNT2020_10,IT1,1.0,Since IV 1992 - age detail,Dal IV 1992 - dettaglio età,DCCV_TAXDISOCCU1_UNT2020,1.0,2023-12-15T11:09:24.819Z,
151_1193_DF_DCCV_TAXDISOCCU1_UNT2020_11,IT1,1.0,"Since IV 1992 - highest level of education attained, age","Dal IV 1992 - titolo di studio, età",DCCV_TAXDISOCCU1_UNT2020,1.0,2023-12-15T11:09:24.819Z,
151_1193_DF_DCCV_TAXDISOCCU1_UNT2020_12,IT1,1.0,"Since IV 1992 - regional data, age","Dal IV 1992 - dati regionali, età",DCCV_TAXDISOCCU1_UNT2020,1.0,2023-12-15T11:09:24.819Z,
151_1193_DF_DCCV_TAXDISOCCU1_UNT2020_13,IT1,1.0,"Since IV 1992- regional data, duration of unemployment","Dal IV 1992 - dati regionali, durata della disoccupazione",DCCV_TAXDISOCCU1_UNT2020,1.0,2023-12-15T11:09:24.819Z,
151_1193_DF_DCCV_TAXDISOCCU1_UNT2020_2,IT1,1.0,"Highest level of education attained, citizenship","Titolo di studio, cittadinanza",DCCV_TAXDISOCCU1_UNT2020,1.0,2023-12-15T11:09:24.819Z,
151_1193_DF_DCCV_TAXDISOCCU1_UNT2020_3,IT1,1.0,Duration of unemployment,Durata della disoccupazione,DCCV_TAXDISOCCU1_UNT2020,1.0,2023-12-15T11:09:24.819Z,
151_1193_DF_DCCV_TAXDISOCCU1_UNT2020_4,IT1,1.0,Regional data - age,Dati regionali - età,DCCV_TAXDISOCCU1_UNT2020,1.0,2023-12-15T11:09:24.819Z,
151_1193_DF_DCCV_TAXDISOCCU1_UNT2020_5,IT1,1.0,Regional data - highest level of education attained,Dati regionali - titolo di studio,DCCV_TAXDISOCCU1_UNT2020,1.0,2023-12-15T11:09:24.819Z,
151_1193_DF_DCCV_TAXDISOCCU1_UNT2020_6,IT1,1.0,Regional data - duration of unemployment,Dati regionali - durata della disoccupazione,DCCV_TAXDISOCCU1_UNT2020,1.0,2023-12-15T11:09:24.819Z,
151_1193_DF_DCCV_TAXDISOCCU1_UNT2020_7,IT1,1.0,Provincial data,Dati provinciali,DCCV_TAXDISOCCU1_UNT2020,1.0,2023-12-15T11:09:24.819Z,
151_1193_DF_DCCV_TAXDISOCCU1_UNT2020_8,IT1,1.0,Since I 1977 - age,Dal I 1977 - età,DCCV_TAXDISOCCU1_UNT2020,1.0,2023-12-15T11:09:24.819Z,
151_1193_DF_DCCV_TAXDISOCCU1_UNT2020_9,IT1,1.0,Since I 1977 - highest level of education attained,Dal I 1977 - titolo di studio,DCCV_TAXDISOCCU1_UNT2020,1.0,2023-12-15T11:09:24.819Z,
151_874,IT1,1.0,Unemployment rate  - monthly data,Tasso di disoccupazione  - dati mensili,DCCV_TAXDISOCCUMENS1,1.0,2026-07-30T09:20:25.043Z,
151_874_DF_DCCV_TAXDISOCCUMENS1_1,IT1,1.0,Unemployment rate - monthly data,Tasso di disoccupazione - dati mensili,DCCV_TAXDISOCCUMENS1,1.0,2026-07-30T09:20:25.043Z,
151_877,IT1,1.0,Unemployed  - monthly data,Disoccupati  - dati mensili,DCCV_DISOCCUPTMENS1,1.0,2026-07-30T09:03:03.438Z,
151_877_DF_DCCV_DISOCCUPTMENS1_1,IT1,1.0,"Gender, age","Sesso, età",DCCV_DISOCCUPTMENS1,1.0,2026-07-30T09:03:03.438Z,
151_877_DF_DCCV_DISOCCUPTMENS1_2,IT1,1.0,Unemployment ratio - monthly data,Incidenza dei disoccupati sulla popolazione,DCCV_DISOCCUPTMENS1,1.0,2026-07-30T09:03:03.438Z,
151_884,IT1,1.0,Unemployment rate - quarterly seasonally adjusted data,Tasso di disoccupazione - dati trimestrali destagionalizzati,DCCV_TAXDISOCCUDE1,1.0,2026-06-12T08:19:13.039Z,
151_884_DF_DCCV_TAXDISOCCUDE1_1,IT1,1.0,"Gender, age","Sesso, età",DCCV_TAXDISOCCUDE1,1.0,2026-06-12T08:19:13.039Z,
151_884_DF_DCCV_TAXDISOCCUDE1_2,IT1,1.0,Geographical areas,Ripartizioni,DCCV_TAXDISOCCUDE1,1.0,2026-06-12T08:19:13.039Z,
151_885,IT1,1.0,Unemployed - quarterly seasonally adjusted data,Disoccupati - dati trimestrali destagionalizzati,DCCV_DISOCCUPTDE1,1.0,2026-06-12T08:19:58.776Z,
151_885_DF_DCCV_DISOCCUPTDE1_1,IT1,1.0,"Gender, age","Sesso, età",DCCV_DISOCCUPTDE1,1.0,2026-06-12T08:19:58.776Z,
151_885_DF_DCCV_DISOCCUPTDE1_2,IT1,1.0,Geographical areas,Ripartizioni,DCCV_DISOCCUPTDE1,1.0,2026-06-12T08:19:58.776Z,
151_914,IT1,1.0,Unemployment  rate,Tasso di  disoccupazione,DCCV_TAXDISOCCU1,1.0,2026-06-12T08:05:12.491Z,
151_914_DF_DCCV_TAXDISOCCU1_1,IT1,1.0,Age class,Classe di età,DCCV_TAXDISOCCU1,1.0,2026-06-12T08:05:12.491Z,
151_914_DF_DCCV_TAXDISOCCU1_2,IT1,1.0,"Highest level of education attained, age","Titolo di studio, età",DCCV_TAXDISOCCU1,1.0,2026-06-12T08:05:12.491Z,
151_914_DF_DCCV_TAXDISOCCU1_3,IT1,1.0,"Highest level of education attained, citizenship","Titolo di studio, cittadinanza",DCCV_TAXDISOCCU1,1.0,2026-06-12T08:05:12.491Z,
151_914_DF_DCCV_TAXDISOCCU1_4,IT1,1.0,Duration of unemployment,Durata della disoccupazione,DCCV_TAXDISOCCU1,1.0,2026-06-12T08:05:12.491Z,
151_914_DF_DCCV_TAXDISOCCU1_5,IT1,1.0,Regional data - age,Dati regionali - età,DCCV_TAXDISOCCU1,1.0,2026-06-12T08:05:12.491Z,
151_914_DF_DCCV_TAXDISOCCU1_6,IT1,1.0,Regional data - highest level of education attained,Dati regionali - titolo di studio,DCCV_TAXDISOCCU1,1.0,2026-06-12T08:05:12.491Z,
151_914_DF_DCCV_TAXDISOCCU1_7,IT1,1.0,Regional data - duration of unemployment,Dati regionali - durata della disoccupazione,DCCV_TAXDISOCCU1,1.0,2026-06-12T08:05:12.491Z,
151_914_DF_DCCV_TAXDISOCCU1_8,IT1,1.0,Provincial data,Dati provinciali,DCCV_TAXDISOCCU1,1.0,2026-06-12T08:05:12.491Z,
151_914_DF_DCCV_TAXDISOCCU1_9,IT1,1.0,Since I 2004 - age,Dal I 2004 - età,DCCV_TAXDISOCCU1,1.0,2026-06-12T08:05:12.491Z,
151_914_DF_DCCV_TAXDISOCCU1_YOUTH_1,IT1,1.0,Youth - Unemployment rate - annual and quarterly data,Giovani - Tasso di disoccupazione - Dati annuali e trimestrali,DCCV_TAXDISOCCU1,1.0,2026-06-12T08:05:12.491Z,
151_929,IT1,1.0,Unemployment,Disoccupati,DCCV_DISOCCUPT1,1.0,2026-06-12T08:02:43.181Z,
151_929_DF_DCCV_DISOCCUPT1_1,IT1,1.0,Age class,Classe di età,DCCV_DISOCCUPT1,1.0,2026-06-12T08:02:43.181Z,
151_929_DF_DCCV_DISOCCUPT1_2,IT1,1.0,"Highest level of education attained, age","Titolo di studio, età",DCCV_DISOCCUPT1,1.0,2026-06-12T08:02:43.181Z,
151_929_DF_DCCV_DISOCCUPT1_3,IT1,1.0,Citizenship,Cittadinanza,DCCV_DISOCCUPT1,1.0,2026-06-12T08:02:43.181Z,
151_929_DF_DCCV_DISOCCUPT1_4,IT1,1.0,"Labour status, long term unemployment","Condizione professionale, disoccupazione di lunga durata",DCCV_DISOCCUPT1,1.0,2026-06-12T08:02:43.181Z,
151_929_DF_DCCV_DISOCCUPT1_5,IT1,1.0,Regional data - highest level of education attained,Dati regionali - titolo di studio,DCCV_DISOCCUPT1,1.0,2026-06-12T08:02:43.181Z,
151_929_DF_DCCV_DISOCCUPT1_6,IT1,1.0,Regional data - labour status,Dati regionali - condizione professionale,DCCV_DISOCCUPT1,1.0,2026-06-12T08:02:43.181Z,
151_929_DF_DCCV_DISOCCUPT1_7,IT1,1.0,Provincial data,Dati provinciali,DCCV_DISOCCUPT1,1.0,2026-06-12T08:02:43.181Z,
151_929_DF_DCCV_DISOCCUPT1_8,IT1,1.0,Since I 2004 - age,Dal I 2004 - età,DCCV_DISOCCUPT1,1.0,2026-06-12T08:02:43.181Z,
152,IT1,1.0,Inactive  population,Inattivi,DCCV_INATTIV1,1.0,2026-06-12T08:16:12.950Z,
152_1180,IT1,1.0,Inactivity rate  - monthly data- previous regulation (until 2020),Tasso di inattività  - dati mensili- regolamento precedente (fino al 2020),DCCV_TAXINATTMENS1_UNT2020,1.0,2023-12-18T12:50:21.488Z,
152_1180_DF_DCCV_TAXINATTMENS1_UNT2020_1,IT1,1.0,Inactivity rate - monthly data - previous regulation (until 2020),Tasso di inattività - dati mensili - regolamento precedente (fino al 2020),DCCV_TAXINATTMENS1_UNT2020,1.0,2023-12-18T12:50:21.488Z,
152_1181,IT1,1.0,Inactive population  - monthly data- previous regulation (until 2020),Inattivi  - dati mensili- regolamento precedente (fino al 2020),DCCV_INATTIVMENS1_UNT2020,1.0,2023-12-12T12:24:57.906Z,
152_1181_DF_DCCV_INATTIVMENS1_UNT2020_1,IT1,1.0,Inactive population - monthly data- previous regulation (until 2020),Inattivi - dati mensili - regolamento precedente (fino al 2020),DCCV_INATTIVMENS1_UNT2020,1.0,2023-12-12T12:24:57.906Z,
152_1182,IT1,1.0,Inactivity rate - quarterly seasonally adjusted data- previous regulation (until 2020),Tasso di inattività - dati trimestrali destagionalizzati- regolamento precedente (fino al 2020),DCCV_TAXINATTDE1_UNT2020,1.0,2023-12-18T10:54:04.970Z,
152_1182_DF_DCCV_TAXINATTDE1_UNT2020_1,IT1,1.0,"Gender, age","Sesso, età",DCCV_TAXINATTDE1_UNT2020,1.0,2023-12-18T10:54:04.970Z,
152_1182_DF_DCCV_TAXINATTDE1_UNT2020_2,IT1,1.0,Geographical areas,Ripartizioni,DCCV_TAXINATTDE1_UNT2020,1.0,2023-12-18T10:54:04.970Z,
152_1183,IT1,1.0,Inactive population - quarterly seasonally adjusted data- previous regulation (until 2020),Inattivi - dati trimestrali destagionalizzati- regolamento precedente (fino al 2020),DCCV_INATTIVDE1_UNT2020,1.0,2023-12-12T10:40:05.649Z,
152_1183_DF_DCCV_INATTIVDE1_UNT2020_1,IT1,1.0,"Gender, age","Sesso, età",DCCV_INATTIVDE1_UNT2020,1.0,2023-12-12T10:40:05.649Z,
152_1183_DF_DCCV_INATTIVDE1_UNT2020_2,IT1,1.0,Geographical areas,Ripartizioni,DCCV_INATTIVDE1_UNT2020,1.0,2023-12-12T10:40:05.649Z,
152_1185,IT1,1.0,Inactive  population- previous regulation (until 2020),Inattivi- regolamento precedente (fino al 2020),DCCV_INATTIV1_UNT2020,1.0,2023-12-11T15:59:49.784Z,
152_1185_DF_DCCV_INATTIV1_UNT2020_1,IT1,1.0,"Highest level of education attained, age","Titolo di studio, età",DCCV_INATTIV1_UNT2020,1.0,2023-12-11T15:59:49.784Z,
152_1185_DF_DCCV_INATTIV1_UNT2020_10,IT1,1.0,Since I 1977 - age,Dal I 1977 - età,DCCV_INATTIV1_UNT2020,1.0,2023-12-11T15:59:49.784Z,
152_1185_DF_DCCV_INATTIV1_UNT2020_11,IT1,1.0,Since I 1977 - highest level of education attained,Dal I 1977 - titolo di studio,DCCV_INATTIV1_UNT2020,1.0,2023-12-11T15:59:49.784Z,
152_1185_DF_DCCV_INATTIV1_UNT2020_12,IT1,1.0,Since IV 1992 - age detail,Dal IV 1992 - dettaglio età,DCCV_INATTIV1_UNT2020,1.0,2023-12-11T15:59:49.784Z,
152_1185_DF_DCCV_INATTIV1_UNT2020_13,IT1,1.0,"Since IV 1992 - highest level of education attained, age","Dal IV 1992 - titolo di studio, età",DCCV_INATTIV1_UNT2020,1.0,2023-12-11T15:59:49.784Z,
152_1185_DF_DCCV_INATTIV1_UNT2020_14,IT1,1.0,Since IV 1992 - regional data,Dal IV 1992 - dati regionali,DCCV_INATTIV1_UNT2020,1.0,2023-12-11T15:59:49.784Z,
152_1185_DF_DCCV_INATTIV1_UNT2020_2,IT1,1.0,"Highest level of education attained, citizenship","Titolo di studio, cittadinanza",DCCV_INATTIV1_UNT2020,1.0,2023-12-11T15:59:49.784Z,
152_1185_DF_DCCV_INATTIV1_UNT2020_3,IT1,1.0,"Labour status, gender",Condizione professionale,DCCV_INATTIV1_UNT2020,1.0,2023-12-11T15:59:49.784Z,
152_1185_DF_DCCV_INATTIV1_UNT2020_4,IT1,1.0,Inactivity reasons,Motivo inattività,DCCV_INATTIV1_UNT2020,1.0,2023-12-11T15:59:49.784Z,
152_1185_DF_DCCV_INATTIV1_UNT2020_5,IT1,1.0,Main status,Condizione dichiarata,DCCV_INATTIV1_UNT2020,1.0,2023-12-11T15:59:49.784Z,
152_1185_DF_DCCV_INATTIV1_UNT2020_6,IT1,1.0,Regional data - age,Dati regionali - età,DCCV_INATTIV1_UNT2020,1.0,2023-12-11T15:59:49.784Z,
152_1185_DF_DCCV_INATTIV1_UNT2020_7,IT1,1.0,Regional data - highest level of education attained,Dati regionali - titolo di studio,DCCV_INATTIV1_UNT2020,1.0,2023-12-11T15:59:49.784Z,
152_1185_DF_DCCV_INATTIV1_UNT2020_8,IT1,1.0,Regional data - labour status,Dati regionali - condizione professionale,DCCV_INATTIV1_UNT2020,1.0,2023-12-11T15:59:49.784Z,
152_1185_DF_DCCV_INATTIV1_UNT2020_9,IT1,1.0,Provincial data,Dati provinciali,DCCV_INATTIV1_UNT2020,1.0,2023-12-11T15:59:49.784Z,
152_1196,IT1,1.0,Inactivity  rate- previous regulation (until 2020),Tasso di  inattività- regolamento precedente (fino al 2020),DCCV_TAXINATT1_UNT2020,1.0,2023-12-18T09:51:45.441Z,
152_1196_DF_DCCV_TAXINATT1_UNT2020_1,IT1,1.0,"Highest level of education attained, age","Titolo di studio, età",DCCV_TAXINATT1_UNT2020,1.0,2023-12-18T09:51:45.441Z,
152_1196_DF_DCCV_TAXINATT1_UNT2020_2,IT1,1.0,"Highest level of education attained, citizenship","Titolo di studio, cittadinanza",DCCV_TAXINATT1_UNT2020,1.0,2023-12-18T09:51:45.441Z,
152_1196_DF_DCCV_TAXINATT1_UNT2020_3,IT1,1.0,Regional data,Dati regionali,DCCV_TAXINATT1_UNT2020,1.0,2023-12-18T09:51:45.441Z,
152_1196_DF_DCCV_TAXINATT1_UNT2020_4,IT1,1.0,Provincial data,Dati provinciali,DCCV_TAXINATT1_UNT2020,1.0,2023-12-18T09:51:45.441Z,
152_1196_DF_DCCV_TAXINATT1_UNT2020_5,IT1,1.0,Since I 1977 - age,Dal I 1977 - età,DCCV_TAXINATT1_UNT2020,1.0,2023-12-18T09:51:45.441Z,
152_1196_DF_DCCV_TAXINATT1_UNT2020_6,IT1,1.0,Since I 1977 - highest level of education attained,Dal I 1977 - titolo di studio,DCCV_TAXINATT1_UNT2020,1.0,2023-12-18T09:51:45.441Z,
152_1196_DF_DCCV_TAXINATT1_UNT2020_7,IT1,1.0,Since IV 1992 - age detail,Dal IV 1992 - dettaglio età,DCCV_TAXINATT1_UNT2020,1.0,2023-12-18T09:51:45.441Z,
152_1196_DF_DCCV_TAXINATT1_UNT2020_8,IT1,1.0,"Since IV 1992 - highest level of education attained, age","Dal IV 1992 - titolo di studio, età",DCCV_TAXINATT1_UNT2020,1.0,2023-12-18T09:51:45.441Z,
152_1196_DF_DCCV_TAXINATT1_UNT2020_9,IT1,1.0,Since IV 1992 - regional data,Dal IV 1992 - dati regionali,DCCV_TAXINATT1_UNT2020,1.0,2023-12-18T09:51:45.441Z,
152_878,IT1,1.0,Inactivity rate  - monthly data,Tasso di inattività  - dati mensili,DCCV_TAXINATTMENS1,1.0,2026-07-30T09:29:05.828Z,
152_878_DF_DCCV_TAXINATTMENS1_1,IT1,1.0,Inactivity rate - monthly data,Tasso di inattività - dati mensili,DCCV_TAXINATTMENS1,1.0,2026-07-30T09:29:05.828Z,
152_879,IT1,1.0,Inactive population  - monthly data,Inattivi  - dati mensili,DCCV_INATTIVMENS1,1.0,2026-07-30T09:08:49.605Z,
152_879_DF_DCCV_INATTIVMENS1_1,IT1,1.0,Inactive population - monthly data,Inattivi - dati mensili,DCCV_INATTIVMENS1,1.0,2026-07-30T09:08:49.605Z,
152_886,IT1,1.0,Inactivity rate - quarterly seasonally adjusted data,Tasso di inattività - dati trimestrali destagionalizzati,DCCV_TAXINATTDE1,1.0,2026-06-12T08:19:45.472Z,
152_886_DF_DCCV_TAXINATTDE1_1,IT1,1.0,"Gender, age","Sesso, età",DCCV_TAXINATTDE1,1.0,2026-06-12T08:19:45.472Z,
152_886_DF_DCCV_TAXINATTDE1_2,IT1,1.0,Geographical areas,Ripartizioni,DCCV_TAXINATTDE1,1.0,2026-06-12T08:19:45.472Z,
152_887,IT1,1.0,Inactive population - quarterly seasonally adjusted data,Inattivi - dati trimestrali destagionalizzati,DCCV_INATTIVDE1,1.0,2026-06-12T08:18:31.482Z,
152_887_DF_DCCV_INATTIVDE1_1,IT1,1.0,"Gender, age","Sesso, età",DCCV_INATTIVDE1,1.0,2026-06-12T08:18:31.482Z,
152_887_DF_DCCV_INATTIVDE1_2,IT1,1.0,Geographical areas,Ripartizioni,DCCV_INATTIVDE1,1.0,2026-06-12T08:18:31.482Z,
152_913,IT1,1.0,Inactivity  rate,Tasso di  inattività,DCCV_TAXINATT1,1.0,2026-06-12T08:19:46.272Z,
152_913_DF_DCCV_TAXINATT1_1,IT1,1.0,Age class,Classe di età,DCCV_TAXINATT1,1.0,2026-06-12T08:19:46.272Z,
152_913_DF_DCCV_TAXINATT1_2,IT1,1.0,"Highest level of education attained, age","Titolo di studio, età",DCCV_TAXINATT1,1.0,2026-06-12T08:19:46.272Z,
152_913_DF_DCCV_TAXINATT1_3,IT1,1.0,"Highest level of education attained, citizenship","Titolo di studio, cittadinanza",DCCV_TAXINATT1,1.0,2026-06-12T08:19:46.272Z,
152_913_DF_DCCV_TAXINATT1_4,IT1,1.0,Regional data,Dati regionali,DCCV_TAXINATT1,1.0,2026-06-12T08:19:46.272Z,
152_913_DF_DCCV_TAXINATT1_5,IT1,1.0,Provincial data,Dati provinciali,DCCV_TAXINATT1,1.0,2026-06-12T08:19:46.272Z,
152_913_DF_DCCV_TAXINATT1_6,IT1,1.0,Since I 2004 - age,Dal I 2004 - età,DCCV_TAXINATT1,1.0,2026-06-12T08:19:46.272Z,
152_913_DF_DCCV_TAXINATT1_YOUTH_1,IT1,1.0,Youth - Inactivity rate - annual and quarterly data,Giovani - Tasso di inattività - Dati annuali e trimestrali,DCCV_TAXINATT1,1.0,2026-06-12T08:19:46.272Z,
152_928,IT1,1.0,Inactive  population,Inattivi,DCCV_INATTIV1,1.0,2026-06-12T08:16:12.950Z,
152_928_DF_DCCV_INATTIV1_1,IT1,1.0,Age class,Classe di età,DCCV_INATTIV1,1.0,2026-06-12T08:16:12.950Z,
152_928_DF_DCCV_INATTIV1_10,IT1,1.0,Provincial data,Dati provinciali,DCCV_INATTIV1,1.0,2026-06-12T08:16:12.950Z,
152_928_DF_DCCV_INATTIV1_11,IT1,1.0,Since I 2004 - age,Dal I 2004 - età,DCCV_INATTIV1,1.0,2026-06-12T08:16:12.950Z,
152_928_DF_DCCV_INATTIV1_2,IT1,1.0,"Highest level of education attained, age","Titolo di studio, età",DCCV_INATTIV1,1.0,2026-06-12T08:16:12.950Z,
152_928_DF_DCCV_INATTIV1_3,IT1,1.0,"Citizenship, age","Cittadinanza, età",DCCV_INATTIV1,1.0,2026-06-12T08:16:12.950Z,
152_928_DF_DCCV_INATTIV1_4,IT1,1.0,"Labour status, gender",Condizione professionale,DCCV_INATTIV1,1.0,2026-06-12T08:16:12.950Z,
152_928_DF_DCCV_INATTIV1_5,IT1,1.0,Inactivity reasons,Motivo inattività,DCCV_INATTIV1,1.0,2026-06-12T08:16:12.950Z,
152_928_DF_DCCV_INATTIV1_6,IT1,1.0,Main status,Condizione dichiarata,DCCV_INATTIV1,1.0,2026-06-12T08:16:12.950Z,
152_928_DF_DCCV_INATTIV1_7,IT1,1.0,Regional data - age,Dati regionali - età,DCCV_INATTIV1,1.0,2026-06-12T08:16:12.950Z,
152_928_DF_DCCV_INATTIV1_8,IT1,1.0,Regional data - highest level of education attained,Dati regionali - titolo di studio,DCCV_INATTIV1,1.0,2026-06-12T08:16:12.950Z,
152_928_DF_DCCV_INATTIV1_9,IT1,1.0,Regional data - labour status,Dati regionali - condizione professionale,DCCV_INATTIV1,1.0,2026-06-12T08:16:12.950Z,
154_373,IT1,1.0,Indicators - Enterprises with employee,Indicatori - Imprese con dipendenti,DCSC_COSTLAVULAOROS_1,1.0,2026-06-12T08:06:48.196Z,
154_373_DF_DCSC_COSTLAVULAOROS_1_1,IT1,1.0,Labour cost per full time equivalent unit (base 2015),Costo del lavoro per Ula (base 2015),DCSC_COSTLAVULAOROS_1,1.0,2024-06-30T19:34:30.363Z,
154_373_DF_DCSC_COSTLAVULAOROS_1_2,IT1,1.0,Labour cost per full time equivalent unit (base 2010),Costo del lavoro per Ula (base 2010),DCSC_COSTLAVULAOROS_1,1.0,2024-06-30T18:35:54.354Z,
154_373_DF_DCSC_COSTLAVULAOROS_1_3,IT1,1.0,Labour cost per full time equivalent unit (base 2005),Costo del lavoro per Ula (base 2005),DCSC_COSTLAVULAOROS_1,1.0,2024-06-30T18:35:54.354Z,
154_373_DF_DCSC_COSTLAVULAOROS_1_7,IT1,1.0,Labour cost per full time equivalent unit (base 2021),Costo del lavoro per Ula (base 2021),DCSC_COSTLAVULAOROS_1,1.0,2026-06-12T08:06:48.196Z,
154_373_DF_DCSC_COSTLAVULAOROS_1_8,IT1,1.0,Social contributions per full time equivalent unit (base 2021),Contributi sociali per Ula (base 2021),DCSC_COSTLAVULAOROS_1,1.0,2026-06-12T08:06:48.196Z,
155_274,IT1,1.0,Wages according to collective labour agreements in Public administration,Retribuzioni contrattuali nella Pubblica amministrazione,DCSC_RETRCASSCOMPPA,1.0,2026-01-29T11:19:44.354Z,
155_274_DF_DCSC_RETRCASSCOMPPA_1,IT1,1.0,Wages according to collective labour agreements in Public administration (base 2015),Retribuzioni contrattuali nella PA (base 2015),DCSC_RETRCASSCOMPPA,1.0,2024-04-30T12:12:34.845Z,
155_274_DF_DCSC_RETRCASSCOMPPA_2,IT1,1.0,Wages in Public administration (base 2010),Retribuzioni nella PA (base 2010),DCSC_RETRCASSCOMPPA,1.0,2023-05-25T07:38:51.254Z,
155_274_DF_DCSC_RETRCASSCOMPPA_3,IT1,1.0,Wages in Public administration (base 2005),Retribuzioni nella PA (base 2005),DCSC_RETRCASSCOMPPA,1.0,2023-12-21T12:59:24.787Z,
155_274_DF_DCSC_RETRCASSCOMPPA_4,IT1,1.0,Wages according to collective labour agreements in Public administration (base 2021),Retribuzioni contrattuali nella PA (base 2021),DCSC_RETRCASSCOMPPA,1.0,2026-01-29T11:19:44.354Z,
155_318,IT1,1.0,Wages according to collective labour agreements by agreement,Retribuzioni contrattuali per tipo di contratto,DCSC_RETRCONTR1C,1.0,2026-07-29T09:11:44.829Z,
155_318_DF_DCSC_RETRCONTR1C_1,IT1,1.0,Wages according to collective labour agreements (base 2015),Retribuzioni contrattuali (base 2015),DCSC_RETRCONTR1C,1.0,2024-06-17T16:22:31.373Z,
155_318_DF_DCSC_RETRCONTR1C_2,IT1,1.0,Wages according to collective labour agreements (base 2010),Retribuzioni contrattuali (base 2010),DCSC_RETRCONTR1C,1.0,2024-06-17T16:22:31.373Z,
155_318_DF_DCSC_RETRCONTR1C_3,IT1,1.0,Wages according to collective labour agreements (base 2005),Retribuzioni contrattuali (base 2005),DCSC_RETRCONTR1C,1.0,2024-06-17T16:22:31.373Z,
155_318_DF_DCSC_RETRCONTR1C_4,IT1,1.0,Wages according to collective labour agreements (base 2021),Retribuzioni contrattuali (base 2021),DCSC_RETRCONTR1C,1.0,2026-07-29T09:11:44.829Z,
155_358,IT1,1.0,Wages according to collective labour agreements by economic sector (Nace rev.2),Retribuzioni contrattuali per settore economico (Ateco),DCSC_RETRATECO1,1.0,2026-07-29T09:09:44.849Z,
155_358_DF_DCSC_RETRATECO1_1,IT1,1.0,Hourly wages and wages per employee (base 2015),Retribuzione oraria e per dipendente (base 2015),DCSC_RETRATECO1,1.0,2024-06-17T16:39:01.081Z,
155_358_DF_DCSC_RETRATECO1_2,IT1,1.0,Cash wages per employee (base 2015),Retribuzione di cassa per dipendente (base 2015),DCSC_RETRATECO1,1.0,2024-06-17T16:39:01.081Z,
155_358_DF_DCSC_RETRATECO1_3,IT1,1.0,Hourly wages and wages per employee (base 2010),Retribuzione oraria e per dipendente (base 2010),DCSC_RETRATECO1,1.0,2024-06-17T16:39:01.081Z,
155_358_DF_DCSC_RETRATECO1_4,IT1,1.0,Cash wages per employee (base 2010),Retribuzione di cassa per dipendente (base 2010),DCSC_RETRATECO1,1.0,2024-06-17T16:39:01.081Z,
155_358_DF_DCSC_RETRATECO1_5,IT1,1.0,Hourly wages and wages per employee (base 2005),Retribuzione oraria e per dipendente (base 2005),DCSC_RETRATECO1,1.0,2024-06-17T16:39:01.081Z,
155_358_DF_DCSC_RETRATECO1_6,IT1,1.0,Cash wages per employee (base 2005),Retribuzione di cassa per dipendente (base 2005),DCSC_RETRATECO1,1.0,2024-06-17T16:39:01.081Z,
155_358_DF_DCSC_RETRATECO1_7,IT1,1.0,Hourly wages and wages per employee (base 2021),Retribuzione oraria e per dipendente (base 2021),DCSC_RETRATECO1,1.0,2026-07-29T09:09:44.849Z,
155_358_DF_DCSC_RETRATECO1_8,IT1,1.0,Cash wages per employee (base 2021),Retribuzione di cassa per dipendente (base 2021),DCSC_RETRATECO1,1.0,2026-07-29T09:09:44.849Z,
155_374,IT1,1.0,Gross earnings - Enterprises with employees,Retribuzioni lorde - Imprese con dipendenti,DCSC_RETRULAOROS_1,1.0,2026-06-12T08:04:38.677Z,
155_374_DF_DCSC_RETRULAOROS_1_1,IT1,1.0,Gross earnings per full time equivalent unit (base 2015),Retribuzioni per Ula (base 2015),DCSC_RETRULAOROS_1,1.0,2024-09-12T08:06:55.258Z,
155_374_DF_DCSC_RETRULAOROS_1_2,IT1,1.0,Gross earnings per full time equivalent unit (base 2010),Retribuzioni per Ula (base 2010),DCSC_RETRULAOROS_1,1.0,2024-09-12T08:06:55.258Z,
155_374_DF_DCSC_RETRULAOROS_1_3,IT1,1.0,Gross earnings per full time equivalent unit (base 2005),Retribuzioni per Ula (base 2005),DCSC_RETRULAOROS_1,1.0,2024-09-12T08:06:55.258Z,
155_374_DF_DCSC_RETRULAOROS_1_4,IT1,1.0,Gross earnings per full time equivalent unit (base 2021),Retribuzioni per Ula (base 2021),DCSC_RETRULAOROS_1,1.0,2026-06-12T08:04:38.677Z,
158_149,IT1,1.0,Pre-primary school,Scuola dell'infanzia,DCIS_INFANZIA,1.0,2023-03-17T11:28:58.169Z,
158_149_DF_DCIS_INFANZIA_1,IT1,1.0,"Schools, classes and children","Scuole, classi e bambini",DCIS_INFANZIA,1.0,03/11/2023 08:58:03,
158_149_DF_DCIS_INFANZIA_2,IT1,1.0,State schools teachers,Insegnanti delle scuole statali,DCIS_INFANZIA,1.0,03/11/2023 08:51:32,
158_150,IT1,1.0,Primary school,Scuola primaria,DCIS_PRIMARIA,1.0,2023-03-17T11:32:07.795Z,
158_150_DF_DCIS_PRIMARIA_1,IT1,1.0,"Schools, classes and pupils","Scuole, classi e alunni",DCIS_PRIMARIA,1.0,03/11/2023 09:09:59,
158_150_DF_DCIS_PRIMARIA_2,IT1,1.0,State schools teachers,Insegnanti delle scuole statali,DCIS_PRIMARIA,1.0,03/11/2023 09:14:49,
158_151,IT1,1.0,Lower secondary school,Scuola secondaria di primo grado,DICIS_SCUOLSEC1,1.0,2023-03-17T11:36:15.543Z,
158_151_DF_DICIS_SCUOLSEC1_1,IT1,1.0,"Schools, classes and pupils","Scuole, classi e alunni",DICIS_SCUOLSEC1,1.0,03/11/2023 09:29:28,
158_151_DF_DICIS_SCUOLSEC1_2,IT1,1.0,State schools teachers,Insegnanti delle scuole statali,DICIS_SCUOLSEC1,1.0,03/11/2023 09:33:49,
158_260,IT1,1.0,Upper secondary school,Scuola secondaria di secondo grado,DCIS_SCUOLESECOND2,1.0,2023-09-19T14:11:18.426Z,
158_260_DF_DCIS_SCUOLESECOND2_1,IT1,1.0,"Schools, classes and students","Scuole, classi e studenti",DCIS_SCUOLESECOND2,1.0,2023-09-19T14:11:18.426Z,
158_260_DF_DCIS_SCUOLESECOND2_2,IT1,1.0,State schools teachers,Insegnanti delle scuole statali,DCIS_SCUOLESECOND2,1.0,2023-09-19T14:11:18.426Z,
159_17,IT1,1.0,Disabled pupils,Alunni con disabilità,DCIS_ALUNNIDIS,1.0,2023-03-17T11:46:02.806Z,
159_17_DF_DCIS_ALUNNIDIS_1,IT1,1.0,Disabled pupils,Alunni con disabilità,DCIS_ALUNNIDIS,1.0,03/11/2023 10:35:00,
159_18,IT1,1.0,Schools with pupils with disabilities and figures for integration,Scuole con alunni con disabilità e figure per l'integrazione,DCIS_SCUOLEDIS,1.0,2023-03-17T11:51:03.775Z,
159_18_DF_DCIS_SCUOLEDIS_1,IT1,1.0,Schools with pupils with disabilities and figures for integration,Scuole con alunni con disabilità e figure per l'integrazione,DCIS_SCUOLEDIS,1.0,03/11/2023 10:39:35,
159_19,IT1,1.0,Schools with pupils with deafness and presence of communicators,Scuole con alunni con sordità e presenza comunicatori,DCIS_SCUOLESORDI,1.0,2023-03-17T12:01:51.226Z,
159_19_DF_DCIS_SCUOLESORDI_1,IT1,1.0,Schools with pupils with deafness and presence of communicators,Scuole con alunni con sordità e presenza comunicatori,DCIS_SCUOLESORDI,1.0,03/11/2023 10:43:38,
160_233,IT1,1.0,Social security funds - number of employees,Enti previdenziali - numero di dipendenti,DCAR_ENTPREVDIP,1.0,2026-01-14T15:48:02.206Z,
160_233_DF_DCAR_ENTPREVDIP_1,IT1,1.0,Social security funds - number of employees,Enti previdenziali - numero di dipendenti,DCAR_ENTPREVDIP,1.0,2026-01-14T15:48:02.206Z,
160_234,IT1,1.0,Social security funds - expenditures (thousands of euro),Enti previdenziali - spese (migliaia di euro),DCAR_ENTPREVSPE,1.0,2024-12-02T17:02:21.457Z,
160_234_DF_DCAR_ENTPREVSPE_1,IT1,1.0,Social security funds - expenditures (thousands of euro),Enti previdenziali - spese (migliaia di euro),DCAR_ENTPREVSPE,1.0,2024-12-02T17:02:21.457Z,
160_235,IT1,1.0,Social security funds - revenue (thousands of euro),Enti previdenziali - entrate (migliaia di euro),DCAR_ENTPREVENT,1.0,2024-12-02T17:13:23.635Z,
160_235_DF_DCAR_ENTPREVENT_1,IT1,1.0,Social security funds - revenue (thousands of euro),Enti previdenziali - entrate (migliaia di euro),DCAR_ENTPREVENT,1.0,2024-12-02T17:13:23.635Z,
160_753,IT1,1.0,Social security funds  S13 - number of employees,Enti nazionali di previdenza e assistenza sociale S13 - numero di dipendenti,DCAR_ENTPREVDIP_PA,1.0,2026-01-14T15:43:07.026Z,
160_753_DF_DCAR_ENTPREVDIP_PA_1,IT1,1.0,Social security funds S13 - number of employees,Enti nazionali di previdenza e assistenza sociale S13 - numero di dipendenti,DCAR_ENTPREVDIP_PA,1.0,2026-01-14T15:43:07.026Z,
160_754,IT1,1.0,Social security funds S13 - revenue (thousands of euro),Enti nazionali di previdenza e assistenza sociale S13 - entrate (migliaia di euro),DCAR_ENTPREVENT_PA,1.0,2024-12-03T15:41:25.977Z,
160_754_DF_DCAR_ENTPREVENT_PA_1,IT1,1.0,Social security funds S13 - revenue (thousands of euro),Enti nazionali di previdenza e assistenza sociale S13 - entrate (migliaia di euro),DCAR_ENTPREVENT_PA,1.0,2024-12-03T15:41:25.977Z,
160_755,IT1,1.0,Social security funds S13 - expenditures (thousands of euro),Enti nazionali di previdenza e assistenza sociale S13 - spese (migliaia di euro),DCAR_ENTPREVSPE_PA,1.0,2024-12-03T15:43:51.680Z,
160_755_DF_DCAR_ENTPREVSPE_PA_1,IT1,1.0,Social security funds S13 - expenditures (thousands of euro),Enti nazionali di previdenza e assistenza sociale S13 - spese (migliaia di euro),DCAR_ENTPREVSPE_PA,1.0,2024-12-03T15:43:51.680Z,
161_267,IT1,1.0,Enterprises economic indicators,Risultati economici delle imprese,DCSP_SBSNAZ,1.0,2026-01-12T15:18:00.524Z,METADATA_URL
161_267_DF_DCSP_SBSNAZ_1,IT1,1.0,Enterprises economic indicators - Key data,Risultati economici delle imprese - Principali dati,DCSP_SBSNAZ,1.0,2026-01-12T15:18:00.524Z,
161_267_DF_DCSP_SBSNAZ_10,IT1,1.0,Turnover,Fatturato,DCSP_SBSNAZ,1.0,2026-01-12T15:18:00.524Z,
161_267_DF_DCSP_SBSNAZ_11,IT1,1.0,Labour cost,Costo del lavoro,DCSP_SBSNAZ,1.0,2026-01-12T15:18:00.524Z,
161_267_DF_DCSP_SBSNAZ_12,IT1,1.0,Gross operating surplus,Margine operativo lordo,DCSP_SBSNAZ,1.0,2026-01-12T15:18:00.524Z,
161_267_DF_DCSP_SBSNAZ_13,IT1,1.0,Wage adjusted labour productivity,Competitività di costo,DCSP_SBSNAZ,1.0,2026-01-12T15:18:00.524Z,
161_267_DF_DCSP_SBSNAZ_14,IT1,1.0,Persons employed and employees,Numero di addetti e dipendenti,DCSP_SBSNAZ,1.0,2026-01-12T15:18:00.524Z,
161_267_DF_DCSP_SBSNAZ_2,IT1,1.0,All the economic activities (Nace 4 digit),Tutti i settori economici (Ateco 4 cifre),DCSP_SBSNAZ,1.0,2026-01-12T15:18:00.524Z,
161_267_DF_DCSP_SBSNAZ_3,IT1,1.0,All the economic activities (Nace 4 digit) and class of persons employed,Tutti i settori economici (Ateco 4 cifre) e classe di addetti,DCSP_SBSNAZ,1.0,2026-01-12T15:18:00.524Z,
161_267_DF_DCSP_SBSNAZ_4,IT1,1.0,Industry (Nace 3 digit) and size class of persons employed,Industria (Ateco 3 cifre) e classe di addetti,DCSP_SBSNAZ,1.0,2026-01-12T15:18:00.524Z,
161_267_DF_DCSP_SBSNAZ_5,IT1,1.0,Trade and services (Nace 3 digit) and class of persons employed,Commercio e servizi (Ateco 3 cifre) e classe di addetti,DCSP_SBSNAZ,1.0,2026-01-12T15:18:00.524Z,
161_267_DF_DCSP_SBSNAZ_6,IT1,1.0,Trade (Nace 2 digit) and size class of turnover,Commercio (Ateco 2 cifre) e classe di fatturato,DCSP_SBSNAZ,1.0,2026-01-12T15:18:00.524Z,
161_267_DF_DCSP_SBSNAZ_7,IT1,1.0,Environmental protection expenditure,Investimenti per la tutela dell'ambiente,DCSP_SBSNAZ,1.0,2025-10-15T08:00:19.177Z,
161_267_DF_DCSP_SBSNAZ_8,IT1,1.0,Main performance indicators,Principali indicatori di performance,DCSP_SBSNAZ,1.0,2026-01-12T15:18:00.524Z,
161_267_DF_DCSP_SBSNAZ_9,IT1,1.0,Gross value added,Valore aggiunto,DCSP_SBSNAZ,1.0,2026-01-12T15:18:00.524Z,
161_268,IT1,1.0,Enterprises economic indicators - reg.,Risultati economici delle imprese - reg.,DCSP_SBSREG,1.0,2026-01-12T15:16:35.502Z,METADATA_URL
161_268_DF_DCSP_SBSREG_1,IT1,1.0,Enterprises economic indicators - reg.,Risultati economici delle imprese - reg.,DCSP_SBSREG,1.0,2026-01-12T15:16:35.502Z,
162_1058,IT1,1.0,Sequence of quarterly accounts by institutional sector - Accounts in the 2014 version,Sequenza dei conti trimestrali per settore istituzionale - Conti versione 2014,DCCN_ISTITUZ_QNA_B14,1.0,05/31/2022 15:39:59,METADATA_URL
162_1058_DF_DCCN_ISTITUZ_QNA_B14_1,IT1,1.0,Sequence of accounts - editions from October 2014 to June 2019,Sequenza dei conti - edizioni ottobre 2014 - giugno 2019,DCCN_ISTITUZ_QNA_B141726,1.0,05/31/2022 15:39:59,
162_1058_DF_DCCN_ISTITUZ_QNA_B14_2,IT1,1.0,Key indicators on households and non-financial corporations - editions from October 2016 to June 2019,Indicatori su famiglie e società non finanziarie - edizioni ottobre 2016 - giugno 2019,DCCN_ISTITUZ_QNA_B14596388,1.0,05/31/2022 15:39:59,METADATA_URL
162_1058_DF_DCCN_ISTITUZ_QNA_B14_3,IT1,1.0,Seasonal adjusted aggregates - editions from October 2018 to June 2019,Aggregati destagionalizzati - edizioni ottobre 2018 - giugno 2019,DCCN_ISTITUZ_QNA_B14532383,1.0,05/31/2022 15:39:59,METADATA_URL
162_1064,IT1,1.0,Sequence of quarterly accounts by institutional sector,Sequenza  dei conti trimestrali per settore istituzionale,DCCN_ISTITUZ_QNA1,1.0,2026-07-01T08:06:16.215Z,
162_1064_DF_DCCN_ISTITUZ_QNA1_1,IT1,1.0,Sequence of accounts,Sequenza dei conti,DCCN_ISTITUZ_QNA1,1.0,2026-07-01T08:06:16.215Z,
162_1064_DF_DCCN_ISTITUZ_QNA1_2,IT1,1.0,Key indicators on consumer households and non-financial corporations,Indicatori su famiglie e società non finanziarie,DCCN_ISTITUZ_QNA1,1.0,2026-07-01T08:06:16.215Z,
162_1064_DF_DCCN_ISTITUZ_QNA1_3,IT1,1.0,Seasonal adjusted aggregates,Aggregati destagionalizzati,DCCN_ISTITUZ_QNA1,1.0,2026-07-01T08:06:16.215Z,
162_633,IT1,1.0,Sequence of quarterly accounts by institutional sector,Sequenza dei conti trimestrali per settore istituzionale,DCCN_ISTITUZ_QNA,1.0,08/26/2021 07:35:46,METADATA_URL
163_1226,IT1,1.0,National Accounts quarterly main aggregates,Principali aggregati trimestrali di Contabilità Nazionale,DCCN_QNA1,1.0,2026-05-29T10:05:21.162Z,
163_1226_DF_DCCN_QNA1_1,IT1,1.0,Value added by industry,Valore aggiunto per branca di attività,DCCN_QNA1,1.0,2026-05-29T10:05:21.162Z,
163_1226_DF_DCCN_QNA1_2,IT1,1.0,Gross fixed capital formation by asset,Investimenti fissi lordi per tipo di investimento,DCCN_QNA1,1.0,2026-05-29T10:05:21.162Z,
163_1226_DF_DCCN_QNA1_3,IT1,1.0,Final consumption expenditure of households,Spesa per i consumi finali delle famiglie,DCCN_QNA1,1.0,2026-05-29T10:05:21.162Z,
163_1226_DF_DCCN_QNA1_4,IT1,1.0,Final consumption expenditure of households by expenditure item (Coicop 2018 2 digit) and durability,Spesa per consumi finali delle famiglie per voce di spesa (Coicop 2018 2 cifre) e durata,DCCN_QNA1,1.0,2026-05-29T10:05:21.162Z,
163_1226_DF_DCCN_QNA1_5,IT1,1.0,Compensation of employees and its components by industry,Redditi da lavoro dipendente e componenti per branca di attività,DCCN_QNA1,1.0,2026-05-29T10:05:21.162Z,
163_1226_DF_DCCN_QNA1_6,IT1,1.0,Costs and margins by industry,Costi e margini per branca di attività,DCCN_QNA1,1.0,2026-05-29T10:05:21.162Z,
163_144,IT1,1.0,Accounts aggregates by industry (NACE Rev.1.1) - edition September 2011,Aggregati dei conti per branca di attività (NACE Rev.1.1) - edizione settembre 2011,DCCN_AGGREGBRANCAQ,1.0,09/16/2021 08:57:46,METADATA_URL
163_156,IT1,1.0,"Gross domestic product, expenditure components and contribution to GDP growth",Conto economico delle risorse e degli impieghi  e contributi alla crescita del Pil,DCCN_SQCQ,1.0,2026-07-30T08:01:18.028Z,
163_156_DF_DCCN_SQCQ_1,IT1,1.0,Gross domestic product and expenditure components,Conto economico delle risorse e degli impieghi,DCCN_SQCQ,1.0,2026-07-30T08:01:18.028Z,
163_156_DF_DCCN_SQCQ_2,IT1,1.0,Contributions to GDP growth,Contributi alla crescita del PIL,DCCN_SQCQ,1.0,2026-05-29T10:02:45.900Z,
163_156_DF_DCCN_SQCQ_3,IT1,1.0,Gross domestic product and growth rates (preliminary estimate),Prodotto interno lordo e variazioni (stima preliminare),DCCN_SQCQ,1.0,2026-07-30T08:01:18.028Z,
163_184,IT1,1.0,Gross Domestic Product  and main components,Prodotto interno lordo e  principali componenti,DCCN_PILQ,1.0,2026-05-29T10:04:08.363Z,
163_184_DF_DCCN_PILQ_1,IT1,1.0,Gross Domestic Product and main components,Prodotto interno lordo e principali componenti,DCCN_PILQ,1.0,2026-05-29T10:04:08.363Z,
163_24,IT1,1.0,National Accounts quarterly main aggregates - editions from October 2019 to September 2024,Principali aggregati trimestrali di Contabilità Nazionale - edizioni ottobre 2019 - settembre 2024,DCCN_QNA,1.0,2024-10-02T09:49:58.323Z,METADATA_URL
163_241,IT1,1.0,Final consumption expenditure of households - editions until August 2014,Spesa per consumi finali delle famiglie - edizioni fino ad agosto 2014,DCCN_CONSFAMQ,1.0,09/21/2021 06:47:24,METADATA_URL
163_246,IT1,1.0,Costs and margins breakdown by industry (NACE Rev.1.1) - edition September 2011,Costi e margini per branca di attività (NACE Rev.1.1) - edizione settembre 2011,DCCN_COSTMARGQ,1.0,09/21/2021 07:25:47,METADATA_URL
163_247,IT1,1.0,Gross domestic product supply side - editions until August 2014,Prodotto interno lordo lato produzione - edizioni fino ad agosto 2014,DCCN_PILPRODQ,1.0,09/22/2021 07:05:59,METADATA_URL
163_24_DF_DCCN_QNA_1,IT1,1.0,Value added by industry - editions from October 2019 to September 2024,Valore aggiunto per branca di attività - edizioni ottobre 2019 - settembre 2024,DCCN_QNA,1.0,2024-10-03T13:51:25.090Z,METADATA_URL
163_24_DF_DCCN_QNA_2,IT1,1.0,Gross fixed capital formation by asset - editions from October 2019 to September 2024,Investimenti fissi lordi per tipo di investimento - edizioni ottobre 2019 - settembre 2024,DCCN_QNA,1.0,2024-10-03T13:55:38.249Z,METADATA_URL
163_24_DF_DCCN_QNA_3,IT1,1.0,Final consumption expenditure of households - editions from October 2019 to September 2024,Spesa per i consumi finali delle famiglie - edizioni ottobre 2019 - settembre 2024,DCCN_QNA,1.0,2024-10-03T13:59:17.007Z,METADATA_URL
163_24_DF_DCCN_QNA_4,IT1,1.0,Final consumption expenditure of households by expenditure item (Coicop 2 digit) and durability - editions from October 2019 to September 2024,Spesa per consumi finali delle famiglie per voce di spesa (Coicop 2 cifre) e durata - edizioni ottobre 2019 - settembre 2024,DCCN_QNA,1.0,2024-10-03T14:03:35.380Z,METADATA_URL
163_24_DF_DCCN_QNA_5,IT1,1.0,Compensation of employees and its components by industry - editions from October 2019 to September 2024,Redditi da lavoro dipendente e componenti per branca di attività - edizioni ottobre 2019 - settembre 2024,DCCN_QNA762968,1.0,2024-10-03T14:11:40.864Z,METADATA_URL
163_24_DF_DCCN_QNA_6,IT1,1.0,Costs and margins by industry - editions from October 2019 to September 2024,Costi e margini per branca di attività - edizioni ottobre 2019 - settembre 2024,DCCN_QNA,1.0,2024-10-03T14:17:38.356Z,METADATA_URL
163_250,IT1,1.0,Gross fixed capital formation - editions until August 2014,Investimenti fissi lordi - edizioni fino ad agosto 2014,DCCN_INVESTIQ,1.0,09/22/2021 06:45:11,METADATA_URL
163_253,IT1,1.0,Gross domestic product and expenditure components - editions until August 2014,Conto economico delle risorse e degli impieghi - edizioni fino ad agosto 2014,DCCN_SEQZCONTIQ,1.0,09/22/2021 07:45:30,METADATA_URL
163_257,IT1,1.0,Employment breakdown by industry (NACE Rev.1.1) - edition September 2011,Occupazione per branca di attività (NACE Rev.1.1) - edizione settembre 2011,DCCN_OCCUPQ,1.0,09/22/2021 06:49:47,METADATA_URL
163_296,IT1,1.0,Accounts aggregates by industry (NACE Rev.2) - editions  from December 2011 to August 2014,Aggregati dei conti per branca di attività (NACE Rev.2) - edizioni dicembre 2011 - agosto 2014,DCCN_AGGREGBRANCAQREV2,1.0,10/12/2021 06:45:40,METADATA_URL
163_299,IT1,1.0,Costs and margins breakdown by industry (NACE Rev.2) - editions  from December 2011 to June 2014,Costi e margini per branca di attività (NACE Rev.2) - edizioni dicembre 2011 - giugno 2014,DCCN_COSTMARGQREV2,1.0,09/21/2021 07:28:05,METADATA_URL
163_300,IT1,1.0,Employment breakdown by industry (NACE Rev.2) - editions  from December 2011 to June 2014,Occupazione per branca di attività (NACE Rev.2) - edizioni dicembre 2011 - giugno 2014,DCCN_OCCUPQREV2,1.0,09/22/2021 06:51:38,METADATA_URL
163_88,IT1,1.0,Employment breakdown by industry,Occupazione per branca di attività,DCCN_OCCQSEC2010,1.0,2026-05-29T10:03:29.699Z,
163_88_DF_DCCN_OCCQSEC2010_1,IT1,1.0,Employment breakdown by industry,Occupazione per branca di attività,DCCN_OCCQSEC2010,1.0,2026-05-29T10:03:29.699Z,
163_88_DF_DCCN_OCCQSEC2010_2,IT1,1.0,Quarterly average population,Popolazione media del periodo,DCCN_OCCQSEC2010,1.0,2026-05-29T10:03:29.699Z,
164_164,IT1,1.0,Estimated resident population - Years 2002-2019,Popolazione residente ricostruita - Anni 2002-2019,DCIS_RICPOPRES2011,1.0,2023-01-27T11:14:38.852Z,METADATA_URL
164_164_DF_DASH_DCIS_RICPOPRES2011_24,IT1,1.0,All municipalities,Tutti i comuni,DCIS_RICPOPRES2011,1.0,03/02/2026 17:04:47,
164_164_DF_DCIS_RICPOPRES2011_1,IT1,1.0,"Italy, regions, provinces","Italia, regioni, province",DCIS_RICPOPRES2011,1.0,2023-01-27T11:14:38.852Z,METADATA_URL
164_164_DF_DCIS_RICPOPRES2011_10,IT1,1.0,Friuli-Venezia Giulia,Friuli-Venezia Giulia,DCIS_RICPOPRES2011,1.0,2023-01-27T11:14:38.852Z,METADATA_URL
164_164_DF_DCIS_RICPOPRES2011_11,IT1,1.0,Emilia-Romagna,Emilia-Romagna,DCIS_RICPOPRES2011,1.0,2023-01-27T11:14:38.853Z,METADATA_URL
164_164_DF_DCIS_RICPOPRES2011_12,IT1,1.0,Toscana,Toscana,DCIS_RICPOPRES2011,1.0,2023-01-27T11:14:38.853Z,METADATA_URL
164_164_DF_DCIS_RICPOPRES2011_13,IT1,1.0,Umbria,Umbria,DCIS_RICPOPRES2011,1.0,2023-01-27T11:14:38.853Z,METADATA_URL
164_164_DF_DCIS_RICPOPRES2011_14,IT1,1.0,Marche,Marche,DCIS_RICPOPRES2011,1.0,2023-01-27T11:14:38.853Z,METADATA_URL
164_164_DF_DCIS_RICPOPRES2011_15,IT1,1.0,Lazio,Lazio,DCIS_RICPOPRES2011,1.0,2023-01-27T11:14:38.853Z,METADATA_URL
164_164_DF_DCIS_RICPOPRES2011_16,IT1,1.0,Abruzzo,Abruzzo,DCIS_RICPOPRES2011,1.0,2023-01-27T11:14:38.853Z,METADATA_URL
164_164_DF_DCIS_RICPOPRES2011_17,IT1,1.0,Molise,Molise,DCIS_RICPOPRES2011,1.0,2023-01-27T11:14:38.853Z,METADATA_URL
164_164_DF_DCIS_RICPOPRES2011_18,IT1,1.0,Campania,Campania,DCIS_RICPOPRES2011,1.0,2023-01-27T11:14:38.853Z,METADATA_URL
164_164_DF_DCIS_RICPOPRES2011_19,IT1,1.0,Puglia,Puglia,DCIS_RICPOPRES2011,1.0,2023-01-27T11:14:38.853Z,METADATA_URL
164_164_DF_DCIS_RICPOPRES2011_2,IT1,1.0,Demographic balance from 21 October 2001 to 31 December 2018,Bilancio demografico dal 21 ottobre 2001 al 31 dicembre 2018,DCIS_RICPOPRES2011,1.0,2023-01-27T11:31:46.997Z,METADATA_URL
164_164_DF_DCIS_RICPOPRES2011_20,IT1,1.0,Basilicata,Basilicata,DCIS_RICPOPRES2011,1.0,2023-01-27T11:14:38.853Z,METADATA_URL
164_164_DF_DCIS_RICPOPRES2011_21,IT1,1.0,Calabria,Calabria,DCIS_RICPOPRES2011,1.0,2023-01-27T11:14:38.853Z,METADATA_URL
164_164_DF_DCIS_RICPOPRES2011_22,IT1,1.0,Sicilia,Sicilia,DCIS_RICPOPRES2011,1.0,2023-01-27T11:14:38.853Z,METADATA_URL
164_164_DF_DCIS_RICPOPRES2011_23,IT1,1.0,Sardegna,Sardegna,DCIS_RICPOPRES2011,1.0,2023-01-27T11:14:38.853Z,METADATA_URL
164_164_DF_DCIS_RICPOPRES2011_24,IT1,1.0,All municipalities,Tutti i comuni,DCIS_RICPOPRES2011,1.0,07/22/2025 07:09:34,
164_164_DF_DCIS_RICPOPRES2011_3,IT1,1.0,Piemonte,Piemonte,DCIS_RICPOPRES2011,1.0,2023-01-27T11:14:38.853Z,METADATA_URL
164_164_DF_DCIS_RICPOPRES2011_4,IT1,1.0,Valle d'Aosta/Vallée d'Aoste,Valle d'Aosta/Vallée d'Aoste,DCIS_RICPOPRES2011,1.0,2023-01-27T11:14:38.853Z,METADATA_URL
164_164_DF_DCIS_RICPOPRES2011_5,IT1,1.0,Liguria,Liguria,DCIS_RICPOPRES2011,1.0,2023-01-27T11:14:38.853Z,METADATA_URL
164_164_DF_DCIS_RICPOPRES2011_6,IT1,1.0,Lombardia,Lombardia,DCIS_RICPOPRES2011,1.0,2023-01-27T11:14:38.853Z,METADATA_URL
164_164_DF_DCIS_RICPOPRES2011_7,IT1,1.0,Provincia Autonoma Bolzano/Bozen,Provincia Autonoma Bolzano/Bozen,DCIS_RICPOPRES2011,1.0,2023-01-27T11:14:38.853Z,METADATA_URL
164_164_DF_DCIS_RICPOPRES2011_8,IT1,1.0,Provincia Autonoma Trento,Provincia Autonoma Trento,DCIS_RICPOPRES2011,1.0,2023-01-27T11:14:38.853Z,METADATA_URL
164_164_DF_DCIS_RICPOPRES2011_9,IT1,1.0,Veneto,Veneto,DCIS_RICPOPRES2011,1.0,2023-01-27T11:14:38.853Z,METADATA_URL
164_279,IT1,1.0,Estimated resident population - Years 1982-1991,Popolazione residente ricostruita - Anni 1982-1991,DCIS_RICPOPRES1991,1.0,2022-12-09T21:13:35.231Z,METADATA_URL
164_279_DF_DASH_DCIS_RICPOPRES1991_23,IT1,1.0,All municipalities,Tutti i comuni,DCIS_RICPOPRES1991,1.0,03/02/2026 17:29:04,
164_279_DF_DCIS_RICPOPRES1991_1,IT1,1.0,"Italy, regions, provinces","Italia, regioni, province",DCIS_RICPOPRES1991,1.0,2022-12-09T21:13:35.231Z,METADATA_URL
164_279_DF_DCIS_RICPOPRES1991_10,IT1,1.0,Emilia Romagna,Emilia Romagna,DCIS_RICPOPRES1991,1.0,2022-12-09T21:13:35.232Z,METADATA_URL
164_279_DF_DCIS_RICPOPRES1991_11,IT1,1.0,Toscana,Toscana,DCIS_RICPOPRES1991,1.0,2022-12-09T21:13:35.232Z,METADATA_URL
164_279_DF_DCIS_RICPOPRES1991_12,IT1,1.0,Umbria,Umbria,DCIS_RICPOPRES1991,1.0,2022-12-09T21:13:35.232Z,METADATA_URL
164_279_DF_DCIS_RICPOPRES1991_13,IT1,1.0,Marche,Marche,DCIS_RICPOPRES1991,1.0,2022-12-09T21:13:35.232Z,METADATA_URL
164_279_DF_DCIS_RICPOPRES1991_14,IT1,1.0,Lazio,Lazio,DCIS_RICPOPRES1991,1.0,2022-12-09T21:13:35.232Z,METADATA_URL
164_279_DF_DCIS_RICPOPRES1991_15,IT1,1.0,Abruzzo,Abruzzo,DCIS_RICPOPRES1991,1.0,2022-12-09T21:13:35.232Z,METADATA_URL
164_279_DF_DCIS_RICPOPRES1991_16,IT1,1.0,Molise,Molise,DCIS_RICPOPRES1991,1.0,2022-12-09T21:13:35.232Z,METADATA_URL
164_279_DF_DCIS_RICPOPRES1991_17,IT1,1.0,Campania,Campania,DCIS_RICPOPRES1991,1.0,2022-12-09T21:13:35.232Z,METADATA_URL
164_279_DF_DCIS_RICPOPRES1991_18,IT1,1.0,Puglia,Puglia,DCIS_RICPOPRES1991,1.0,2022-12-09T21:13:35.232Z,METADATA_URL
164_279_DF_DCIS_RICPOPRES1991_19,IT1,1.0,Basilicata,Basilicata,DCIS_RICPOPRES1991,1.0,2022-12-09T21:13:35.232Z,METADATA_URL
164_279_DF_DCIS_RICPOPRES1991_2,IT1,1.0,Piemonte,Piemonte,DCIS_RICPOPRES1991,1.0,2022-12-09T21:13:35.232Z,METADATA_URL
164_279_DF_DCIS_RICPOPRES1991_20,IT1,1.0,Calabria,Calabria,DCIS_RICPOPRES1991,1.0,2022-12-09T21:13:35.232Z,METADATA_URL
164_279_DF_DCIS_RICPOPRES1991_21,IT1,1.0,Sicilia,Sicilia,DCIS_RICPOPRES1991,1.0,2022-12-09T21:13:35.232Z,METADATA_URL
164_279_DF_DCIS_RICPOPRES1991_22,IT1,1.0,Sardegna,Sardegna,DCIS_RICPOPRES1991,1.0,2022-12-09T21:13:35.232Z,METADATA_URL
164_279_DF_DCIS_RICPOPRES1991_23,IT1,1.0,All municipalities,Tutti i comuni,DCIS_RICPOPRES1991,1.0,12/09/2022 21:13:35,
164_279_DF_DCIS_RICPOPRES1991_3,IT1,1.0,Valle d'Aosta/Vallée d'Aoste,Valle d'Aosta/Vallée d'Aoste,DCIS_RICPOPRES1991,1.0,2022-12-09T21:13:35.232Z,METADATA_URL
164_279_DF_DCIS_RICPOPRES1991_4,IT1,1.0,Liguria,Liguria,DCIS_RICPOPRES1991,1.0,2022-12-09T21:13:35.232Z,METADATA_URL
164_279_DF_DCIS_RICPOPRES1991_5,IT1,1.0,Lombardia,Lombardia,DCIS_RICPOPRES1991,1.0,2022-12-09T21:13:35.232Z,METADATA_URL
164_279_DF_DCIS_RICPOPRES1991_6,IT1,1.0,Provincia Autonoma Bolzano/Bozen,Provincia Autonoma Bolzano/Bozen,DCIS_RICPOPRES1991,1.0,12/09/2022 21:13:35,
164_279_DF_DCIS_RICPOPRES1991_7,IT1,1.0,Provincia Autonoma Trento,Provincia Autonoma Trento,DCIS_RICPOPRES1991,1.0,12/09/2022 21:13:35,
164_279_DF_DCIS_RICPOPRES1991_8,IT1,1.0,Veneto,Veneto,DCIS_RICPOPRES1991,1.0,2022-12-09T21:13:35.232Z,METADATA_URL
164_279_DF_DCIS_RICPOPRES1991_9,IT1,1.0,Friuli-Venezia Giulia,Friuli-Venezia Giulia,DCIS_RICPOPRES1991,1.0,2022-12-09T21:13:35.232Z,METADATA_URL
164_305,IT1,1.0,Estimated resident population - Years 1991-2001,Popolazione residente ricostruita - Anni 1991-2001,DCIS_RICPOPRES2001,1.0,2022-12-09T21:30:07.480Z,METADATA_URL
164_305_DF_DASH_DCIS_RICPOPRES2001_23,IT1,1.0,All municipalities,Tutti i comuni,DCIS_RICPOPRES2001,1.0,03/02/2026 20:53:35,
164_305_DF_DCIS_RICPOPRES2001_1,IT1,1.0,"Italy, regions, provinces","Italia, regioni, province",DCIS_RICPOPRES2001,1.0,2022-12-09T21:30:07.480Z,METADATA_URL
164_305_DF_DCIS_RICPOPRES2001_10,IT1,1.0,Emilia Romagna,Emilia Romagna,DCIS_RICPOPRES2001,1.0,2022-12-09T21:30:07.480Z,METADATA_URL
164_305_DF_DCIS_RICPOPRES2001_11,IT1,1.0,Toscana,Toscana,DCIS_RICPOPRES2001,1.0,2022-12-09T21:30:07.480Z,METADATA_URL
164_305_DF_DCIS_RICPOPRES2001_12,IT1,1.0,Umbria,Umbria,DCIS_RICPOPRES2001,1.0,2022-12-09T21:30:07.480Z,METADATA_URL
164_305_DF_DCIS_RICPOPRES2001_13,IT1,1.0,Marche,Marche,DCIS_RICPOPRES2001,1.0,2022-12-09T21:30:07.480Z,METADATA_URL
164_305_DF_DCIS_RICPOPRES2001_14,IT1,1.0,Lazio,Lazio,DCIS_RICPOPRES2001,1.0,2022-12-09T21:30:07.480Z,METADATA_URL
164_305_DF_DCIS_RICPOPRES2001_15,IT1,1.0,Abruzzo,Abruzzo,DCIS_RICPOPRES2001,1.0,2022-12-09T21:30:07.480Z,METADATA_URL
164_305_DF_DCIS_RICPOPRES2001_16,IT1,1.0,Molise,Molise,DCIS_RICPOPRES2001,1.0,2022-12-09T21:30:07.480Z,METADATA_URL
164_305_DF_DCIS_RICPOPRES2001_17,IT1,1.0,Campania,Campania,DCIS_RICPOPRES2001,1.0,2022-12-09T21:30:07.480Z,METADATA_URL
164_305_DF_DCIS_RICPOPRES2001_18,IT1,1.0,Puglia,Puglia,DCIS_RICPOPRES2001,1.0,2022-12-09T21:30:07.480Z,METADATA_URL
164_305_DF_DCIS_RICPOPRES2001_19,IT1,1.0,Basilicata,Basilicata,DCIS_RICPOPRES2001,1.0,2022-12-09T21:30:07.480Z,METADATA_URL
164_305_DF_DCIS_RICPOPRES2001_2,IT1,1.0,Piemonte,Piemonte,DCIS_RICPOPRES2001,1.0,2022-12-09T21:30:07.480Z,METADATA_URL
164_305_DF_DCIS_RICPOPRES2001_20,IT1,1.0,Calabria,Calabria,DCIS_RICPOPRES2001,1.0,2022-12-09T21:30:07.480Z,METADATA_URL
164_305_DF_DCIS_RICPOPRES2001_21,IT1,1.0,Sicilia,Sicilia,DCIS_RICPOPRES2001,1.0,2022-12-09T21:30:07.480Z,METADATA_URL
164_305_DF_DCIS_RICPOPRES2001_22,IT1,1.0,Sardegna,Sardegna,DCIS_RICPOPRES2001,1.0,2022-12-09T21:30:07.480Z,METADATA_URL
164_305_DF_DCIS_RICPOPRES2001_23,IT1,1.0,All municipalities,Tutti i comuni,DCIS_RICPOPRES2001,1.0,12/09/2022 21:30:07,
164_305_DF_DCIS_RICPOPRES2001_24,IT1,1.0,Demographic balance from 20 October 1991 to 21 October 2001,Bilancio demografico dal 20 ottobre 1991 al 21 ottobre 2001,DCIS_RICPOPRES2001,1.0,2023-01-27T11:39:59.190Z,METADATA_URL
164_305_DF_DCIS_RICPOPRES2001_3,IT1,1.0,Valle d'Aosta/Vallée d'Aoste,Valle d'Aosta/Vallée d'Aoste,DCIS_RICPOPRES2001,1.0,2022-12-09T21:30:07.480Z,METADATA_URL
164_305_DF_DCIS_RICPOPRES2001_4,IT1,1.0,Liguria,Liguria,DCIS_RICPOPRES2001,1.0,2022-12-09T21:30:07.480Z,METADATA_URL
164_305_DF_DCIS_RICPOPRES2001_5,IT1,1.0,Lombardia,Lombardia,DCIS_RICPOPRES2001,1.0,2022-12-09T21:30:07.480Z,METADATA_URL
164_305_DF_DCIS_RICPOPRES2001_6,IT1,1.0,Provincia Autonoma Bolzano/Bozen,Provincia Autonoma Bolzano/Bozen,DCIS_RICPOPRES2001,1.0,2022-12-09T21:30:07.480Z,METADATA_URL
164_305_DF_DCIS_RICPOPRES2001_7,IT1,1.0,Provincia Autonoma Trento,Provincia Autonoma Trento,DCIS_RICPOPRES2001,1.0,2022-12-09T21:30:07.480Z,METADATA_URL
164_305_DF_DCIS_RICPOPRES2001_8,IT1,1.0,Veneto,Veneto,DCIS_RICPOPRES2001,1.0,2022-12-09T21:30:07.480Z,METADATA_URL
164_305_DF_DCIS_RICPOPRES2001_9,IT1,1.0,Friuli-Venezia Giulia,Friuli-Venezia Giulia,DCIS_RICPOPRES2001,1.0,2022-12-09T21:30:07.480Z,METADATA_URL
164_346,IT1,1.0,Estimated resident population - Years 1952-1971,Popolazione residente ricostruita - Anni 1952-1971,DCIS_RICPOPRES1971,1.0,03/24/2022 08:46:28,METADATA_URL
164_346_DF_DCIS_RICPOPRES1971_1,IT1,1.0,Intercensal resident population estimates - Years 1952-1971,Ricostruzione intercensuaria della popolazione residente - Anni 1952-1971,DCIS_RICPOPRES1971,1.0,02/02/2022 14:56:15,METADATA_URL
164_347,IT1,1.0,Estimated resident population - Years 1972-1981,Popolazione residente ricostruita - Anni 1972-1981,DCIS_RICPOPRES1981,1.0,03/24/2022 08:44:26,METADATA_URL
164_347_DF_DCIS_RICPOPRES1981_1,IT1,1.0,Intercensal resident population estimates - Years 1972-1981,Ricostruzione intercensuaria della popolazione residente - Anni 1972-1981,DCIS_RICPOPRES1981,1.0,02/02/2022 15:02:47,METADATA_URL
165_1167,IT1,1.0,Households projections - Years 2024-2050,Previsioni delle famiglie - Anni 2024-2050,DCIS_PREVFAM,1.0,07/28/2025 09:57:52,
165_1167_DF_DCIS_PREVFAM_1,IT1,1.0,Projected persons living in households by living arrangement and five-years age class - Median scenario,Popolazione residente che vive in famiglia per posizione familiare e classi quinquennali di età - Scenario mediano,DCIS_PREVFAM,1.0,07/28/2025 09:57:52,
165_1167_DF_DCIS_PREVFAM_2,IT1,1.0,Households and average household size by household type - Medium scenario,Famiglie e numero medio di componenti familiari per tipologia familiare  - Scenario mediano,DCIS_PREVFAM,1.0,07/28/2025 09:57:52,
165_1245,IT1,1.0,Municipal population projections - Years 2024-2050,Previsioni comunali della popolazione - Anni 2024-2050,DCIS_PREVCOM,1.0,2025-07-28T09:34:57.539Z,
165_1245_DF_DCIS_PREVCOM_1,IT1,1.0,Municipal projections: Population by sex and five-years age class - Median scenario,Previsioni comunali: Popolazione residente per sesso e classi quinquennali di età - Scenario mediano,DCIS_PREVCOM,1.0,07/28/2025 09:34:57,
165_1245_DF_DCIS_PREVCOM_2,IT1,1.0,Municipal projections: Population change components - Median scenario,Previsioni comunali: Componenti del bilancio demografico - Scenario mediano,DCIS_PREVCOM,1.0,07/28/2025 09:34:57,
165_1245_DF_DCIS_PREVCOM_3,IT1,1.0,Municipal projections: Vital and migration rates - Median scenario,Previsioni comunali: Tassi generici del movimento demografico - Scenario mediano,DCIS_PREVCOM,1.0,07/28/2025 09:34:57,
165_1245_DF_DCIS_PREVCOM_4,IT1,1.0,Municipal projections: Main demographic indicators - Median scenario,Previsioni comunali: Principali indicatori strutturali - Scenario mediano,DCIS_PREVCOM,1.0,07/28/2025 09:34:57,
165_889,IT1,1.0,Demographic projections - Years 2024-2080,Previsioni della popolazione  - Anni 2024-2080,DCIS_PREVDEM1,1.0,07/28/2025 10:01:51,
165_889_DF_DCIS_PREVDEM1_1,IT1,1.0,Population on 1st january,Popolazione al 1° gennaio,DCIS_PREVDEM1,1.0,07/28/2025 10:01:51,
165_889_DF_DCIS_PREVDEM1_2,IT1,1.0,Population change components,Componenti del bilancio demografico,DCIS_PREVDEM1,1.0,07/28/2025 10:01:51,
165_889_DF_DCIS_PREVDEM1_3,IT1,1.0,Demographic indicators,Indicatori demografici,DCIS_PREVDEM1,1.0,07/28/2025 10:01:51,
167_33,IT1,1.0,Nic - monthly data from 2011 until 2015 (base 2010),Nic - mensili dal 2011 al 2015 (base 2010),DCSP_NICUNOBB2010,1.0,2023-08-30T14:23:04.884Z,
167_33_DF_DCSP_NICUNOBB2010_1,IT1,1.0,Product types,Tipologie di prodotto,DCSP_NICUNOBB2010,1.0,08/30/2023 14:23:04,
167_33_DF_DCSP_NICUNOBB2010_2,IT1,1.0,Coicop classification (3 digit) - prov.,Classificazione Coicop (3 cifre) - prov.,DCSP_NICUNOBB2010,1.0,08/30/2023 14:23:04,
167_33_DF_DCSP_NICUNOBB2010_3,IT1,1.0,Coicop classification (5 digit),Classificazione Coicop (5 cifre),DCSP_NICUNOBB2010,1.0,08/30/2023 14:23:04,
167_34_DF_DCSP_NICDUEB2010_1,IT1,1.0,Product types,Tipologie di prodotto,DCSP_NICDUEB2010,1.0,08/30/2023 10:23:11,
167_34_DF_DCSP_NICDUEB2010_2,IT1,1.0,Ecoicop classification (3 digit) - prov.,Classificazione Ecoicop (3 cifre) - prov.,DCSP_NICDUEB2010,1.0,08/30/2023 10:23:11,
167_34_DF_DCSP_NICDUEB2010_3,IT1,1.0,Ecoicop classification (5 digit),Classificazione Ecoicop (5 cifre),DCSP_NICDUEB2010,1.0,08/30/2023 10:23:11,
167_35_DF_DCSP_NICTREB2010_1,IT1,1.0,Product types,Tipologie di prodotto,DCSP_NICTREB2010,1.0,02/02/2023 19:25:51,
167_35_DF_DCSP_NICTREB2010_2,IT1,1.0,Coicop classification (3 digit) - reg.,Classificazione Coicop (3 cifre) - reg.,DCSP_NICTREB2010,1.0,02/02/2023 19:29:33,
167_35_DF_DCSP_NICTREB2010_3,IT1,1.0,Coicop classification (5 digit),Classificazione Coicop (5 cifre),DCSP_NICTREB2010,1.0,02/02/2023 19:32:24,
167_742,IT1,1.0,Nic – annual average from 2016 onwards(base 2015),Nic - medie annue dal 2016 (base 2015),DCSP_NIC2B2015,1.0,2026-01-16T09:36:15.132Z,
167_742_DF_DCSP_NIC2B2015_1,IT1,1.0,Consumer prices for the whole nation (Nic) – annual average from 2016 onwards(base 2015) - Key data,Prezzi al consumo per l’intera collettività (Nic) - medie annue dal 2016 (base 2015) - Principali dati,DCSP_NIC2B2015,1.0,2026-01-16T09:36:15.132Z,
167_742_DF_DCSP_NIC2B2015_2,IT1,1.0,Product types,Tipologie di prodotto,DCSP_NIC2B2015,1.0,2026-01-16T09:36:15.132Z,
167_742_DF_DCSP_NIC2B2015_3,IT1,1.0,Ecoicop classification (3 digit) - prov.,Classificazione Ecoicop (3 cifre) - prov.,DCSP_NIC2B2015,1.0,2026-01-16T09:36:15.132Z,
167_742_DF_DCSP_NIC2B2015_4,IT1,1.0,Ecoicop classification (5 digit),Classificazione Ecoicop (5 cifre),DCSP_NIC2B2015,1.0,2026-01-16T09:36:15.132Z,
167_743,IT1,1.0,Nic – weights from 2016,Nic - pesi dal 2016,DCSP_NIC3B2015,1.0,2025-02-21T09:23:14.222Z,
167_743_DF_DCSP_DCSP_NIC3EC2_3,IT1,1.0,Ecoicop 2 classification (6 digit),Classificazione ECOICOP vers.2 (6 cifre),DCSP_NIC3EC2,1.0,2026-06-11T11:16:28.028Z,
167_743_DF_DCSP_NIC3B2015_1,IT1,1.0,Consumer prices for the whole nation (Nic) - weights from 2016 - Key data,Prezzi al consumo per l’intera collettività (Nic) - pesi dal 2016 - Principali dati,DCSP_NIC3B2015,1.0,2025-07-03T07:41:14.285Z,
167_743_DF_DCSP_NIC3B2015_2,IT1,1.0,Product types,Tipologie di prodotto,DCSP_NIC3B2015,1.0,2025-02-21T09:23:14.222Z,
167_743_DF_DCSP_NIC3B2015_3,IT1,1.0,Ecoicop classification (5 digit),Classificazione Ecoicop (5 cifre),DCSP_NIC3B2015,1.0,2025-02-21T09:23:14.222Z,
167_744,IT1,1.0,Nic - monthly data from 2016 onwards(base 2015),Nic - mensili dal 2016 (base 2015),DCSP_NIC1B2015,1.0,2026-01-16T09:02:43.334Z,
167_744_DF_DCSP_NIC1B2015_1,IT1,1.0,Consumer prices for the whole nation (Nic) - monthly data from 2016 onwards (base 2015) - Key data,Prezzi al consumo per l’intera collettività (Nic) - mensili dal 2016 (base 2015) - Principali dati,DCSP_NIC1B2015,1.0,2026-01-16T09:02:43.334Z,
167_744_DF_DCSP_NIC1B2015_2,IT1,1.0,Product types,Tipologie di prodotto,DCSP_NIC1B2015,1.0,2026-01-16T09:02:43.334Z,
167_744_DF_DCSP_NIC1B2015_3,IT1,1.0,Ecoicop classification (3 digit) - prov.,Classificazione Ecoicop (3 cifre) - prov.,DCSP_NIC1B2015,1.0,2026-01-16T09:02:43.334Z,
167_744_DF_DCSP_NIC1B2015_4,IT1,1.0,Ecoicop classification (5 digit),Classificazione Ecoicop (5 cifre),DCSP_NIC1B2015,1.0,2026-01-16T09:02:43.334Z,
167_745,IT1,1.0,Nic - monthly data from 2026 onwards (base 2025),Nic - mensili dal 2026 (base 2025),DCSP_NIC1B2025,1.0,2026-07-31T09:00:52.696Z,
167_745_DF_DCSP_NIC1B2025_1,IT1,1.0,Consumer prices for the whole nation (Nic) - monthly data from 2026 onwards (base 2025) - Key data,Prezzi al consumo per l’intera collettività (Nic) - mensili dal 2026 (base 2025) - Principali dati,DCSP_NIC1B2025,1.0,2026-07-31T09:00:52.696Z,
167_745_DF_DCSP_NIC1B2025_2,IT1,1.0,Product types,Tipologie di prodotto,DCSP_NIC1B2025,1.0,2026-07-31T09:00:52.696Z,
167_745_DF_DCSP_NIC1B2025_3,IT1,1.0,Ecoicop 2 classification (3 digit) - prov.,Classificazione Ecoicop 2 (3 cifre) - prov.,DCSP_NIC1B2025,1.0,2026-07-31T09:00:52.696Z,
167_745_DF_DCSP_NIC1B2025_4,IT1,1.0,Ecoicop 2 classification (5 digit),Classificazione Ecoicop 2 (5 cifre),DCSP_NIC1B2025,1.0,2026-07-31T09:00:52.696Z,
167_745_DF_DCSP_NIC1B2025_5,IT1,1.0,"Consumer prices for the whole nation (Nic) - monthly data from 1996 to 2025 (bases 1995, 2010, 2015) - Ecoicop 2","Prezzi al consumo per l’intera collettività (Nic) - mensili dal 1996 al 2025 (basi 1995, 2010, 2015) - Ecoicop 2",DCSP_NIC1B2025,1.0,2026-06-04T15:20:33.736Z,
167_745_DF_DCSP_NIC1B2025_6,IT1,1.0,Consumer prices for the whole nation (Nic) - monthly data -all bases - Ecoicop 2,Prezzi al consumo per l’intera collettività (Nic) - mensili - tutte le basi - Ecoicop 2,DCSP_NIC1B2025,1.0,2026-07-31T09:00:52.696Z,
167_746,IT1,1.0,Nic – weights from 2026 - Ecoicop 2,Nic – pesi dal 2026 - Ecoicop 2,DCSP_NIC3EC2,1.0,2026-06-11T11:16:28.028Z,
167_746_DF_DCSP_NIC3EC2_1,IT1,1.0,Consumer prices for the whole nation (Nic) - Key data,Prezzi al consumo per l’intera collettività (Nic) - Principali dati,DCSP_NIC3EC2,1.0,2026-06-11T11:16:28.028Z,
167_746_DF_DCSP_NIC3EC2_2,IT1,1.0,Product types,Tipologie di prodotto,DCSP_NIC3EC2,1.0,2026-06-11T11:16:28.028Z,
167_747,IT1,1.0,Nic - annual data from 2026 (base  2025) - Ecoicop 2,Nic - medie annue dal 2026 (base  2025) - Ecoicop 2,DCSP_NIC2B2025,1.0,2026-06-05T09:26:16.685Z,
167_747_DCSP_NIC2B2025_1,IT1,1.0,"Consumer prices for the whole nation (Nic) - annual data from 1996 to 2025 (bases 1995, 2010, 2015) - Ecoicop 2","Prezzi al consumo per l’intera collettività (Nic) - medie annue dal 1996 al 2025 (basi 1995, 2010, 2015) - Ecoicop 2",DCSP_NIC2B2025,1.0,2026-06-05T09:26:16.685Z,
168_2,IT1,1.0,Hicp - monthly and quarterly data from 2001 until 2015(base 2005),Ipca - mensili e trimestrali dal 2001 al 2015 (base 2005),DCSP_IPCA1,1.0,2024-04-18T07:07:38.770Z,
168_261_DF_DCSP_IPCATC2_1,IT1,1.0,Hicp - at constant tax rates annual average (base 2005),Ipca - medie annue a tassazione costante (base 2005),DCSP_IPCATC2,1.0,07/12/2023 11:30:17,
168_2_DF_DCSP_IPCA1_1,IT1,1.0,Coicop classification (4 digit),Classificazione Coicop (4 cifre),DCSP_IPCA1,1.0,08/07/2023 18:27:42,
168_2_DF_DCSP_IPCA1_2,IT1,1.0,Special aggregates,Aggregati speciali,DCSP_IPCA1,1.0,08/07/2023 18:27:42,
168_2_DF_DCSP_IPCA1_3,IT1,1.0,Expcla monthly data (base 2005),Mensili per classi di spesa (base 2005),DCSP_IPCA1,1.0,08/07/2023 18:27:42,
168_2_DF_DCSP_IPCA1_4,IT1,1.0,Expcla quarterly data (base 2005),Trimestrali per classi di spesa (base 2005),DCSP_IPCA1,1.0,08/07/2023 18:27:42,
168_306_DF_DCSP_IPCATC1_1,IT1,1.0,Hicp - at constant tax rates monthly data (base 2005),Ipca - mensili a tassazione costante (base 2005),DCSP_IPCATC1,1.0,07/12/2023 11:33:11,
168_307,IT1,1.0,Hicp - at constant tax rates monthly data (base 2025),Ipca - mensili a tassazione costante (base 2025),DCSP_IPCATC1B2025,1.0,2026-07-16T08:00:48.349Z,
168_307_DF_DCSP_IPCATC1B2025_1,IT1,1.0,Hicp - at constant tax rates monthly data from 2006 (base 2025) - Ecoicop 2,Ipca a tassazione costante mensili dal 2006 (base 2025)- Ecoicop 2,DCSP_IPCATC1B2025,1.0,2026-07-17T10:30:59.160Z,
168_5_DF_DCSP_IPCA2_1,IT1,1.0,Coicop classification (4 digit),Classificazione Coicop (4 cifre),DCSP_IPCA2,1.0,08/30/2023 08:17:34,
168_5_DF_DCSP_IPCA2_2,IT1,1.0,Special aggregates,Aggregati speciali,DCSP_IPCA2,1.0,08/30/2023 08:17:34,
168_5_DF_DCSP_IPCA2_3,IT1,1.0,Expcla annual average (base 2005),Medie annue per classi di spesa (base 2005),DCSP_IPCA2,1.0,08/30/2023 08:17:34,
168_6,IT1,1.0,Hicp - weights  from 2001,Ipca - pesi dal 2001,DCSP_IPCA3,1.0,2025-12-01T16:13:32.540Z,
168_6_DF_DCSP_IPCA3_1,IT1,1.0,Ecoicop classification (4 digit),Classificazione Ecoicop (4 cifre),DCSP_IPCA3,1.0,2025-02-21T09:00:17.894Z,
168_6_DF_DCSP_IPCA3_2,IT1,1.0,Special aggregates,Aggregati speciali,DCSP_IPCA3,1.0,2025-02-21T09:00:17.894Z,
168_6_DF_DCSP_IPCA3_3,IT1,1.0,Expcla (from 2005),Classi di spesa (dal 2005),DCSP_IPCA3,1.0,2025-12-01T16:13:32.540Z,
168_7,IT1,1.0,Hicp - weights from 1996 - Ecoicop 2,Ipca - pesi dal 1996 - Ecoicop 2,DCSP_IPCA3EC2,1.0,2026-07-16T10:13:02.554Z,
168_756,IT1,1.0,Hicp - at constant tax rates monthly data (base 2015),Ipca - mensili a tassazione costante (base 2015),DCSP_IPCATC1B2015,1.0,2026-01-16T09:17:45.745Z,
168_756_DF_DCSP_IPCATC1B2015_1,IT1,1.0,Hicp - at constant tax rates monthly data (base 2015),Ipca - mensili a tassazione costante (base 2015),DCSP_IPCATC1B2015,1.0,2026-01-16T09:17:45.745Z,
168_757,IT1,1.0,Hicp- at constant tax rates annual data (base 2015),Ipca - medie annue a tassazione costante (base 2015),DCSP_IPCATC2B2015,1.0,2026-01-16T09:02:23.904Z,
168_757_DF_DCSP_IPCATC2B2015_1,IT1,1.0,Hicp - at constant tax rates annual average (base 2015),Ipca - medie annue a tassazione costante (base 2015),DCSP_IPCATC2B2015,1.0,2026-01-16T09:02:23.904Z,
168_758,IT1,1.0,Hicp - annual data from 2001 (base 2015),Ipca - medie annue dal 2001 (base 2015),DCSP_IPCA2B2015,1.0,2026-01-16T11:51:53.139Z,
168_758_DF_DCSP_IPCA2B2015_1,IT1,1.0,Ecoicop classification (4 digit),Classificazione Ecoicop (4 cifre),DCSP_IPCA2B2015,1.0,2026-01-16T09:25:06.089Z,
168_758_DF_DCSP_IPCA2B2015_2,IT1,1.0,Special aggregates (5 digit),Aggregati speciali (5 cifre),DCSP_IPCA2B2015,1.0,2026-01-16T09:25:06.089Z,
168_758_DF_DCSP_IPCA2B2015_3,IT1,1.0,Expcla (from 2005),Classi di spesa (dal 2005),DCSP_IPCA2B2015,1.0,2026-01-16T11:51:53.139Z,
168_760,IT1,1.0,Hicp - monthly data from 2001,Ipca - mensili dal 2001 (base 2015),DCSP_IPCA1B2015,1.0,2026-01-16T09:01:08.887Z,
168_760_DF_DCSP_IPCA1B2015_1,IT1,1.0,Ecoicop classification (4 digit),Classificazione Ecoicop (4 cifre),DCSP_IPCA1B2015,1.0,2026-01-16T09:01:08.887Z,
168_760_DF_DCSP_IPCA1B2015_2,IT1,1.0,Special aggregates (5 digit),Aggregati speciali (5 cifre),DCSP_IPCA1B2015,1.0,2026-01-16T09:01:08.887Z,
168_760_DF_DCSP_IPCA1B2015_3,IT1,1.0,Expcla,Classi di spesa,DCSP_IPCA1B2015,1.0,2026-01-16T09:01:08.887Z,
168_761,IT1,1.0,Ipca - mensili dal 1996 (base 2025),Ipca - mensili dal 1996 (base 2025),DCSP_IPCA1B2025,1.0,2026-07-31T09:05:38.195Z,
168_761_DF_DCSP_IPCA1B2025_1,IT1,1.0,Ecoicop 2 classification (4 digit),Ecoicop 2 classificazione (4 cifre),DCSP_IPCA1B2025,1.0,2026-07-31T09:05:38.195Z,
168_761_DF_DCSP_IPCA1B2025_2,IT1,1.0,Special aggregates (5 digit),Aggregati speciali (5 cifre),DCSP_IPCA1B2025,1.0,2026-07-31T09:05:38.195Z,
168_761_DF_DCSP_IPCA1B2025_3,IT1,1.0,Hicp quarter- expcla (from 2005),Ipca trimestrali - classi di spesa (dal 2005),DCSP_IPCA1B2025,1.0,2026-07-16T09:41:06.987Z,
168_762,IT1,1.0,Hicp - annual data from 1996 (base 2025) - Ecoicop 2,Ipca - medie annue dal 1996 (base 2025) - Ecoicop 2,DCSP_IPCA2B2025,1.0,2026-07-23T14:29:29.440Z,
168_762_DF_DCSP_IPCA2B2025_1,IT1,1.0,Hicp - annual data from 1996 (base 2025) - Ecoicop 2,Ipca - medie annue dal 1996 (base 2025) - Ecoicop 2,DCSP_IPCA2B2025,1.0,2026-03-13T11:34:36.760Z,
168_762_DF_DCSP_IPCA2B2025_2,IT1,1.0,Hicp annual data - expcla (from 2005),Ipca medie annue - classi di spesa (dal 2005),DCSP_IPCA2B2025,1.0,2026-07-23T14:35:34.134Z,
168_7_DF_DCSP_IPCA3EC2_1,IT1,1.0,Hicp – Ecoicop 2 classification (4 digit),Ipca – Classificazione ECOICOP vers.2 (4 cifre),DCSP_IPCA3EC2,1.0,2026-02-27T14:51:52.529Z,
168_7_DF_DCSP_IPCA3EC2_2,IT1,1.0,Special aggregates,Ipca – Aggregati speciali,DCSP_IPCA3EC2,1.0,2026-02-23T08:39:22.525Z,
168_7_DF_DCSP_IPCA3EC2_3,IT1,1.0,Hicp weights- expcla (from 2005),Ipca pesi- classi di spesa (dal 2005),DCSP_IPCA3EC2,1.0,2026-07-16T10:52:46.166Z,
169_15_DF_DCSP_FOI1B2010_1,IT1,1.0,Foi - monthly data from 2011 to 2015 (base 2010),Foi - mensili dal 2011 al 2015 (base 2010),DCSP_FOI1B2010,1.0,08/29/2023 11:15:54,
169_28_DF_DCSP_FOI2B2010_1,IT1,1.0,Foi - annual data from 2011 to 2015 (base 2010),Foi - medie annue dal 2011 al 2015 (base 2010),DCSP_FOI2B2010,1.0,2024-04-17T10:55:59.292Z,
169_30_DF_DCSP_FOI3B2010_1,IT1,1.0,Foi – weights from 2011 to 2015,Foi – pesi dal 2011 al 2015,DCSP_FOI3B2010,1.0,02/04/2023 18:06:11,
169_745,IT1,1.0,Foi - monthly data from 2016 (base 2015),Foi - mensili dal 2016 (base 2015),DCSP_FOI1B2015,1.0,2026-01-16T09:00:36.454Z,
169_745_DF_DCSP_FOI1B2015_1,IT1,1.0,Foi - monthly data from 2016 (base 2015),Foi - mensili dal 2016 (base 2015),DCSP_FOI1B2015,1.0,2026-01-16T09:00:36.454Z,
169_746,IT1,1.0,Foi - annual data from 2016 (base 2015),Foi - medie annue dal 2016 (base 2015),DCSP_FOI2B2015,1.0,2026-01-16T09:00:55.359Z,
169_746_DF_DCSP_FOI2B2015_1,IT1,1.0,Foi - annual data from 2016 (base 2015),Foi - medie annue dal 2016 (base 2015),DCSP_FOI2B2015,1.0,2026-01-16T09:00:55.359Z,
169_747,IT1,1.0,Foi - weights from 2016 onwards,Foi - pesi dal 2016,DCSP_FOI3B2015,1.0,2025-02-21T09:00:28.500Z,
169_747_DF_DCSP_FOI3B2015_1,IT1,1.0,Foi - weights from 2016 onwards,Foi - pesi dal 2016,DCSP_FOI3B2015,1.0,2025-02-21T09:00:28.500Z,
169_748,IT1,1.0,Foi - annual data from 2026 (base 2025),Foi - mensili dal 2026 (base 2025),DCSP_FOI1B2025,1.0,2026-07-16T08:00:43.985Z,
169_748_DF_DCSP_FOI1B2025_1,IT1,1.0,Foi - monthly data from 2026 (base 2025) - Ecoicop 2,Foi - mensili dal 2026 (base 2025) - Ecoicop 2,DCSP_FOI1B2025,1.0,2026-07-16T08:00:43.985Z,
169_748_DF_DCSP_FOI1B2025_2,IT1,1.0,"Foi - monthly data from 1996 to 2025 (bases 1995, 2010, 2015) - Ecoicop 2","Foi - mensili dal 1996 al 2025 (basi 1995, 2010, 2015) - Ecoicop 2",DCSP_FOI1B2025,1.0,2026-03-20T16:17:32.204Z,
169_749,IT1,1.0,Foi - weights from 1996 onwards - Ecoicop 2,Foi - pesi dal 1996 - Ecoicop 2,DCSP_FOI3EC2,1.0,2026-04-02T14:24:49.101Z,
169_749_DF_DCSP_FOI3EC2_1,IT1,1.0,Foi - weights from 1996 onwards - Ecoicop 2,Foi - pesi dal 1996 - Ecoicop 2,DCSP_FOI3EC2,1.0,2026-03-20T16:15:00.636Z,
169_750,IT1,1.0,Foi - annual data from 2026 (base 2025) - Ecoicop 2,Foi - medie annue dal 2026 (base 2025) -  Ecoicop 2,DCSP_FOI2B2025,1.0,2026-04-02T14:02:29.967Z,
169_750_DF_DCSP_FOI2B2025_1,IT1,1.0,"Foi - annual data from 1996 to 2025 (bases 1995, 2010, 2015) - Ecoicop 2","Foi - medie annue dal 1996 al 2025 (basi 1995, 2010, 2015) - Ecoicop 2",DCSP_FOI2B2025,1.0,2026-03-20T16:51:25.015Z,
172_1197,IT1,1.0,Supplementary  indicators to unemployment- previous regulation (until 2020),Indicatori  complementari - regolamento precedente (fino al 2020),DCCV_COMPL1_UNT2020,1.0,2023-12-04T09:52:55.107Z,
172_1197_DF_DCCV_COMPL1_UNT2020_1,IT1,1.0,"Potential additional labour force - highest level of education attained, age","Forze lavoro potenziali - titolo di studio, età",DCCV_COMPL1_UNT2020,1.0,2023-12-04T09:52:55.107Z,
172_1197_DF_DCCV_COMPL1_UNT2020_10,IT1,1.0,"Persons available to work but not seeking - highest level of education attained, citizenship","Non cercano ma disponibili - titolo di studio, cittadinanza",DCCV_COMPL1_UNT2020,1.0,2023-12-04T09:52:55.107Z,
172_1197_DF_DCCV_COMPL1_UNT2020_11,IT1,1.0,Persons available to work but not seeking - main reason for not seeking employment,Non cercano ma disponibili - motivo principale della mancata ricerca,DCCV_COMPL1_UNT2020,1.0,2023-12-04T09:52:55.107Z,
172_1197_DF_DCCV_COMPL1_UNT2020_12,IT1,1.0,"Persons available to work but not seeking - citizenship, main status","Non cercano ma disponibili - cittadinanza, condizione dichiarata",DCCV_COMPL1_UNT2020,1.0,2023-12-04T09:52:55.107Z,
172_1197_DF_DCCV_COMPL1_UNT2020_13,IT1,1.0,Persons available to work but not seeking - regional data,Non cercano ma disponibili - reg.,DCCV_COMPL1_UNT2020,1.0,2023-12-04T09:52:55.107Z,
172_1197_DF_DCCV_COMPL1_UNT2020_14,IT1,1.0,Persons available to work but not seeking (%) - age,Non cercano ma disponibili (%) - età,DCCV_COMPL1_UNT2020,1.0,2023-12-04T09:52:55.107Z,
172_1197_DF_DCCV_COMPL1_UNT2020_15,IT1,1.0,"Persons available to work but not seeking (%) - highest level of education attained, citizenship","Non cercano ma disponibili (%) - titolo di studio, cittadinanza",DCCV_COMPL1_UNT2020,1.0,2023-12-04T09:52:55.107Z,
172_1197_DF_DCCV_COMPL1_UNT2020_16,IT1,1.0,Persons available to work but not seeking (%) - regional data,Non cercano ma disponibili (%) - reg.,DCCV_COMPL1_UNT2020,1.0,2023-12-04T09:52:55.107Z,
172_1197_DF_DCCV_COMPL1_UNT2020_17,IT1,1.0,Persons seeking work but not immediately available - gender,Cercano lavoro ma non immediatamente disponibili - sesso,DCCV_COMPL1_UNT2020,1.0,2023-12-04T09:52:55.107Z,
172_1197_DF_DCCV_COMPL1_UNT2020_18,IT1,1.0,Persons seeking work but not immediately available - age,Cercano lavoro ma non immediatamente disponibili - età,DCCV_COMPL1_UNT2020,1.0,2023-12-04T09:52:55.107Z,
172_1197_DF_DCCV_COMPL1_UNT2020_19,IT1,1.0,Persons seeking work but not immediately available - highest level of education attained,Cercano lavoro ma non immediatamente disponibili - titolo di studio,DCCV_COMPL1_UNT2020,1.0,2023-12-04T09:52:55.107Z,
172_1197_DF_DCCV_COMPL1_UNT2020_2,IT1,1.0,"Potential additional labour force - citizenship, main status","Forze lavoro potenziali - cittadinanza, condizione dichiarata",DCCV_COMPL1_UNT2020,1.0,2023-12-04T09:52:55.107Z,
172_1197_DF_DCCV_COMPL1_UNT2020_20,IT1,1.0,Persons seeking work but not immediately available - citizenship,Cercano lavoro ma non immediatamente disponibili - cittadinanza,DCCV_COMPL1_UNT2020,1.0,2023-12-04T09:52:55.107Z,
172_1197_DF_DCCV_COMPL1_UNT2020_21,IT1,1.0,Persons seeking work but not immediately available (%) - sex,Cercano lavoro ma non immediatamente disponibili (%) - sesso,DCCV_COMPL1_UNT2020,1.0,2023-12-04T09:52:55.107Z,
172_1197_DF_DCCV_COMPL1_UNT2020_22,IT1,1.0,Persons seeking work but not immediately available (%) - age,Cercano lavoro ma non immediatamente disponibili (%) - età,DCCV_COMPL1_UNT2020,1.0,2023-12-04T09:52:55.107Z,
172_1197_DF_DCCV_COMPL1_UNT2020_23,IT1,1.0,Persons seeking work but not immediately available (%) - highest level of education attained,Cercano lavoro ma non immediatamente disponibili (%) - titolo di studio,DCCV_COMPL1_UNT2020,1.0,2023-12-04T09:52:55.107Z,
172_1197_DF_DCCV_COMPL1_UNT2020_24,IT1,1.0,Persons seeking work but not immediately available (%) - citizenship,Cercano lavoro ma non immediatamente disponibili (%) - cittadinanza,DCCV_COMPL1_UNT2020,1.0,2023-12-04T09:52:55.107Z,
172_1197_DF_DCCV_COMPL1_UNT2020_25,IT1,1.0,Underemployed part-time workers and involuntary part-time - age,Sottoccupati e part time involontario - età,DCCV_COMPL1_UNT2020,1.0,2023-12-04T09:52:55.107Z,
172_1197_DF_DCCV_COMPL1_UNT2020_26,IT1,1.0,"Underemployed part-time workers and involuntary part-time - highest level of education attained, citizenship","Sottoccupati e part time involontario - titolo di studio, cittadinanza",DCCV_COMPL1_UNT2020,1.0,2023-12-04T09:52:55.107Z,
172_1197_DF_DCCV_COMPL1_UNT2020_27,IT1,1.0,"Underemployed part-time workers and involuntary part-time - professional status, Nace 2007","Sottoccupati e part time involontario - posizione professionale, settore economico di impiego (Ateco 2007)",DCCV_COMPL1_UNT2020,1.0,2023-12-04T09:52:55.107Z,
172_1197_DF_DCCV_COMPL1_UNT2020_28,IT1,1.0,"Underemployed part-time workers and involuntary part-time - professional status, Nace 2002","Sottoccupati e part time involontario - posizione professionale, settore economico di impiego (Ateco 2002)",DCCV_COMPL1_UNT2020,1.0,2023-12-04T09:52:55.107Z,
172_1197_DF_DCCV_COMPL1_UNT2020_29,IT1,1.0,Underemployed part-time workers and involuntary part-time (%) - age,Sottoccupati e part time involontario (%) - età,DCCV_COMPL1_UNT2020,1.0,2023-12-04T09:52:55.107Z,
172_1197_DF_DCCV_COMPL1_UNT2020_3,IT1,1.0,Potential additional labour - regional data,Forze lavoro potenziali - reg.,DCCV_COMPL1_UNT2020,1.0,2023-12-04T09:52:55.107Z,
172_1197_DF_DCCV_COMPL1_UNT2020_30,IT1,1.0,"Underemployed part-time workers and involuntary part-time (%) - highest level of education attained, citizenship","Sottoccupati e part time involontario (%) - titolo di studio, cittadinanza",DCCV_COMPL1_UNT2020,1.0,2023-12-04T09:52:55.107Z,
172_1197_DF_DCCV_COMPL1_UNT2020_31,IT1,1.0,"Underemployed part-time workers and involuntary part-time (%) - professional status, Nace 2007","Sottoccupati e part time involontario (%) - posizione professionale, settore economico di impiego (Ateco 2007)",DCCV_COMPL1_UNT2020,1.0,2023-12-04T09:52:55.107Z,
172_1197_DF_DCCV_COMPL1_UNT2020_32,IT1,1.0,"Underemployed part-time workers and involuntary part-time (%) - professional status, Nace 2002","Sottoccupati e part time involontario (%) - posizione professionale, settore economico di impiego (Ateco 2002)",DCCV_COMPL1_UNT2020,1.0,2023-12-04T09:52:55.107Z,
172_1197_DF_DCCV_COMPL1_UNT2020_33,IT1,1.0,"Non partecipation rate - highest level of education attained, age","Tasso di mancata partecipazione - titolo di studio, età",DCCV_COMPL1_UNT2020,1.0,2023-12-04T09:52:55.107Z,
172_1197_DF_DCCV_COMPL1_UNT2020_34,IT1,1.0,"Non partecipation rate - highest level of education attained, citizenship","Tasso di mancata partecipazione - titolo di studio, cittadinanza",DCCV_COMPL1_UNT2020,1.0,2023-12-04T09:52:55.107Z,
172_1197_DF_DCCV_COMPL1_UNT2020_35,IT1,1.0,"Non partecipation rate - age, regional data","Tasso di mancata partecipazione - età, reg.",DCCV_COMPL1_UNT2020,1.0,2023-12-04T09:52:55.107Z,
172_1197_DF_DCCV_COMPL1_UNT2020_36,IT1,1.0,"Non partecipation rate - highest level of education attained, regional data","Tasso di mancata partecipazione - titolo di studio, reg.",DCCV_COMPL1_UNT2020,1.0,2023-12-04T09:52:55.107Z,
172_1197_DF_DCCV_COMPL1_UNT2020_37,IT1,1.0,Non partecipation rate - provincial data,Tasso di mancata partecipazione - prov.,DCCV_COMPL1_UNT2020,1.0,2023-12-04T09:52:55.107Z,
172_1197_DF_DCCV_COMPL1_UNT2020_4,IT1,1.0,Potential additional labour force - provincial data,Forze lavoro potenziali - prov.,DCCV_COMPL1_UNT2020,1.0,2023-12-04T09:52:55.107Z,
172_1197_DF_DCCV_COMPL1_UNT2020_5,IT1,1.0,"Potential additional labour force (%) - highest level of education attained, age","Forze lavoro potenziali (%) - titolo di studio, età",DCCV_COMPL1_UNT2020,1.0,2023-12-04T09:52:55.107Z,
172_1197_DF_DCCV_COMPL1_UNT2020_6,IT1,1.0,Potential additional labour force (%) - citizenship,Forze lavoro potenziali (%) - cittadinanza,DCCV_COMPL1_UNT2020,1.0,2023-12-04T09:52:55.107Z,
172_1197_DF_DCCV_COMPL1_UNT2020_7,IT1,1.0,Potential additional labour (%) - regional data,Forze lavoro potenziali (%) - reg.,DCCV_COMPL1_UNT2020,1.0,2023-12-04T09:52:55.107Z,
172_1197_DF_DCCV_COMPL1_UNT2020_8,IT1,1.0,Potential additional labour force (%) - provincial data,Forze lavoro potenziali (%) - prov.,DCCV_COMPL1_UNT2020,1.0,2023-12-04T09:52:55.107Z,
172_1197_DF_DCCV_COMPL1_UNT2020_9,IT1,1.0,Persons available to work but not seeking - age,Non cercano ma disponibili - età,DCCV_COMPL1_UNT2020,1.0,2023-12-04T09:52:55.107Z,
172_1198,IT1,1.0,"Young  people not in employment, education or training- previous regulation (until 2020)",NEET  (giovani non occupati e non in istruzione e formazione) - regolamento precedente (fino al 2020),DCCV_NEET1_UNT2020,1.0,2023-12-12T12:51:23.207Z,
172_1198_DF_DCCV_NEET1_UNT2020_1,IT1,1.0,"European labour status, age","Condizione professionale europea, età",DCCV_NEET1_UNT2020,1.0,2023-12-12T12:51:23.207Z,
172_1198_DF_DCCV_NEET1_UNT2020_10,IT1,1.0,Role in household (%),Ruolo in famiglia (%),DCCV_NEET1_UNT2020,1.0,2023-12-12T12:51:23.207Z,
172_1198_DF_DCCV_NEET1_UNT2020_11,IT1,1.0,Regional data (%),Dati regionali (%),DCCV_NEET1_UNT2020,1.0,2023-12-12T12:51:23.207Z,
172_1198_DF_DCCV_NEET1_UNT2020_12,IT1,1.0,"Labour status, age","Condizione professionale, età",DCCV_NEET1_UNT2020,1.0,2023-12-12T12:51:23.207Z,
172_1198_DF_DCCV_NEET1_UNT2020_13,IT1,1.0,"Labour status, highest level of education attained","Condizione professionale, titolo di studio",DCCV_NEET1_UNT2020,1.0,2023-12-12T12:51:23.207Z,
172_1198_DF_DCCV_NEET1_UNT2020_14,IT1,1.0,"Labour status, citizenship","Condizione professionale, cittadinanza",DCCV_NEET1_UNT2020,1.0,2023-12-12T12:51:23.207Z,
172_1198_DF_DCCV_NEET1_UNT2020_15,IT1,1.0,"Labour status, role in household","Condizione professionale, ruolo in famiglia",DCCV_NEET1_UNT2020,1.0,2023-12-12T12:51:23.207Z,
172_1198_DF_DCCV_NEET1_UNT2020_2,IT1,1.0,"European labour status, highest level of education attained","Condizione professionale europea, titolo di studio",DCCV_NEET1_UNT2020,1.0,2023-12-12T12:51:23.207Z,
172_1198_DF_DCCV_NEET1_UNT2020_3,IT1,1.0,"European labour status, citizenship","Condizione professionale europea, cittadinanza",DCCV_NEET1_UNT2020,1.0,2023-12-12T12:51:23.207Z,
172_1198_DF_DCCV_NEET1_UNT2020_4,IT1,1.0,"European labour status, role in household","Condizione professionale europea, ruolo in famiglia",DCCV_NEET1_UNT2020,1.0,2023-12-12T12:51:23.207Z,
172_1198_DF_DCCV_NEET1_UNT2020_5,IT1,1.0,"Citizenship, role in household","Cittadinanza, ruolo in famiglia",DCCV_NEET1_UNT2020,1.0,2023-12-12T12:51:23.207Z,
172_1198_DF_DCCV_NEET1_UNT2020_6,IT1,1.0,Regional data,Dati regionali,DCCV_NEET1_UNT2020,1.0,2023-12-12T12:51:23.207Z,
172_1198_DF_DCCV_NEET1_UNT2020_7,IT1,1.0,Age (%),Età (%),DCCV_NEET1_UNT2020,1.0,2023-12-12T12:51:23.207Z,
172_1198_DF_DCCV_NEET1_UNT2020_8,IT1,1.0,Labour status (%),Titolo di studio (%),DCCV_NEET1_UNT2020,1.0,2023-12-12T12:51:23.207Z,
172_1198_DF_DCCV_NEET1_UNT2020_9,IT1,1.0,Citizenship (%),Cittadinanza (%),DCCV_NEET1_UNT2020,1.0,2023-12-12T12:51:23.207Z,
172_926,IT1,1.0,Supplementary  indicators to unemployment,Indicatori  complementari,DCCV_COMPL1,1.0,2024-07-11T10:50:28.635Z,
172_926_DF_DCCV_COMPL1_1,IT1,1.0,"Potential additional labour force - highest level of education attained, age","Forze lavoro potenziali - titolo di studio, età",DCCV_COMPL1,1.0,2024-05-18T13:19:30.177Z,
172_926_DF_DCCV_COMPL1_10,IT1,1.0,Persons available to work but not seeking - main status,Non cercano ma disponibili - condizione dichiarata,DCCV_COMPL1,1.0,2026-04-27T15:18:16.610Z,
172_926_DF_DCCV_COMPL1_11,IT1,1.0,Persons available to work but not seeking - regional data,Non cercano ma disponibili - reg.,DCCV_COMPL1,1.0,2026-04-27T14:40:16.992Z,
172_926_DF_DCCV_COMPL1_12,IT1,1.0,Persons seeking work but not immediately available - gender,Cercano lavoro ma non immediatamente disponibili - sesso,DCCV_COMPL1,1.0,2024-07-11T12:10:32.173Z,
172_926_DF_DCCV_COMPL1_13,IT1,1.0,Persons seeking work but not immediately available - age,Cercano lavoro ma non immediatamente disponibili - età,DCCV_COMPL1,1.0,2024-07-11T12:43:36.414Z,
172_926_DF_DCCV_COMPL1_14,IT1,1.0,Persons seeking work but not immediately available - highest level of education attained,Cercano lavoro ma non immediatamente disponibili - titolo di studio,DCCV_COMPL1,1.0,2024-07-11T12:58:22.608Z,
172_926_DF_DCCV_COMPL1_15,IT1,1.0,Persons seeking work but not immediately available - citizenship,Cercano lavoro ma non immediatamente disponibili -cittadinanza,DCCV_COMPL1,1.0,2024-07-11T13:06:41.368Z,
172_926_DF_DCCV_COMPL1_16,IT1,1.0,Part-time workers and involuntary part-time - age,Part time involontario - età,DCCV_COMPL1,1.0,2024-07-11T13:47:53.889Z,
172_926_DF_DCCV_COMPL1_17,IT1,1.0,"Part-time workers and involuntary part-time - highest level of education attained, citizenship","Part time involontario - titolo di studio, cittadinanza",DCCV_COMPL1,1.0,2024-07-11T13:55:01.617Z,
172_926_DF_DCCV_COMPL1_18,IT1,1.0,"Part-time workers and involuntary part-time - professional status, Nace 2007","Part time involontario - posizione professionale, settore economico di impiego (Ateco 2007)",DCCV_COMPL1,1.0,2024-07-11T14:00:48.492Z,
172_926_DF_DCCV_COMPL1_19,IT1,1.0,Underemployed - age,Sottoccupati - età,DCCV_COMPL1,1.0,2024-07-11T14:26:45.438Z,
172_926_DF_DCCV_COMPL1_2,IT1,1.0,Potential additional labour force - citizenship,Forze lavoro potenziali - cittadinanza,DCCV_COMPL1,1.0,2024-05-18T13:25:13.261Z,
172_926_DF_DCCV_COMPL1_20,IT1,1.0,"Underemployed part-time workers - highest level of education attained, citizenship","Sottoccupati - titolo di studio, cittadinanza",DCCV_COMPL1,1.0,2024-07-11T14:39:34.165Z,
172_926_DF_DCCV_COMPL1_21,IT1,1.0,"Underemployed part-time workers - professional status, Nace 2007","Sottoccupati - posizione professionale, settore economico di impiego (Ateco 2007)",DCCV_COMPL1,1.0,2024-07-11T14:45:46.447Z,
172_926_DF_DCCV_COMPL1_22,IT1,1.0,"Non partecipation rate - highest level of education attained, age","Tasso di mancata partecipazione - titolo di studio, età",DCCV_COMPL1,1.0,2024-07-11T14:58:27.525Z,
172_926_DF_DCCV_COMPL1_23,IT1,1.0,"Non partecipation rate - highest level of education attained, citizenship","Tasso di mancata partecipazione - titolo di studio, cittadinanza",DCCV_COMPL1,1.0,2024-07-11T15:02:58.415Z,
172_926_DF_DCCV_COMPL1_24,IT1,1.0,"Non partecipation rate - age, regional data","Tasso di mancata partecipazione -età, reg.",DCCV_COMPL1,1.0,2024-07-11T15:08:30.621Z,
172_926_DF_DCCV_COMPL1_25,IT1,1.0,"Non partecipation rate -highest level of education attained, regional data","Tasso di mancata partecipazione -titolo di studio, reg.",DCCV_COMPL1,1.0,2024-07-11T15:14:34.912Z,
172_926_DF_DCCV_COMPL1_26,IT1,1.0,Non partecipation rate - provincial data,Tasso di mancata partecipazione -prov.,DCCV_COMPL1,1.0,2024-07-11T15:21:36.245Z,
172_926_DF_DCCV_COMPL1_3,IT1,1.0,Potential additional labour force -  main status,Forze lavoro potenziali - condizione dichiarata,DCCV_COMPL1,1.0,2024-05-18T13:31:15.640Z,
172_926_DF_DCCV_COMPL1_4,IT1,1.0,Potential additional labour - regional data,Forze lavoro potenziali - reg.,DCCV_COMPL1,1.0,2024-05-18T13:36:14.868Z,
172_926_DF_DCCV_COMPL1_5,IT1,1.0,Potential additional labour force - provincial data,Forze lavoro potenziali - prov.,DCCV_COMPL1,1.0,2024-05-18T13:41:28.857Z,
172_926_DF_DCCV_COMPL1_6,IT1,1.0,Persons available to work but not seeking - age,Non cercano ma disponibili - età,DCCV_COMPL1,1.0,2026-04-27T14:54:56.726Z,
172_926_DF_DCCV_COMPL1_7,IT1,1.0,Persons available to work but not seeking - highest level of education attained,Non cercano ma disponibili - titolo di studio,DCCV_COMPL1,1.0,2026-04-27T14:59:57.559Z,
172_926_DF_DCCV_COMPL1_8,IT1,1.0,Persons available to work but not seeking - citizenship,Non cercano ma disponibili -cittadinanza,DCCV_COMPL1,1.0,2026-04-27T15:06:36.071Z,
172_926_DF_DCCV_COMPL1_9,IT1,1.0,Persons available to work but not seeking - main reason for not seeking employment,Non cercano ma disponibili - motivo principale della mancata ricerca,DCCV_COMPL1,1.0,2026-04-27T15:13:27.398Z,
172_931,IT1,1.0,"Young  people not in employment, education or training",NEET  (giovani non occupati e non in istruzione e formazione),DCCV_NEET1,1.0,2026-06-12T08:17:11.272Z,
172_931_DF_DCCV_NEET1_1,IT1,1.0,"Young  people not in employment, education or training - European labour  status, age","NEET (giovani non occupati e non in istruzione e formazione)- Condizione professionale europea, età",DCCV_NEET1,1.0,2026-06-12T08:17:11.272Z,
172_931_DF_DCCV_NEET1_10,IT1,1.0,Incidence of Neet - Role in household  (%),Incidenza dei giovani Neet - Ruolo in famiglia (%),DCCV_NEET1,1.0,2026-06-12T08:17:11.272Z,
172_931_DF_DCCV_NEET1_11,IT1,1.0,Incidence of Neet - Regional data  (%),Incidenza dei giovani Neet - Dati regionali (%),DCCV_NEET1,1.0,2026-06-12T08:17:11.272Z,
172_931_DF_DCCV_NEET1_2,IT1,1.0,"Young  people not in employment, education or training - European labour  status, highest level of education attained","NEET (giovani non occupati e non in istruzione e formazione) - Condizione professionale europea, titolo di studio",DCCV_NEET1,1.0,2026-06-12T08:17:11.272Z,
172_931_DF_DCCV_NEET1_3,IT1,1.0,"Young  people not in employment, education or training - European labour  status, citizenship","NEET  (giovani non occupati e non in istruzione e formazione)- Condizione professionele europea, cittadinanza",DCCV_NEET1,1.0,2026-06-12T08:17:11.272Z,
172_931_DF_DCCV_NEET1_4,IT1,1.0,"Young  people not in employment, education or training - European labour  status, role in household","NEET  (giovani non occupati e non in istruzione e formazione) - Condizione professionale europea, ruolo in famiglia",DCCV_NEET1,1.0,2026-06-12T08:17:11.272Z,
172_931_DF_DCCV_NEET1_5,IT1,1.0,"Young  people not in employment, education or training - Citizenship, role in household","NEET  (giovani non occupati e non in istruzione e formazione) - Cittadinanza, ruolo in famiglia",DCCV_NEET1,1.0,2026-06-12T08:17:11.272Z,
172_931_DF_DCCV_NEET1_6,IT1,1.0,"Young  people not in employment, education or training - Regional data",NEET  (giovani non occupati e non in istruzione e formazione) - Dati regionali,DCCV_NEET1,1.0,2026-06-12T08:17:11.272Z,
172_931_DF_DCCV_NEET1_7,IT1,1.0,Incidence of Neet - Age (%),Incidenza dei giovani Neet - Età (%),DCCV_NEET1,1.0,2026-06-12T08:17:11.272Z,
172_931_DF_DCCV_NEET1_8,IT1,1.0,Incidence of Neet - Highest level of education attained  (%),Incidenza dei giovani Neet - Titolo di studio (%),DCCV_NEET1,1.0,2026-06-12T08:17:11.272Z,
172_931_DF_DCCV_NEET1_9,IT1,1.0,Incidence of Neet - Citizenship  (%),Incidenza dei giovani Neet - Cittadinanza (%),DCCV_NEET1,1.0,2026-06-12T08:17:11.272Z,
172_931_DF_DCCV_NEET1_YOUTH_1,IT1,1.0,"Youth - NEET Young people not in employment, education or training",Giovani - NEET Giovani non occupati e non in istruzione e formazione,DCCV_NEET1,1.0,2026-06-12T08:17:11.272Z,
174_321,IT1,1.0,Daily activities,Attività quotidiane,DCCV_ATTPRINC,1.0,2024-02-26T13:13:37.319Z,
174_321_DF_DCCV_ATTPRINC_1,IT1,1.0,"Gender, age, highest level of education attained, number of components","Sesso, età, titolo di studio, ampiezza della famiglia",DCCV_ATTPRINC,1.0,2024-02-26T13:13:37.319Z,
174_321_DF_DCCV_ATTPRINC_10,IT1,1.0,"Activities - gender, age","Attività - sesso, età",DCCV_ATTPRINC,1.0,2024-02-26T13:13:37.319Z,
174_321_DF_DCCV_ATTPRINC_11,IT1,1.0,"Activities - gender, geographical areas and type of municipalities","Attività - sesso, rip. e tipo di comune",DCCV_ATTPRINC,1.0,2024-02-26T13:13:37.319Z,
174_321_DF_DCCV_ATTPRINC_12,IT1,1.0,"Time period - gender, highest level of education attained","Punti orari - sesso, titolo di studio",DCCV_ATTPRINC,1.0,2024-02-26T13:13:37.319Z,
174_321_DF_DCCV_ATTPRINC_13,IT1,1.0,"Time period - gender, role in the household, main status","Punti orari - sesso, posizione nel nucleo, condizione lavorativa",DCCV_ATTPRINC,1.0,2024-02-26T13:13:37.319Z,
174_321_DF_DCCV_ATTPRINC_14,IT1,1.0,"Time period - gender, age, geographical areas and type of municipalities","Punti orari - sesso, età, rip. tipo di comune",DCCV_ATTPRINC,1.0,2024-02-26T13:13:37.319Z,
174_321_DF_DCCV_ATTPRINC_2,IT1,1.0,"Gender, citizenship","Sesso, cittadinanza",DCCV_ATTPRINC,1.0,2024-02-26T13:13:37.319Z,
174_321_DF_DCCV_ATTPRINC_3,IT1,1.0,"Gender, age, main status","Sesso, età, condizione lavorativa",DCCV_ATTPRINC,1.0,2024-02-26T13:13:37.319Z,
174_321_DF_DCCV_ATTPRINC_4,IT1,1.0,"Gender, marital status, role in the household","Sesso, stato civile, posizione nel nucleo",DCCV_ATTPRINC,1.0,2024-02-26T13:13:37.319Z,
174_321_DF_DCCV_ATTPRINC_5,IT1,1.0,"Gender, age - regions and type of municipalities","Sesso, età - reg. e tipo di comune",DCCV_ATTPRINC,1.0,2024-02-26T13:13:37.319Z,
174_321_DF_DCCV_ATTPRINC_6,IT1,1.0,"Children, gender, age","Bambini, sesso, età",DCCV_ATTPRINC,1.0,2023-03-28T09:55:01.855Z,
174_321_DF_DCCV_ATTPRINC_7,IT1,1.0,"Children, gender, main status parents - geographical areas and type of municipalities","Bambini, sesso, condizione lavorativa dei genitori - rip. e tipo di comune",DCCV_ATTPRINC,1.0,2023-03-28T10:23:51.410Z,
174_321_DF_DCCV_ATTPRINC_8,IT1,1.0,"Activities - gender, highest level of education attained, number of components","Attività - sesso, titolo di studio, ampiezza della famiglia",DCCV_ATTPRINC,1.0,2024-02-26T13:13:37.319Z,
174_321_DF_DCCV_ATTPRINC_9,IT1,1.0,"Activities - gender, main status, role in the household","Attività - sesso, condizione lavorativa, posizione nel nucleo",DCCV_ATTPRINC,1.0,2024-02-26T13:13:37.319Z,
174_65,IT1,1.0,Distribution of household work of couples,Distribuzione del carico di lavoro nelle coppie,DCCV_ASIMMETRIA,1.0,2023-04-04T10:21:31.756Z,
174_65_DF_DCCV_ASIMMETRIA_1,IT1,1.0,"Couple with or withouth children, age of woman, highest level of education attained by man and woman, main status of couple","Coppia con o senza figli, età della donna, titolo di studio dell'uomo e della donna, condizione lavorativa della coppia",DCCV_ASIMMETRIA,1.0,2023-03-30T09:42:04.455Z,
174_65_DF_DCCV_ASIMMETRIA_2,IT1,1.0,"Couple with or withouth children, age and role in employment of woman, main status of couple","Coppia con o senza figli, età e posizione nella professione della donna, condizione lavorativa della coppia",DCCV_ASIMMETRIA,1.0,2023-03-30T08:12:10.474Z,
174_65_DF_DCCV_ASIMMETRIA_3,IT1,1.0,"Couple with children, age of woman, age of youngest child, number of children, main status of couple","Coppia con figli, età della donna, età del figlio più piccolo, numero di figli, condizione lavorativa della coppia",DCCV_ASIMMETRIA,1.0,2023-03-30T10:31:52.482Z,
174_65_DF_DCCV_ASIMMETRIA_4,IT1,1.0,"Couple with or withouth children, age of woman, main status of couple - regions","Coppia con o senza figli, età della donna e condizione lavorativa della coppia - reg.",DCCV_ASIMMETRIA,1.0,2023-03-31T08:08:02.633Z,
174_65_DF_DCCV_ASIMMETRIA_5,IT1,1.0,"Couple with woman of 65 years and over, highest level of education attained by woman, highest level of education attained by man","Coppia con donna di 65 anni e più, titolo di studio della donna, titolo di studio dell'uomo",DCCV_ASIMMETRIA,1.0,2023-03-31T08:32:15.781Z,
174_65_DF_DCCV_ASIMMETRIA_6,IT1,1.0,Couple with woman of 65 years and over - regions,Coppia con donna di 65 anni e più - reg.,DCCV_ASIMMETRIA,1.0,2023-03-31T12:11:29.806Z,
174_66,IT1,1.0,Time spent alone or with other people,Tempo trascorso da solo o con altri,DCCV_CONCHI,1.0,2023-04-04T09:11:38.625Z,
174_66_DF_DCCV_CONCHI_1,IT1,1.0,"Gender, highest level of education attained, number of components","Sesso, titolo di studio, ampiezza della famiglia",DCCV_CONCHI,1.0,2023-04-03T08:28:46.727Z,
174_66_DF_DCCV_CONCHI_2,IT1,1.0,"Gender, citizenship","Sesso, cittadinanza",DCCV_CONCHI,1.0,2023-04-03T08:58:18.566Z,
174_66_DF_DCCV_CONCHI_3,IT1,1.0,"Gender, main status","Sesso, condizione lavorativa",DCCV_CONCHI,1.0,2023-04-03T10:01:23.075Z,
174_66_DF_DCCV_CONCHI_4,IT1,1.0,"Gender, marital status, role in the household","Sesso, stato civile, posizione nel nucleo",DCCV_CONCHI,1.0,2023-04-03T12:59:23.771Z,
174_66_DF_DCCV_CONCHI_5,IT1,1.0,"Gender, age - geographical areas and type of municipalities","Sesso, età - rip. e tipo di comune",DCCV_CONCHI,1.0,2023-04-03T14:17:44.316Z,
174_66_DF_DCCV_CONCHI_6,IT1,1.0,"Children, gender, age","Bambini, sesso, età",DCCV_CONCHI,1.0,2023-04-04T07:33:00.830Z,
174_66_DF_DCCV_CONCHI_7,IT1,1.0,"Children, gender, main status parents - geographical areas and type of municipalities","Bambini, sesso, condizione lavorativa dei genitori - rip. e tipo di comune",DCCV_CONCHI,1.0,2023-04-04T08:22:52.891Z,
174_80,IT1,1.0,Daily activities - people in couple,Attività quotidiane - persone in coppia,DCCV_COPPIE,1.0,2023-03-28T13:11:10.549Z,
174_80_DF_DCCV_COPPIE_1,IT1,1.0,"Couple with or withouth children age and highest level of education attained by woman, main status of couple","Coppia con o senza figli, età e titolo di studio della donna, condizione lavorativa della coppia",DCCV_COPPIE,1.0,2023-03-28T08:41:16.223Z,
174_80_DF_DCCV_COPPIE_2,IT1,1.0,"Couple with children, age of woman, number of children and main status of couple","Coppia con figli, età della donna, numero di figli e condizione lavorativa della coppia",DCCV_COPPIE,1.0,2023-03-28T09:21:02.900Z,
174_80_DF_DCCV_COPPIE_3,IT1,1.0,"Couple with children, age of woman, age of youngest child and main status of couple","Coppia con figli, età della donna, età del figlio più piccolo e condizione lavorativa della coppia",DCCV_COPPIE,1.0,2023-03-28T09:34:56.120Z,
174_80_DF_DCCV_COPPIE_4,IT1,1.0,"Couple with or without children, age of woman and main status of couple - geographical areas","Coppia con o senza figli, età della donna e condizione lavorativa della coppia - rip.",DCCV_COPPIE,1.0,2023-03-28T10:38:20.791Z,
174_80_DF_DCCV_COPPIE_5,IT1,1.0,"Couple with or without children with woman of 25-64 years, main status of couple - regions","Coppia con o senza figli con donna di 25-64 anni, condizione lavorativa della coppia - reg.",DCCV_COPPIE,1.0,2023-03-28T11:00:20.923Z,
174_80_DF_DCCV_COPPIE_6,IT1,1.0,"Couple with woman of 65 years and over, highest level of education attained by woman","Coppia con donna di 65 anni e più, titolo di studio della donna",DCCV_COPPIE,1.0,2023-03-28T11:23:38.214Z,
174_80_DF_DCCV_COPPIE_7,IT1,1.0,Couple with woman of 65 years and over - regions,Coppia con donna di 65 anni e più - reg.,DCCV_COPPIE,1.0,2023-03-28T11:30:38.987Z,
174_82,IT1,1.0,Locations frequented,Luoghi frequentati,DCCV_LUOGHI,1.0,2023-03-31T11:54:16.375Z,
174_82_DF_DCCV_LUOGHI_1,IT1,1.0,"Gender, highest level of education attained, number of components","Sesso, titolo di studio, ampiezza della famiglia",DCCV_LUOGHI,1.0,03/31/2023 12:20:53,
174_82_DF_DCCV_LUOGHI_10,IT1,1.0,"Time period - gender, age, geographical areas and type of municipalities","Punti orari - sesso, età - rip. tipo di comune",DCCV_LUOGHI,1.0,2023-03-31T14:46:00.228Z,
174_82_DF_DCCV_LUOGHI_2,IT1,1.0,"Gender, citizenship","Sesso, cittadinanza",DCCV_LUOGHI,1.0,2023-03-31T12:35:37.202Z,
174_82_DF_DCCV_LUOGHI_3,IT1,1.0,"Gender, main status","Sesso, condizione lavorativa",DCCV_LUOGHI,1.0,2023-03-31T12:48:25.154Z,
174_82_DF_DCCV_LUOGHI_4,IT1,1.0,"Gender, marital status, role in the household","Sesso, stato civile, posizione nel nucleo",DCCV_LUOGHI,1.0,2023-03-31T12:58:41.177Z,
174_82_DF_DCCV_LUOGHI_5,IT1,1.0,"Gender, age - regions and type of municipalities","Sesso, età - reg. tipo di comune",DCCV_LUOGHI,1.0,2023-03-31T13:12:01.774Z,
174_82_DF_DCCV_LUOGHI_6,IT1,1.0,"Children, gender, age","Bambini, sesso, età",DCCV_LUOGHI,1.0,2023-03-31T13:24:55.780Z,
174_82_DF_DCCV_LUOGHI_7,IT1,1.0,"Children, gender, main status parents - geographical areas and type of municipalities","Bambini, sesso, condizione lavorativa dei genitori - rip. e tipo di comune",DCCV_LUOGHI,1.0,2023-03-31T14:04:26.406Z,
174_82_DF_DCCV_LUOGHI_8,IT1,1.0,"Time period - gender, highest level of education attained","Punti orari - sesso, titolo di studio",DCCV_LUOGHI,1.0,2023-03-31T14:17:22.245Z,
174_82_DF_DCCV_LUOGHI_9,IT1,1.0,"Time period - gender, role in the household, main status","Punti orari - sesso, posizione nel nucleo, condizione lavorativa",DCCV_LUOGHI,1.0,2023-03-31T14:31:33.712Z,
183_1163,IT1,1.0,Local units and persons employed - territory at data reference year,Unità locali e addetti - territorio anno riferimento dati,DICA_ASIAULP_TERRIFDATA,1.0,2026-06-05T06:20:10.685Z,
183_1163_DF_DICA_ASIAULP_TERRIFDATA_1,IT1,1.0,Local units and persons employed - Territory at data reference year - Key data,Unità locali e addetti - Territorio anno riferimento dati - Principali dati,DICA_ASIAULP_TERRIFDATA,1.0,2026-04-17T07:18:29.589Z,
183_1163_DF_DICA_ASIAULP_TERRIFDATA_2,IT1,1.0,Economic activities (Nace 5 digit) - type and population size class of municipalities and prov.,Settori economici (Ateco 5 cifre) - tipo e ampiezza demografica dei comuni e prov.,DICA_ASIAULP_TERRIFDATA,1.0,2026-04-17T07:18:29.589Z,
183_1163_DF_DICA_ASIAULP_TERRIFDATA_3,IT1,1.0,Economic activities (Nace 3 digit) - com.,Settori economici (Ateco 3 cifre) - com.,DICA_ASIAULP_TERRIFDATA,1.0,2026-04-17T07:18:29.589Z,
183_1163_DF_DICA_ASIAULP_TERRIFDATA_4,IT1,1.0,"Size class of persons employed, economic activities (Nace 5 digit) - Italy","Classe di addetti, settori economici (Ateco 5 cifre) - Italia",DICA_ASIAULP_TERRIFDATA,1.0,2026-04-17T07:18:29.589Z,
183_1163_DF_DICA_ASIAULP_TERRIFDATA_5,IT1,1.0,"Size class of persons employed, economic activities (Nace 4 digit) - geographical areas","Classe di addetti, settori economici (Ateco 4 cifre) - rip.",DICA_ASIAULP_TERRIFDATA,1.0,2026-04-17T07:18:29.589Z,
183_1163_DF_DICA_ASIAULP_TERRIFDATA_6,IT1,1.0,"Size class of persons employed, economic activities (Nace 3 digit) - prov.","Classe di addetti, settori economici (Ateco 3 cifre) - prov.",DICA_ASIAULP_TERRIFDATA,1.0,2026-04-17T07:18:29.589Z,
183_1163_DF_DICA_ASIAULP_TERRIFDATA_7,IT1,1.0,"Size class of persons employed, Economic activities (Nace 2 digit) - municipalities","Classe di addetti, settori economici (Ateco 2 cifre) - com.",DICA_ASIAULP_TERRIFDATA,1.0,2026-04-17T07:18:29.589Z,
183_1163_DF_DICA_ASIAULP_TERRIFDATA_8,IT1,1.0,"Size class of persons employed, economic activities (Nace 1 digit) - local labour market areas 2011","Classe di addetti, settori economici (Ateco 1 cifra) - sll 2011",DICA_ASIAULP_TERRIFDATA,1.0,2026-04-17T07:18:29.589Z,
183_1163_DF_DICA_ASIAULP_TERRIFDATA_9,IT1,1.0,"Size class of persons employed, economic activities (Nace 1 digit) - local labour market areas 2021","Classe di addetti, settori economici (Ateco 1 cifra) - sll 2021",DICA_ASIAULP_TERRIFDATA,1.0,2026-04-17T07:36:15.249Z,
183_203,IT1,1.0,Enterprises - human resources,Imprese - occupati,DICA_ACDP,1.0,2026-06-05T06:01:45.810Z,
183_203_DF_DICA_ACDP_1,IT1,1.0,Enterprises - human resources - Key data,Imprese - occupati - Principali dati,DICA_ACDP,1.0,2025-07-14T07:38:14.662Z,
183_203_DF_DICA_ACDP_10,IT1,1.0,"Economic activity (Nace 3 digit), age class","Settori economici (Ateco 3 cifre), età",DICA_ACDP,1.0,03/30/2023 08:34:40,
183_203_DF_DICA_ACDP_11,IT1,1.0,"Economic activity (Nace 3 digit), country of birth","Settori economici (Ateco 3 cifre), paese di nascita",DICA_ACDP,1.0,03/30/2023 08:34:40,
183_203_DF_DICA_ACDP_12,IT1,1.0,"Gender, size class of persons employed","Sesso, classe di addetti",DICA_ACDP,1.0,03/30/2023 08:34:40,
183_203_DF_DICA_ACDP_13,IT1,1.0,"Gender, legal form","Sesso, forma giuridica",DICA_ACDP,1.0,03/30/2023 08:34:40,
183_203_DF_DICA_ACDP_14,IT1,1.0,"Gender, enterprise age class","Sesso, età impresa",DICA_ACDP,1.0,03/30/2023 08:34:40,
183_203_DF_DICA_ACDP_15,IT1,1.0,"Age class, size class of persons employed","Età, classe di addetti",DICA_ACDP,1.0,03/30/2023 08:34:40,
183_203_DF_DICA_ACDP_16,IT1,1.0,"Age class, legal form","Età, forma giuridica",DICA_ACDP,1.0,03/30/2023 08:34:40,
183_203_DF_DICA_ACDP_17,IT1,1.0,"Age class, enterprise age class","Età, età impresa",DICA_ACDP,1.0,03/30/2023 08:34:40,
183_203_DF_DICA_ACDP_18,IT1,1.0,"Country of birth, size class of persons employed","Paese nascita, classe di addetti",DICA_ACDP,1.0,01/27/2023 09:44:33,
183_203_DF_DICA_ACDP_19,IT1,1.0,"Country of birth, legal form","Paese nascita, forma giuridica",DICA_ACDP,1.0,03/30/2023 08:34:40,
183_203_DF_DICA_ACDP_2,IT1,1.0,"Sectors of economic activity, size class of persons employed","Macrosettori economici, classe di addetti",DICA_ACDP,1.0,03/30/2023 08:34:40,
183_203_DF_DICA_ACDP_20,IT1,1.0,"Country of birth, enterprise age class","Paese nascita, età impresa",DICA_ACDP,1.0,03/30/2023 08:34:40,
183_203_DF_DICA_ACDP_3,IT1,1.0,"Sectors of economic activity, legal form","Macrosettori economici, forma giuridica",DICA_ACDP,1.0,03/30/2023 08:34:40,
183_203_DF_DICA_ACDP_4,IT1,1.0,"Sectors of economic activity, enterprise age class","Macrosettori economici, età impresa",DICA_ACDP,1.0,03/30/2023 08:34:40,
183_203_DF_DICA_ACDP_5,IT1,1.0,Economic activity (Nace 2 digit),Settori economici (Ateco 2 cifre),DICA_ACDP,1.0,03/30/2023 08:34:40,
183_203_DF_DICA_ACDP_6,IT1,1.0,Size class of persons employed - geographical areas,Classe di addetti - rip.,DICA_ACDP,1.0,03/30/2023 08:34:40,
183_203_DF_DICA_ACDP_7,IT1,1.0,Legal form - geographical areas,Forma giuridica - rip.,DICA_ACDP,1.0,03/30/2023 08:34:40,
183_203_DF_DICA_ACDP_8,IT1,1.0,Enterprise age class - geographical areas,Età impresa - rip.,DICA_ACDP,1.0,03/30/2023 08:34:40,
183_203_DF_DICA_ACDP_9,IT1,1.0,"Economic activity (Nace 3 digit), gender","Settori economici (Ateco 3 cifre), sesso",DICA_ACDP,1.0,01/27/2023 08:58:02,
183_207,IT1,1.0,Enterprises - outworkers by class of annual income and work period,Imprese - lavoratori esterni per compensi percepiti e periodo di attività,DICA_AESTCP,1.0,2026-06-04T15:11:26.872Z,
183_207_DF_DICA_AESTCP_1,IT1,1.0,Enterprises - outworkers by class of annual income and work period - Key data,Imprese - lavoratori esterni per compensi percepiti e periodo di attività - Principali dati,DICA_AESTCP,1.0,2025-07-14T09:03:00.809Z,
183_207_DF_DICA_AESTCP_10,IT1,1.0,Enterprise age class - geographical areas,Età impresa - rip.,DICA_AESTCP,1.0,03/30/2023 10:49:50,
183_207_DF_DICA_AESTCP_11,IT1,1.0,Enterprise with emploees - geographical areas,Impresa con dipendenti - rip.,DICA_AESTCP,1.0,01/31/2023 09:32:03,
183_207_DF_DICA_AESTCP_12,IT1,1.0,Regions,Regioni,DICA_AESTCP,1.0,03/30/2023 10:49:50,
183_207_DF_DICA_AESTCP_13,IT1,1.0,Size class of persons employed,Classe di addetti,DICA_AESTCP,1.0,03/30/2023 10:49:50,
183_207_DF_DICA_AESTCP_14,IT1,1.0,Legal form,Forma giuridica,DICA_AESTCP,1.0,03/30/2023 10:49:50,
183_207_DF_DICA_AESTCP_15,IT1,1.0,Enterprise age class,Età impresa,DICA_AESTCP,1.0,01/31/2023 08:33:29,
183_207_DF_DICA_AESTCP_16,IT1,1.0,Enterprise with emploees,Impresa con dipendenti,DICA_AESTCP,1.0,01/31/2023 08:38:44,
183_207_DF_DICA_AESTCP_2,IT1,1.0,Economic activities (Nace 3 digit) - reg.,Settori economici (Ateco 3 cifre) - reg.,DICA_AESTCP,1.0,03/30/2023 10:49:50,
183_207_DF_DICA_AESTCP_3,IT1,1.0,"Sectors of economic activity, size class of persons employed","Macrosettori economici, classe di addetti",DICA_AESTCP,1.0,01/31/2023 11:30:38,
183_207_DF_DICA_AESTCP_4,IT1,1.0,"Sectors of economic activity, legal form","Macrosettori economici, forma giuridica",DICA_AESTCP,1.0,03/30/2023 10:49:50,
183_207_DF_DICA_AESTCP_5,IT1,1.0,"Sectors of economic activity, enterprise age class","Macrosettori economici, età impresa",DICA_AESTCP,1.0,03/30/2023 10:49:50,
183_207_DF_DICA_AESTCP_6,IT1,1.0,"Sectors of economic activity, enterprise with employees","Macrosettori economici, impresa con dipendenti",DICA_AESTCP,1.0,03/30/2023 10:49:50,
183_207_DF_DICA_AESTCP_7,IT1,1.0,Economic activities (Nace 2 digit),Settori economici (Ateco 2 cifre),DICA_AESTCP,1.0,03/30/2023 10:49:50,
183_207_DF_DICA_AESTCP_8,IT1,1.0,Size class of persons employeed - geographical areas,Classe di addetti - rip.,DICA_AESTCP,1.0,03/30/2023 10:49:50,
183_207_DF_DICA_AESTCP_9,IT1,1.0,Legal form - geographical areas,Forma giuridica - rip.,DICA_AESTCP,1.0,03/30/2023 10:49:50,
183_208,IT1,1.0,Enterprises - outworkers,Imprese - lavoratori esterni,DICA_AESTLP,1.0,2026-06-04T15:07:50.803Z,
183_208_DF_DICA_AESTLP_1,IT1,1.0,Enterprises - outworkers - Key data,Imprese - lavoratori esterni - Principali dati,DICA_AESTLP,1.0,2025-07-14T09:00:02.458Z,
183_208_DF_DICA_AESTLP_10,IT1,1.0,Regions,Regioni,DICA_AESTLP,1.0,03/30/2023 10:21:15,
183_208_DF_DICA_AESTLP_11,IT1,1.0,Size class of persons employed,Classe di addetti,DICA_AESTLP,1.0,02/02/2023 11:14:24,
183_208_DF_DICA_AESTLP_12,IT1,1.0,Legal form,Forma giuridica,DICA_AESTLP,1.0,03/30/2023 10:21:15,
183_208_DF_DICA_AESTLP_13,IT1,1.0,Enterprise age class and enterprise with employers,Età impresa e impresa con dipendenti,DICA_AESTLP,1.0,02/02/2023 11:40:54,
183_208_DF_DICA_AESTLP_2,IT1,1.0,Economic activity (Nace 3 digit) - reg.,Settori economici (Ateco 3 cifre) - reg.,DICA_AESTLP,1.0,02/02/2023 08:09:58,
183_208_DF_DICA_AESTLP_3,IT1,1.0,"Sectors of economic activity, size class of persons employed","Macrosettori economici, classe di addetti",DICA_AESTLP,1.0,03/30/2023 10:21:15,
183_208_DF_DICA_AESTLP_4,IT1,1.0,"Sectors of economic activity, legal form","Macrosettori economici, forma giuridica",DICA_AESTLP,1.0,03/30/2023 10:21:15,
183_208_DF_DICA_AESTLP_5,IT1,1.0,"Sectors of economic activity, enterprise age class and enterprise with employers","Macrosettori economici, età impresa e impresa con dipendenti",DICA_AESTLP,1.0,03/30/2023 10:21:15,
183_208_DF_DICA_AESTLP_6,IT1,1.0,Economic activity (Nace 2 digit),Settori economici (Ateco 2 cifre),DICA_AESTLP,1.0,03/30/2023 10:21:15,
183_208_DF_DICA_AESTLP_7,IT1,1.0,Size class of persons employed - geographical areas,Classe di addetti - rip.,DICA_AESTLP,1.0,03/30/2023 10:21:15,
183_208_DF_DICA_AESTLP_8,IT1,1.0,Legal form - geographical areas,Forma giuridica - rip.,DICA_AESTLP,1.0,03/30/2023 10:21:15,
183_208_DF_DICA_AESTLP_9,IT1,1.0,Enterprise age class and enterprise with employers - geographical areas,Età impresa e impresa con dipendenti - rip.,DICA_AESTLP,1.0,03/30/2023 10:21:15,
183_275,IT1,1.0,Eneterprises - self-employed,Imprese - lavoratori indipendenti,DICA_AINDP,1.0,2026-06-04T15:15:36.716Z,
183_275_DF_DICA_AINDP_1,IT1,1.0,Eneterprises - self-employed - Key data,Imprese - lavoratori indipendenti - Principali dati,DICA_AINDP,1.0,2025-07-14T08:23:03.646Z,
183_275_DF_DICA_AINDP_10,IT1,1.0,Gender,Sesso,DICA_AINDP,1.0,02/06/2023 16:25:50,
183_275_DF_DICA_AINDP_11,IT1,1.0,Age class,Età,DICA_AINDP,1.0,02/06/2023 16:34:57,
183_275_DF_DICA_AINDP_12,IT1,1.0,Country of birth,Paese di nascita,DICA_AINDP,1.0,02/06/2023 16:41:26,
183_275_DF_DICA_AINDP_13,IT1,1.0,Size class of persons employed,Classe di addetti,DICA_AINDP,1.0,02/06/2023 16:47:42,
183_275_DF_DICA_AINDP_14,IT1,1.0,Legal form,Forma giuridica,DICA_AINDP,1.0,02/06/2023 16:55:07,
183_275_DF_DICA_AINDP_15,IT1,1.0,Enterprise age class,Età impresa,DICA_AINDP,1.0,02/09/2023 13:07:16,
183_275_DF_DICA_AINDP_16,IT1,1.0,"Enterprise with employees, gender","Impresa con dipendenti, sesso",DICA_AINDP,1.0,02/09/2023 14:59:51,
183_275_DF_DICA_AINDP_17,IT1,1.0,"Enterprise with employees, age class","Impresa con dipendenti, età",DICA_AINDP,1.0,02/09/2023 14:56:25,
183_275_DF_DICA_AINDP_18,IT1,1.0,"Enterprise with employees, country of birth","Impresa con dipendenti, paese di nascita",DICA_AINDP,1.0,02/09/2023 13:38:29,
183_275_DF_DICA_AINDP_19,IT1,1.0,"Enterprise with employees, type of self employed","Impresa con dipendenti, tipo di lavoratore indipendente",DICA_AINDP,1.0,02/09/2023 13:34:05,
183_275_DF_DICA_AINDP_2,IT1,1.0,Economic activity (Nace 3 digit),Settori economici (Ateco 3 cifre),DICA_AINDP,1.0,02/03/2023 10:18:19,
183_275_DF_DICA_AINDP_3,IT1,1.0,"Sectors of economic activity, size class of persons employed","Macrosettori economici, classe di addetti",DICA_AINDP,1.0,02/03/2023 10:50:43,
183_275_DF_DICA_AINDP_4,IT1,1.0,"Sectors of economic activity, legal form","Macrosettori economici, forma giuridica",DICA_AINDP,1.0,03/30/2023 10:27:26,
183_275_DF_DICA_AINDP_5,IT1,1.0,"Sectors of economic activity, enterprise age class, enterprise with employes","Macrosettori economici, età impresa, impresa con dipendenti",DICA_AINDP,1.0,03/30/2023 10:27:26,
183_275_DF_DICA_AINDP_6,IT1,1.0,Economic activity (Nace 2 digit),Settori economici (Ateco 2 cifre),DICA_AINDP,1.0,02/06/2023 13:40:52,
183_275_DF_DICA_AINDP_7,IT1,1.0,Size class of persons employed - geographical areas,Classe di addetti - rip.,DICA_AINDP,1.0,03/30/2023 10:27:26,
183_275_DF_DICA_AINDP_8,IT1,1.0,Legal form - gegraphical areas,Forma giuridica - rip.,DICA_AINDP,1.0,03/30/2023 10:27:26,
183_275_DF_DICA_AINDP_9,IT1,1.0,"Enterprise age class, enterprise with emplyes - geographical areas","Età della impresa, impresa con dipendenti - rip.",DICA_AINDP,1.0,03/30/2023 10:27:26,
183_276,IT1,1.0,Enterprises - temporary workers,Imprese - lavoratori temporanei,DICA_AINTP,1.0,2026-06-05T05:56:52.197Z,
183_276_DF_DICA_AINTP_1,IT1,1.0,Enterprises - temporary workers - Key data,Imprese - lavoratori temporanei - Principali dati,DICA_AINTP,1.0,2025-07-14T09:05:59.604Z,
183_276_DF_DICA_AINTP_10,IT1,1.0,Regions,Regioni,DICA_AINTP,1.0,2023-02-18T10:34:17.616Z,
183_276_DF_DICA_AINTP_11,IT1,1.0,Size class of persons employed,Classe di addetti,DICA_AINTP,1.0,2023-02-20T10:35:35.574Z,
183_276_DF_DICA_AINTP_12,IT1,1.0,Legal form,Forma giuridica,DICA_AINTP,1.0,2023-03-30T10:55:45.473Z,
183_276_DF_DICA_AINTP_13,IT1,1.0,Enterprise age class,Età impresa,DICA_AINTP,1.0,2023-03-30T10:55:45.473Z,
183_276_DF_DICA_AINTP_14,IT1,1.0,"Enterprise with employees, gender","Impresa con dipendenti, sesso",DICA_AINTP,1.0,2023-02-20T13:41:19.264Z,
183_276_DF_DICA_AINTP_15,IT1,1.0,"Enterprise with employees, age class","Impresa con dipendenti, età",DICA_AINTP,1.0,2023-02-20T14:31:01.234Z,
183_276_DF_DICA_AINTP_16,IT1,1.0,"Enterprise with employees, country of birth","Impresa con dipendenti, paese di nascita",DICA_AINTP,1.0,2023-02-20T15:15:28.288Z,
183_276_DF_DICA_AINTP_17,IT1,1.0,"Enterprise with employess, work period carried out at the user enterprise","Impresa con dipendenti, periodo di attività svolto nell'impresa utilizzatrice",DICA_AINTP,1.0,2023-02-20T15:35:04.769Z,
183_276_DF_DICA_AINTP_2,IT1,1.0,Economic activity (Nace 3 digit) - reg.,Settori economici (Ateco 3 cifre) - reg.,DICA_AINTP,1.0,2023-02-16T14:57:35.157Z,
183_276_DF_DICA_AINTP_3,IT1,1.0,"Sectors of economic activity, size class of persons employed","Macrosettori economici, classe di addetti",DICA_AINTP,1.0,2023-02-17T09:55:33.829Z,
183_276_DF_DICA_AINTP_4,IT1,1.0,"Sectors of economic activity, legal form","Macrosettori economici, forma giuridica",DICA_AINTP,1.0,2023-03-30T10:55:45.473Z,
183_276_DF_DICA_AINTP_5,IT1,1.0,"Sectors of economic activity, enterprise age class, enterprise with empliees","Macrosettori economici, età impresa, impresa con dipendenti",DICA_AINTP,1.0,2023-02-17T15:11:46.674Z,
183_276_DF_DICA_AINTP_6,IT1,1.0,Economic activity (Nace 2 digit),Settori economici (Ateco 2 cifre),DICA_AINTP,1.0,2023-02-17T15:32:51.690Z,
183_276_DF_DICA_AINTP_7,IT1,1.0,Size class of persons employed - geographical areas,Classe di addetti - rip.,DICA_AINTP,1.0,2023-02-17T15:49:55.705Z,
183_276_DF_DICA_AINTP_8,IT1,1.0,Legal form - geographical areas,Forma giuridica - rip.,DICA_AINTP,1.0,2023-03-30T10:55:45.473Z,
183_276_DF_DICA_AINTP_9,IT1,1.0,"Enterprise age class, enterprise with employees - geographical areas","Età impresa, impresa con dipendenti - rip.",DICA_AINTP,1.0,2023-02-18T08:10:22.019Z,
183_277,IT1,1.0,Enterprises and persons employed,Imprese e addetti,DICA_ASIAUE1P,1.0,2026-04-22T14:20:46.600Z,
183_277_DF_DICA_ASIAUE1P_1,IT1,1.0,Enterprises and persons employed - Key data,Imprese e addetti - Principali dati,DICA_ASIAUE1P,1.0,04/22/2026 14:20:46,
183_277_DF_DICA_ASIAUE1P_2,IT1,1.0,"Enterprises and persons employed - Legal form, economic activity (Nace 5 digit) - Italy","Imprese e addetti - Forma giuridica, settori economici (Ateco 5 cifre) - Italia",DICA_ASIAUE1P,1.0,04/22/2026 14:20:46,
183_277_DF_DICA_ASIAUE1P_3,IT1,1.0,"Enterprises and persons employed - Legal form, economic activity (Nace 4 digit) - geographical area","Imprese e addetti - Forma giuridica, settori economici (Ateco 4 cifre) - ripartizioni",DICA_ASIAUE1P,1.0,04/23/2026 14:58:06,
183_277_DF_DICA_ASIAUE1P_4,IT1,1.0,"Enterprises and persons employed - Legal form, economic activity (Nace 3 digit) - provinces","Imprese e addetti - Forma giuridica, settori economici (Ateco 3 cifre) - province",DICA_ASIAUE1P,1.0,04/23/2026 15:29:48,
183_277_DF_DICA_ASIAUE1P_5,IT1,1.0,"Enterprises and persons employed - Legal form, economic ativity (Nace 2 digit), size class of persons employed - provinces","Imprese e addetti - Forma giuridica, settori economici (Ateco 2 cifre) , classe di addetti - province",DICA_ASIAUE1P,1.0,04/22/2026 14:20:46,
183_285,IT1,1.0,Local units and persons employed,Unità locali e addetti,DICA_ASIAULP,1.0,2026-04-16T09:41:11.836Z,
183_285_DF_DICA_ASIAULP_1,IT1,1.0,Local units and persons employed - Key data,Unità locali e addetti - Principali dati,DICA_ASIAULP,1.0,2026-04-16T09:41:11.836Z,
183_285_DF_DICA_ASIAULP_10,IT1,1.0,"Size class of persons employed, economic activities (Nace 1 digit) - local labour market areas 2021","Classe di addetti, settori economici (Ateco 1 cifra) - sll 2021",DICA_ASIAULP,1.0,2026-04-16T11:35:44.299Z,
183_285_DF_DICA_ASIAULP_2,IT1,1.0,Economic activities (Nace 5 digit) - type and population size class of municipalities and prov.,Settori economici (Ateco 5 cifre) - tipo e ampiezza demografica dei comuni e prov.,DICA_ASIAULP,1.0,2026-04-16T09:41:11.836Z,
183_285_DF_DICA_ASIAULP_3,IT1,1.0,Economic activities (Nace 3 digit) - com.,Settori economici (Ateco 3 cifre) - com.,DICA_ASIAULP,1.0,2026-04-16T09:41:11.836Z,
183_285_DF_DICA_ASIAULP_4,IT1,1.0,"Size class of persons employed, economic activities (Nace 5 digit) - Italy","Classe di addetti, settori economici (Ateco 5 cifre) - Italia",DICA_ASIAULP,1.0,2026-04-16T09:41:11.836Z,
183_285_DF_DICA_ASIAULP_5,IT1,1.0,"Size class of persons employed, economic activities (Nace 4 digit) - geographical areas","Classe di addetti, settori economici (Ateco 4 cifre) - rip.",DICA_ASIAULP,1.0,2026-04-16T09:41:11.836Z,
183_285_DF_DICA_ASIAULP_6,IT1,1.0,"Size class of persons employed, economic activities (Nace 3 digit) - prov.","Classe di addetti, settori economici (Ateco 3 cifre) - prov.",DICA_ASIAULP,1.0,2026-04-16T09:41:11.836Z,
183_285_DF_DICA_ASIAULP_7,IT1,1.0,"Size class of persons employed, Economic activities (Nace 2 digit) - municipalities","Classe di addetti, settori economici (Ateco 2 cifre) - com.",DICA_ASIAULP,1.0,2026-04-16T09:41:11.836Z,
183_285_DF_DICA_ASIAULP_8,IT1,1.0,"Size class of persons employed, economic activities (Nace 1 digit) - local labour market areas 2011","Classe di addetti, settori economici (Ateco 1 cifra) - sll 2011",DICA_ASIAULP,1.0,2026-04-16T09:41:11.836Z,
183_285_DF_DICA_ASIAULP_9,IT1,1.0,"Size class of persons employed, economic activities (Nace 1 digit) - local labour market areas 2001","Classe di addetti, settori economici (Ateco 1 cifra) - sll 2001",DICA_ASIAULP,1.0,2026-04-16T09:41:11.836Z,
183_286,IT1,1.0,Enterprises - employees,Imprese - lavoratori dipendenti,DICA_ADIPWP,1.0,2026-06-04T14:57:49.588Z,
183_286_DF_DICA_ADIPWP_1,IT1,1.0,Enterprises - employees - Key data,Imprese - lavoratori dipendenti - Principali dati,DICA_ADIPWP,1.0,2025-07-14T08:12:52.343Z,
183_286_DF_DICA_ADIPWP_10,IT1,1.0,"Legal form, age class - geographical areas","Forma giuridica, età - rip.",DICA_ADIPWP,1.0,03/30/2023 10:38:26,
183_286_DF_DICA_ADIPWP_11,IT1,1.0,"Legal form, country of birth - geographical areas","Forma giuridica, paese di nascita - rip.",DICA_ADIPWP,1.0,03/30/2023 10:38:26,
183_286_DF_DICA_ADIPWP_12,IT1,1.0,Economic activity (Nace 3 digit) - reg.,Settori economici (Ateco 3 cifre) - reg.,DICA_ADIPWP,1.0,03/30/2023 10:38:26,
183_286_DF_DICA_ADIPWP_13,IT1,1.0,Economic activities (Nace 1 digit) - prov.,Settori economici (Ateco 1 cifra) - prov.,DICA_ADIPWP,1.0,03/30/2023 10:38:26,
183_286_DF_DICA_ADIPWP_14,IT1,1.0,Size class of persons employed - prov.,Classe di addetti - prov.,DICA_ADIPWP,1.0,03/30/2023 10:38:26,
183_286_DF_DICA_ADIPWP_15,IT1,1.0,Legal form - prov.,Forma giuridica - prov.,DICA_ADIPWP,1.0,03/30/2023 10:38:26,
183_286_DF_DICA_ADIPWP_16,IT1,1.0,Enterprise age class - prov.,Età impresa - prov.,DICA_ADIPWP,1.0,03/30/2023 10:38:26,
183_286_DF_DICA_ADIPWP_17,IT1,1.0,Sectors of economic activity. size class of persons employed,"Macrosettori economici, classe di addetti",DICA_ADIPWP,1.0,03/30/2023 10:38:26,
183_286_DF_DICA_ADIPWP_18,IT1,1.0,"Sectors of economic activity, enterprise age class","Macrosettori economici, età impresa",DICA_ADIPWP,1.0,03/30/2023 10:38:26,
183_286_DF_DICA_ADIPWP_19,IT1,1.0,Sectors of economic activity - geographical areas,Macrosettori economici - rip.,DICA_ADIPWP,1.0,03/30/2023 10:38:26,
183_286_DF_DICA_ADIPWP_2,IT1,1.0,"Sectors of economic activity, size class of persons employed","Macrosettori economici, classe di addetti",DICA_ADIPWP,1.0,03/30/2023 10:38:26,
183_286_DF_DICA_ADIPWP_20,IT1,1.0,Economic activities (Nace 2 digit),Settori economici (Ateco 2 cifre),DICA_ADIPWP,1.0,03/30/2023 10:38:26,
183_286_DF_DICA_ADIPWP_21,IT1,1.0,Size class of persons employed - geographical areas,Classe di addetti - rip.,DICA_ADIPWP,1.0,03/30/2023 10:38:26,
183_286_DF_DICA_ADIPWP_22,IT1,1.0,Enterprise age class - geographical areas,Età impresa - rip.,DICA_ADIPWP,1.0,03/30/2023 10:38:26,
183_286_DF_DICA_ADIPWP_23,IT1,1.0,Regions,Regioni,DICA_ADIPWP,1.0,03/30/2023 10:38:26,
183_286_DF_DICA_ADIPWP_24,IT1,1.0,"Legal form, gender - geographical areas","Forma giuridica, sesso - rip.",DICA_ADIPWP,1.0,03/30/2023 10:38:26,
183_286_DF_DICA_ADIPWP_25,IT1,1.0,"Legal form, age class - geographical areas","Forma giuridica, età - rip.",DICA_ADIPWP,1.0,03/30/2023 10:38:26,
183_286_DF_DICA_ADIPWP_26,IT1,1.0,"Legal form, country of birth - geographical areas","Forma giuridica, paese di nascita - rip.",DICA_ADIPWP,1.0,2023-03-30T10:38:26.099Z,
183_286_DF_DICA_ADIPWP_27,IT1,1.0,Economic activities (Nace 3 digit) - reg.,Settori economici (Ateco 3 cifre) - reg.,DICA_ADIPWP,1.0,03/30/2023 10:38:26,
183_286_DF_DICA_ADIPWP_28,IT1,1.0,Economic activities (Nace 1 digit) - prov.,Settori economici (Ateco 1 cifra) - prov.,DICA_ADIPWP,1.0,03/30/2023 10:38:26,
183_286_DF_DICA_ADIPWP_29,IT1,1.0,Size class of persons employed - prov.,Classe di addetti - prov.,DICA_ADIPWP,1.0,03/30/2023 10:38:26,
183_286_DF_DICA_ADIPWP_3,IT1,1.0,"Sectors of economic activity, enterprise age class","Macrosettori economici, età impresa",DICA_ADIPWP,1.0,03/30/2023 10:38:26,
183_286_DF_DICA_ADIPWP_30,IT1,1.0,Legal form - prov.,Forma giuridica - prov.,DICA_ADIPWP,1.0,03/30/2023 10:38:26,
183_286_DF_DICA_ADIPWP_31,IT1,1.0,Enterprise age class - prov.,Età impresa - prov.,DICA_ADIPWP,1.0,03/30/2023 10:38:26,
183_286_DF_DICA_ADIPWP_32,IT1,1.0,"Sectors of economic activity, size class of persons employed","Macrosettori economici, classe di addetti",DICA_ADIPWP,1.0,03/30/2023 10:38:26,
183_286_DF_DICA_ADIPWP_33,IT1,1.0,"Sectors of economic activity, enterprise age class","Macrosettori economici, età impresa",DICA_ADIPWP,1.0,03/30/2023 10:38:26,
183_286_DF_DICA_ADIPWP_34,IT1,1.0,Sectors of economic activity - geographical areas,Macrosettori economici - rip.,DICA_ADIPWP,1.0,03/30/2023 10:38:26,
183_286_DF_DICA_ADIPWP_35,IT1,1.0,Economic activities (Nace 2 digit),Settori economici (Ateco 2 cifre),DICA_ADIPWP,1.0,03/30/2023 10:38:26,
183_286_DF_DICA_ADIPWP_36,IT1,1.0,Size class of persons employed - geographical areas,Classe di addetti - rip.,DICA_ADIPWP,1.0,03/30/2023 10:38:26,
183_286_DF_DICA_ADIPWP_37,IT1,1.0,Enterprise age class - geographical areas,Età impresa - rip.,DICA_ADIPWP,1.0,03/30/2023 10:38:26,
183_286_DF_DICA_ADIPWP_38,IT1,1.0,Regions,Regioni,DICA_ADIPWP,1.0,03/30/2023 10:38:26,
183_286_DF_DICA_ADIPWP_39,IT1,1.0,"Legal form, gender - geographical areas","Forma giuridica, sesso - rip.",DICA_ADIPWP,1.0,03/30/2023 10:38:26,
183_286_DF_DICA_ADIPWP_4,IT1,1.0,Sectors of economic activity - geographical areas,Macrosettori economici - rip.,DICA_ADIPWP,1.0,03/30/2023 10:38:26,
183_286_DF_DICA_ADIPWP_40,IT1,1.0,"Legal form, age class - geographical areas","Forma giuridica, età - rip.",DICA_ADIPWP,1.0,03/30/2023 10:38:26,
183_286_DF_DICA_ADIPWP_41,IT1,1.0,"Legal form, country of birth - geographical areas","Forma giuridica, paese di nascita - rip.",DICA_ADIPWP,1.0,03/30/2023 10:38:26,
183_286_DF_DICA_ADIPWP_42,IT1,1.0,Economic activities (Nace 3 digit) - reg.,Settori economici (Ateco 3 cifre) - reg.,DICA_ADIPWP,1.0,03/30/2023 10:38:26,
183_286_DF_DICA_ADIPWP_43,IT1,1.0,Economic activities (Nace 1 digit) - prov.,Settori economici (Ateco 1 cifra) - prov.,DICA_ADIPWP,1.0,03/30/2023 10:38:26,
183_286_DF_DICA_ADIPWP_44,IT1,1.0,Size class of persons employed - prov.,Classe di addetti - prov.,DICA_ADIPWP,1.0,03/30/2023 10:38:26,
183_286_DF_DICA_ADIPWP_45,IT1,1.0,Legal form - prov.,Forma giuridica - prov.,DICA_ADIPWP,1.0,03/30/2023 10:38:26,
183_286_DF_DICA_ADIPWP_46,IT1,1.0,Enterprise age class - prov.,Età impresa - prov.,DICA_ADIPWP,1.0,03/30/2023 10:38:26,
183_286_DF_DICA_ADIPWP_5,IT1,1.0,Economic activities (Nace 2 digit),Settori economici (Ateco 2 cifre),DICA_ADIPWP,1.0,03/30/2023 10:38:26,
183_286_DF_DICA_ADIPWP_6,IT1,1.0,Size class of persons employed - geographical areas,Classe di addetti - rip.,DICA_ADIPWP,1.0,03/30/2023 10:38:26,
183_286_DF_DICA_ADIPWP_7,IT1,1.0,Enterprise age class - geographical areas,Età impresa - rip.,DICA_ADIPWP,1.0,03/30/2023 10:38:26,
183_286_DF_DICA_ADIPWP_8,IT1,1.0,Regions,Regioni,DICA_ADIPWP,1.0,03/30/2023 10:38:26,
183_286_DF_DICA_ADIPWP_9,IT1,1.0,"Legal form, gender - geographical areas","Forma giuridica, sesso - rip.",DICA_ADIPWP,1.0,03/30/2023 10:38:26,
183_332,IT1,1.0,Local units - employees,Unità locali - lavoratori dipendenti,DICA_ASIAULOCCP,1.0,2026-06-05T06:15:03.833Z,
183_332_DF_DICA_ASIAULOCCP_1,IT1,1.0,"Size class of persons employed, gender, class age - prov.","Classe di addetti, sesso, età - prov.",DICA_ASIAULOCCP,1.0,2023-03-30T11:05:21.154Z,
183_332_DF_DICA_ASIAULOCCP_2,IT1,1.0,"Size class of persons employed, country of birth - prov.","Classe di addetti, paese di nascita - prov.",DICA_ASIAULOCCP,1.0,2023-03-30T11:05:21.154Z,
183_332_DF_DICA_ASIAULOCCP_3,IT1,1.0,"Size class of persons employed, professional qualification - prov.","Classe di addetti, qualifica professionale - prov",DICA_ASIAULOCCP,1.0,2023-03-30T11:05:21.154Z,
183_332_DF_DICA_ASIAULOCCP_4,IT1,1.0,"Economic activities (Nace 3 digit), gender - prov.","Settori economici (Ateco 3 cifre), sesso - prov.",DICA_ASIAULOCCP,1.0,2023-03-30T11:05:21.154Z,
183_332_DF_DICA_ASIAULOCCP_5,IT1,1.0,"Economic activities (Nace 3 digit), age class - prov.","Settori economici (Ateco 3 cifre), età - prov.",DICA_ASIAULOCCP,1.0,2023-03-30T11:05:21.154Z,
183_332_DF_DICA_ASIAULOCCP_6,IT1,1.0,"Economic activities (Nace 3 digit), country of birth - prov.","Settori economici (Ateco 3 cifre), paese di nascita - prov.",DICA_ASIAULOCCP,1.0,2023-03-30T11:05:21.154Z,
183_332_DF_DICA_ASIAULOCCP_7,IT1,1.0,"Economic activities (Nace 3 digit), professional qualification - prov.","Settori economici (Ateco 3 cifre), qualifica professionale - prov.",DICA_ASIAULOCCP,1.0,2023-03-30T11:05:21.154Z,
183_336,IT1,1.0,Enterprises - employees by social security contribution allowance,Imprese - lavoratori dipendenti beneficiari di sgravi contributivi,DICA_ADIPPP,1.0,2026-06-04T15:02:27.909Z,
183_336_DF_DICA_ADIPPP_1,IT1,1.0,"Gender, sectors of economic activity","Sesso, macrosettori economici",DICA_ADIPPP,1.0,03/30/2023 09:15:43,
183_336_DF_DICA_ADIPPP_2,IT1,1.0,"Gender, size class of persons employed","Sesso, classe di addetti",DICA_ADIPPP,1.0,03/30/2023 09:15:43,
183_336_DF_DICA_ADIPPP_3,IT1,1.0,Gender - reg.,Sesso - reg.,DICA_ADIPPP,1.0,03/30/2023 09:15:43,
183_336_DF_DICA_ADIPPP_4,IT1,1.0,"Age class, sectors of economic activity","Età, macrosettori economici",DICA_ADIPPP,1.0,03/30/2023 09:15:43,
183_336_DF_DICA_ADIPPP_5,IT1,1.0,"Age class, size class of persons employed","Età, classe di addetti",DICA_ADIPPP,1.0,03/30/2023 09:15:43,
183_336_DF_DICA_ADIPPP_6,IT1,1.0,Age class - reg.,Età - reg.,DICA_ADIPPP,1.0,03/30/2023 09:15:43,
183_336_DF_DICA_ADIPPP_7,IT1,1.0,"Country of birth, sectors of economic activity","Paese di nascita, macrosettori economici",DICA_ADIPPP,1.0,03/30/2023 09:15:43,
183_336_DF_DICA_ADIPPP_8,IT1,1.0,"Country of birth, size class of persons employed","Paese di nascita, classe di addetti",DICA_ADIPPP,1.0,03/30/2023 09:15:43,
183_336_DF_DICA_ADIPPP_9,IT1,1.0,Country of birth - reg.,Paese di nascita - reg.,DICA_ADIPPP,1.0,03/30/2023 09:15:43,
183_464,IT1,1.0,Enterprises - human resources by highest level of education attained,Imprese - occupati per titolo di studio,DICA_TISTUDIO,1.0,2026-06-05T06:07:05.243Z,
183_464_DF_DICA_TISTUDIO_1,IT1,1.0,Enterprises - human resources by highest level of education attained - Key data,Imprese - occupati per titolo di studio - Principali dati,DICA_TISTUDIO,1.0,2025-07-14T07:47:00.152Z,
183_464_DF_DICA_TISTUDIO_2,IT1,1.0,Professional qualification - geographical areas,Qualifica professionale - rip.,DICA_TISTUDIO,1.0,02/25/2023 10:19:11,
183_464_DF_DICA_TISTUDIO_3,IT1,1.0,"Country of bearth sex, age - geographical areas","Paese di nascita, sesso, età - rip.",DICA_TISTUDIO,1.0,02/25/2023 10:28:41,
183_464_DF_DICA_TISTUDIO_4,IT1,1.0,Sex -reg.,Sesso - reg.,DICA_TISTUDIO,1.0,02/26/2023 09:14:41,
183_464_DF_DICA_TISTUDIO_5,IT1,1.0,Age -reg.,Età - reg.,DICA_TISTUDIO,1.0,02/26/2023 09:24:49,
183_464_DF_DICA_TISTUDIO_6,IT1,1.0,Country of bearth -reg.,Paese di nascita - reg.,DICA_TISTUDIO,1.0,02/26/2023 09:48:30,
18_157,IT1,1.0,Energy Balance,Bilancio energetico,DCCV_BILENERG,1.0,2026-06-05T07:17:11.835Z,
18_157_DF_DCCV_BILENERG_1,IT1,1.0,End-use,Usi finali,DCCV_BILENERG,1.0,04/02/2023 15:50:03,
18_157_DF_DCCV_BILENERG_2,IT1,1.0,Gross domestic consumption,Consumo interno lordo,DCCV_BILENERG,1.0,04/02/2023 15:36:37,
18_635,IT1,1.0,Households energy consumption,Consumi energetici delle famiglie,DCCV_CENERG,1.0,2026-06-04T14:42:43.572Z,
18_635_DF_DCCV_CENERG_1,IT1,1.0,Hoseholds expenditure for energy consumption,Spesa per tipo di fonte,DCCV_CENERG,1.0,2023-09-26T09:09:06.157Z,
18_635_DF_DCCV_CENERG_10,IT1,1.0,Firewood and pellets - reg.,Legna e pellets - reg.,DCCV_CENERG,1.0,2023-09-26T09:09:06.157Z,
18_635_DF_DCCV_CENERG_11,IT1,1.0,Firewood - type and supply - reg.,Legna - tipo e canale approvvigionamento - reg.,DCCV_CENERG,1.0,2023-09-26T09:09:06.157Z,
18_635_DF_DCCV_CENERG_12,IT1,1.0,Bulbs - reg.,Lampadine - reg.,DCCV_CENERG,1.0,2023-09-26T09:09:06.157Z,
18_635_DF_DCCV_CENERG_13,IT1,1.0,Appliances - reg.,Elettrodomestici - reg.,DCCV_CENERG,1.0,2023-09-26T09:09:06.157Z,
18_635_DF_DCCV_CENERG_2,IT1,1.0,"Heating - availability, type and source - reg.","Impianto riscaldamento - disponibilità, tipo e fonte - reg.",DCCV_CENERG,1.0,2023-09-26T09:09:06.157Z,
18_635_DF_DCCV_CENERG_3,IT1,1.0,Heating - type of system by source and frequency use,Impianto riscaldamento - tipo per fonte e frequenza d'uso,DCCV_CENERG,1.0,2023-09-26T09:09:06.157Z,
18_635_DF_DCCV_CENERG_4,IT1,1.0,Heating - frequency use - reg.,Impianto riscaldamento - frequenza d'uso - reg.,DCCV_CENERG,1.0,2023-09-26T09:09:06.157Z,
18_635_DF_DCCV_CENERG_5,IT1,1.0,Heating - operating schedule - reg.,Impianto riscaldamento - ore di accensione - reg.,DCCV_CENERG,1.0,2023-09-26T09:09:06.157Z,
18_635_DF_DCCV_CENERG_6,IT1,1.0,"Conditioner - availability, type of system and frequency of use - reg.","Impianto condizionamento - disponibilità, tipo e frequenza d'uso - reg.",DCCV_CENERG,1.0,2023-09-26T09:09:06.157Z,
18_635_DF_DCCV_CENERG_7,IT1,1.0,Conditioner - operating schedule - reg.,Impianto condizionamento - ore di accensione - reg.,DCCV_CENERG,1.0,2023-09-26T09:09:06.157Z,
18_635_DF_DCCV_CENERG_8,IT1,1.0,"Water system - availability, type and source - reg.","Riscaldamento acqua - disponibilità, tipo di impianto e fonte - reg.",DCCV_CENERG,1.0,2023-09-26T09:09:06.157Z,
18_635_DF_DCCV_CENERG_9,IT1,1.0,Water system - Type of system and energy source,Riscaldamento acqua - tipo di impianto e fonte di alimentazione,DCCV_CENERG,1.0,2023-05-16T14:15:09.090Z,
19_366_DF_DCCN_PROTSOC_B19_1,IT1,1.0,Consolidated accounts  - editions from October 2019 to April 2024,Conti economici consolidati - edizioni ottobre 2019 - aprile 2024,DCCN_PROTSOC_B19,1.0,10/16/2024 12:36:01,
19_366_DF_DCCN_PROTSOC_B19_2,IT1,1.0,"Social benefits by policy area, risk and need  - editions from October 2019 to April 2024","Prestazioni secondo evento, rischio e bisogno - edizioni ottobre 2019 - aprile 2024",DCCN_PROTSOC_B19,1.0,10/16/2024 13:00:54,
1_1064,IT1,1.0,Sequence of quarterly accounts by institutional sector - editions from October 2019 to July 2024,Sequenza dei conti trimestrali per settore istituzionale - edizioni ottobre 2019 - luglio 2024,DCCN_ISTITUZ_QNA1_B19,1.0,2024-07-29T13:59:11.142Z,
1_1064_DF_DCCN_ISTITUZ_QNA1_B19_1,IT1,1.0,Sequence of accounts - editions from October 2019 to July 2024,Sequenza dei conti - edizioni ottobre 2019 - luglio 2024,DCCN_ISTITUZ_QNA1_B19,1.0,2024-07-26T20:16:45.649Z,
1_1064_DF_DCCN_ISTITUZ_QNA1_B19_2,IT1,1.0,Key indicators on consumer households and non-financial corporations - editions from October 2019 to July 2024,Indicatori su famiglie e società non finanziarie - edizioni ottobre 2019 - luglio 2024,DCCN_ISTITUZ_QNA1_B19,1.0,2024-07-26T20:16:45.649Z,
1_1064_DF_DCCN_ISTITUZ_QNA1_B19_3,IT1,1.0,Seasonal adjusted aggregates - editions from October 2019 to July 2024,Aggregati destagionalizzati - edizioni ottobre 2019 - luglio 2024,DCCN_ISTITUZ_QNA1_B19,1.0,2024-07-26T20:16:45.649Z,
1_184,IT1,1.0,Gross Domestic Product and main components - editions from October 2019 to September 2024,Prodotto interno lordo e principali componenti - edizioni ottobre 2019 - settembre 2024,DCCN_PILQ_B19,1.0,2024-09-02T08:06:05.440Z,
1_184_DF_DCCN_PILQ_B19_1,IT1,1.0,Gross Domestic Product and main components - editions from October 2019 to September 2024,Prodotto interno lordo e principali componenti - edizioni ottobre 2019 - settembre 2024,DCCN_PILQ_B19,1.0,09/02/2024 08:06:05,
1_88,IT1,1.0,Employment breakdown by industry and population - editions from October 2019 to September 2024,Occupazione per branca di attività e popolazione - edizioni ottobre 2019 - settembre 2024,DCCN_OCCQSEC2010_B19,1.0,2024-09-02T08:10:12.383Z,
1_88_DF_DCCN_OCCQSEC2010_B19_1,IT1,1.0,Employment breakdown by industry - editions from October 2019 to September 2024,Occupazione per branca di attività - edizioni ottobre 2019 - settembre 2024,DCCN_OCCQSEC2010_B19,1.0,09/02/2024 08:10:12,
1_88_DF_DCCN_OCCQSEC2010_B19_2,IT1,1.0,Quarterly average population - editions from October 2019 to September 2024,Popolazione media del periodo - edizioni ottobre 2019 - settembre 2024,DCCN_OCCQSEC2010_B19,1.0,2024-09-04T08:03:32.406Z,
1_963_DF_DCCN_SHA_B19_1,IT1,1.0,Health expenditure by health care function and financing scheme - editions from June 2020 to May 2024,Spesa sanitaria per tipo di funzione di assistenza sanitaria e finanziamento - edizioni giugno 2020 - maggio 2024,DCCN_SHA_B19,1.0,05/15/2025 07:27:05,
1_963_DF_DCCN_SHA_B19_2,IT1,1.0,Health expenditure by health care function and health care provider - editions from June 2020 to May 2024,Spesa sanitaria per tipo di funzione di assistenza sanitaria e soggetto erogatore - edizioni giugno 2020 - maggio 2024,DCCN_SHA_B19,1.0,05/15/2025 07:32:12,
1_963_DF_DCCN_SHA_B19_3,IT1,1.0,Health expenditure by health care provider and financing scheme - editions from June 2020 to May 2024,Spesa sanitaria per soggetto erogatore e tipo di finanziamento - edizioni giugno 2020 - maggio 2024,DCCN_SHA_B19,1.0,05/15/2025 07:36:15,
22_1201,IT1,1.0,Semi-supercentenarian population (105 years and more),Popolazione semi-super centenaria (105 anni e più),DCIS_SSCENT,1.0,2025-11-06T09:57:16.605Z,METADATA_URL
22_1201_DF_DCIS_SSCENT_1,IT1,1.0,Semi-supercentenarian population (105 years and more),Popolazione semi-super centenaria (105 anni e più),DCIS_SSCENT,1.0,2025-11-06T09:57:16.605Z,
22_1240,IT1,1.0,Italian population residing abroad - balance,Popolazione italiana residente all'estero - bilancio,DCIS_POPITAESTBIL,1.0,2025-07-21T10:43:56.407Z,
22_1240_DF_DCIS_POPITAESTBIL_1,IT1,1.0,Italian population residing abroad - balance,Popolazione italiana residente all'estero - bilancio,DCIS_POPITAESTBIL,1.0,2026-07-09T12:50:34.215Z,
22_1262,IT1,1.0,Italian population residing abroad,Popolazione italiana residente all'estero,DCIS_POPITAEST,1.0,2026-07-31T10:46:16.245Z,
22_1262_DF_DCIS_POPITAEST_1,IT1,1.0,Population on 1st January by region and foreign country of AIRE registration,Popolazione al 1° gennaio per regione italiana e Paese estero di iscrizione AIRE,DCIS_POPITAEST,1.0,2026-07-31T10:46:16.245Z,
22_222_DF_DCSC_NONRESID_CONSTR_1,IT1,1.0,New non-residential buildings and related dwellings - provinces and municipality classes,Fabbricati non residenziali nuovi e relative abitazioni - province e classi di comune,DCSC_NONRESID_CONSTR,1.0,2026-07-02T07:39:48.276Z,
22_222_DF_DCSC_NONRESID_CONSTR_10,IT1,1.0,Extensions of non-residential buildings by floor addiction - geographical areas and municipality classes,Ampliamenti di fabbricati non residenziali con o senza sopraelevazione - ripartizioni e classi di comune,DCSC_NONRESID_CONSTR,1.0,2026-07-02T07:39:48.276Z,
22_222_DF_DCSC_NONRESID_CONSTR_2,IT1,1.0,Extensions of non-residential buildingsand related dwellings - provinces and municipality classes,Ampliamenti di fabbricati non residenziali e relative abitazioni - province e classi di comune,DCSC_NONRESID_CONSTR,1.0,2026-07-02T07:39:48.276Z,
22_222_DF_DCSC_NONRESID_CONSTR_3,IT1,1.0,New non-residential buildings and extensions of non-residential buildings by title to build - geographical areas and municipality classes,Fabbricati non residenziali nuovi e ampliamenti per titolo abilitativo - ripartizioni e classi di comune,DCSC_NONRESID_CONSTR,1.0,2026-07-02T07:39:48.276Z,
22_222_DF_DCSC_NONRESID_CONSTR_4,IT1,1.0,New non-residential buildings and extensions of non-residential buildings by estimated duration of works - geographical areas and municipality classes,Fabbricati non residenziali nuovi e ampliamenti per durata prevista dei lavori - ripartizioni e classi di comune,DCSC_NONRESID_CONSTR,1.0,2026-07-02T07:39:48.276Z,
22_222_DF_DCSC_NONRESID_CONSTR_5,IT1,1.0,Surface areas of new non-residential building by intended use - geographical areas and municipality classes,Superfici dei fabbricati non residenziali nuovi per destinazione d'uso - ripartizioni e classi di comune,DCSC_NONRESID_CONSTR,1.0,2026-07-02T07:39:48.276Z,
22_222_DF_DCSC_NONRESID_CONSTR_6,IT1,1.0,Surface areas of extensions of non-residential buildings by intended use - geographical areas and municipality classes,Superfici degli ampliamenti di fabbricati non residenziali per destinazione d'uso - ripartizioni e classi di comune,DCSC_NONRESID_CONSTR,1.0,2026-07-02T07:39:48.276Z,
22_222_DF_DCSC_NONRESID_CONSTR_7,IT1,1.0,New non-residential buildings and extensions of non-residential buildings by economic activity - provinces and municipality classes,Fabbricati non residenziali nuovi e ampliamenti per destinazione economica - province e classi di comune,DCSC_NONRESID_CONSTR,1.0,2026-07-02T07:39:48.276Z,
22_222_DF_DCSC_NONRESID_CONSTR_8,IT1,1.0,New non-residential buildings and extensions of non-residential buildings by holder of the title to build - regions and municipality classes,Fabbricati non residenziali nuovi e ampliamenti per richiedente il titolo abilitativo - regioni e classi di comune,DCSC_NONRESID_CONSTR,1.0,2026-07-02T07:39:48.276Z,
22_222_DF_DCSC_NONRESID_CONSTR_9,IT1,1.0,New non-residential buildings by heating system type - geographical areas and municipality classes,Fabbricati non residenziali nuovi per tipologia dell'impianto - ripartizioni e classi di comune,DCSC_NONRESID_CONSTR,1.0,2026-07-02T07:39:48.276Z,
22_289,IT1,1.0,Resident population  on 1st January,Popolazione residente  al 1° gennaio,DCIS_POPRES1,1.0,2026-03-31T08:03:43.724Z,METADATA_URL
22_289_DF_DASH_DCIS_POPRES1_1,IT1,1.0,Dashboard - All municipalities,Dashboard - Tutti i comuni,DCIS_POPRES1,1.0,2026-03-31T08:03:43.724Z,
22_289_DF_DCIS_POPRES1_1,IT1,1.0,"Italy, regions, provinces","Italia, regioni, province",DCIS_POPRES1,1.0,2026-03-31T08:03:43.724Z,
22_289_DF_DCIS_POPRES1_10,IT1,1.0,Friuli Venezia Giulia,Friuli Venezia Giulia,DCIS_POPRES1,1.0,2026-03-31T08:03:43.724Z,
22_289_DF_DCIS_POPRES1_11,IT1,1.0,Emilia Romagna,Emilia Romagna,DCIS_POPRES1,1.0,2026-03-31T08:03:43.724Z,
22_289_DF_DCIS_POPRES1_12,IT1,1.0,Toscana,Toscana,DCIS_POPRES1,1.0,2026-03-31T08:03:43.724Z,
22_289_DF_DCIS_POPRES1_13,IT1,1.0,Umbria,Umbria,DCIS_POPRES1,1.0,2026-03-31T08:03:43.724Z,
22_289_DF_DCIS_POPRES1_14,IT1,1.0,Marche,Marche,DCIS_POPRES1,1.0,2026-03-31T08:03:43.724Z,
22_289_DF_DCIS_POPRES1_15,IT1,1.0,Lazio,Lazio,DCIS_POPRES1,1.0,2026-03-31T08:03:43.724Z,
22_289_DF_DCIS_POPRES1_16,IT1,1.0,Abruzzo,Abruzzo,DCIS_POPRES1,1.0,2026-03-31T08:03:43.724Z,
22_289_DF_DCIS_POPRES1_17,IT1,1.0,Molise,Molise,DCIS_POPRES1,1.0,2026-03-31T08:03:43.724Z,
22_289_DF_DCIS_POPRES1_18,IT1,1.0,Campania,Campania,DCIS_POPRES1,1.0,2026-03-31T08:03:43.724Z,
22_289_DF_DCIS_POPRES1_19,IT1,1.0,Puglia,Puglia,DCIS_POPRES1,1.0,2026-03-31T08:03:43.724Z,
22_289_DF_DCIS_POPRES1_1_YOU,IT1,1.0,,"Italia, regioni, province - Giovani",DCIS_POPRES1,1.0,2026-03-31T08:03:43.724Z,
22_289_DF_DCIS_POPRES1_2,IT1,1.0,By age,Per fascia di età,DCIS_POPRES1,1.0,2026-03-31T08:03:43.724Z,
22_289_DF_DCIS_POPRES1_20,IT1,1.0,Basilicata,Basilicata,DCIS_POPRES1,1.0,2026-03-31T08:03:43.724Z,
22_289_DF_DCIS_POPRES1_21,IT1,1.0,Calabria,Calabria,DCIS_POPRES1,1.0,2026-03-31T08:03:43.724Z,
22_289_DF_DCIS_POPRES1_22,IT1,1.0,Sicilia,Sicilia,DCIS_POPRES1,1.0,2026-03-31T08:03:43.724Z,
22_289_DF_DCIS_POPRES1_23,IT1,1.0,Sardegna,Sardegna,DCIS_POPRES1,1.0,2026-03-31T08:03:43.724Z,
22_289_DF_DCIS_POPRES1_24,IT1,1.0,All municipalities by age,Tutti i comuni per singola età,DCIS_POPRES1,1.0,2026-03-31T08:03:43.724Z,
22_289_DF_DCIS_POPRES1_25,IT1,1.0,All municipalities by marital status,Tutti i comuni per stato civile,DCIS_POPRES1,1.0,2026-03-31T08:03:43.724Z,
22_289_DF_DCIS_POPRES1_26,IT1,1.0,All municipalities by age and marital status,Tutti i comuni per singola età e stato civile,DCIS_POPRES1,1.0,2026-03-31T08:03:43.724Z,
22_289_DF_DCIS_POPRES1_3,IT1,1.0,Piemonte,Piemonte,DCIS_POPRES1,1.0,01/14/2022 10:08:02,METADATA_URL
22_289_DF_DCIS_POPRES1_3B,IT1,1.0,Piemonte,Piemonte,DCIS_POPRES1,1.0,2026-03-31T08:03:43.724Z,
22_289_DF_DCIS_POPRES1_4,IT1,1.0,Valle d'Aosta/Vallée d'Aoste,Valle d'Aosta/Vallée d'Aoste,DCIS_POPRES1,1.0,2026-03-31T08:03:43.724Z,
22_289_DF_DCIS_POPRES1_5,IT1,1.0,Liguria,Liguria,DCIS_POPRES1,1.0,2026-03-31T08:03:43.724Z,
22_289_DF_DCIS_POPRES1_6,IT1,1.0,Lombardia,Lombardia,DCIS_POPRES1,1.0,2026-03-31T08:03:43.724Z,
22_289_DF_DCIS_POPRES1_7,IT1,1.0,Provincia Autonoma Bolzano/Bozen,Provincia Autonoma Bolzano/Bozen,DCIS_POPRES1,1.0,2026-03-31T08:03:43.724Z,
22_289_DF_DCIS_POPRES1_8,IT1,1.0,Provincia Autonoma Trento,Provincia Autonoma Trento,DCIS_POPRES1,1.0,2026-03-31T08:03:43.724Z,
22_289_DF_DCIS_POPRES1_9,IT1,1.0,Veneto,Veneto,DCIS_POPRES1,1.0,2026-03-31T08:03:43.724Z,
22_289_LT,IT1,1.0,Resident population on 1st January - province Latina,Popolazione residente al 1° gennaio - provincia di Latina,DCIS_POPRES1,1.0,2026-03-31T08:03:43.724Z,
22_293,IT1,1.0,Demographic  indicators,Indicatori  demografici,DCIS_INDDEMOG1,1.0,2026-03-31T07:58:36.992Z,METADATA_URL
22_293_DF_DCIS_INDDEMOG1_1,IT1,1.0,Demographic indicators,Indicatori demografici,DCIS_INDDEMOG1,1.0,2026-03-31T07:58:36.992Z,METADATA_URL
22_315,IT1,1.0,Resident population  - balance,Popolazione residente  - bilancio,DCIS_POPORESBIL1,1.0,2026-08-03T10:22:35.228Z,METADATA_URL
22_315_DF_DASH_DCIS_POPORESBIL1_24,IT1,1.0,All municipalities by age,Tutti i comuni per singola età,DCIS_POPORESBIL1,1.0,2026-08-03T10:22:35.228Z,
22_315_DF_DCIS_POPORESBIL1_1,IT1,1.0,Annual data,Dati annuali,DCIS_POPORESBIL1,1.0,2026-07-29T13:33:40.079Z,
22_315_DF_DCIS_POPORESBIL1_10,IT1,1.0,Friuli-Venezia Giulia,Friuli-Venezia Giulia,DCIS_POPORESBIL1,1.0,2025-12-18T09:01:51.439Z,METADATA_URL
22_315_DF_DCIS_POPORESBIL1_11,IT1,1.0,Emilia-Romagna,Emilia-Romagna,DCIS_POPORESBIL1,1.0,2025-12-18T09:01:51.439Z,METADATA_URL
22_315_DF_DCIS_POPORESBIL1_12,IT1,1.0,Toscana,Toscana,DCIS_POPORESBIL1,1.0,2025-12-18T09:01:51.439Z,METADATA_URL
22_315_DF_DCIS_POPORESBIL1_13,IT1,1.0,Umbria,Umbria,DCIS_POPORESBIL1,1.0,2025-12-18T09:01:51.439Z,METADATA_URL
22_315_DF_DCIS_POPORESBIL1_14,IT1,1.0,Marche,Marche,DCIS_POPORESBIL1,1.0,2025-12-18T09:01:51.439Z,METADATA_URL
22_315_DF_DCIS_POPORESBIL1_15,IT1,1.0,Lazio,Lazio,DCIS_POPORESBIL1,1.0,2025-12-18T09:01:51.439Z,METADATA_URL
22_315_DF_DCIS_POPORESBIL1_16,IT1,1.0,Abruzzo,Abruzzo,DCIS_POPORESBIL1,1.0,2025-12-18T09:01:51.439Z,METADATA_URL
22_315_DF_DCIS_POPORESBIL1_17,IT1,1.0,Molise,Molise,DCIS_POPORESBIL1,1.0,2025-12-18T09:01:51.439Z,METADATA_URL
22_315_DF_DCIS_POPORESBIL1_18,IT1,1.0,Campania,Campania,DCIS_POPORESBIL1,1.0,2025-12-18T09:01:51.439Z,METADATA_URL
22_315_DF_DCIS_POPORESBIL1_19,IT1,1.0,Puglia,Puglia,DCIS_POPORESBIL1,1.0,2025-12-18T09:01:51.439Z,METADATA_URL
22_315_DF_DCIS_POPORESBIL1_2,IT1,1.0,Monthly data,Dati mensili,DCIS_POPORESBIL1,1.0,2026-08-03T10:22:35.228Z,
22_315_DF_DCIS_POPORESBIL1_20,IT1,1.0,Basilicata,Basilicata,DCIS_POPORESBIL1,1.0,2025-12-18T09:01:51.439Z,METADATA_URL
22_315_DF_DCIS_POPORESBIL1_21,IT1,1.0,Calabria,Calabria,DCIS_POPORESBIL1,1.0,2025-12-18T09:01:51.439Z,METADATA_URL
22_315_DF_DCIS_POPORESBIL1_22,IT1,1.0,Sicilia,Sicilia,DCIS_POPORESBIL1,1.0,2025-12-18T09:01:51.439Z,METADATA_URL
22_315_DF_DCIS_POPORESBIL1_23,IT1,1.0,Sardegna,Sardegna,DCIS_POPORESBIL1,1.0,2025-12-18T09:01:51.439Z,METADATA_URL
22_315_DF_DCIS_POPORESBIL1_24,IT1,1.0,All municipalities,Tutti i comuni,DCIS_POPORESBIL1,1.0,2026-08-03T10:22:35.228Z,
22_315_DF_DCIS_POPORESBIL1_3,IT1,1.0,Piemonte,Piemonte,DCIS_POPORESBIL1,1.0,2025-12-18T09:01:51.439Z,METADATA_URL
22_315_DF_DCIS_POPORESBIL1_4,IT1,1.0,Valle d'Aosta/Vallée d'Aoste,Valle d'Aosta/Vallée d'Aoste,DCIS_POPORESBIL1,1.0,2025-12-18T09:01:51.439Z,METADATA_URL
22_315_DF_DCIS_POPORESBIL1_5,IT1,1.0,Liguria,Liguria,DCIS_POPORESBIL1,1.0,2025-12-18T09:01:51.439Z,METADATA_URL
22_315_DF_DCIS_POPORESBIL1_6,IT1,1.0,Lombardia,Lombardia,DCIS_POPORESBIL1,1.0,2025-12-18T09:01:51.439Z,METADATA_URL
22_315_DF_DCIS_POPORESBIL1_7,IT1,1.0,Provincia Autonoma Bolzano/Bozen,Provincia Autonoma Bolzano/Bozen,DCIS_POPORESBIL1,1.0,2025-12-18T09:01:51.439Z,METADATA_URL
22_315_DF_DCIS_POPORESBIL1_8,IT1,1.0,Provincia Autonoma Trento,Provincia Autonoma Trento,DCIS_POPORESBIL1,1.0,2025-12-18T09:01:51.439Z,METADATA_URL
22_315_DF_DCIS_POPORESBIL1_9,IT1,1.0,Veneto,Veneto,DCIS_POPORESBIL1,1.0,2025-12-18T09:01:51.439Z,METADATA_URL
22_389,IT1,1.0,Resident population on 1st January - latest available year,Popolazione residente al 1° gennaio - ultimo anno disponibile,DCIS_POPRES1,1.0,2026-03-31T08:03:43.724Z,
24_1149,IT1,1.0,Civil partnerships-Demographic characteristics,Unioni civili-Caratteristiche demografiche,DCIS_UNIONDEMO,1.0,2026-01-19T10:04:37.174Z,METADATA_URL
24_1149_DF_DCIS_UNIONDEMO_1,IT1,1.0,Gender (%),Sesso (%),DCIS_UNIONDEMO,1.0,2026-01-19T10:04:37.174Z,METADATA_URL
24_1149_DF_DCIS_UNIONDEMO_2,IT1,1.0,Marital status (%),Stato civile (%),DCIS_UNIONDEMO,1.0,2026-01-19T10:04:37.174Z,METADATA_URL
24_1149_DF_DCIS_UNIONDEMO_3,IT1,1.0,"Age class, marital status and sex","Classe di età, stato civile e sesso",DCIS_UNIONDEMO,1.0,2026-01-19T10:04:37.174Z,METADATA_URL
24_1149_DF_DCIS_UNIONDEMO_4,IT1,1.0,"Education level, marital status and sex","Titolo di studio, stato civile e sesso",DCIS_UNIONDEMO,1.0,2026-01-19T10:04:37.174Z,METADATA_URL
24_1149_DF_DCIS_UNIONDEMO_5,IT1,1.0,Month of constitution and sex,Mese di costituzione e sesso,DCIS_UNIONDEMO,1.0,2026-01-19T10:04:37.174Z,METADATA_URL
24_1149_DF_DCIS_UNIONDEMO_6,IT1,1.0,Marital property system and education level,Regime patrimoniale e titolo di studio,DCIS_UNIONDEMO,1.0,2026-01-19T10:04:37.174Z,METADATA_URL
24_1149_DF_DCIS_UNIONDEMO_7,IT1,1.0,"Partners by age, year of birth and marital status","Uniti per età, anno di nascita e stato civile",DCIS_UNIONDEMO,1.0,2026-01-19T10:04:37.174Z,METADATA_URL
24_1150,IT1,1.0,Civil partnerships - Indicators,Unioni civili - Indicatori,DCIS_UNIONIND,1.0,2026-01-19T10:11:46.927Z,METADATA_URL
24_1150_DF_DCIS_UNIONIND_1,IT1,1.0,Indicators,Indicatori,DCIS_UNIONIND,1.0,2026-01-19T10:11:46.927Z,METADATA_URL
24_1150_DF_DCIS_UNIONIND_2,IT1,1.0,Average age at civil partnership by marital status women,Età media delle donne per stato civile,DCIS_UNIONIND,1.0,2026-01-19T10:11:46.927Z,METADATA_URL
24_1150_DF_DCIS_UNIONIND_3,IT1,1.0,Average age at civil partnership by marital status men,Età media degli uomini per stato civile,DCIS_UNIONIND,1.0,2026-01-19T10:11:46.927Z,METADATA_URL
24_1151,IT1,1.0,Civil partnerships - Socio-professional characteristics,Unioni civili - Caratteristiche socio-professionali,DCIS_UNIONISOC,1.0,2026-01-19T10:06:48.581Z,METADATA_URL
24_1151_DF_DCIS_UNIONISOC_1,IT1,1.0,Marital property systems and professional position,Regime patrimoniale e posizione professionale,DCIS_UNIONISOC,1.0,2026-01-19T10:06:48.581Z,METADATA_URL
24_1151_DF_DCIS_UNIONISOC_2,IT1,1.0,Marital property systems and professional status,Regime patrimoniale e condizione professionale,DCIS_UNIONISOC,1.0,2026-01-19T10:06:48.581Z,METADATA_URL
24_1151_DF_DCIS_UNIONISOC_3,IT1,1.0,Sex and professional position,Sesso e posizione professionale,DCIS_UNIONISOC,1.0,2026-01-19T10:06:48.581Z,METADATA_URL
24_1151_DF_DCIS_UNIONISOC_4,IT1,1.0,Sex and professional status,Sesso e condizione professionale,DCIS_UNIONISOC,1.0,2026-01-19T10:06:48.581Z,METADATA_URL
24_1151_DF_DCIS_UNIONISOC_5,IT1,1.0,Birth region,Regione di nascita,DCIS_UNIONISOC,1.0,2026-01-19T10:06:48.581Z,METADATA_URL
24_1151_DF_DCIS_UNIONISOC_6,IT1,1.0,Residence region,Regione di residenza,DCIS_UNIONISOC,1.0,2026-01-19T10:06:48.581Z,METADATA_URL
24_1151_DF_DCIS_UNIONISOC_7,IT1,1.0,Birth region of the partner 2 and residence region of the partner  1,Regione di nascita unito 2 e di residenza unito 1,DCIS_UNIONISOC,1.0,2026-01-19T10:06:48.581Z,METADATA_URL
24_1151_DF_DCIS_UNIONISOC_8,IT1,1.0,Birth region of the partner 1 and residence region of the partner 2,Regione di nascita unito 1 e di residenza unito 2,DCIS_UNIONISOC,1.0,2026-01-19T10:06:48.581Z,METADATA_URL
24_1152,IT1,1.0,Civil partnerships - Citizenship,Unioni civili - Cittadinanza,DCIS_UNIONICIT,1.0,2026-01-19T10:08:08.392Z,METADATA_URL
24_1152_DF_DCIS_UNIONICIT_1,IT1,1.0,Civil partnerships by sex and type of couple,Unioni civili per sesso e tipologia di coppia,DCIS_UNIONICIT,1.0,2026-01-19T10:08:08.392Z,METADATA_URL
24_1152_DF_DCIS_UNIONICIT_2,IT1,1.0,Civil partnerships with at least a foreign partner by area of citizenship,Unioni civili con almeno uno straniero per area di cittadinanza,DCIS_UNIONICIT,1.0,2026-01-19T10:08:08.392Z,METADATA_URL
24_1152_DF_DCIS_UNIONICIT_3,IT1,1.0,Civil partnerships with at least a foreign partner by country of citizenship,Unioni civili con almeno uno straniero per paese di cittadinanza,DCIS_UNIONICIT,1.0,2026-01-19T10:08:08.392Z,METADATA_URL
24_1152_DF_DCIS_UNIONICIT_4,IT1,1.0,Both foreign partners by country of citizenship,Unioni civili di entrambi stranieri per paese di cittadinanza,DCIS_UNIONICIT,1.0,2026-01-19T10:08:08.392Z,METADATA_URL
24_1152_DF_DCIS_UNIONICIT_5,IT1,1.0,Both foreign partners by country of citizenship and comparison of citizenship,Unioni civili di entrambi stranieri per paese e confronto cittadinanza,DCIS_UNIONICIT,1.0,2026-01-19T10:08:08.392Z,METADATA_URL
24_1152_DF_DCIS_UNIONICIT_6,IT1,1.0,Type of couple and education level,Unioni civili per tipologia di coppia e titolo di studio,DCIS_UNIONICIT,1.0,2026-01-19T10:08:08.392Z,METADATA_URL
24_1152_DF_DCIS_UNIONICIT_7,IT1,1.0,Type of couple and marital status,Unioni civili per tipologia di coppia e stato civile,DCIS_UNIONICIT,1.0,2026-01-19T10:08:08.392Z,METADATA_URL
24_186,IT1,1.0,Marriages,Matrimoni,DCIS_MATRDEMO,1.0,2026-01-19T10:16:19.533Z,METADATA_URL
24_186_DF_DCIS_MATRDEMO_1,IT1,1.0,Rite (%),Rito (%),DCIS_MATRDEMO,1.0,2026-01-19T10:16:19.533Z,METADATA_URL
24_186_DF_DCIS_MATRDEMO_10,IT1,1.0,Piemonte,Piemonte,DCIS_MATRDEMO,1.0,2026-01-19T10:16:19.533Z,
24_186_DF_DCIS_MATRDEMO_11,IT1,1.0,Valle d'Aosta/Vallée d'Aoste,Valle d'Aosta/Vallée d'Aoste,DCIS_MATRDEMO,1.0,2026-01-19T10:16:19.533Z,
24_186_DF_DCIS_MATRDEMO_12,IT1,1.0,Liguria,Liguria,DCIS_MATRDEMO,1.0,2026-01-19T10:16:19.533Z,
24_186_DF_DCIS_MATRDEMO_13,IT1,1.0,Lombardia,Lombardia,DCIS_MATRDEMO,1.0,2026-01-19T10:16:19.533Z,
24_186_DF_DCIS_MATRDEMO_14,IT1,1.0,Provincia Autonoma Bolzano/Bozen,Provincia Autonoma Bolzano/Bozen,DCIS_MATRDEMO,1.0,2026-01-19T10:16:19.533Z,
24_186_DF_DCIS_MATRDEMO_15,IT1,1.0,Provincia Autonoma Trento,Provincia Autonoma Trento,DCIS_MATRDEMO,1.0,2026-01-19T10:16:19.533Z,
24_186_DF_DCIS_MATRDEMO_16,IT1,1.0,Veneto,Veneto,DCIS_MATRDEMO,1.0,2026-01-19T10:16:19.533Z,
24_186_DF_DCIS_MATRDEMO_17,IT1,1.0,Friuli-Venezia Giulia,Friuli-Venezia Giulia,DCIS_MATRDEMO,1.0,2026-01-19T10:16:19.533Z,
24_186_DF_DCIS_MATRDEMO_18,IT1,1.0,Emilia-Romagna,Emilia-Romagna,DCIS_MATRDEMO,1.0,2026-01-19T10:16:19.533Z,
24_186_DF_DCIS_MATRDEMO_19,IT1,1.0,Toscana,Toscana,DCIS_MATRDEMO,1.0,2026-01-19T10:16:19.533Z,
24_186_DF_DCIS_MATRDEMO_2,IT1,1.0,Marital status (%),Stato civile (%),DCIS_MATRDEMO,1.0,2026-01-19T10:16:19.533Z,METADATA_URL
24_186_DF_DCIS_MATRDEMO_20,IT1,1.0,Umbria,Umbria,DCIS_MATRDEMO,1.0,2026-01-19T10:16:19.533Z,
24_186_DF_DCIS_MATRDEMO_21,IT1,1.0,Marche,Marche,DCIS_MATRDEMO,1.0,2026-01-19T10:16:19.533Z,
24_186_DF_DCIS_MATRDEMO_22,IT1,1.0,Lazio,Lazio,DCIS_MATRDEMO,1.0,2026-01-19T10:16:19.533Z,
24_186_DF_DCIS_MATRDEMO_23,IT1,1.0,Abruzzo,Abruzzo,DCIS_MATRDEMO,1.0,2026-01-19T10:16:19.533Z,
24_186_DF_DCIS_MATRDEMO_24,IT1,1.0,Molise,Molise,DCIS_MATRDEMO,1.0,2026-01-19T10:16:19.533Z,
24_186_DF_DCIS_MATRDEMO_25,IT1,1.0,Campania,Campania,DCIS_MATRDEMO,1.0,2026-01-19T10:16:19.533Z,
24_186_DF_DCIS_MATRDEMO_26,IT1,1.0,Puglia,Puglia,DCIS_MATRDEMO,1.0,2026-01-19T10:16:19.533Z,
24_186_DF_DCIS_MATRDEMO_27,IT1,1.0,Basilicata,Basilicata,DCIS_MATRDEMO,1.0,2026-01-19T10:16:19.533Z,
24_186_DF_DCIS_MATRDEMO_28,IT1,1.0,Calabria,Calabria,DCIS_MATRDEMO,1.0,2026-01-19T10:16:19.533Z,
24_186_DF_DCIS_MATRDEMO_29,IT1,1.0,Sicilia,Sicilia,DCIS_MATRDEMO,1.0,2026-01-19T10:16:19.533Z,
24_186_DF_DCIS_MATRDEMO_3,IT1,1.0,Age and marital status,Età e stato civile,DCIS_MATRDEMO,1.0,2026-01-19T10:16:19.533Z,METADATA_URL
24_186_DF_DCIS_MATRDEMO_30,IT1,1.0,Sardegna,Sardegna,DCIS_MATRDEMO,1.0,2026-01-19T10:16:19.533Z,
24_186_DF_DCIS_MATRDEMO_4,IT1,1.0,Age class,Classi di età,DCIS_MATRDEMO,1.0,2026-01-19T10:16:19.533Z,METADATA_URL
24_186_DF_DCIS_MATRDEMO_5,IT1,1.0,"Rite, age class of the spouses, marital status","Rito, classe di età, stato civile",DCIS_MATRDEMO,1.0,2026-01-19T10:16:19.533Z,METADATA_URL
24_186_DF_DCIS_MATRDEMO_6,IT1,1.0,"Rite, education level, marital status","Rito, titolo di studio, stato civile",DCIS_MATRDEMO,1.0,2026-01-19T10:16:19.533Z,METADATA_URL
24_186_DF_DCIS_MATRDEMO_7,IT1,1.0,"Rite, month of celebration","Rito, mese di celebrazione",DCIS_MATRDEMO,1.0,2026-01-19T10:16:19.533Z,
24_186_DF_DCIS_MATRDEMO_8,IT1,1.0,Marital property system and education level,Regime patrimoniale e titolo di studio,DCIS_MATRDEMO,1.0,2026-01-19T10:16:19.533Z,METADATA_URL
24_186_DF_DCIS_MATRDEMO_9,IT1,1.0,Type of municipality and rite,Tipo di comune e rito,DCIS_MATRDEMO,1.0,2026-01-19T10:16:19.533Z,METADATA_URL
24_233_DF_DCAR_ENTIST_PA_2,IT1,1.0,"Revenue of public universities, polytechnic institutes and institutes of higher education (euro)","Entrate delle università, politecnici ed istituti di istruzione universitaria (euro)",DCAR_ENTIST_PA,1.0,2026-06-16T13:03:53.054Z,
24_386,IT1,1.0,Marriages - Socio-professional characteristics,Matrimoni - Caratteristiche socio-professionali,DCIS_MATRIMONI_SOC,1.0,2026-01-19T10:21:15.302Z,METADATA_URL
24_386_DF_DCIS_MATRIMONI_SOC_1,IT1,1.0,"Sector of economic activity, professional position","Settore economico, posizione professionale",DCIS_MATRIMONI_SOC,1.0,2026-01-19T10:21:15.302Z,METADATA_URL
24_386_DF_DCIS_MATRIMONI_SOC_2,IT1,1.0,Marital property systems and professional status,Regime patrimoniale e condizione professionale,DCIS_MATRIMONI_SOC,1.0,2026-01-19T10:21:15.302Z,METADATA_URL
24_386_DF_DCIS_MATRIMONI_SOC_3,IT1,1.0,Birth region,Regione di nascita,DCIS_MATRIMONI_SOC,1.0,2026-01-19T10:21:15.302Z,METADATA_URL
24_386_DF_DCIS_MATRIMONI_SOC_4,IT1,1.0,Residence region,Regione di residenza,DCIS_MATRIMONI_SOC,1.0,2026-01-19T10:21:15.302Z,METADATA_URL
24_386_DF_DCIS_MATRIMONI_SOC_5,IT1,1.0,Birth region of the bride and residence region of the bridegroom,Regione di nascita della sposa e di residenza dello sposo,DCIS_MATRIMONI_SOC,1.0,2026-01-19T10:21:15.302Z,METADATA_URL
24_386_DF_DCIS_MATRIMONI_SOC_6,IT1,1.0,Birth region of the bridegroom and residence region of the bride,Regione di nascita dello sposo e di residenza della sposa,DCIS_MATRIMONI_SOC,1.0,2026-01-19T10:21:15.302Z,METADATA_URL
24_446,IT1,1.0,Marriages - Citizenship,Matrimoni - Cittadinanza,DCIS_MATRIMONICIT,1.0,2026-01-19T10:13:02.093Z,METADATA_URL
24_446_DF_DCIS_MATRIMONICIT_1,IT1,1.0,Marriages - Citizenship - Key data,Matrimoni - Cittadinanza - Principali dati,DCIS_MATRIMONICIT,1.0,2026-01-19T10:13:02.093Z,METADATA_URL
24_446_DF_DCIS_MATRIMONICIT_2,IT1,1.0,Marriages by type of couple,Matrimoni per tipologia di coppia,DCIS_MATRIMONICIT,1.0,2026-01-19T10:13:02.093Z,METADATA_URL
24_446_DF_DCIS_MATRIMONICIT_3,IT1,1.0,Type of couple and area of ​​citizenship,Tipologia di coppia e area di cittadinanza,DCIS_MATRIMONICIT,1.0,2026-01-19T10:13:02.093Z,METADATA_URL
24_446_DF_DCIS_MATRIMONICIT_4,IT1,1.0,Type of couple and country of citizenship,Tipologia di coppia e paese di cittadinanza,DCIS_MATRIMONICIT,1.0,2026-01-19T10:13:02.093Z,
24_446_DF_DCIS_MATRIMONICIT_5,IT1,1.0,Marriages of foreign spouses by citizenship,Matrimoni di sposi entrambi stranieri per cittadinanza,DCIS_MATRIMONICIT,1.0,2026-01-19T10:13:02.093Z,METADATA_URL
24_446_DF_DCIS_MATRIMONICIT_6,IT1,1.0,Marriages of spouses both foreigners for equality or otherwise of citizenship,Matrimoni di sposi entrambi stranieri per uguaglianza o meno della cittadinanza,DCIS_MATRIMONICIT,1.0,2026-01-19T10:13:02.093Z,METADATA_URL
24_446_DF_DCIS_MATRIMONICIT_7,IT1,1.0,Type of couple and education level,Tipologia di coppia e titolo di studio,DCIS_MATRIMONICIT,1.0,2026-01-19T10:13:02.093Z,METADATA_URL
24_446_DF_DCIS_MATRIMONICIT_8,IT1,1.0,First or second marriages by type of couple,Primi o secondi matrimoni per tipologia di coppia,DCIS_MATRIMONICIT,1.0,2026-01-19T10:13:02.093Z,
24_446_DF_DCIS_MATRIMONICIT_9,IT1,1.0,Rite and type of couple,Rito e tipologia di coppia,DCIS_MATRIMONICIT,1.0,2026-01-19T10:13:02.093Z,METADATA_URL
24_447,IT1,1.0,Spouses - Demographic characteristics,Sposi - Caratteristiche demografiche,DCIS_SPOSI,1.0,2026-01-19T10:15:14.132Z,METADATA_URL
24_447_DF_DCIS_SPOSI_1,IT1,1.0,"Age, year of birth and marital status","Età, anno di nascita e stato civile",DCIS_SPOSI,1.0,2026-01-19T10:15:14.132Z,METADATA_URL
24_447_DF_DCIS_SPOSI_2,IT1,1.0,Age and duration of widowhood,Età e durata della vedovanza,DCIS_SPOSI,1.0,2026-01-19T10:15:14.132Z,METADATA_URL
24_447_DF_DCIS_SPOSI_3,IT1,1.0,Age and duration of divorce,Età e durata del divorzio,DCIS_SPOSI,1.0,2026-01-19T10:15:14.132Z,METADATA_URL
24_447_DF_DCIS_SPOSI_4,IT1,1.0,"Rite, age class and education level","Rito, classe di età e titolo di studio",DCIS_SPOSI,1.0,2026-01-19T10:15:14.132Z,METADATA_URL
24_84,IT1,1.0,Marriages - Indicators,Matrimoni - Indicatori,DCIS_MATRIND,1.0,2026-01-19T10:44:24.030Z,
24_84_DF_DCIS_MATRIND_1,IT1,1.0,Nuptiality,Indicatori di nuzialità,DCIS_MATRIND,1.0,2026-01-19T10:44:24.030Z,
24_84_DF_DCIS_MATRIND_2,IT1,1.0,Average age of bridegrooms at marriage by marital status,Età media degli sposi per stato civile,DCIS_MATRIND,1.0,2026-01-19T10:44:24.030Z,
24_84_DF_DCIS_MATRIND_3,IT1,1.0,Average age of brides at marriage by marital status,Età media delle spose per stato civile,DCIS_MATRIND,1.0,2026-01-19T10:44:24.030Z,
24_84_DF_DCIS_MATRIND_4,IT1,1.0,Index numbers,Numeri indice,DCIS_MATRIND,1.0,2026-01-19T10:44:24.030Z,
25_1242,IT1,1.0,Fertility intentions,Intenzioni di fecondità,DCCV_FERTINT1,1.0,2025-12-22T11:01:51.043Z,
25_1242_DF_DCCV_FERTINT1_1,IT1,1.0,People aged 18-49 who plan to have a child,Persone 18-49 anni che hanno intenzione di avere un figlio,DCCV_FERTINT1,1.0,2025-12-22T11:01:51.043Z,
25_1242_DF_DCCV_FERTINT1_2,IT1,1.0,Intention to have children within three years,Intenzione di avere figli entro tre anni,DCCV_FERTINT1,1.0,2025-12-22T11:01:51.043Z,
25_1242_DF_DCCV_FERTINT1_3,IT1,1.0,Intention to have children within three years by number of children had,Intenzione di avere figli entro tre anni per numero di figli avuti,DCCV_FERTINT1,1.0,2025-12-22T11:01:51.043Z,
25_1242_DF_DCCV_FERTINT1_4,IT1,1.0,Intention to have children within three years of persons with the same territory of residence,Intenzione di avere figli entro tre anni delle persone con lo stesso territorio di residenza,DCCV_FERTINT1,1.0,2025-12-22T11:01:51.043Z,
25_1242_DF_DCCV_FERTINT1_5,IT1,1.0,Intention to have children in the future,Intenzione di avere figli in futuro,DCCV_FERTINT1,1.0,2025-12-22T11:01:51.043Z,
25_1242_DF_DCCV_FERTINT1_6,IT1,1.0,Intention to have children in the future by number of children had,Intenzione di avere figli in futuro per numero di figli avuti,DCCV_FERTINT1,1.0,2025-12-22T11:01:51.043Z,
25_1242_DF_DCCV_FERTINT1_7,IT1,1.0,Intention to have children in the future of people with the same territory of residence,Intenzione di avere figli in futuro delle persone con lo stesso territorio di residenza,DCCV_FERTINT1,1.0,2025-12-22T11:01:51.043Z,
25_326,IT1,1.0,Fertility  indicators,Indicatori  di fecondità,DCIS_FECONDITA1,1.1,2026-01-15T11:20:42.443Z,METADATA_URL
25_326_DF_DCIS_FECONDITA1_5,IT1,1.0,Total fertility rate by event year and mother's citizenship,Tasso di fecondità totale per anno di evento e cittadinanza della madre,DCIS_FECONDITA1,1.1,2026-01-15T11:20:42.443Z,
25_326_DF_DCIS_FECONDITA1_6,IT1,1.0,Mean age of mothers at childbirth by event year and citizenship,Età media delle madri al parto per anno di evento e cittadinanza della madre,DCIS_FECONDITA1,1.1,2026-01-15T11:20:42.443Z,
25_326_DF_DCIS_FECONDITA1_7,IT1,1.0,"Fertility rates by mother's age, event year and mother's citizenship (per thousand women)","Tassi di fecondità specifici per età della madre, anno di evento e cittadinanza della madre (per mille donne)",DCIS_FECONDITA1,1.1,2026-01-15T11:20:42.443Z,
25_326_DF_DCIS_FECONDITA1_8,IT1,1.0,Mean age of the fathers at childbirth,Età media dei padri alla nascita del figlio,DCIS_FECONDITA1,1.1,2026-01-15T11:20:42.443Z,
25_74,IT1,1.0,Live births,Nati vivi,DCIS_NATI2,1.0,2025-10-21T08:02:15.151Z,
25_74_DF_DCIS_NATI1_10,IT1,1.0,Father -  Age and marital status (administrative centre level),Padre - Età e stato civile (capoluoghi prov.),DCIS_NATI1,1.0,12/19/2022 15:01:13,
25_74_DF_DCIS_NATI1_11,IT1,1.0,Parents -  Age  (administrative centre level),Genitori - Età (capoluoghi prov.),DCIS_NATI1,1.0,12/19/2022 15:01:13,
25_74_DF_DCIS_NATI1_12,IT1,1.0,Parents -  Marital status (administrative centre level),Genitori - Stato civile (capoluoghi prov.),DCIS_NATI1,1.0,12/19/2022 15:01:13,
25_74_DF_DCIS_NATI1_13,IT1,1.0,Marital status of her and him,Stato civile di lei e di lui,DCIS_NATI1,1.0,12/19/2022 15:01:13,
25_74_DF_DCIS_NATI1_14,IT1,1.0,Age of her and him,Età di lei e di lui,DCIS_NATI1,1.0,12/19/2022 15:01:13,
25_74_DF_DCIS_NATI1_15,IT1,1.0,Mother's characteristics,Caratteristiche della madre,DCIS_NATI1,1.0,12/19/2022 15:01:13,
25_74_DF_DCIS_NATI1_16,IT1,1.0,Father's characteristics,Caratteristiche del padre,DCIS_NATI1,1.0,12/19/2022 15:01:13,
25_74_DF_DCIS_NATI1_17,IT1,1.0,Estimate (administrative centre level),Stime  (capoluoghi prov.),DCIS_NATI1,1.0,12/19/2022 15:01:13,
25_74_DF_DCIS_NATI1_7,IT1,1.0,Mother - Age class and marital status (administrative centre level),Madre - Età e stato civile (capoluoghi prov.),DCIS_NATI1,1.0,12/19/2022 15:01:13,
25_74_DF_DCIS_NATI1_8,IT1,1.0,Mother - Age and citizenship,Madre - Età e cittadinanza,DCIS_NATI1,1.0,12/19/2022 15:01:13,
25_74_DF_DCIS_NATI1_9,IT1,1.0,Mother - Age and year of birth,Madre - Età e anno di nascita,DCIS_NATI1,1.0,12/19/2022 15:01:13,
25_74_DF_DCIS_NATI2_1,IT1,1.0,Biths time series - prov.,Nati serie storica - prov.,DCIS_NATI2,1.0,2025-10-21T08:02:15.151Z,
25_74_DF_DCIS_NATI2_2,IT1,1.0,Birth's sex and citizenship - prov.,Sesso e cittadinanza del nato - prov.,DCIS_NATI2,1.0,2025-10-21T08:02:15.151Z,
25_74_DF_DCIS_NATI2_3,IT1,1.0,Continent of foreign citizenship - reg.,Continente di cittadinanza estera del nato - reg.,DCIS_NATI2,1.0,2025-10-21T08:02:15.151Z,
25_74_DF_DCIS_NATI2_4,IT1,1.0,Continental macro-area of foreign citizenship - reg.,Macro area di cittadinanza estera del nato - reg.,DCIS_NATI2,1.0,2025-10-21T08:02:15.151Z,
25_74_DF_DCIS_NATI2_5,IT1,1.0,Country of foreign citizenship - reg.,Paese di cittadinanza estera del nato - reg.,DCIS_NATI2,1.0,2025-10-21T08:02:15.151Z,
25_74_DF_DCIS_NATI2_6,IT1,1.0,Live births inside and out of wedlock - prov.,Nati dentro e fuori dal matrimonio - prov.,DCIS_NATI2,1.0,2025-10-21T08:02:15.151Z,
25_74_DF_DCIS_NATI2_7,IT1,1.0,Mother's age and citizenship - prov.,Età e cittadinanza della madre - prov.,DCIS_NATI2,1.0,2025-10-21T08:02:15.151Z,
25_74_DF_DCIS_NATI2_8,IT1,1.0,"Citizenship parents, age of parents - prov.","Cittadinanza dei genitori, classe di età dei genitori - prov.",DCIS_NATI2,1.0,2025-10-21T08:02:15.151Z,
25_74_DF_DCIS_NATI2_9,IT1,1.0,"Citizenship parents, marital status of parents - prov.","Cittadinanza dei genitori, stato civile dei genitori - prov.",DCIS_NATI2,1.0,2025-10-21T08:02:15.151Z,
25_944,IT1,1.0,Fertility tables by birth order,Tavole di fecondità per ordine di nascita,DCIS_ARCH_FEC,1.0,2026-01-15T11:10:54.008Z,
25_944_DF_DCIS_ARCH_FEC_10,IT1,1.0,Age at childbirth by cohort and birth order,Età media al parto per coorte e ordine di nascita,DCIS_ARCH_FEC,1.0,2026-01-15T11:10:54.008Z,
25_944_DF_DCIS_ARCH_FEC_11,IT1,1.0,"Fertility rates by mother's age, cohort and birth order (per thousand women)","Tassi di fecondità specifci per età della madre, coorte e ordine di nascita (per mille donne)",DCIS_ARCH_FEC,1.0,2026-01-15T11:10:54.008Z,
25_944_DF_DCIS_ARCH_FEC_5,IT1,1.0,Leading Indicators,Principali indicatori,DCIS_ARCH_FEC,1.0,2026-01-15T11:10:54.008Z,
25_944_DF_DCIS_ARCH_FEC_6,IT1,1.0,Total fertility rate by event year and birth order,Tasso di fecondità totale per anno di evento e ordine di nascita,DCIS_ARCH_FEC,1.0,2026-01-15T11:10:54.008Z,
25_944_DF_DCIS_ARCH_FEC_7,IT1,1.0,Age at childbirth by event year and birth order,Età media al parto per anno di evento e ordine di nascita,DCIS_ARCH_FEC,1.0,2026-01-15T11:10:54.008Z,
25_944_DF_DCIS_ARCH_FEC_8,IT1,1.0,Mothers age specific fertility rates by event year and birth order (per thousand women),"Tassi di fecondità specifici per età della madre, anno di evento e ordine di nascita (per mille donne)",DCIS_ARCH_FEC,1.0,2026-01-15T11:10:54.008Z,
25_944_DF_DCIS_ARCH_FEC_9,IT1,1.0,Total fertility rate by cohort and birth order,Tasso di fecondità totale per coorte e ordine di nascita,DCIS_ARCH_FEC,1.0,2026-01-15T11:10:54.008Z,
26_29,IT1,1.0,Deaths,Decessi,DCIS_DECESSI,1.0,2026-05-15T08:20:32.798Z,METADATA_URL
26_295,IT1,1.0,Life tables,Tavole di mortalità,DCIS_MORTALITA1,1.0,2026-03-31T08:01:00.443Z,METADATA_URL
26_295_DF_DCIS_MORTALITA1_1,IT1,1.0,Age class,Classi di età,DCIS_MORTALITA1,1.0,2026-03-31T08:01:00.443Z,
26_295_DF_DCIS_MORTALITA1_2,IT1,1.0,Age,Singole età,DCIS_MORTALITA1,1.0,2026-03-31T08:01:00.443Z,
26_29_DF_DCIS_DECESSI_1,IT1,1.0,Synthetic indicators,Indicatori sintetici,DCIS_DECESSI,1.0,2026-05-15T08:20:32.798Z,METADATA_URL
26_29_DF_DCIS_DECESSI_2,IT1,1.0,Deaths,Morti,DCIS_DECESSI,1.0,2026-05-15T08:20:32.798Z,
26_29_DF_DCIS_DECESSI_3,IT1,1.0,Death rate,Quozienti  specifici,DCIS_DECESSI,1.0,2026-05-15T08:20:32.798Z,METADATA_URL
270_239,IT1,1.0,Gross fixed capital formation breakdown by industry (NACE Rev.1.1) - edition October 2010,Investimenti fissi lordi per branca proprietaria (NACE Rev.1.1) - edizione ottobre 2010,DCCN_CAPITALT,1.0,09/21/2021 06:38:48,METADATA_URL
270_242,IT1,1.0,Final consumption expenditure of households - editions until November 2013,Spesa per consumi finali delle famiglie - edizioni fino a novembre 2013,DCCN_CONSFAMT,1.0,09/21/2021 06:56:53,METADATA_URL
270_243,IT1,1.0,Final consumption expenditure of general government - editions until November 2013,Spesa per consumi finali della Pa - edizioni fino a novembre 2013,DCCN_CONSPAT,1.0,09/21/2021 07:05:36,METADATA_URL
270_248,IT1,1.0,Gross domestic product supply side - editions until November 2013,Prodotto interno lordo lato produzione - edizioni fino a novembre 2013,DCCN_PILPRODT,1.0,09/22/2021 07:08:40,METADATA_URL
270_254,IT1,1.0,Sequence of accounts - editions until November 2013,Sequenza dei conti - edizioni fino a novembre 2013,DCCN_SEQZCONTIT,1.0,09/22/2021 07:48:13,METADATA_URL
270_298,IT1,1.0,Accounts aggregates by industry (NACE Rev.2) - editions until November 2013,Aggregati dei conti per branca di attività (NACE Rev.2) - edizioni fino a novembre 2013,DCCN_AGGREGBRANCATREV2,1.0,09/21/2021 06:30:34,METADATA_URL
270_301,IT1,1.0,Employment breakdown by industry (NACE Rev.2) - editions until November 2013,Occupazione per branca di attività (NACE Rev.2) - edizioni fino a novembre 2013,DCCN_OCCUPTREV2,1.0,09/22/2021 06:58:04,METADATA_URL
270_303,IT1,1.0,Gross fixed capital formation breakdown by industry (NACE Rev.2) - editions  from February  2012 to November 2013,Investimenti fissi lordi per branca proprietaria (NACE Rev.2) - edizioni febbraio 2012 - novembre 2013,DCCN_CAPITALTREV2,1.0,09/21/2021 06:41:41,METADATA_URL
272_1164,IT1,1.0,Kinship and support network,Relazioni di parentela e reti di supporto,DCCV_RELAZ_PARENT,1.0,04/03/2025 15:06:27,
272_1164_DF_DCCV_RELAZ_PARENT_1,IT1,1.0,Kinship by territory,Relazioni di parentela per territorio,DCCV_RELAZ_PARENT,1.0,04/03/2025 15:06:27,
272_1164_DF_DCCV_RELAZ_PARENT_2,IT1,1.0,"Kinship - sex, age","Relazioni di parentela - sesso, età",DCCV_RELAZ_PARENT,1.0,04/03/2025 15:06:27,
272_1164_DF_DCCV_RELAZ_PARENT_3,IT1,1.0,Grandparents - age and living closeness,Persone per numero di nonni non conviventi per sesso e età,DCCV_RELAZ_PARENT,1.0,04/03/2025 15:06:27,
272_1164_DF_DCCV_RELAZ_PARENT_4,IT1,1.0,Grandparents - number and territory,Persone per numero di nonni non conviventi per territorio,DCCV_RELAZ_PARENT,1.0,04/03/2025 15:06:27,
272_1164_DF_DCCV_RELAZ_PARENT_5,IT1,1.0,Living closeness - territorial data,Prossimità abitativa per territorio,DCCV_RELAZ_PARENT,1.0,04/03/2025 15:06:27,
272_1164_DF_DCCV_RELAZ_PARENT_6,IT1,1.0,"Living closeness - sex, age","Prossimità abitativa - sesso, età",DCCV_RELAZ_PARENT,1.0,04/03/2025 15:06:27,
272_1164_DF_DCCV_RELAZ_PARENT_7,IT1,1.0,Frequency of contacts by territory,Frequenza dei contatti per territorio,DCCV_RELAZ_PARENT,1.0,04/03/2025 15:06:27,
272_1164_DF_DCCV_RELAZ_PARENT_8,IT1,1.0,"Type and frequency of contact - sex, age","Tipo e frequenza dei contatti - sesso, età",DCCV_RELAZ_PARENT,1.0,04/03/2025 15:06:27,
27_349,IT1,1.0,Separations - Indicators 2008-2014,Separazioni - Indicatori 2008-2014,DCIS_SEPARAZIND,1.0,02/03/2022 09:11:01,METADATA_URL
27_349_DF_DCIS_SEPARAZIND_1,IT1,1.0,Review proceedings,Procedimenti e separazioni,DCIS_SEPARAZIND,1.0,02/28/2022 13:39:23,METADATA_URL
27_349_DF_DCIS_SEPARAZIND_2,IT1,1.0,Marriage and couple characteristics,Caratteristiche del matrimonio e della coppia,DCIS_SEPARAZIND,1.0,02/28/2022 13:44:23,METADATA_URL
27_349_DF_DCIS_SEPARAZIND_3,IT1,1.0,Children,Figli,DCIS_SEPARAZIND,1.0,02/28/2022 13:47:38,METADATA_URL
27_349_DF_DCIS_SEPARAZIND_4,IT1,1.0,Economic provisions,Provvedimenti economici,DCIS_SEPARAZIND,1.0,02/28/2022 13:51:55,METADATA_URL
27_349_DF_DCIS_SEPARAZIND_5,IT1,1.0,Marriage and couple characteristics - synthesis,Caratteristiche del matrimonio e della coppia - sintesi,DCIS_SEPARAZIND,1.0,02/28/2022 13:56:37,METADATA_URL
27_349_DF_DCIS_SEPARAZIND_6,IT1,1.0,Separations - Indicators by mixed couples,Separazioni - Indicatori per coppie miste,DCIS_SEPARAZIND,1.0,02/28/2022 14:02:34,METADATA_URL
27_355,IT1,1.0,Divorces - Indicators 2008-2014,Divorzi - Indicatori 2008-2014,DCIS_DIVORZIND,1.0,02/03/2022 09:17:55,METADATA_URL
27_355_DF_DCIS_DIVORZIND_1,IT1,1.0,Proceedings and divorces,Procedimenti e divorzi,DCIS_DIVORZIND,1.0,03/02/2022 13:45:24,METADATA_URL
27_355_DF_DCIS_DIVORZIND_2,IT1,1.0,Marriage and couple characteristics,Caratteristiche del matrimonio e della coppia,DCIS_DIVORZIND,1.0,03/02/2022 13:47:50,METADATA_URL
27_355_DF_DCIS_DIVORZIND_3,IT1,1.0,Children,Figli,DCIS_DIVORZIND,1.0,03/02/2022 13:50:55,METADATA_URL
27_355_DF_DCIS_DIVORZIND_4,IT1,1.0,Economic provisions,Provvedimenti economici,DCIS_DIVORZIND,1.0,03/02/2022 13:53:19,METADATA_URL
27_355_DF_DCIS_DIVORZIND_5,IT1,1.0,Marriage and couple characteristics,Caratteristiche del matrimonio e della coppia,DCIS_DIVORZIND,1.0,03/02/2022 13:55:23,METADATA_URL
27_355_DF_DCIS_DIVORZIND_6,IT1,1.0,Divorces - Indicators for mixed couples,Divorzi - Indicatori per coppie miste,DCIS_DIVORZIND,1.0,03/02/2022 13:58:15,METADATA_URL
27_384,IT1,1.0,Separations - Demographic characteristics 2008-2014,Separazioni - Caratteristiche demografiche 2008-2014,DCIS_SEPARAZDEMCONG,1.0,02/03/2022 09:21:49,METADATA_URL
27_384_DF_DCIS_SEPARAZDEMCONG_1,IT1,1.0,Separations - Demographic characteristics 2008-2014 - Key data,Separazioni - Caratteristiche demografiche 2008-2014 - Principali dati,DCIS_SEPARAZDEMCONG,1.0,2025-07-03T12:32:19.119Z,METADATA_URL
27_384_DF_DCIS_SEPARAZDEMCONG_2,IT1,1.0,Place of birth,Regione di nascita,DCIS_SEPARAZDEMCONG,1.0,2022-07-25T12:02:27.190Z,METADATA_URL
27_384_DF_DCIS_SEPARAZDEMCONG_3,IT1,1.0,Place of residence,Regione di residenza,DCIS_SEPARAZDEMCONG,1.0,2022-07-25T12:09:02.805Z,METADATA_URL
27_384_DF_DCIS_SEPARAZDEMCONG_4,IT1,1.0,Age class at separation - spouses,Età alla separazione - coniugi,DCIS_SEPARAZDEMCONG,1.0,2022-07-25T12:13:26.629Z,METADATA_URL
27_384_DF_DCIS_SEPARAZDEMCONG_5,IT1,1.0,Age class at separation - husband,Età alla separazione - marito,DCIS_SEPARAZDEMCONG,1.0,2022-07-25T12:15:12.222Z,METADATA_URL
27_384_DF_DCIS_SEPARAZDEMCONG_6,IT1,1.0,Age class at separation -  wife,Età alla separazione - moglie,DCIS_SEPARAZDEMCONG,1.0,2022-07-25T12:17:07.955Z,METADATA_URL
27_384_DF_DCIS_SEPARAZDEMCONG_7,IT1,1.0,Age class at marriage and year of marriage,Età al matrimonio e anno di matrimonio,DCIS_SEPARAZDEMCONG,1.0,2022-07-25T12:31:13.672Z,METADATA_URL
27_384_DF_DCIS_SEPARAZDEMCONG_8,IT1,1.0,Age class at marriage - husband,Età al matrimonio - marito,DCIS_SEPARAZDEMCONG,1.0,2022-07-25T12:37:02.745Z,METADATA_URL
27_384_DF_DCIS_SEPARAZDEMCONG_9,IT1,1.0,Age class at marriage - wife,Età al matrimonio - moglie,DCIS_SEPARAZDEMCONG,1.0,2022-07-25T13:33:18.617Z,METADATA_URL
27_385,IT1,1.0,Divorces - Demographic characteristics 2008-2014,Divorzi - Caratteristiche demografiche 2008-2014,DCIS_DIVORDEMCONG,1.0,02/03/2022 09:25:30,METADATA_URL
27_385_DF_DCIS_DIVORDEMCONG_1,IT1,1.0,Divorces - Demographic characteristics 2008-2014 - Key data,Divorzi - Caratteristiche demografiche 2008-2014 - Principali dati,DCIS_DIVORDEMCONG,1.0,2025-07-03T13:02:26.950Z,METADATA_URL
27_385_DF_DCIS_DIVORDEMCONG_2,IT1,1.0,Place of birth,Regione di nascita,DCIS_DIVORDEMCONG,1.0,2022-07-26T06:47:03.428Z,METADATA_URL
27_385_DF_DCIS_DIVORDEMCONG_3,IT1,1.0,Place of residence,Regione di residenza,DCIS_DIVORDEMCONG,1.0,2022-07-26T06:48:54.545Z,METADATA_URL
27_385_DF_DCIS_DIVORDEMCONG_4,IT1,1.0,Age class at divorce - spouses,Età al divorzio - coniugi,DCIS_DIVORDEMCONG,1.0,2022-07-26T06:50:56.104Z,METADATA_URL
27_385_DF_DCIS_DIVORDEMCONG_5,IT1,1.0,Age class at divorce - husband,Età al divorzio - marito,DCIS_DIVORDEMCONG,1.0,2022-07-26T06:52:38.363Z,METADATA_URL
27_385_DF_DCIS_DIVORDEMCONG_6,IT1,1.0,Age class at divorce - wife,Età al divorzio - moglie,DCIS_DIVORDEMCONG,1.0,2022-07-26T06:54:20.083Z,METADATA_URL
27_385_DF_DCIS_DIVORDEMCONG_7,IT1,1.0,Age class at marriage and year of marriage,Età al matrimonio e anno di matrimonio,DCIS_DIVORDEMCONG,1.0,2022-07-26T06:57:10.210Z,METADATA_URL
27_385_DF_DCIS_DIVORDEMCONG_8,IT1,1.0,Age class at marriage - husband,Età al matrimonio - marito,DCIS_DIVORDEMCONG,1.0,2022-07-26T06:59:05.490Z,METADATA_URL
27_385_DF_DCIS_DIVORDEMCONG_9,IT1,1.0,Age class at marriage - wife,Età al matrimonio - moglie,DCIS_DIVORDEMCONG,1.0,2022-07-26T07:00:48.125Z,METADATA_URL
27_467,IT1,1.0,Separations -  Demographic characteristics,Separazioni -  Caratteristiche demografiche,DCIS_SEPARAZDEMCONG1,1.0,2026-05-29T10:38:27.993Z,METADATA_URL
27_467_DF_DCIS_SEPARAZDEMCONG1_1,IT1,1.0,Separations - Demographic characteristics - Key data,Separazioni - Caratteristiche demografiche - Principali dati,DCIS_SEPARAZDEMCONG1,1.0,2026-05-29T10:38:27.993Z,METADATA_URL
27_467_DF_DCIS_SEPARAZDEMCONG1_2,IT1,1.0,Place of birth,Regione di nascita,DCIS_SEPARAZDEMCONG1,1.0,2026-05-29T10:38:27.993Z,METADATA_URL
27_467_DF_DCIS_SEPARAZDEMCONG1_3,IT1,1.0,Place of residence,Regione di residenza,DCIS_SEPARAZDEMCONG1,1.0,2026-05-29T10:38:27.993Z,METADATA_URL
27_467_DF_DCIS_SEPARAZDEMCONG1_4,IT1,1.0,Age class at separation - spouses,Età alla separazione - coniugi,DCIS_SEPARAZDEMCONG1,1.0,2026-05-29T10:38:27.993Z,METADATA_URL
27_467_DF_DCIS_SEPARAZDEMCONG1_5,IT1,1.0,Age class at separation - husband,Età alla separazione - marito,DCIS_SEPARAZDEMCONG1,1.0,2026-05-29T10:38:27.993Z,METADATA_URL
27_467_DF_DCIS_SEPARAZDEMCONG1_6,IT1,1.0,Age class at separation -  wife,Età alla separazione - moglie,DCIS_SEPARAZDEMCONG1,1.0,2026-05-29T10:38:27.993Z,METADATA_URL
27_467_DF_DCIS_SEPARAZDEMCONG1_7,IT1,1.0,Age class at marriage and year of marriage,Età al matrimonio e anno di matrimonio,DCIS_SEPARAZDEMCONG1,1.0,2026-05-29T10:38:27.993Z,METADATA_URL
27_467_DF_DCIS_SEPARAZDEMCONG1_8,IT1,1.0,Age class at marriage - husband,Età al matrimonio - marito,DCIS_SEPARAZDEMCONG1,1.0,2026-05-29T10:38:27.993Z,METADATA_URL
27_467_DF_DCIS_SEPARAZDEMCONG1_9,IT1,1.0,Age class at marriage - wife,Età al matrimonio - moglie,DCIS_SEPARAZDEMCONG1,1.0,2026-05-29T10:38:27.993Z,METADATA_URL
27_468,IT1,1.0,Separations -  Socio-professional characteristics,Separazioni -  Caratteristiche socio-professionali,DCIS_SEPARAZSOC1,1.0,02/03/2022 09:30:48,METADATA_URL
27_468_DF_DCIS_SEPARAZSOC1_1,IT1,1.0,Spouses education level,Titolo di studio dei coniugi,DCIS_SEPARAZSOC1,1.0,2022-07-25T07:14:59.717Z,METADATA_URL
27_468_DF_DCIS_SEPARAZSOC1_2,IT1,1.0,Husband education level,Titolo di studio del marito,DCIS_SEPARAZSOC1,1.0,2022-07-25T07:16:35.531Z,METADATA_URL
27_468_DF_DCIS_SEPARAZSOC1_3,IT1,1.0,Wife education level,Titolo di studio della moglie,DCIS_SEPARAZSOC1,1.0,2022-07-25T07:18:09.119Z,METADATA_URL
27_468_DF_DCIS_SEPARAZSOC1_4,IT1,1.0,Spouses labour status,Condizione professionale dei coniugi,DCIS_SEPARAZSOC1,1.0,2022-07-25T07:20:17.532Z,METADATA_URL
27_468_DF_DCIS_SEPARAZSOC1_5,IT1,1.0,Spouses professional status,Posizione nella professione dei coniugi,DCIS_SEPARAZSOC1,1.0,2022-07-25T07:22:21.127Z,METADATA_URL
27_469,IT1,1.0,Separations -  Characteristics and children,Separazioni -  Caratteristiche e figli,DCIS_SEPARAZFIG1,1.0,2026-05-29T10:39:18.175Z,METADATA_URL
27_469_DF_DCIS_SEPARAZFIG1_1,IT1,1.0,Separations - Characteristics and children - Key data,Separazioni - Caratteristiche e figli - Principali dati,DCIS_SEPARAZFIG1,1.0,2026-05-29T10:39:18.175Z,METADATA_URL
27_469_DF_DCIS_SEPARAZFIG1_10,IT1,1.0,Age and number of children in custody,Età e numero di figli affidati,DCIS_SEPARAZFIG1,1.0,2026-05-29T10:39:18.175Z,METADATA_URL
27_469_DF_DCIS_SEPARAZFIG1_11,IT1,1.0,Age of children in custody,Età dei figli affidati,DCIS_SEPARAZFIG1,1.0,2026-05-29T10:39:18.175Z,METADATA_URL
27_469_DF_DCIS_SEPARAZFIG1_12,IT1,1.0,Type of custody,Tipo di affidamento,DCIS_SEPARAZFIG1,1.0,2026-05-29T10:39:18.175Z,METADATA_URL
27_469_DF_DCIS_SEPARAZFIG1_13,IT1,1.0,Number of children in custody,Numero di figli affidati,DCIS_SEPARAZFIG1,1.0,2026-05-29T10:39:18.175Z,METADATA_URL
27_469_DF_DCIS_SEPARAZFIG1_2,IT1,1.0,Type of judicial separation,Tipo di separazione giudiziale,DCIS_SEPARAZFIG1,1.0,2026-05-29T10:39:18.175Z,METADATA_URL
27_469_DF_DCIS_SEPARAZFIG1_3,IT1,1.0,Type of proceedings and rite of marriage celebration,Modalità di esaurimento e rito di celebrazione del matrimonio,DCIS_SEPARAZFIG1,1.0,2026-05-29T10:39:18.175Z,METADATA_URL
27_469_DF_DCIS_SEPARAZFIG1_4,IT1,1.0,Marriage duration,Durata del matrimonio,DCIS_SEPARAZFIG1,1.0,2026-05-29T10:39:18.175Z,METADATA_URL
27_469_DF_DCIS_SEPARAZFIG1_5,IT1,1.0,Year of marriage and number of children,Anno di matrimonio e numero di figli,DCIS_SEPARAZFIG1,1.0,2026-05-29T10:39:18.175Z,METADATA_URL
27_469_DF_DCIS_SEPARAZFIG1_6,IT1,1.0,Year of marriage and children in custody,Anno di matrimonio e presenza di figli affidati,DCIS_SEPARAZFIG1,1.0,2026-05-29T10:39:18.175Z,METADATA_URL
27_469_DF_DCIS_SEPARAZFIG1_7,IT1,1.0,Children in custody,Presenza di figli affidati,DCIS_SEPARAZFIG1,1.0,2026-05-29T10:39:18.175Z,METADATA_URL
27_469_DF_DCIS_SEPARAZFIG1_8,IT1,1.0,Year of marriage,Anno di matrimonio,DCIS_SEPARAZFIG1,1.0,2026-05-29T10:39:18.175Z,METADATA_URL
27_469_DF_DCIS_SEPARAZFIG1_9,IT1,1.0,Age of children in custody and type of custody,Età dei figli affidati e tipo di affidamento,DCIS_SEPARAZFIG1,1.0,2026-05-29T10:39:18.175Z,METADATA_URL
27_470,IT1,1.0,Divorces -  Demographic characteristics,Divorzi -  Caratteristiche demografiche,DCIS_DIVORDEMCONG1,1.0,2026-05-29T10:36:22.766Z,METADATA_URL
27_470_DF_DCIS_DIVORDEMCONG1_1,IT1,1.0,Divorces - Demographic characteristics - Key data,Divorzi - Caratteristiche demografiche - Principali dati,DCIS_DIVORDEMCONG1,1.0,2026-05-29T10:36:22.766Z,METADATA_URL
27_470_DF_DCIS_DIVORDEMCONG1_2,IT1,1.0,Place of birth,Regione di nascita,DCIS_DIVORDEMCONG1,1.0,2026-05-29T10:36:22.766Z,METADATA_URL
27_470_DF_DCIS_DIVORDEMCONG1_3,IT1,1.0,Place of residence,Regione di residenza,DCIS_DIVORDEMCONG1,1.0,2026-05-29T10:36:22.766Z,METADATA_URL
27_470_DF_DCIS_DIVORDEMCONG1_4,IT1,1.0,Age class at divorce - spouses,Età al divorzio - coniugi,DCIS_DIVORDEMCONG1,1.0,2026-05-29T10:36:22.766Z,METADATA_URL
27_470_DF_DCIS_DIVORDEMCONG1_5,IT1,1.0,Age class at divorce - husband,Età al divorzio - marito,DCIS_DIVORDEMCONG1,1.0,2026-05-29T10:36:22.766Z,METADATA_URL
27_470_DF_DCIS_DIVORDEMCONG1_6,IT1,1.0,Age class at divorce - wife,Età al divorzio - moglie,DCIS_DIVORDEMCONG1,1.0,2026-05-29T10:36:22.766Z,METADATA_URL
27_470_DF_DCIS_DIVORDEMCONG1_7,IT1,1.0,Age class at marriage and year of marriage,Età al matrimonio e anno di matrimonio,DCIS_DIVORDEMCONG1,1.0,2026-05-29T10:36:22.766Z,METADATA_URL
27_470_DF_DCIS_DIVORDEMCONG1_8,IT1,1.0,Age class at marriage - husband,Età al matrimonio - marito,DCIS_DIVORDEMCONG1,1.0,2026-05-29T10:36:22.766Z,METADATA_URL
27_470_DF_DCIS_DIVORDEMCONG1_9,IT1,1.0,Age class at marriage - wife,Età al matrimonio - moglie,DCIS_DIVORDEMCONG1,1.0,2026-05-29T10:36:22.766Z,METADATA_URL
27_474,IT1,1.0,Separations -  Indicators,Separazioni -  Indicatori,DCIS_SEPARAZIND1,1.0,2026-05-29T10:40:22.743Z,METADATA_URL
27_474_DF_DCIS_SEPARAZIND1_1,IT1,1.0,Review proceedings,Procedimenti e separazioni,DCIS_SEPARAZIND1,1.0,2026-05-29T10:40:22.743Z,METADATA_URL
27_474_DF_DCIS_SEPARAZIND1_2,IT1,1.0,Marriage and couple characteristics,Caratteristiche del matrimonio e della coppia,DCIS_SEPARAZIND1,1.0,2026-05-29T10:40:22.743Z,METADATA_URL
27_474_DF_DCIS_SEPARAZIND1_3,IT1,1.0,Economic provisions for spouses,Provvedimenti economici per il coniuge,DCIS_SEPARAZIND1,1.0,2026-05-29T10:40:22.743Z,METADATA_URL
27_474_DF_DCIS_SEPARAZIND1_4,IT1,1.0,Economic provisions for children,Provvedimenti economici per i figli,DCIS_SEPARAZIND1,1.0,2026-05-29T10:40:22.743Z,METADATA_URL
27_474_DF_DCIS_SEPARAZIND1_5,IT1,1.0,Economic provisions for minor children,Provvedimenti economici per i figli minori,DCIS_SEPARAZIND1,1.0,2026-05-29T10:40:22.743Z,METADATA_URL
27_474_DF_DCIS_SEPARAZIND1_6,IT1,1.0,Family house assignement,Assegnazione dell'abitazione,DCIS_SEPARAZIND1,1.0,2026-05-29T10:40:22.743Z,METADATA_URL
27_475,IT1,1.0,Divorces -  Socio-professional characteristics,Divorzi -  Caratteristiche socio-professionali,DCIS_DIVSOC1,1.0,02/03/2022 09:42:05,METADATA_URL
27_475_DF_DCIS_DIVSOC1_1,IT1,1.0,Spouses education level,Titolo di studio dei coniugi,DCIS_DIVSOC1,1.0,2022-07-25T09:06:32.160Z,METADATA_URL
27_475_DF_DCIS_DIVSOC1_2,IT1,1.0,Husband education level,Titolo di studio del marito,DCIS_DIVSOC1,1.0,2022-07-25T09:08:02.862Z,METADATA_URL
27_475_DF_DCIS_DIVSOC1_3,IT1,1.0,Wife education level,Titolo di studio della moglie,DCIS_DIVSOC1,1.0,2022-07-25T09:11:02.426Z,METADATA_URL
27_475_DF_DCIS_DIVSOC1_4,IT1,1.0,Spouses labour status,Condizione professionale dei coniugi,DCIS_DIVSOC1,1.0,2022-07-25T09:12:56.655Z,METADATA_URL
27_475_DF_DCIS_DIVSOC1_5,IT1,1.0,Spouses professional status,Posizione nella professione dei coniugi,DCIS_DIVSOC1,1.0,2022-07-25T09:15:04.526Z,METADATA_URL
27_731,IT1,1.0,Separations - Characteristics and minor children in custody 2008-2014,Separazioni - caratteristiche e figli minori affidati 2008-2014,DCIS_SEPARAZFIG,1.0,02/03/2022 09:45:20,METADATA_URL
27_731_DF_DCIS_SEPARAZFIG_1,IT1,1.0,Separations - Characteristics and minor children in custody 2008-2014 - Key data,Separazioni - caratteristiche e figli minori affidati 2008-2014 - Principali dati,DCIS_SEPARAZFIG,1.0,2025-07-03T12:55:46.616Z,METADATA_URL
27_731_DF_DCIS_SEPARAZFIG_10,IT1,1.0,Age and number of children in custody,Età e numero di figli affidati,DCIS_SEPARAZFIG,1.0,2022-07-25T14:21:31.103Z,METADATA_URL
27_731_DF_DCIS_SEPARAZFIG_11,IT1,1.0,Age of children in custody,Età dei figli affidati,DCIS_SEPARAZFIG,1.0,2022-07-25T14:23:39.762Z,METADATA_URL
27_731_DF_DCIS_SEPARAZFIG_12,IT1,1.0,Type of custody,Tipo di affidamento,DCIS_SEPARAZFIG,1.0,2022-07-25T14:25:19.606Z,METADATA_URL
27_731_DF_DCIS_SEPARAZFIG_13,IT1,1.0,Number of children in custody,Numero di figli affidati,DCIS_SEPARAZFIG,1.0,2022-07-25T14:27:19.478Z,METADATA_URL
27_731_DF_DCIS_SEPARAZFIG_2,IT1,1.0,Type of judicial separation,Tipo di separazione giudiziale,DCIS_SEPARAZFIG,1.0,2022-07-25T14:02:45.919Z,METADATA_URL
27_731_DF_DCIS_SEPARAZFIG_3,IT1,1.0,Type of proceedings and rite of marriage celebration,Modalità di esaurimento e rito di celebrazione del matrimonio,DCIS_SEPARAZFIG,1.0,2022-07-25T14:05:24.658Z,METADATA_URL
27_731_DF_DCIS_SEPARAZFIG_4,IT1,1.0,Marriage duration,Durata del matrimonio,DCIS_SEPARAZFIG,1.0,2022-07-25T14:09:14.047Z,METADATA_URL
27_731_DF_DCIS_SEPARAZFIG_5,IT1,1.0,Year of marriage and number of children,Anno di matrimonio e numero di figli,DCIS_SEPARAZFIG,1.0,2022-07-25T14:10:55.373Z,METADATA_URL
27_731_DF_DCIS_SEPARAZFIG_6,IT1,1.0,Year of marriage and children in custody,Anno di matrimonio e presenza di figli affidati,DCIS_SEPARAZFIG,1.0,2022-07-25T14:13:20.642Z,METADATA_URL
27_731_DF_DCIS_SEPARAZFIG_7,IT1,1.0,Children in custody,Presenza di figli affidati,DCIS_SEPARAZFIG,1.0,2022-07-25T14:15:03.303Z,METADATA_URL
27_731_DF_DCIS_SEPARAZFIG_8,IT1,1.0,Year of marriage,Anno di matrimonio,DCIS_SEPARAZFIG,1.0,2022-07-25T14:16:45.950Z,METADATA_URL
27_731_DF_DCIS_SEPARAZFIG_9,IT1,1.0,Age of children in custody and type of custody,Età dei figli affidati e tipo di affidamento,DCIS_SEPARAZFIG,1.0,2022-07-25T14:19:00.078Z,METADATA_URL
27_748,IT1,1.0,Separations - Social characteristics 2008-2014,Separazioni - Caratteristiche socio-professionali 2008-2014,DCIS_SEPARAZSOC,1.0,02/03/2022 09:48:40,METADATA_URL
27_748_DF_DCIS_SEPARAZSOC_1,IT1,1.0,Spouses education level,Titolo di studio dei coniugi,DCIS_SEPARAZSOC,1.0,2022-07-25T13:38:48.122Z,METADATA_URL
27_748_DF_DCIS_SEPARAZSOC_2,IT1,1.0,Husband education level,Titolo di studio del marito,DCIS_SEPARAZSOC,1.0,2022-07-25T13:42:38.885Z,METADATA_URL
27_748_DF_DCIS_SEPARAZSOC_3,IT1,1.0,Wife education level,Titolo di studio della moglie,DCIS_SEPARAZSOC,1.0,2022-07-25T13:44:39.192Z,METADATA_URL
27_748_DF_DCIS_SEPARAZSOC_4,IT1,1.0,Spouses labour status,Condizione professionale dei coniugi,DCIS_SEPARAZSOC,1.0,2022-07-25T13:48:12.363Z,METADATA_URL
27_748_DF_DCIS_SEPARAZSOC_5,IT1,1.0,Spouses professional status,Posizione nella professione dei coniugi,DCIS_SEPARAZSOC,1.0,2022-07-25T13:51:00.464Z,METADATA_URL
27_748_DF_DCIS_SEPARAZSOC_6,IT1,1.0,Separations - Social characteristics 2008-2014 - Key data,Separazioni - Caratteristiche socio-professionali 2008-2014 - Principali dati,DCIS_SEPARAZSOC,1.0,2025-07-03T12:43:53.737Z,METADATA_URL
27_749,IT1,1.0,Divorces - Social characteristics 2008-2014,Divorzi - Caratteristiche socio-professionali 2008-2014,DCIS_DIVSOC,1.0,02/03/2022 09:52:36,METADATA_URL
27_749_DF_DCIS_DIVSOC_1,IT1,1.0,Spouses education level,Titolo di studio dei coniugi,DCIS_DIVSOC,1.0,2022-07-26T07:02:50.558Z,METADATA_URL
27_749_DF_DCIS_DIVSOC_2,IT1,1.0,Husband education level,Titolo di studio del marito,DCIS_DIVSOC,1.0,2022-07-26T07:04:29.612Z,METADATA_URL
27_749_DF_DCIS_DIVSOC_3,IT1,1.0,Wife education level,Titolo di studio della moglie,DCIS_DIVSOC,1.0,2022-07-26T07:06:51.576Z,METADATA_URL
27_749_DF_DCIS_DIVSOC_4,IT1,1.0,Spouses labour status,Condizione professionale dei coniugi,DCIS_DIVSOC,1.0,2022-07-26T07:09:05.367Z,METADATA_URL
27_749_DF_DCIS_DIVSOC_5,IT1,1.0,Spouses professional status,Posizione nella professione dei coniugi,DCIS_DIVSOC,1.0,2022-07-26T07:10:31.853Z,METADATA_URL
27_749_DF_DCIS_DIVSOC_6,IT1,1.0,Divorces - Social characteristics 2008-2014 - Key data,Divorzi - Caratteristiche socio-professionali 2008-2014 - Principali dati,DCIS_DIVSOC,1.0,2025-07-03T13:15:55.400Z,METADATA_URL
27_814,IT1,1.0,Divorces - Characteristics and minor children in custody 2008-2014,Divorzi - Caratteristiche e figli minori affidati 2008-2014,DCIS_DIVFIG,1.0,05/13/2022 08:46:12,METADATA_URL
27_814_DF_DCIS_DIVFIG_1,IT1,1.0,Divorces - Characteristics and minor children in custody 2008-2014 - Key data,Divorzi - Caratteristiche e figli minori affidati 2008-2014 - Principali dati,DCIS_DIVFIG,1.0,2025-07-03T13:25:39.925Z,METADATA_URL
27_814_DF_DCIS_DIVFIG_10,IT1,1.0,Spouse who presented the petition for divorce with judicial proceeding,Coniuge che ha presentato la domanda di divorzio con rito giudiziale,DCIS_DIVFIG,1.0,2022-07-27T09:58:02.641Z,METADATA_URL
27_814_DF_DCIS_DIVFIG_11,IT1,1.0,Year of marriage,Anno di matrimonio,DCIS_DIVFIG,1.0,2022-07-27T09:59:59.259Z,METADATA_URL
27_814_DF_DCIS_DIVFIG_12,IT1,1.0,Number of children in custody and type of custody,Età dei figli affidati e tipo di affidamento,DCIS_DIVFIG,1.0,2022-07-27T10:02:02.233Z,METADATA_URL
27_814_DF_DCIS_DIVFIG_13,IT1,1.0,Age and number of children in custody,Età e numero di figli affidati,DCIS_DIVFIG,1.0,2022-07-27T10:05:20.742Z,METADATA_URL
27_814_DF_DCIS_DIVFIG_14,IT1,1.0,Age of children in custody,Età dei figli affidati,DCIS_DIVFIG,1.0,2022-07-27T10:09:20.473Z,METADATA_URL
27_814_DF_DCIS_DIVFIG_15,IT1,1.0,Type of custody,Tipo di affidamento,DCIS_DIVFIG,1.0,2022-07-27T10:11:20.162Z,METADATA_URL
27_814_DF_DCIS_DIVFIG_16,IT1,1.0,Number of children in custody,Numero di figli affidati,DCIS_DIVFIG,1.0,2022-07-27T10:14:05.282Z,METADATA_URL
27_814_DF_DCIS_DIVFIG_2,IT1,1.0,Rite of proceedings,Rito di esaurimento,DCIS_DIVFIG,1.0,2022-07-26T07:18:01.287Z,METADATA_URL
27_814_DF_DCIS_DIVFIG_3,IT1,1.0,Period between separation and filing of divorce proceedings,Periodo intercorso tra la separazione e l'iscrizione a ruolo del procedimento,DCIS_DIVFIG,1.0,07/26/2022 13:02:38,METADATA_URL
27_814_DF_DCIS_DIVFIG_4,IT1,1.0,Marriage duration,Durata del matrimonio,DCIS_DIVFIG,1.0,2022-07-27T09:36:09.712Z,METADATA_URL
27_814_DF_DCIS_DIVFIG_5,IT1,1.0,Year of marriage and type of proceedings,Anno di matrimonio e modalità di esaurimento,DCIS_DIVFIG,1.0,2022-07-27T09:38:06.286Z,METADATA_URL
27_814_DF_DCIS_DIVFIG_6,IT1,1.0,Type of proceedings,Modalità di esaurimento,DCIS_DIVFIG,1.0,2022-07-27T09:39:51.628Z,METADATA_URL
27_814_DF_DCIS_DIVFIG_7,IT1,1.0,Year of marriage and children in custody,Anno di matrimonio e presenza di figli affidati,DCIS_DIVFIG,1.0,2022-07-27T09:42:09.842Z,METADATA_URL
27_814_DF_DCIS_DIVFIG_8,IT1,1.0,Children in custody,Figli affidati,DCIS_DIVFIG,1.0,2022-07-27T09:54:29.313Z,METADATA_URL
27_814_DF_DCIS_DIVFIG_9,IT1,1.0,Year of marriage and number of children,Anno di matrimonio e numero di figli,DCIS_DIVFIG,1.0,2022-07-27T09:56:23.427Z,METADATA_URL
27_945,IT1,1.0,Divorces - Characteristics and children,Divorzi - Caratteristiche e figli,DCIS_DIVFIG1,1.0,2026-05-29T10:35:21.578Z,METADATA_URL
27_945_DF_DCIS_DIVFIG1_1,IT1,1.0,Rite of proceedings and rite of marriage celebration,Rito di esaurimento e rito di celebrazione del matrimonio,DCIS_DIVFIG1,1.0,2026-05-29T10:35:21.578Z,METADATA_URL
27_945_DF_DCIS_DIVFIG1_10,IT1,1.0,Number of children in custody and type of custody,Età dei figli affidati e tipo di affidamento,DCIS_DIVFIG1,1.0,2026-05-29T10:35:21.578Z,METADATA_URL
27_945_DF_DCIS_DIVFIG1_11,IT1,1.0,Age and number of children in custody,Età e numero di figli affidati,DCIS_DIVFIG1,1.0,2026-05-29T10:35:21.578Z,METADATA_URL
27_945_DF_DCIS_DIVFIG1_12,IT1,1.0,Age of children in custody,Età dei figli affidati,DCIS_DIVFIG1,1.0,2026-05-29T10:35:21.578Z,METADATA_URL
27_945_DF_DCIS_DIVFIG1_13,IT1,1.0,Type of custody,Tipo di affidamento,DCIS_DIVFIG1,1.0,2026-05-29T10:35:21.578Z,METADATA_URL
27_945_DF_DCIS_DIVFIG1_2,IT1,1.0,Period between separation and filing of divorce proceedings,Periodo intercorso tra la separazione e l'iscrizione a ruolo del procedimento,DCIS_DIVFIG1,1.0,2026-05-29T10:35:21.578Z,METADATA_URL
27_945_DF_DCIS_DIVFIG1_3,IT1,1.0,Marriage duration,Durata del matrimonio,DCIS_DIVFIG1,1.0,2026-05-29T10:35:21.578Z,METADATA_URL
27_945_DF_DCIS_DIVFIG1_4,IT1,1.0,Year and rite of marriage celebration,Anno e rito di celebrazione del matrimonio,DCIS_DIVFIG1,1.0,2026-05-29T10:35:21.578Z,METADATA_URL
27_945_DF_DCIS_DIVFIG1_5,IT1,1.0,Year of marriage and number of children,Anno di matrimonio e numero di figli,DCIS_DIVFIG1,1.0,2026-05-29T10:35:21.578Z,METADATA_URL
27_945_DF_DCIS_DIVFIG1_6,IT1,1.0,Year of marriage and children in custody,Anno di matrimonio e presenza di figli affidati,DCIS_DIVFIG1,1.0,2026-05-29T10:35:21.578Z,METADATA_URL
27_945_DF_DCIS_DIVFIG1_7,IT1,1.0,Children in custody,Presenza di figli affidati,DCIS_DIVFIG1,1.0,2026-05-29T10:35:21.578Z,METADATA_URL
27_945_DF_DCIS_DIVFIG1_8,IT1,1.0,Spouse who presented the petition for divorce with judicial proceeding,Coniuge che ha presentato la domanda di divorzio con rito giudiziale,DCIS_DIVFIG1,1.0,2026-05-29T10:35:21.578Z,METADATA_URL
27_945_DF_DCIS_DIVFIG1_9,IT1,1.0,Year of marriage,Anno di matrimonio,DCIS_DIVFIG1,1.0,2026-05-29T10:35:21.578Z,METADATA_URL
27_946,IT1,1.0,Divorces -  Indicators,Divorzi  -  Indicatori,DCIS_DIVORZIND1,1.0,2026-05-29T10:37:13.977Z,METADATA_URL
27_946_DF_DCIS_DIVFIG1_14,IT1,1.0,Number of children in custody,Numero di figli affidati,DCIS_DIVFIG1,1.0,2026-05-29T10:35:21.578Z,METADATA_URL
27_946_DF_DCIS_DIVORZIND1_1,IT1,1.0,Proceedings and divorces,Procedimenti e divorzi,DCIS_DIVORZIND1,1.0,2026-05-29T10:37:13.977Z,METADATA_URL
27_946_DF_DCIS_DIVORZIND1_2,IT1,1.0,Marriage and couple characteristics,Caratteristiche del matrimonio e della coppia,DCIS_DIVORZIND1,1.0,2026-05-29T10:37:13.977Z,METADATA_URL
27_946_DF_DCIS_DIVORZIND1_3,IT1,1.0,Economic provisions for spouses,Provvedimenti economici per il coniuge,DCIS_DIVORZIND1,1.0,2026-05-29T10:37:13.977Z,METADATA_URL
27_946_DF_DCIS_DIVORZIND1_4,IT1,1.0,Economic provisions for children,Provvedimenti economici per i figli,DCIS_DIVORZIND1,1.0,2026-05-29T10:37:13.977Z,METADATA_URL
27_946_DF_DCIS_DIVORZIND1_5,IT1,1.0,Economic provisions for minor children,Provvedimenti economici per i figli minori,DCIS_DIVORZIND1,1.0,2026-05-29T10:37:13.977Z,METADATA_URL
27_946_DF_DCIS_DIVORZIND1_6,IT1,1.0,Family house assignement,Assegnazione dell'abitazione,DCIS_DIVORZIND1,1.0,2026-05-29T10:37:13.977Z,METADATA_URL
284_103,IT1,1.0,Main aggregates by industry (Nace Rev.2) - editions  from October 2011 to March 2014,Principali aggregati per branca di attività (Nace Rev.2) - edizioni ottobre 2011 - marzo 2014,DCCN_AGGREGBRANCANREV2,1.0,09/16/2021 08:40:45,METADATA_URL
284_104,IT1,1.0,Per capita values - editions  from October 2011 to March 2014,Valori pro capite - edizioni ottobre 2011 - marzo 2014,DCCN_VALPROCAPN,1.0,09/22/2021 08:07:47,METADATA_URL
284_159,IT1,1.0,Gross Domestic Product and main components - editions until March 2014,Prodotto interno lordo e principali componenti - edizioni fino a marzo 2014,DCCN_AGGRPIL,1.0,09/21/2021 06:34:49,METADATA_URL
284_238,IT1,1.0,"Gross fixed capital formation, stocks of fixed assets, consumption of fixed capital by asset and industry (Nace Rev.1.1) - editions prior to October 2011","Investimenti fissi lordi, stock di capitale e ammortamenti per tipo di investimento e branca proprietaria (Nace Rev.1.1) - edizioni precedenti ottobre 2011",DCCN_CAPITALN,1.0,09/21/2021 06:36:54,METADATA_URL
284_240,IT1,1.0,Final consumption expenditure of households - editions until March 2014,Spesa per consumi finali delle famiglie - edizioni fino a marzo 2014,DCCN_CONSFAMN,1.0,09/21/2021 06:44:47,METADATA_URL
284_249,IT1,1.0,Capital formation - editions until March 2014,Investimenti - edizioni fino a marzo 2014,DCCN_INVESTIN,1.0,09/21/2021 07:46:58,METADATA_URL
284_252,IT1,1.0,Sequence of accounts - editions until March 2014,Sequenza dei conti - edizioni fino a marzo 2014,DCCN_SEQZCONTIN,1.0,09/22/2021 07:33:06,METADATA_URL
284_302,IT1,1.0,"Gross fixed capital formation, stocks of fixed assets, consumption of fixed capital by asset and industry (Nace Rev.2) - editions  from October 2011 to March 2014","Investimenti fissi lordi, stock di capitale e ammortamenti per tipo di investimento e branca proprietaria (Nace Rev.2) - edizioni ottobre 2011 - marzo 2014",DCCN_CAPITALNREV2,1.0,10/12/2021 06:49:22,METADATA_URL
284_9,IT1,1.0,Regular and irregular employment - editions  from October 2011 to March 2014,Occupazione regolare ed irregolare - edizioni ottobre 2011 - marzo 2014,DCCN_OCCUPNREV2,1.0,09/22/2021 06:47:34,METADATA_URL
285_245,IT1,1.0,Contributions to GDP growth - editions until August 2014,Contributi alla crescita del PIL - edizioni fino ad agosto 2014,DCCN_CONTRIBQ,1.0,09/21/2021 07:23:19,METADATA_URL
28_185,IT1,1.0,Migration (Transfer of residence),Migrazioni (Trasferimenti di residenza),DCIS_MIGRAZIONI,1.0,2026-03-31T07:59:45.604Z,METADATA_URL
28_185_DF_DCIS_MIGRAZIONI_1,IT1,1.0,Internal migration - Italian and foreign,Migrazioni interne  - Italiani e stranieri,DCIS_MIGRAZIONI,1.0,2026-03-31T07:59:45.604Z,METADATA_URL
28_185_DF_DCIS_MIGRAZIONI_2,IT1,1.0,Immigrants - citizenship,Immigrati - cittadinanza,DCIS_MIGRAZIONI,1.0,2026-03-31T07:59:45.604Z,METADATA_URL
28_185_DF_DCIS_MIGRAZIONI_3,IT1,1.0,Immigrants - country of origin,Immigrati - paesi di provenienza,DCIS_MIGRAZIONI,1.0,2026-03-31T07:59:45.604Z,METADATA_URL
28_185_DF_DCIS_MIGRAZIONI_4,IT1,1.0,Immigrants - province of next residence,Immigrati - province di destinazione,DCIS_MIGRAZIONI,1.0,2026-03-31T07:59:45.604Z,METADATA_URL
28_185_DF_DCIS_MIGRAZIONI_5,IT1,1.0,Emigrants - citizenship,Emigrati - cittadinanza,DCIS_MIGRAZIONI,1.0,2026-03-31T07:59:45.604Z,METADATA_URL
28_185_DF_DCIS_MIGRAZIONI_6,IT1,1.0,Emigrants - countries of next residence,Emigrati - paesi di destinazione,DCIS_MIGRAZIONI,1.0,2026-03-31T07:59:45.604Z,METADATA_URL
28_185_DF_DCIS_MIGRAZIONI_7,IT1,1.0,Emigrants - province of origin,Emigrati - province di origine,DCIS_MIGRAZIONI,1.0,2026-03-31T07:59:45.604Z,METADATA_URL
29_316,IT1,1.0,Resident foreigners - Balance,Stranieri residenti - Bilancio,DCIS_POPSTRBIL1,1.0,2026-03-31T07:57:37.453Z,METADATA_URL
29_316_DF_DCIS_POPSTRBIL1_1,IT1,1.0,"Italy, regions, provinces","Italia, regioni, province",DCIS_POPSTRBIL1,1.0,2026-03-31T07:57:37.453Z,
29_316_DF_DCIS_POPSTRBIL1_10,IT1,1.0,Emilia-Romagna,Emilia-Romagna,DCIS_POPSTRBIL1,1.0,2025-12-18T09:28:42.154Z,
29_316_DF_DCIS_POPSTRBIL1_11,IT1,1.0,Toscana,Toscana,DCIS_POPSTRBIL1,1.0,2025-12-18T09:28:42.154Z,
29_316_DF_DCIS_POPSTRBIL1_12,IT1,1.0,Umbria,Umbria,DCIS_POPSTRBIL1,1.0,2025-12-18T09:28:42.154Z,
29_316_DF_DCIS_POPSTRBIL1_13,IT1,1.0,Marche,Marche,DCIS_POPSTRBIL1,1.0,2025-12-18T09:28:42.154Z,
29_316_DF_DCIS_POPSTRBIL1_14,IT1,1.0,Lazio,Lazio,DCIS_POPSTRBIL1,1.0,2025-12-18T09:28:42.154Z,
29_316_DF_DCIS_POPSTRBIL1_15,IT1,1.0,Abruzzo,Abruzzo,DCIS_POPSTRBIL1,1.0,2025-12-18T09:28:42.154Z,
29_316_DF_DCIS_POPSTRBIL1_16,IT1,1.0,Molise,Molise,DCIS_POPSTRBIL1,1.0,2025-12-18T09:28:42.154Z,
29_316_DF_DCIS_POPSTRBIL1_17,IT1,1.0,Campania,Campania,DCIS_POPSTRBIL1,1.0,2025-12-18T09:28:42.154Z,
29_316_DF_DCIS_POPSTRBIL1_18,IT1,1.0,Puglia,Puglia,DCIS_POPSTRBIL1,1.0,2025-12-18T09:28:42.154Z,
29_316_DF_DCIS_POPSTRBIL1_19,IT1,1.0,Basilicata,Basilicata,DCIS_POPSTRBIL1,1.0,2025-12-18T09:28:42.154Z,
29_316_DF_DCIS_POPSTRBIL1_2,IT1,1.0,Piemonte,Piemonte,DCIS_POPSTRBIL1,1.0,2025-12-18T09:28:42.154Z,
29_316_DF_DCIS_POPSTRBIL1_20,IT1,1.0,Calabria,Calabria,DCIS_POPSTRBIL1,1.0,2025-12-18T09:28:42.154Z,
29_316_DF_DCIS_POPSTRBIL1_21,IT1,1.0,Sicilia,Sicilia,DCIS_POPSTRBIL1,1.0,2025-12-18T09:28:42.154Z,
29_316_DF_DCIS_POPSTRBIL1_22,IT1,1.0,Sardegna,Sardegna,DCIS_POPSTRBIL1,1.0,2025-12-18T09:28:42.154Z,
29_316_DF_DCIS_POPSTRBIL1_23,IT1,1.0,All municipalities,Tutti i comuni,DCIS_POPSTRBIL1,1.0,2026-03-31T07:57:37.453Z,
29_316_DF_DCIS_POPSTRBIL1_3,IT1,1.0,Valle d'Aosta/Vallée d'Aoste,Valle d'Aosta/Vallée d'Aoste,DCIS_POPSTRBIL1,1.0,2025-12-18T09:28:42.154Z,
29_316_DF_DCIS_POPSTRBIL1_4,IT1,1.0,Liguria,Liguria,DCIS_POPSTRBIL1,1.0,2025-12-18T09:28:42.154Z,
29_316_DF_DCIS_POPSTRBIL1_5,IT1,1.0,Lombardia,Lombardia,DCIS_POPSTRBIL1,1.0,2025-12-18T09:28:42.154Z,
29_316_DF_DCIS_POPSTRBIL1_6,IT1,1.0,Provincia Autonoma Bolzano/Bozen,Provincia Autonoma Bolzano/Bozen,DCIS_POPSTRBIL1,1.0,2025-12-18T09:28:42.154Z,
29_316_DF_DCIS_POPSTRBIL1_7,IT1,1.0,Provincia Autonoma Trento,Provincia Autonoma Trento,DCIS_POPSTRBIL1,1.0,2025-12-18T09:28:42.154Z,
29_316_DF_DCIS_POPSTRBIL1_8,IT1,1.0,Veneto,Veneto,DCIS_POPSTRBIL1,1.0,2025-12-18T09:28:42.154Z,
29_316_DF_DCIS_POPSTRBIL1_9,IT1,1.0,Friuli-Venezia Giulia,Friuli-Venezia Giulia,DCIS_POPSTRBIL1,1.0,2025-12-18T09:28:42.154Z,
29_317,IT1,1.0,Resident foreigners on 1st January - Citizenship,Stranieri residenti al 1° gennaio - Cittadinanza,DCIS_POPSTRCIT1,1.0,2025-12-18T08:52:12.272Z,METADATA_URL
29_317_DF_DCIS_POPSTRCIT1_1,IT1,1.0,"Italy, regions, provinces - Country of citizenship","Italia, regioni, province - Paese di cittadinanza",DCIS_POPSTRCIT1,1.0,2025-12-18T08:52:12.272Z,METADATA_URL
29_317_DF_DCIS_POPSTRCIT1_10,IT1,1.0,Emilia-Romagna,Emilia-Romagna,DCIS_POPSTRCIT1,1.0,2025-12-18T08:52:12.272Z,METADATA_URL
29_317_DF_DCIS_POPSTRCIT1_11,IT1,1.0,Toscana,Toscana,DCIS_POPSTRCIT1,1.0,2025-12-18T08:52:12.272Z,METADATA_URL
29_317_DF_DCIS_POPSTRCIT1_12,IT1,1.0,Umbria,Umbria,DCIS_POPSTRCIT1,1.0,2025-12-18T08:52:12.272Z,METADATA_URL
29_317_DF_DCIS_POPSTRCIT1_13,IT1,1.0,Marche,Marche,DCIS_POPSTRCIT1,1.0,2025-12-18T08:52:12.272Z,METADATA_URL
29_317_DF_DCIS_POPSTRCIT1_14,IT1,1.0,Lazio,Lazio,DCIS_POPSTRCIT1,1.0,2025-12-18T08:52:12.272Z,METADATA_URL
29_317_DF_DCIS_POPSTRCIT1_15,IT1,1.0,Abruzzo,Abruzzo,DCIS_POPSTRCIT1,1.0,2025-12-18T08:52:12.272Z,METADATA_URL
29_317_DF_DCIS_POPSTRCIT1_16,IT1,1.0,Molise,Molise,DCIS_POPSTRCIT1,1.0,2025-12-18T08:52:12.272Z,METADATA_URL
29_317_DF_DCIS_POPSTRCIT1_17,IT1,1.0,Campania,Campania,DCIS_POPSTRCIT1,1.0,2025-12-18T08:52:12.272Z,METADATA_URL
29_317_DF_DCIS_POPSTRCIT1_18,IT1,1.0,Puglia,Puglia,DCIS_POPSTRCIT1,1.0,2025-12-18T08:52:12.272Z,METADATA_URL
29_317_DF_DCIS_POPSTRCIT1_19,IT1,1.0,Basilicata,Basilicata,DCIS_POPSTRCIT1,1.0,2025-12-18T08:52:12.272Z,METADATA_URL
29_317_DF_DCIS_POPSTRCIT1_2,IT1,1.0,Piemonte,Piemonte,DCIS_POPSTRCIT1,1.0,2025-12-18T08:52:12.272Z,METADATA_URL
29_317_DF_DCIS_POPSTRCIT1_20,IT1,1.0,Calabria,Calabria,DCIS_POPSTRCIT1,1.0,2025-12-18T08:52:12.272Z,METADATA_URL
29_317_DF_DCIS_POPSTRCIT1_21,IT1,1.0,Sicilia,Sicilia,DCIS_POPSTRCIT1,1.0,2025-12-18T08:52:12.272Z,METADATA_URL
29_317_DF_DCIS_POPSTRCIT1_22,IT1,1.0,Sardegna,Sardegna,DCIS_POPSTRCIT1,1.0,2025-12-18T08:52:12.272Z,METADATA_URL
29_317_DF_DCIS_POPSTRCIT1_23,IT1,1.0,All municipalities,Tutti i comuni,DCIS_POPSTRCIT1,1.0,2025-12-18T08:52:12.272Z,METADATA_URL
29_317_DF_DCIS_POPSTRCIT1_24,IT1,1.0,"Italy, regions, provinces - Area of citizenship","Italia, regioni, province - Area geopolitica di cittadinanza",DCIS_POPSTRCIT1,1.0,2025-12-18T08:52:12.272Z,METADATA_URL
29_317_DF_DCIS_POPSTRCIT1_3,IT1,1.0,Valle d'Aosta/Vallée d'Aoste,Valle d'Aosta/Vallée d'Aoste,DCIS_POPSTRCIT1,1.0,2025-12-18T08:52:12.272Z,METADATA_URL
29_317_DF_DCIS_POPSTRCIT1_4,IT1,1.0,Liguria,Liguria,DCIS_POPSTRCIT1,1.0,2025-12-18T08:52:12.272Z,METADATA_URL
29_317_DF_DCIS_POPSTRCIT1_5,IT1,1.0,Lombardia,Lombardia,DCIS_POPSTRCIT1,1.0,2025-12-18T08:52:12.272Z,METADATA_URL
29_317_DF_DCIS_POPSTRCIT1_6,IT1,1.0,Provincia Autonoma Bolzano/Bozen,Provincia Autonoma Bolzano/Bozen,DCIS_POPSTRCIT1,1.0,2025-12-18T08:52:12.272Z,METADATA_URL
29_317_DF_DCIS_POPSTRCIT1_7,IT1,1.0,Provincia Autonoma Trento,Provincia Autonoma Trento,DCIS_POPSTRCIT1,1.0,2025-12-18T08:52:12.272Z,METADATA_URL
29_317_DF_DCIS_POPSTRCIT1_8,IT1,1.0,Veneto,Veneto,DCIS_POPSTRCIT1,1.0,2025-12-18T08:52:12.272Z,METADATA_URL
29_317_DF_DCIS_POPSTRCIT1_9,IT1,1.0,Friuli-Venezia Giulia,Friuli-Venezia Giulia,DCIS_POPSTRCIT1,1.0,2025-12-18T08:52:12.272Z,METADATA_URL
29_348,IT1,1.0,Residence permits of non-EU citizens,Permessi di soggiorno dei cittadini non comunitari,DCIS_PERMSOGG1,1.0,2025-10-28T10:00:25.244Z,METADATA_URL
29_348_DF_DCIS_PERMSOGG1_1,IT1,1.0,Type of residence permit and citizenship,Tipo di permesso e cittadinanza,DCIS_PERMSOGG1,1.0,2025-10-28T10:00:25.244Z,METADATA_URL
29_348_DF_DCIS_PERMSOGG1_10,IT1,1.0,"Citizenship, gender, age","Cittadinanza, sesso, età",DCIS_PERMSOGG1,1.0,2025-10-28T10:00:25.244Z,METADATA_URL
29_348_DF_DCIS_PERMSOGG1_11,IT1,1.0,"Gender, age, province","Sesso, età, provincia",DCIS_PERMSOGG1,1.0,2025-10-28T10:00:25.244Z,METADATA_URL
29_348_DF_DCIS_PERMSOGG1_2,IT1,1.0,Type of residence permit and age class,Tipo di permesso e classe di età,DCIS_PERMSOGG1,1.0,2025-10-28T10:00:25.244Z,METADATA_URL
29_348_DF_DCIS_PERMSOGG1_3,IT1,1.0,Type of residence permit and marital status,Tipo di permesso e stato civile,DCIS_PERMSOGG1,1.0,2025-10-28T10:00:25.244Z,METADATA_URL
29_348_DF_DCIS_PERMSOGG1_4,IT1,1.0,Type of residence permit- prov,Tipo di permesso e provincia,DCIS_PERMSOGG1,1.0,2025-10-28T10:00:25.244Z,METADATA_URL
29_348_DF_DCIS_PERMSOGG1_5,IT1,1.0,Province and citizenship,Provincia e cittadinanza,DCIS_PERMSOGG1,1.0,2025-10-28T10:00:25.244Z,METADATA_URL
29_348_DF_DCIS_PERMSOGG1_6,IT1,1.0,Province and age class,Provincia e classe di età,DCIS_PERMSOGG1,1.0,2025-10-28T10:00:25.244Z,METADATA_URL
29_348_DF_DCIS_PERMSOGG1_7,IT1,1.0,Province and marital status,Provincia e stato civile,DCIS_PERMSOGG1,1.0,2025-10-28T10:00:25.244Z,METADATA_URL
29_348_DF_DCIS_PERMSOGG1_8,IT1,1.0,Citizenship and reason,Cittadinanza e motivo del permesso,DCIS_PERMSOGG1,1.0,2025-10-28T10:00:25.244Z,METADATA_URL
29_348_DF_DCIS_PERMSOGG1_9,IT1,1.0,Citizenship and marital status,Cittadinanza e stato civile,DCIS_PERMSOGG1,1.0,2025-10-28T10:00:25.244Z,METADATA_URL
29_7,IT1,1.0,Resident foreigners on 1st January,Stranieri residenti al 1° gennaio,DCIS_POPSTRRES1,1.0,2026-03-31T15:18:45.475Z,METADATA_URL
29_7_DF_DCIS_POPSTRRES1_1,IT1,1.0,"Italy, regions, provinces","Italia, regioni, province",DCIS_POPSTRRES1,1.0,2026-03-31T15:18:45.475Z,METADATA_URL
29_7_DF_DCIS_POPSTRRES1_10,IT1,1.0,Emilia-Romagna,Emilia-Romagna,DCIS_POPSTRRES1,1.0,2026-03-31T15:18:45.475Z,METADATA_URL
29_7_DF_DCIS_POPSTRRES1_11,IT1,1.0,Toscana,Toscana,DCIS_POPSTRRES1,1.0,2026-03-31T15:18:45.475Z,METADATA_URL
29_7_DF_DCIS_POPSTRRES1_12,IT1,1.0,Umbria,Umbria,DCIS_POPSTRRES1,1.0,2026-03-31T15:18:45.475Z,METADATA_URL
29_7_DF_DCIS_POPSTRRES1_13,IT1,1.0,Marche,Marche,DCIS_POPSTRRES1,1.0,2026-03-31T15:18:45.475Z,METADATA_URL
29_7_DF_DCIS_POPSTRRES1_14,IT1,1.0,Lazio,Lazio,DCIS_POPSTRRES1,1.0,2026-03-31T15:18:45.475Z,METADATA_URL
29_7_DF_DCIS_POPSTRRES1_15,IT1,1.0,Abruzzo,Abruzzo,DCIS_POPSTRRES1,1.0,2026-03-31T15:18:45.475Z,METADATA_URL
29_7_DF_DCIS_POPSTRRES1_16,IT1,1.0,Molise,Molise,DCIS_POPSTRRES1,1.0,2026-03-31T15:18:45.475Z,METADATA_URL
29_7_DF_DCIS_POPSTRRES1_17,IT1,1.0,Campania,Campania,DCIS_POPSTRRES1,1.0,2026-03-31T15:18:45.475Z,METADATA_URL
29_7_DF_DCIS_POPSTRRES1_18,IT1,1.0,Puglia,Puglia,DCIS_POPSTRRES1,1.0,2026-03-31T15:18:45.475Z,METADATA_URL
29_7_DF_DCIS_POPSTRRES1_19,IT1,1.0,Basilicata,Basilicata,DCIS_POPSTRRES1,1.0,2026-03-31T15:18:45.475Z,METADATA_URL
29_7_DF_DCIS_POPSTRRES1_2,IT1,1.0,Piemonte,Piemonte,DCIS_POPSTRRES1,1.0,2026-03-31T15:18:45.475Z,METADATA_URL
29_7_DF_DCIS_POPSTRRES1_20,IT1,1.0,Calabria,Calabria,DCIS_POPSTRRES1,1.0,2026-03-31T15:18:45.475Z,METADATA_URL
29_7_DF_DCIS_POPSTRRES1_21,IT1,1.0,Sicilia,Sicilia,DCIS_POPSTRRES1,1.0,2026-03-31T15:18:45.475Z,METADATA_URL
29_7_DF_DCIS_POPSTRRES1_22,IT1,1.0,Sardegna,Sardegna,DCIS_POPSTRRES1,1.0,2026-03-31T15:18:45.475Z,METADATA_URL
29_7_DF_DCIS_POPSTRRES1_23,IT1,1.0,All municipalities,Tutti i comuni,DCIS_POPSTRRES1,1.0,2026-03-31T15:18:45.475Z,METADATA_URL
29_7_DF_DCIS_POPSTRRES1_3,IT1,1.0,Valle d'Aosta/Vallée d'Aoste,Valle d'Aosta/Vallée d'Aoste,DCIS_POPSTRRES1,1.0,2026-03-31T15:18:45.475Z,METADATA_URL
29_7_DF_DCIS_POPSTRRES1_4,IT1,1.0,Liguria,Liguria,DCIS_POPSTRRES1,1.0,2026-03-31T15:18:45.475Z,METADATA_URL
29_7_DF_DCIS_POPSTRRES1_5,IT1,1.0,Lombardia,Lombardia,DCIS_POPSTRRES1,1.0,2026-03-31T15:18:45.475Z,METADATA_URL
29_7_DF_DCIS_POPSTRRES1_6,IT1,1.0,Provincia Autonoma Bolzano/Bozen,Provincia Autonoma Bolzano/Bozen,DCIS_POPSTRRES1,1.0,2026-03-31T15:18:45.475Z,METADATA_URL
29_7_DF_DCIS_POPSTRRES1_7,IT1,1.0,Provincia Autonoma Trento,Provincia Autonoma Trento,DCIS_POPSTRRES1,1.0,2026-03-31T15:18:45.475Z,METADATA_URL
29_7_DF_DCIS_POPSTRRES1_8,IT1,1.0,Veneto,Veneto,DCIS_POPSTRRES1,1.0,2026-03-31T15:18:45.475Z,METADATA_URL
29_7_DF_DCIS_POPSTRRES1_9,IT1,1.0,Friuli-Venezia Giulia,Friuli-Venezia Giulia,DCIS_POPSTRRES1,1.0,2026-03-31T15:18:45.475Z,METADATA_URL
29_849,IT1,1.0,Acquisitions of citizenship,Acquisizioni di cittadinanza,DCIS_ACQCITIZ,1.0,2025-10-28T10:01:05.618Z,METADATA_URL
29_849_DF_DCIS_ACQCITIZ_1,IT1,1.0,Process and age class,Modalità di acquisizione e classe di età,DCIS_ACQCITIZ,1.0,2025-10-28T10:01:05.618Z,METADATA_URL
29_849_DF_DCIS_ACQCITIZ_2,IT1,1.0,Most relevant country of citizenship,Principali paesi di cittadinanza,DCIS_ACQCITIZ,1.0,2025-10-28T10:01:05.618Z,METADATA_URL
29_849_DF_DCIS_ACQCITIZ_3,IT1,1.0,Process,Modalità di acquisizione,DCIS_ACQCITIZ,1.0,2025-10-28T10:01:05.618Z,METADATA_URL
29_849_DF_DCIS_ACQCITIZ_4,IT1,1.0,Gender,Sesso,DCIS_ACQCITIZ,1.0,2025-10-28T10:01:05.618Z,METADATA_URL
29_956,IT1,1.0,Resident foreigners and life conditions,Stranieri residenti e condizioni di vita,DCIS_CV_STRA,1.0,02/24/2022 10:03:06,METADATA_URL
29_956_DF_DCIS_CV_STRA_1,IT1,1.0,Citizenship and age,Cittadinanza ed età,DCIS_CV_STRA,1.0,2022-08-03T11:58:44.660Z,METADATA_URL
29_956_DF_DCIS_CV_STRA_10,IT1,1.0,Mother tongue,Lingua madre,DCIS_CV_STRA,1.0,03/24/2022 08:19:26,METADATA_URL
29_956_DF_DCIS_CV_STRA_11,IT1,1.0,"Use of italian language in household and with friends, gender and age","Uso dell'italiano in famiglia e con amici, sesso ed età",DCIS_CV_STRA,1.0,03/24/2022 08:26:47,METADATA_URL
29_956_DF_DCIS_CV_STRA_12,IT1,1.0,"Use of italian language in household and with friends, citizenship","Uso dell'italiano in famiglia e con amici, cittadinanza",DCIS_CV_STRA,1.0,03/24/2022 08:32:45,METADATA_URL
29_956_DF_DCIS_CV_STRA_13,IT1,1.0,"Use of italian language in household and with friends, presence in Italy","Uso dell'italiano in famiglia e con amici, presenza in Italia",DCIS_CV_STRA,1.0,03/24/2022 08:41:18,METADATA_URL
29_956_DF_DCIS_CV_STRA_14,IT1,1.0,Use of italian language in household and with friends and type of household,"Uso dell'italiano in famiglia e con amici, tipologia familiare",DCIS_CV_STRA,1.0,03/31/2022 06:59:22,METADATA_URL
29_956_DF_DCIS_CV_STRA_15,IT1,1.0,Use of italian language of foreign citizen in couple,Uso dell'italiano dei cittadini stranieri in coppia,DCIS_CV_STRA,1.0,03/24/2022 14:16:37,METADATA_URL
29_956_DF_DCIS_CV_STRA_16,IT1,1.0,"Use of italian language, gender and age","Uso dell'italiano al lavoro, sesso ed età",DCIS_CV_STRA,1.0,03/24/2022 14:26:32,METADATA_URL
29_956_DF_DCIS_CV_STRA_17,IT1,1.0,Use of italian language at work e citizenship,Uso dell'italiano al lavoro e cittadinanza,DCIS_CV_STRA,1.0,03/24/2022 14:32:27,METADATA_URL
29_956_DF_DCIS_CV_STRA_18,IT1,1.0,"Discriminations suffered, gender and age","Eventi discriminatori dichiarati, sesso ed età",DCIS_CV_STRA,1.0,03/28/2022 10:34:36,METADATA_URL
29_956_DF_DCIS_CV_STRA_19,IT1,1.0,Discriminations suffered and citizenship,Eventi discriminatori dichiarati e cittadinanza,DCIS_CV_STRA,1.0,03/28/2022 10:44:52,METADATA_URL
29_956_DF_DCIS_CV_STRA_2,IT1,1.0,Citizenship and presence in Italy,Cittadinanza e presenza in Italia,DCIS_CV_STRA,1.0,2022-08-03T12:01:28.218Z,METADATA_URL
29_956_DF_DCIS_CV_STRA_20,IT1,1.0,Discriminations suffered and level of education,Eventi discriminatori dichiarati e titolo di studio,DCIS_CV_STRA,1.0,03/28/2022 10:52:50,METADATA_URL
29_956_DF_DCIS_CV_STRA_21,IT1,1.0,Discriminations suffered and type of household,Eventi discriminatori dichiarati e tipologia familiare,DCIS_CV_STRA,1.0,03/28/2022 11:02:20,METADATA_URL
29_956_DF_DCIS_CV_STRA_22,IT1,1.0,Discriminations suffered by foreigners in couple,Eventi discriminatori dichiarati dagli stranieri in coppia,DCIS_CV_STRA,1.0,03/28/2022 11:10:20,METADATA_URL
29_956_DF_DCIS_CV_STRA_23,IT1,1.0,"Satisfaction with life and work, gender and age","Soddisfazione per vita e lavoro, sesso ed età",DCIS_CV_STRA,1.0,03/30/2022 13:02:55,METADATA_URL
29_956_DF_DCIS_CV_STRA_24,IT1,1.0,"Satisfaction with life and work, citizenship","Soddisfazione per vita e lavoro, cittadinanza",DCIS_CV_STRA,1.0,03/30/2022 13:00:27,METADATA_URL
29_956_DF_DCIS_CV_STRA_25,IT1,1.0,"Level of satisfaction, gender and age","Grado di soddisfazione, sesso ed età",DCIS_CV_STRA,1.0,03/30/2022 13:10:33,METADATA_URL
29_956_DF_DCIS_CV_STRA_26,IT1,1.0,Level of satisfaction and citizenship,Grado di soddisfazione e cittadinanza,DCIS_CV_STRA,1.0,03/30/2022 13:21:18,METADATA_URL
29_956_DF_DCIS_CV_STRA_27,IT1,1.0,Level of satisfaction and presence in Italy,Grado di soddisfazione e presenza in Italia,DCIS_CV_STRA,1.0,03/30/2022 14:46:13,METADATA_URL
29_956_DF_DCIS_CV_STRA_28,IT1,1.0,"Level of satisfaction, level of education and labour status","Grado di soddisfazione, titolo di studio e condizione occupazionale",DCIS_CV_STRA,1.0,03/30/2022 14:51:57,METADATA_URL
29_956_DF_DCIS_CV_STRA_29,IT1,1.0,Level of satisfaction and type of household,Grado di soddisfazione e tipologia familiare,DCIS_CV_STRA,1.0,03/30/2022 15:06:45,METADATA_URL
29_956_DF_DCIS_CV_STRA_3,IT1,1.0,Gender and presence in Italy,Sesso e presenza in Italia,DCIS_CV_STRA,1.0,2022-08-03T12:03:56.897Z,METADATA_URL
29_956_DF_DCIS_CV_STRA_30,IT1,1.0,Level of satisfaction of foreign citizens in couple,Grado di soddisfazione dei cittadini stranieri in coppia,DCIS_CV_STRA,1.0,03/30/2022 15:11:27,METADATA_URL
29_956_DF_DCIS_CV_STRA_31,IT1,1.0,Level of satisfaction and discriminations suffered,Grado di soddisfazione ed eventi discriminatori dichiarati,DCIS_CV_STRA,1.0,03/30/2022 15:16:54,METADATA_URL
29_956_DF_DCIS_CV_STRA_4,IT1,1.0,Level of education and gender,Sesso e titolo di studio,DCIS_CV_STRA,1.0,2022-08-03T12:06:25.445Z,METADATA_URL
29_956_DF_DCIS_CV_STRA_5,IT1,1.0,"Type of household, citizenship and gender","Tipologia familiare, cittadinanza e sesso",DCIS_CV_STRA,1.0,2022-08-03T12:08:29.468Z,METADATA_URL
29_956_DF_DCIS_CV_STRA_6,IT1,1.0,Type of household and presence in Italy,Tipologia familiare e presenza in Italia,DCIS_CV_STRA,1.0,2022-08-03T12:10:22.584Z,METADATA_URL
29_956_DF_DCIS_CV_STRA_7,IT1,1.0,Households with foreign citizens,Famiglie con stranieri,DCIS_CV_STRA,1.0,03/23/2022 10:33:52,METADATA_URL
29_956_DF_DCIS_CV_STRA_8,IT1,1.0,Couple composition and children families with foreign citizens,Coppie con stranieri,DCIS_CV_STRA,1.0,03/24/2022 08:01:56,METADATA_URL
29_956_DF_DCIS_CV_STRA_9,IT1,1.0,Average age of foreign citizen in couple,Età media degli stranieri in coppia,DCIS_CV_STRA,1.0,03/24/2022 08:13:39,METADATA_URL
2_505,IT1,1.0,Sequence of accounts - editions from September 2019 to March 2024,Sequence of accounts - editions from September 2019 to March 2024,DCCN_SQCN_B19,1.0,2024-07-29T08:53:14.721Z,
2_505_DF_DCCN_SQCN_B19_1,IT1,1.0,Sequence of accounts - editions from September 2019 to March 2024,Sequenza dei conti - edizioni settembre 2019 - marzo 2024,DCCN_SQCN_B19,1.0,2024-07-26T08:11:16.111Z,
2_506,IT1,1.0,Gross Domestic Product and main components - editions from September 2019 to March 2024,Prodotto interno lordo e principali componenti - edizioni settembre 2019 - marzo 2024,DCCN_PILN_B19,1.0,2024-07-29T09:02:12.239Z,
2_506_DF_DCCN_PILN_B19_1,IT1,1.0,Gross Domestic Product and main components - editions from September 2019 to March 2024,Prodotto interno lordo e principali componenti - edizioni settembre 2019 - marzo 2024,DCCN_PILN_B19,1.0,2024-07-26T07:53:55.494Z,
2_507,IT1,1.0,Declared and undeclared employment by industry and population - editions from September 2019 to March 2024,Occupazione regolare e irregolare per branca di attività e popolazione - edizioni settembre 2019 - marzo 2024,DCCN_OCCNSEC2010_B19,1.0,2024-07-29T09:13:31.404Z,
2_507_DF_DCCN_OCCNSEC2010_B19_1,IT1,1.0,"Employment in persons, full time equivalent, jobs and hours worked - editions from September 2019 to March 2024","Occupati, unità di lavoro, posizioni lavorative e ore lavorate - edizioni settembre 2019 - marzo 2024",DCCN_OCCNSEC2010_B19,1.0,2024-07-26T08:57:52.353Z,
2_507_DF_DCCN_OCCNSEC2010_B19_2,IT1,1.0,Rate of undeclared work - editions from editions from September 2019 to March 2024,Tassi di irregolarità - edizioni settembre 2019 - marzo 2024,DCCN_OCCNSEC2010_B19,1.0,2024-07-26T08:57:52.353Z,
2_507_DF_DCCN_OCCNSEC2010_B19_3,IT1,1.0,Annual average population - editions from editions from September 2019 to March 2024,Popolazione media annua - edizioni settembre 2019 - marzo 2024,DCCN_OCCNSEC2010_B19,1.0,2024-07-26T08:57:52.353Z,
30_1008,IT1,1.0,Irpef taxable incomes (Ipef) - municipalities,Reddito delle persone fisiche (Irpef)  - comuni,MEF_REDDITIIRPEF_COM,1.0,2025-09-15T08:45:27.617Z,METADATA_URL
30_1008_DF_MEF_REDDITIIRPEF_COM_1,IT1,1.0,Taxpayers and main income categories,Contribuenti e principali categorie di reddito,MEF_REDDITIIRPEF_COM,1.0,09/15/2025 08:45:27,
30_1008_DF_MEF_REDDITIIRPEF_COM_2,IT1,1.0,Taxpayers and aggregate income by amount class,Contribuenti e reddito complessivo per classi di importo,MEF_REDDITIIRPEF_COM,1.0,09/15/2025 08:45:27,
30_264,IT1,1.0,Consumer confidence,Fiducia dei consumatori,DCSC_FIDCONS,1.0,2026-07-31T08:09:54.209Z,
30_264_DF_DCSC_FIDCONS_1,IT1,1.0,Raw climate indicators (base 2021=100) - Raw and seasonal adjusted climate indicators (base 2010=100) - national and geographical areas levels,Climi grezzi (base 2021=100) - Climi grezzi e destagionalizzati (base 2010=100) - livello nazionale e ripartizionale,DCSC_FIDCONS,1.0,2026-07-31T08:09:54.209Z,
30_264_DF_DCSC_FIDCONS_10,IT1,1.0,Raw and seasonally adjusted confidence indicator - national and geographical areas levels (base 2010=100),Climi grezzi e destagionalizzati - livello nazionale e ripartizionale (base 2010=100),DCSC_FIDCONS746631,1.0,2026-01-28T09:05:52.967Z,
30_264_DF_DCSC_FIDCONS_11,IT1,1.0,Monthly seasonally adjusted and not seasonally adjusted balances - national and geographical areas levels,Saldi mensili grezzi e destagionalizzati - livello nazionale e ripartizionale,DCSC_FIDCONS525585,1.0,2026-01-28T09:05:52.967Z,
30_264_DF_DCSC_FIDCONS_12,IT1,1.0,Monthly raw balances by age,Saldi mensili grezzi per classi di età,DCSC_FIDCONS518554,1.0,2024-12-20T09:33:04.907Z,
30_264_DF_DCSC_FIDCONS_13,IT1,1.0,Monthly raw balances by sex,Saldi mensili grezzi per sesso,DCSC_FIDCONS196102,1.0,2024-12-20T09:33:04.907Z,
30_264_DF_DCSC_FIDCONS_14,IT1,1.0,Monthly raw balances by education,Saldi mensili grezzi per livello di istruzione,DCSC_FIDCONS905230,1.0,2024-12-20T09:33:04.907Z,
30_264_DF_DCSC_FIDCONS_15,IT1,1.0,Monthly raw balances by occupation,Saldi mensili grezzi per condizione professionale,DCSC_FIDCONS92036,1.0,2024-12-20T09:33:04.907Z,
30_264_DF_DCSC_FIDCONS_16,IT1,1.0,Monthly not seasonally adjusted questions - national level,Domande mensili grezze - livello nazionale,DCSC_FIDCONS659484,1.0,2024-12-20T09:33:04.907Z,
30_264_DF_DCSC_FIDCONS_17,IT1,1.0,Spending intentions - quarterly raw questions and balances from january 2006 - national level,Previsioni di spesa - saldi e domande trimestrali grezzi da gennaio 2006 - livello nazionale,DCSC_FIDCONS525176,1.0,2024-12-20T09:33:04.907Z,
30_264_DF_DCSC_FIDCONS_18,IT1,1.0,Spending intentions - monthly raw questions and balances until december 2005 - national level,Previsioni di spesa - saldi e domande mensili grezzi fino a dicembre 2005 - livello nazionale,DCSC_FIDCONS769824,1.0,2024-12-20T09:33:04.907Z,
30_264_DF_DCSC_FIDCONS_2,IT1,1.0,Monthly raw balances - national and geographical areas levels,Saldi mensili grezzi - livello nazionale e ripartizionale,DCSC_FIDCONS,1.0,2026-07-31T08:09:54.209Z,
30_264_DF_DCSC_FIDCONS_3,IT1,1.0,Monthly raw balances by age,Saldi mensili grezzi per classi di età,DCSC_FIDCONS376881,1.0,2026-07-31T08:09:54.209Z,
30_264_DF_DCSC_FIDCONS_4,IT1,1.0,Monthly raw balances by sex,Saldi mensili grezzi per sesso,DCSC_FIDCONS293784,1.0,2026-07-31T08:09:54.209Z,
30_264_DF_DCSC_FIDCONS_5,IT1,1.0,Monthly raw balances by education,Saldi mensili grezzi per livello di istruzione,DCSC_FIDCONS293221,1.0,2026-07-31T08:09:54.209Z,
30_264_DF_DCSC_FIDCONS_6,IT1,1.0,Monthly raw balances by occupation,Saldi mensili grezzi per condizione professionale,DCSC_FIDCONS409060,1.0,2026-07-31T08:09:54.209Z,
30_264_DF_DCSC_FIDCONS_7,IT1,1.0,Monthly not seasonally adjusted questions- national level,Domande mensili grezze - livello nazionale,DCSC_FIDCONS862744,1.0,2026-07-31T08:09:54.209Z,
30_264_DF_DCSC_FIDCONS_8,IT1,1.0,Spending intentions - quarterly raw questions and balances from january 2006 - national level,Previsioni di spesa - saldi e domande trimestrali grezzi da gennaio 2006 - livello nazionale,DCSC_FIDCONS415780,1.0,2026-07-31T08:09:54.209Z,
30_264_DF_DCSC_FIDCONS_9,IT1,1.0,Spending intensions - monthly raw questions and balances from 1998 to december 2005 - national level,Previsioni di spesa - saldi e domande mensili grezzi da gen 1998 fino a dic 2005 - livello nazionale,DCSC_FIDCONS533896,1.0,2026-07-31T08:09:54.209Z,
31_124,IT1,1.0,Average monthly expenditure,Spesa media mensile familiare,DCCV_SPEMMFAM,1.0,2025-10-27T17:36:47.174Z,METADATA_URL
31_124_DF_DCCV_SPEMMFAM_1,IT1,1.0,Type of expenditure,Tipo di Spesa,DCCV_SPEMMFAM,1.0,2025-10-27T17:36:47.174Z,METADATA_URL
31_124_DF_DCCV_SPEMMFAM_2,IT1,1.0,Household size,Ampiezza della famiglia,DCCV_SPEMMFAM,1.0,2025-10-27T17:36:47.174Z,METADATA_URL
31_124_DF_DCCV_SPEMMFAM_3,IT1,1.0,Type of household,Tipologia familiare,DCCV_SPEMMFAM,1.0,2025-10-27T17:36:47.174Z,METADATA_URL
31_124_DF_DCCV_SPEMMFAM_4,IT1,1.0,Professional condition of the reference person,Condizione professionale della persona di riferimento,DCCV_SPEMMFAM,1.0,2025-10-27T17:36:47.174Z,METADATA_URL
31_124_DF_DCCV_SPEMMFAM_5,IT1,1.0,Regions,Regioni,DCCV_SPEMMFAM,1.0,2025-10-27T17:36:47.174Z,METADATA_URL
31_163,IT1,1.0,Household purchasing behaviour,Comportamento di spesa delle famiglia,DCCV_FAMCOMPORT,1.0,06/24/2022 11:33:04,METADATA_URL
31_163_DF_DCCV_FAMCOMPORT_1,IT1,1.0,Changes in household purchasing behaviour,Cambiamenti nelle abitudini di spesa,DCCV_FAMCOMPORT,1.0,01/10/2022 10:39:08,METADATA_URL
31_199,IT1,1.0,Homogeneity of regional expenditure,Omogeneità della spesa per consumi regionale,DCCV_INDCONSUMI,1.0,06/24/2022 11:34:38,METADATA_URL
31_199_DF_DCCV_INDCONSUMI_1,IT1,1.0,Regions,Regioni,DCCV_INDCONSUMI,1.0,05/11/2022 13:11:49,METADATA_URL
31_199_DF_DCCV_INDCONSUMI_2,IT1,1.0,Household size,Ampiezza della famiglia,DCCV_INDCONSUMI,1.0,05/11/2022 13:15:42,METADATA_URL
31_199_DF_DCCV_INDCONSUMI_3,IT1,1.0,Type of household,Tipologia familiare,DCCV_INDCONSUMI,1.0,05/11/2022 13:17:53,METADATA_URL
31_199_DF_DCCV_INDCONSUMI_4,IT1,1.0,Professional condition of the reference person,Condizione professionale della persona di riferimento,DCCV_INDCONSUMI,1.0,05/11/2022 13:20:12,METADATA_URL
31_206,IT1,1.0,Household expenditure quintile,Quinto di spesa della famiglia,DCCV_SPQUINTO,1.0,06/24/2022 11:36:39,METADATA_URL
31_206_DF_DCCV_SPQUINTO_1,IT1,1.0,Regions,Regioni,DCCV_SPQUINTO,1.0,05/11/2022 13:22:44,METADATA_URL
31_206_DF_DCCV_SPQUINTO_2,IT1,1.0,Household size,Ampiezza della famiglia,DCCV_SPQUINTO,1.0,05/11/2022 13:25:07,METADATA_URL
31_206_DF_DCCV_SPQUINTO_3,IT1,1.0,Type of household,Tipologia familiare,DCCV_SPQUINTO,1.0,05/11/2022 13:26:56,METADATA_URL
31_206_DF_DCCV_SPQUINTO_4,IT1,1.0,Professional condition of the reference person,Condizione professionale della persona di riferimento,DCCV_SPQUINTO,1.0,05/11/2022 13:29:14,METADATA_URL
31_213,IT1,1.0,households reporting expenditures on some items,famiglie che hanno effettuato la spesa per alcune voci di spesa,DCCV_SPEFFCOMP,1.0,06/24/2022 11:38:05,METADATA_URL
31_213_DF_DCCV_SPEFFCOMP_1,IT1,1.0,Households and type of consumption,Famiglie e tipo di consumi,DCCV_SPEFFCOMP,1.0,01/10/2022 10:57:51,METADATA_URL
31_214,IT1,1.0,Actual expenditure detail,Dettaglio della spesa effettiva,DCCV_SPEFFDETT,1.0,06/24/2022 11:40:11,METADATA_URL
31_214_DF_DCCV_SPEFFDETT_1,IT1,1.0,Average monthly expenditure and type of expenditure,Spesa media mensile e tipologia di acquisti,DCCV_SPEFFDETT,1.0,01/10/2022 11:06:27,METADATA_URL
31_739,IT1,1.0,Consumption expenditure,Spese per consumi,DCCV_SPEMEFAM,1.0,2025-10-27T16:42:28.369Z,METADATA_URL
31_739_DF_DCCV_SPEMEFAM_1,IT1,1.0,Change in consumption expenditure behaviour (2018-2021),Cambiamenti nelle abitudini di spesa (2018-2021),DCCV_SPEMEFAM,1.0,2024-01-16T08:18:23.751Z,METADATA_URL
31_739_DF_DCCV_SPEMEFAM_10,IT1,1.0,Professional condition of the reference person,Condizione professionale della persona di riferimento,DCCV_SPEMEFAM,1.0,2025-10-27T16:42:28.369Z,
31_739_DF_DCCV_SPEMEFAM_11,IT1,1.0,Regions and type of municipality,Regioni e tipo di comune,DCCV_SPEMEFAM,1.0,2025-10-27T16:42:28.369Z,
31_739_DF_DCCV_SPEMEFAM_2,IT1,1.0,Change in consumption expenditure behaviour (2014-2017),Cambiamenti nelle abitudini di spesa (2014-2017),DCCV_SPEMEFAM,1.0,2024-01-16T08:21:59.046Z,METADATA_URL
31_739_DF_DCCV_SPEMEFAM_3,IT1,1.0,Household size,Ampiezza della famiglia,DCCV_SPEMEFAM,1.0,2025-10-27T16:42:28.369Z,METADATA_URL
31_739_DF_DCCV_SPEMEFAM_4,IT1,1.0,Household type,Tipologia familiare,DCCV_SPEMEFAM,1.0,2025-10-27T16:42:28.369Z,METADATA_URL
31_739_DF_DCCV_SPEMEFAM_5,IT1,1.0,Highest level of education attained by the reference person,Titolo di studio della persona di riferimento,DCCV_SPEMEFAM,1.0,2025-10-27T16:42:28.369Z,METADATA_URL
31_739_DF_DCCV_SPEMEFAM_6,IT1,1.0,Professional condition of the reference person,Condizione professionale della persona di riferimento,DCCV_SPEMEFAM,1.0,2025-10-27T16:42:28.369Z,METADATA_URL
31_739_DF_DCCV_SPEMEFAM_7,IT1,1.1,Expenditure quantile,Quantili di spesa,DCCV_SPEMEFAM,1.0,2025-10-27T16:42:28.369Z,METADATA_URL
31_739_DF_DCCV_SPEMEFAM_8,IT1,1.0,Expenditure item (ECoicop),Voce di spesa (ECoicop),DCCV_SPEMEFAM,1.0,2025-10-27T16:42:28.369Z,METADATA_URL
31_739_DF_DCCV_SPEMEFAM_9,IT1,1.0,Household size and household type,Ampiezza e tipologia familiare,DCCV_SPEMEFAM,1.0,2025-10-27T16:42:28.369Z,
31_740,IT1,1.0,Consumption expenditure - Cociop 2018,Spese per consumi - Coicop 2018,DCCV_SPEMEFAM_COICOP_2018,1.0,2026-01-12T08:54:35.649Z,
31_740_DF_DCCV_SPEMEFAM_COICOP_2018_1,IT1,1.0,Change in consumption expenditure behaviour (since 2018),Cambiamenti nelle abitudini di spesa (dal 2018),DCCV_SPEMEFAM_COICOP_2018,1.0,2025-10-07T08:02:51.567Z,
31_740_DF_DCCV_SPEMEFAM_COICOP_2018_10,IT1,1.0,Professional condition of the reference person,Condizione professionale della persona di riferimento,DCCV_SPEMEFAM_COICOP_2018,1.0,2025-10-07T08:02:51.567Z,
31_740_DF_DCCV_SPEMEFAM_COICOP_2018_11,IT1,1.0,Regions and type of municipality,Regioni e tipo di comune,DCCV_SPEMEFAM_COICOP_2018,1.0,2025-10-07T08:02:51.567Z,
31_740_DF_DCCV_SPEMEFAM_COICOP_2018_2,IT1,1.0,Change in consumption behavior expenditure (from 2014 to 2017),Cambiamenti nelle abitudini di spesa (2014-2017),DCCV_SPEMEFAM_COICOP_2018,1.0,2025-10-07T08:02:51.567Z,
31_740_DF_DCCV_SPEMEFAM_COICOP_2018_3,IT1,1.0,Household size,Ampiezza della famiglia,DCCV_SPEMEFAM_COICOP_2018,1.0,2025-10-07T08:02:51.567Z,
31_740_DF_DCCV_SPEMEFAM_COICOP_2018_4,IT1,1.0,Household type,Tipologia familiare,DCCV_SPEMEFAM_COICOP_2018,1.0,2025-10-07T08:02:51.567Z,
31_740_DF_DCCV_SPEMEFAM_COICOP_2018_5,IT1,1.0,Highest level of education attained by the reference person,Titolo di studio della persona di riferimento,DCCV_SPEMEFAM_COICOP_2018,1.0,2025-10-07T08:02:51.567Z,
31_740_DF_DCCV_SPEMEFAM_COICOP_2018_6,IT1,1.0,Professional condition of the reference person,Condizione professionale della persona di riferimento,DCCV_SPEMEFAM_COICOP_2018,1.0,2025-10-07T08:02:51.567Z,
31_740_DF_DCCV_SPEMEFAM_COICOP_2018_7,IT1,1.0,Expenditure quantile,Quantili di spesa,DCCV_SPEMEFAM_COICOP_2018,1.0,2025-10-07T08:02:51.567Z,
31_740_DF_DCCV_SPEMEFAM_COICOP_2018_8,IT1,1.0,Expenditure item (Coicop 2018),Voce di spesa (Coicop 2018),DCCV_SPEMEFAM_COICOP_2018,1.0,2025-10-07T08:02:51.567Z,
31_740_DF_DCCV_SPEMEFAM_COICOP_2018_9,IT1,1.0,Household size and household type,Ampiezza e tipologia familiare,DCCV_SPEMEFAM_COICOP_2018,1.0,2025-10-07T08:02:51.567Z,
32_221,IT1,1.0,Homogeneity of regional income,Omogeneità del reddito regionale,DCCV_GINIREDD,1.0,2026-04-21T10:05:37.812Z,METADATA_URL
32_221_DF_DCCV_GINIREDD_1,IT1,1.0,Homogeneity of regional income,Omogeneità del reddito regionale,DCCV_GINIREDD,1.0,2026-04-21T10:05:37.812Z,METADATA_URL
32_223,IT1,1.0,Households by income source,Famiglie per fonte di reddito,DCCV_FONTEPRED,1.0,2026-04-21T09:36:40.376Z,METADATA_URL
32_223_DF_DCCV_FONTEPRED_1,IT1,1.0,Household size,Ampiezza della famiglia,DCCV_FONTEPRED,1.0,2026-04-21T09:36:40.376Z,METADATA_URL
32_223_DF_DCCV_FONTEPRED_2,IT1,1.0,Household type,Tipologia familiare,DCCV_FONTEPRED,1.0,2026-04-21T09:36:40.376Z,METADATA_URL
32_223_DF_DCCV_FONTEPRED_3,IT1,1.0,Children under 18 andcelderly over 65 in family,Minori e anziani in famiglia,DCCV_FONTEPRED,1.0,2026-04-21T09:36:40.376Z,METADATA_URL
32_223_DF_DCCV_FONTEPRED_4,IT1,1.0,Sex and age of main income earner,Sesso ed età del principale percettore,DCCV_FONTEPRED,1.0,2026-04-21T09:36:40.376Z,METADATA_URL
32_223_DF_DCCV_FONTEPRED_5,IT1,1.0,Educational level and professional status of main income earner,Titolo di studio e condizione professionale del principale percettore,DCCV_FONTEPRED,1.0,2026-04-21T09:36:40.376Z,METADATA_URL
32_223_DF_DCCV_FONTEPRED_6,IT1,1.0,Regions and type of municipality,Regioni e tipo di comune,DCCV_FONTEPRED,1.0,2026-04-21T09:36:40.376Z,METADATA_URL
32_292,IT1,1.0,Net income,Reddito netto,DCCV_REDNETFAMFONTERED,1.0,2026-04-21T10:11:42.361Z,METADATA_URL
32_292_DF_DCCV_REDNETFAMFONTERED_1,IT1,1.0,Household size,Ampiezza della famiglia,DCCV_REDNETFAMFONTERED,1.0,2026-04-21T10:11:42.361Z,METADATA_URL
32_292_DF_DCCV_REDNETFAMFONTERED_2,IT1,1.0,Household type,Tipologia familiare,DCCV_REDNETFAMFONTERED,1.0,2026-04-21T10:11:42.361Z,METADATA_URL
32_292_DF_DCCV_REDNETFAMFONTERED_3,IT1,1.0,Children under 18 living in household,Minori in famiglia,DCCV_REDNETFAMFONTERED,1.0,2026-04-21T10:11:42.361Z,METADATA_URL
32_292_DF_DCCV_REDNETFAMFONTERED_4,IT1,1.0,Elderly over 65 living in household,Anziani in famiglia,DCCV_REDNETFAMFONTERED,1.0,2026-04-21T10:11:42.361Z,METADATA_URL
32_292_DF_DCCV_REDNETFAMFONTERED_5,IT1,1.0,Sex of main income earner,Sesso del principale percettore,DCCV_REDNETFAMFONTERED,1.0,2026-04-21T10:11:42.361Z,METADATA_URL
32_292_DF_DCCV_REDNETFAMFONTERED_6,IT1,1.0,Age class of main income earner,Classe di età del principale percettore,DCCV_REDNETFAMFONTERED,1.0,2026-04-21T10:11:42.361Z,METADATA_URL
32_292_DF_DCCV_REDNETFAMFONTERED_7,IT1,1.0,Educational level of main income earner,Titolo di studio del principale percettore,DCCV_REDNETFAMFONTERED,1.0,2026-04-21T10:11:42.361Z,METADATA_URL
32_292_DF_DCCV_REDNETFAMFONTERED_8,IT1,1.0,Professional status of main income earner,Condizione professionale del principale percettore,DCCV_REDNETFAMFONTERED,1.0,2026-04-21T10:11:42.361Z,METADATA_URL
32_292_DF_DCCV_REDNETFAMFONTERED_9,IT1,1.0,Regions and type of municipality,Regioni e tipo di comune,DCCV_REDNETFAMFONTERED,1.0,2026-04-21T10:11:42.361Z,METADATA_URL
32_38,IT1,1.0,Household income quintile,Quinto di reddito equivalente,DCCV_QUINTOREDD,1.0,2026-04-21T10:09:00.399Z,METADATA_URL
32_38_DF_DCCV_QUINTOREDD_1,IT1,1.0,Household size,Ampiezza della famiglia,DCCV_QUINTOREDD,1.0,2026-04-21T10:09:00.399Z,METADATA_URL
32_38_DF_DCCV_QUINTOREDD_2,IT1,1.0,Household type,Tipologia familiare,DCCV_QUINTOREDD,1.0,2026-04-21T10:09:00.399Z,METADATA_URL
32_38_DF_DCCV_QUINTOREDD_3,IT1,1.0,Children under 18 and elderly over 65 in family,Minori e anziani in famiglia,DCCV_QUINTOREDD,1.0,2026-04-21T10:09:00.399Z,METADATA_URL
32_38_DF_DCCV_QUINTOREDD_4,IT1,1.0,Sex and age of main income earner,Sesso e età del principale percettore,DCCV_QUINTOREDD,1.0,2026-04-21T10:09:00.399Z,METADATA_URL
32_38_DF_DCCV_QUINTOREDD_5,IT1,1.0,Educational level and professional status of main income earner,Titolo di studio e condizione professionale del principale percettore,DCCV_QUINTOREDD,1.0,2026-04-21T10:09:00.399Z,METADATA_URL
32_38_DF_DCCV_QUINTOREDD_6,IT1,1.0,Regions and type of municipality,Regioni,DCCV_QUINTOREDD,1.0,2026-04-21T10:09:00.399Z,METADATA_URL
33_179,IT1,1.0,Housing crowding,Affollamento nell'abitazione,DCCV_ABITAFFOLL,1.0,2026-04-21T09:09:30.642Z,METADATA_URL
33_179_DF_DCCV_ABITAFFOLL_1,IT1,1.0,Household size and household type,Ampiezza della famiglia e tipologia familiare,DCCV_ABITAFFOLL885162,1.0,2026-04-21T09:09:30.642Z,METADATA_URL
33_179_DF_DCCV_ABITAFFOLL_2,IT1,1.0,Children under 18 and elderly over 65 living in household,Minori e anziani in famiglia,DCCV_ABITAFFOLL,1.0,2026-04-21T09:09:30.642Z,
33_179_DF_DCCV_ABITAFFOLL_3,IT1,1.0,Sex  and age class of main income earner,Sesso e età del principale percettore,DCCV_ABITAFFOLL,1.0,2026-04-21T09:09:30.642Z,METADATA_URL
33_179_DF_DCCV_ABITAFFOLL_4,IT1,1.0,Educational level and professional status of main income earner,Titolo di studio e condizione professionale del principale percettore,DCCV_ABITAFFOLL692462,1.0,2026-04-21T09:09:30.642Z,METADATA_URL
33_179_DF_DCCV_ABITAFFOLL_5,IT1,1.0,Household income level and tenure status,Livello del reddito e abitazione in affitto o di proprietà,DCCV_ABITAFFOLL927630,1.0,2026-04-21T09:09:30.642Z,METADATA_URL
33_179_DF_DCCV_ABITAFFOLL_6,IT1,1.0,Regions and type of municipality,Regioni e tipo di comune,DCCV_ABITAFFOLL95029,1.0,2026-04-21T09:09:30.642Z,METADATA_URL
33_225,IT1,1.0,Housing costs,Spesa per l'abitazione,DCCV_ABITSPESA,1.0,2026-04-21T09:28:30.178Z,METADATA_URL
33_225_DF_DCCV_ABITSPESA_1,IT1,1.0,Tenure status,Abitazione in affitto o di proprietà,DCCV_ABITSPESA28941,1.0,2026-04-21T09:28:30.178Z,METADATA_URL
33_225_DF_DCCV_ABITSPESA_2,IT1,1.0,Household size and household type,Ampiezza della famiglia e tipologia familiare,DCCV_ABITSPESA766788,1.0,2026-04-21T09:28:30.178Z,METADATA_URL
33_225_DF_DCCV_ABITSPESA_3,IT1,1.0,Children under 18 and elderly over 65 living in household,Minori e anziani in famiglia,DCCV_ABITSPESA65092,1.0,2026-04-21T09:28:30.178Z,METADATA_URL
33_225_DF_DCCV_ABITSPESA_4,IT1,1.0,Sex and age class of main income earner,Sesso e età del principale percettore,DCCV_ABITSPESA10280,1.0,2026-04-21T09:28:30.178Z,METADATA_URL
33_225_DF_DCCV_ABITSPESA_5,IT1,1.0,Educational level and professional status of main income earner,Titolo di studio e condizione professionale del principale percettore,DCCV_ABITSPESA167769,1.0,2026-04-21T09:28:30.178Z,METADATA_URL
33_225_DF_DCCV_ABITSPESA_6,IT1,1.0,Regions and type of municipality,Regioni e tipo di comune,DCCV_ABITSPESA765677,1.0,2026-04-21T09:28:30.178Z,METADATA_URL
33_290,IT1,1.0,Tenure status (rent or property),Titolo di godimento dell'abitazione (in affitto o di proprietà),DCCV_TITGODABIT,1.0,2026-04-21T10:21:10.666Z,METADATA_URL
33_290_DF_DCCV_TITGODABIT_1,IT1,1.0,Household size and household type,Ampiezza della famiglia e tipologia familiare,DCCV_TITGODABIT569443,1.0,2026-04-21T10:21:10.666Z,METADATA_URL
33_290_DF_DCCV_TITGODABIT_2,IT1,1.0,Children under 18 enderly over 65 in household,Minori e anziani in famiglia,DCCV_TITGODABIT782980,1.0,2026-04-21T10:21:10.666Z,METADATA_URL
33_290_DF_DCCV_TITGODABIT_3,IT1,1.0,Sex  and age class of main income earner,Sesso e età del principale percettore,DCCV_TITGODABIT424707,1.0,2026-04-21T10:21:10.666Z,METADATA_URL
33_290_DF_DCCV_TITGODABIT_4,IT1,1.0,Educational level and professional status of main income earner,Titolo di studio e condizione professionale del principale percettore,DCCV_TITGODABIT441142,1.0,2026-04-21T10:21:10.666Z,METADATA_URL
33_290_DF_DCCV_TITGODABIT_5,IT1,1.0,Household income level (Fifth of equivalent household income),Livello di reddito (Quinto di reddito equivalente),DCCV_TITGODABIT167045,1.0,2026-04-21T10:21:10.666Z,METADATA_URL
33_290_DF_DCCV_TITGODABIT_6,IT1,1.0,Regions and type of municipality,Regioni e tipo di comune,DCCV_TITGODABIT879079,1.0,2026-04-21T10:21:10.666Z,METADATA_URL
33_291,IT1,1.0,"Pollution, criminality and noise in the dwelling place","Inquinamento, criminalità e rumore nella zona in cui si vive",DCCV_PROBLZONRES_2,1.0,2026-04-21T10:07:48.310Z,
33_291_DF_DCCV_PROBLZONRES_2_1,IT1,1.0,Household size and household type,Ampiezza familiare e tipologia familiare,DCCV_PROBLZONRES_2,1.0,2026-04-21T10:07:48.310Z,
33_291_DF_DCCV_PROBLZONRES_2_2,IT1,1.0,Number of children under 18 and number of elderly over 65 living in household,Numero di minori e numero di anziani in famiglia,DCCV_PROBLZONRES_2,1.0,2026-04-21T10:07:48.310Z,
33_291_DF_DCCV_PROBLZONRES_2_3,IT1,1.0,Gender and age class of main income earner,Sesso ed età del principale percettore di reddito,DCCV_PROBLZONRES_2,1.0,2026-04-21T10:07:48.310Z,
33_291_DF_DCCV_PROBLZONRES_2_4,IT1,1.0,Educational level and professional status of main income earner,Titolo di studio e condizione professionale del principale percettore,DCCV_PROBLZONRES_2,1.0,2026-04-21T10:07:48.310Z,
33_291_DF_DCCV_PROBLZONRES_2_5,IT1,1.0,Household income level and tenure status,Livello del reddito e abitazione in affitto o in proprietà,DCCV_PROBLZONRES_2,1.0,2026-04-21T10:07:48.310Z,
33_291_DF_DCCV_PROBLZONRES_2_6,IT1,1.0,Regions and sub national level,Regioni e tipo di comune,DCCV_PROBLZONRES_2,1.0,2026-04-21T10:07:48.310Z,
33_350,IT1,1.0,Housing costs for households with non national members,Spesa per l'abitazione delle famiglie con componenti stranieri,DCCV_ABITSPESA_STRA,1.0,03/24/2022 09:30:38,METADATA_URL
33_350_DF_DCCV_ABITSPESA_STRA_1,IT1,1.0,Housing costs for households with non national members,Spesa per l'abitazione delle famiglie con componenti stranieri,DCCV_ABITSPESA_STRA,1.0,01/25/2022 15:23:31,METADATA_URL
33_4,IT1,1.0,"Damaged, humid and lightless house","Abitazione danneggiata, umida o poco luminosa",DCCV_ABITPROBL,1.0,2026-04-21T09:26:37.764Z,METADATA_URL
33_4_DF_DCCV_ABITPROBL_1,IT1,1.0,Household size and household type,Ampiezza della famiglia e tipologia familiare,DCCV_ABITPROBL921767,1.0,2026-04-21T09:26:37.764Z,METADATA_URL
33_4_DF_DCCV_ABITPROBL_2,IT1,1.0,Children under 18 and elderly over 65 living in household,Minori e anziani in famiglia,DCCV_ABITPROBL992593,1.0,2026-04-21T09:26:37.764Z,METADATA_URL
33_4_DF_DCCV_ABITPROBL_3,IT1,1.0,Sex  and age class of main income earner,Sesso e età del principale percettore,DCCV_ABITPROBL937987,1.0,2026-04-21T09:26:37.764Z,METADATA_URL
33_4_DF_DCCV_ABITPROBL_4,IT1,1.0,Educational level and professional status of main income earner,Titolo di studio e condizione professionale del principale percettore,DCCV_ABITPROBL781115,1.0,2026-04-21T09:26:37.764Z,METADATA_URL
33_4_DF_DCCV_ABITPROBL_5,IT1,1.0,Household income level and tenure status,Livello del reddito e abitazione in affitto o di proprietà,DCCV_ABITPROBL465442,1.0,2026-04-21T09:26:37.764Z,METADATA_URL
33_4_DF_DCCV_ABITPROBL_6,IT1,1.0,Regions and type of municipality,Regioni e tipo di comune,DCCV_ABITPROBL695623,1.0,2026-04-21T09:26:37.764Z,METADATA_URL
34_178,IT1,1.0,Household absolute poverty incidence,Incidenza di povertà assoluta familiare,DCCV_INCPOVAFAM,1.0,06/24/2022 11:52:00,METADATA_URL
34_178_DF_DCCV_INCPOVAFAM_1,IT1,1.0,Data by number of components,Dati per numero di componenti,DCCV_INCPOVAFAM645469,1.0,2023-11-22T16:25:04.257Z,METADATA_URL
34_178_DF_DCCV_INCPOVAFAM_2,IT1,1.0,Data by household typology,Dati per tipologia familiare,DCCV_INCPOVAFAM105930,1.0,2023-11-22T16:56:40.981Z,METADATA_URL
34_178_DF_DCCV_INCPOVAFAM_3,IT1,1.0,Data by household with minor children,Dati per famiglia con figli minori,DCCV_INCPOVAFAM44146,1.0,2023-11-22T16:58:09.597Z,METADATA_URL
34_178_DF_DCCV_INCPOVAFAM_4,IT1,1.0,Data by household with elderly components,Dati per famiglia con anziani,DCCV_INCPOVAFAM596092,1.0,2023-11-22T16:59:01.672Z,METADATA_URL
34_178_DF_DCCV_INCPOVAFAM_5,IT1,1.0,Data by age of the reference person,Dati per età della persona di riferimento,DCCV_INCPOVAFAM924025,1.0,2023-11-22T17:02:12.232Z,METADATA_URL
34_178_DF_DCCV_INCPOVAFAM_6,IT1,1.0,Data by education level of the reference person,Dati per titolo di studio della persona di riferimento,DCCV_INCPOVAFAM222931,1.0,2023-11-22T17:02:47.300Z,METADATA_URL
34_178_DF_DCCV_INCPOVAFAM_7,IT1,1.0,Data by occupation of the reference person,Dati per occupazione della persona di riferimento,DCCV_INCPOVAFAM701613,1.0,2023-11-22T17:03:39.068Z,METADATA_URL
34_198,IT1,1.0,Household relative poverty incidence,Incidenza di povertà relativa familiare,DCCV_INCPOVRFAM,1.0,06/24/2022 11:53:43,METADATA_URL
34_198_DF_DCCV_INCPOVRFAM_1,IT1,1.0,National and sub national data,Dati nazionali e sub nazionali,DCCV_INCPOVRFAM658002,1.0,2023-11-22T17:21:55.352Z,METADATA_URL
34_198_DF_DCCV_INCPOVRFAM_2,IT1,1.0,Data by number of components,Dati per numero di componenti,DCCV_INCPOVRFAM550198,1.0,2023-11-22T17:22:18.338Z,METADATA_URL
34_198_DF_DCCV_INCPOVRFAM_3,IT1,1.0,Data by household typology,Dati per tipologia familiare,DCCV_INCPOVRFAM884778,1.0,2023-11-22T17:23:32.039Z,METADATA_URL
34_198_DF_DCCV_INCPOVRFAM_4,IT1,1.0,Data by household with minor children,Dati per famiglia con figli minori,DCCV_INCPOVRFAM67514,1.0,2023-11-22T17:23:48.521Z,METADATA_URL
34_198_DF_DCCV_INCPOVRFAM_5,IT1,1.0,Data by household with elderly components,Dati per famiglia con anziani,DCCV_INCPOVRFAM310011,1.0,2023-11-22T17:25:41.010Z,METADATA_URL
34_198_DF_DCCV_INCPOVRFAM_6,IT1,1.0,Data by age of the reference person,Dati per età della persona di riferimento,DCCV_INCPOVRFAM324161,1.0,2023-11-22T17:27:18.812Z,METADATA_URL
34_198_DF_DCCV_INCPOVRFAM_7,IT1,1.0,Data by education level of the reference person,Dati per titolo di studio della persona di riferimento,DCCV_INCPOVRFAM323819,1.0,2023-11-22T17:28:48.459Z,METADATA_URL
34_198_DF_DCCV_INCPOVRFAM_8,IT1,1.0,Data by occupation of the reference person,Dati per occupazione della persona di riferimento,DCCV_INCPOVRFAM449447,1.0,2023-11-22T17:29:16.127Z,METADATA_URL
34_201,IT1,1.0,Absolute poverty indicators,Indicatori di povertà assoluta,DCCV_INDPOVASS,1.0,2026-02-17T14:51:09.504Z,METADATA_URL
34_201_DF_DCCV_INDPOVASS_1,IT1,1.0,Absolute poverty indicators,Indicatori di povertà assoluta,DCCV_INDPOVASS,1.0,2026-02-17T14:54:21.666Z,METADATA_URL
34_202,IT1,1.0,Relative poverty indicators,Indicatori di povertà relativa,DCCV_INDPOVREL,1.0,06/24/2022 11:57:11,METADATA_URL
34_202_DF_DCCV_INDPOVREL_1,IT1,1.0,Relative poverty indicators,Indicatori di povertà relativa,DCCV_INDPOVREL,1.0,2023-11-22T16:00:47.920Z,METADATA_URL
34_204,IT1,1.0,Household absolute poverty intensity,Intensità di povertà assoluta familiare,DCCV_INTPOVAFAM,1.0,06/24/2022 11:58:35,METADATA_URL
34_204_DF_DCCV_INTPOVAFAM_1,IT1,1.0,Household absolute poverty intensity,Intensità di povertà assoluta familiare,DCCV_INTPOVAFAM787989,1.0,2023-11-22T15:53:38.466Z,METADATA_URL
34_205,IT1,1.0,Household relative poverty intensity,Intensità di povertà relativa familiare,DCCV_INTPOVRFAM,1.0,06/24/2022 12:37:12,METADATA_URL
34_205_DF_DCCV_INTPOVRFAM_1,IT1,1.0,Household relative poverty intensity,Intensità di povertà relativa familiare,DCCV_INTPOVRFAM414428,1.0,2023-11-22T16:00:59.091Z,METADATA_URL
34_211,IT1,1.0,Absolute poverty threshold,Soglia di povertà assoluta,DCCV_SOGLIAPOVA,1.0,2025-10-14T08:00:39.239Z,METADATA_URL
34_211_DF_DCCV_SOGLIAPOVA_1,IT1,1.0,Absolute poverty threshold,Soglia di povertà assoluta,DCCV_SOGLIAPOVA,1.0,2024-03-08T11:22:13.647Z,METADATA_URL
34_211_DF_DCCV_SOGLIAPOVA_2,IT1,1.0,Absolute poverty threshold,Soglia di povertà assoluta,DCCV_SOGLIAPOVA,1.0,2025-10-14T08:00:39.239Z,
34_212,IT1,1.0,Relative poverty threshold,Soglia di povertà relativa,DCCV_SOGLIAPOVR,1.0,06/24/2022 12:39:47,METADATA_URL
34_212_DF_DCCV_SOGLIAPOVR_1,IT1,1.0,Relative poverty threshold,Soglia di povertà relativa,DCCV_SOGLIAPOVR,1.0,2023-11-22T15:54:10.173Z,METADATA_URL
34_215,IT1,1.0,Households with arreared paymentes,Famiglie con pagamenti arretrati,DCCV_ARRETRATI,1.0,2026-04-21T09:29:52.047Z,METADATA_URL
34_215_DF_DCCV_ARRETRATI_1,IT1,1.0,Household size,Ampiezza della famiglia,DCCV_ARRETRATI,1.0,2026-04-21T09:29:52.047Z,METADATA_URL
34_215_DF_DCCV_ARRETRATI_2,IT1,1.0,Household type,Tipologia familiare,DCCV_ARRETRATI,1.0,2026-04-21T09:29:52.047Z,METADATA_URL
34_215_DF_DCCV_ARRETRATI_3,IT1,1.0,Children under 18 and elderly over 65 in family,Minori e anziani in famiglia,DCCV_ARRETRATI,1.0,2026-04-21T09:29:52.047Z,METADATA_URL
34_215_DF_DCCV_ARRETRATI_4,IT1,1.0,Sex and age of main income earner,Sesso ed età del principale percettore,DCCV_ARRETRATI,1.0,2026-04-21T09:29:52.047Z,METADATA_URL
34_215_DF_DCCV_ARRETRATI_5,IT1,1.0,Educational level and professional status of main income earner,Titolo di studio e condizione professionale del principale percettore,DCCV_ARRETRATI,1.0,2026-04-21T09:29:52.047Z,METADATA_URL
34_215_DF_DCCV_ARRETRATI_6,IT1,1.0,Geographical area and type of municipalities,Ripartizioni e tipo di comune,DCCV_ARRETRATI,1.0,2026-04-21T09:29:52.047Z,METADATA_URL
34_216,IT1,1.0,Households who can't afford to save or to face unexpected expenses,Famiglie che non riescono  a risparmiare o a far fronte a spese impreviste,DCCV_IMPREV,1.0,2026-04-21T09:48:22.681Z,METADATA_URL
34_216_DF_DCCV_IMPREV_1,IT1,1.0,Household size,Ampiezza della famiglia,DCCV_IMPREV337725,1.0,2026-04-21T09:48:22.681Z,METADATA_URL
34_216_DF_DCCV_IMPREV_2,IT1,1.0,Household type,Tipologia familiare,DCCV_IMPREV362099,1.0,2026-04-21T09:48:22.681Z,METADATA_URL
34_216_DF_DCCV_IMPREV_3,IT1,1.0,Children under 18 and elderly over 65 in family,Minori e anziani in famiglia,DCCV_IMPREV867721,1.0,2026-04-21T09:48:22.681Z,METADATA_URL
34_216_DF_DCCV_IMPREV_4,IT1,1.0,Sex and age of main income earner,Sesso ed età del principale percettore,DCCV_IMPREV632246,1.0,2026-04-21T09:48:22.681Z,METADATA_URL
34_216_DF_DCCV_IMPREV_5,IT1,1.0,Educational level and professional status of main income earner,Titolo di studio e condizione professionale del principale percettore,DCCV_IMPREV475557,1.0,2026-04-21T09:48:22.681Z,METADATA_URL
34_216_DF_DCCV_IMPREV_6,IT1,1.0,"Geographical area, regions and type of municipality","Ripartizioni, regioni e tipo di comune",DCCV_IMPREV311267,1.0,2026-04-21T09:48:22.681Z,METADATA_URL
34_217,IT1,1.0,Households who believe too heavy some housing-costs or repayment of debts,Famiglie che considerano un carico pesante alcune spese per l'abitazione o il rimborso di debiti,DCCV_CARICOPES,1.0,2026-04-21T09:32:07.334Z,METADATA_URL
34_217_DF_DCCV_CARICOPES_1,IT1,1.0,Household size,Ampiezza della famiglia,DCCV_CARICOPES100063,1.0,2026-04-21T09:32:07.334Z,METADATA_URL
34_217_DF_DCCV_CARICOPES_2,IT1,1.0,Type of household,Tipologia familiare,DCCV_CARICOPES394374,1.0,2026-04-21T09:32:07.334Z,METADATA_URL
34_217_DF_DCCV_CARICOPES_3,IT1,1.0,Children under 18 and elderly over 65 in family,Minori e anziani in famiglia,DCCV_CARICOPES908549,1.0,2026-04-21T09:32:07.334Z,METADATA_URL
34_217_DF_DCCV_CARICOPES_4,IT1,1.0,Sex and age of main income earner,Sesso ed età del principale percettore,DCCV_CARICOPES980074,1.0,2026-04-21T09:32:07.334Z,METADATA_URL
34_217_DF_DCCV_CARICOPES_5,IT1,1.0,Educational level and professional status of main income earner,Titolo di studio e condizione professionale del principale percettore,DCCV_CARICOPES430739,1.0,2026-04-21T09:32:07.334Z,METADATA_URL
34_217_DF_DCCV_CARICOPES_6,IT1,1.0,Geographical areas and type of municipality,Ripartizioni e tipo di comune,DCCV_CARICOPES192674,1.0,2026-04-21T09:32:07.334Z,METADATA_URL
34_218,IT1,1.0,Households who can't afford to purchase some durable goods,Famiglie che non possono permettersi alcuni beni durevoli,DCCV_DIFFBENDUR,1.0,2026-04-21T09:33:33.775Z,METADATA_URL
34_218_DF_DCCV_DIFFBENDUR_1,IT1,1.0,Household size,Ampiezza della famiglia,DCCV_DIFFBENDUR888397,1.0,2026-04-21T09:33:33.775Z,METADATA_URL
34_218_DF_DCCV_DIFFBENDUR_2,IT1,1.0,Type of household,Tipologia familiare,DCCV_DIFFBENDUR225191,1.0,2026-04-21T09:33:33.775Z,METADATA_URL
34_218_DF_DCCV_DIFFBENDUR_3,IT1,1.0,Children under 18 and elderly over 65 in family,Minori e anziani in famiglia,DCCV_DIFFBENDUR862535,1.0,2026-04-21T09:33:33.775Z,METADATA_URL
34_218_DF_DCCV_DIFFBENDUR_4,IT1,1.0,Sex and age of main income earner,Sesso ed età del principale percettore,DCCV_DIFFBENDUR253019,1.0,2026-04-21T09:33:33.775Z,METADATA_URL
34_218_DF_DCCV_DIFFBENDUR_5,IT1,1.0,Educational level and professional status of main income earner,Titolo di studio e condizione professionale del principale percettore,DCCV_DIFFBENDUR643784,1.0,2026-04-21T09:33:33.775Z,METADATA_URL
34_218_DF_DCCV_DIFFBENDUR_6,IT1,1.0,Geographical areas and type of municipality,Ripartizioni e tipo di comune,DCCV_DIFFBENDUR439071,1.0,2026-04-21T09:33:33.775Z,METADATA_URL
34_219,IT1,1.0,Households who  do not have enough money for selected items,Famiglie che hanno  difficoltà nel pagamento di alcune spese,DCCV_NOSOLDI,1.0,2026-04-21T09:49:44.175Z,METADATA_URL
34_219_DF_DCCV_NOSOLDI_1,IT1,1.0,Household size,Ampiezza della famiglia,DCCV_NOSOLDI695402,1.0,2026-04-21T09:49:44.175Z,METADATA_URL
34_219_DF_DCCV_NOSOLDI_2,IT1,1.0,Type of household,Tipologia familiare,DCCV_NOSOLDI283245,1.0,2026-04-21T09:49:44.175Z,METADATA_URL
34_219_DF_DCCV_NOSOLDI_3,IT1,1.0,Children under 18 and elderly over 65 in family,Minori e anziani in famiglia,DCCV_NOSOLDI967938,1.0,2026-04-21T09:49:44.175Z,METADATA_URL
34_219_DF_DCCV_NOSOLDI_4,IT1,1.0,Sex and age of main income earner,Sesso ed età del principale percettore,DCCV_NOSOLDI553368,1.0,2026-04-21T09:49:44.175Z,METADATA_URL
34_219_DF_DCCV_NOSOLDI_5,IT1,1.0,Educational level and professional status of main income earner,Titolo di studio e condizione professionale del principale percettore,DCCV_NOSOLDI984822,1.0,2026-04-21T09:49:44.175Z,METADATA_URL
34_219_DF_DCCV_NOSOLDI_6,IT1,1.0,Geographical areas and type of municipality,Ripartizioni e tipo di comune,DCCV_NOSOLDI363305,1.0,2026-04-21T09:49:44.175Z,METADATA_URL
34_220,IT1,1.0,Households for minimum income needed to make ends meet,Famiglie per reddito minimo per arrivare a fine mese senza difficoltà,DCCV_REDDFINMES,1.0,2026-04-21T10:10:21.809Z,METADATA_URL
34_220_DF_DCCV_REDDFINMES_1,IT1,1.0,Household size,Ampiezza della famiglia,DCCV_REDDFINMES572604,1.0,2026-04-21T10:10:21.809Z,METADATA_URL
34_220_DF_DCCV_REDDFINMES_2,IT1,1.0,Type of household,Tipologia familiare,DCCV_REDDFINMES706445,1.0,2026-04-21T10:10:21.809Z,METADATA_URL
34_220_DF_DCCV_REDDFINMES_3,IT1,1.0,Children under 18 and elderly over 65 in family,Minori e anziani in famiglia,DCCV_REDDFINMES807648,1.0,2026-04-21T10:10:21.809Z,METADATA_URL
34_220_DF_DCCV_REDDFINMES_4,IT1,1.0,Sex and age of main income earner,Sesso ed età del principale percettore,DCCV_REDDFINMES723295,1.0,2026-04-21T10:10:21.809Z,METADATA_URL
34_220_DF_DCCV_REDDFINMES_5,IT1,1.0,Educational level and professional status of main income earner,Titolo di studio e condizione professionale del principale percettore,DCCV_REDDFINMES147075,1.0,2026-04-21T10:10:21.809Z,METADATA_URL
34_220_DF_DCCV_REDDFINMES_6,IT1,1.0,Geographical areas and type of municipality,Ripartizioni e tipo di comune,DCCV_REDDFINMES351375,1.0,2026-04-21T10:10:21.809Z,METADATA_URL
34_226,IT1,1.0,Households by ability to make ends meet,Famiglie per capacità di arrivare a fine mese,PERCEPIT,1.0,2025-04-24T10:15:52.681Z,METADATA_URL
34_226_DF_PERCEPIT_1,IT1,1.0,Household size,Ampiezza della famiglia,PERCEPIT974457,1.0,2025-04-24T10:15:52.681Z,METADATA_URL
34_226_DF_PERCEPIT_2,IT1,1.0,Type of household,Tipologia familiare,PERCEPIT213747,1.0,2025-04-24T10:15:52.681Z,METADATA_URL
34_226_DF_PERCEPIT_3,IT1,1.0,Children under 18 and elderly over 65 in family,Minori e anziani in famiglia,PERCEPIT,1.0,2025-04-24T10:15:52.681Z,METADATA_URL
34_226_DF_PERCEPIT_4,IT1,1.0,Sex and age of main income earner,Sesso ed età del principale percettore,PERCEPIT406502,1.0,2025-04-24T10:15:52.681Z,METADATA_URL
34_226_DF_PERCEPIT_5,IT1,1.0,Educational level and professional status of main income earner,Titolo di studio e condizione professionale del principale percettore,PERCEPIT263604,1.0,2025-04-24T10:15:52.681Z,METADATA_URL
34_226_DF_PERCEPIT_6,IT1,1.0,"Geographical area, regions and type of municipality","Ripartizioni, regioni e tipo di comune",PERCEPIT8019,1.0,2025-04-24T10:15:52.681Z,METADATA_URL
34_280,IT1,1.0,Households who do not afford to buy selected items,Famiglie che non possono permettersi alcune spese,DCCV_FAMNOVOCISPESA,1.0,2026-04-21T09:35:18.631Z,METADATA_URL
34_280_DF_DCCV_FAMNOVOCISPESA_1,IT1,1.0,Household size,Ampiezza della famiglia,DCCV_FAMNOVOCISPESA612944,1.0,2026-04-21T09:35:18.631Z,METADATA_URL
34_280_DF_DCCV_FAMNOVOCISPESA_2,IT1,1.0,Type of household,Tipologia familiare,DCCV_FAMNOVOCISPESA259406,1.0,2026-04-21T09:35:18.631Z,METADATA_URL
34_280_DF_DCCV_FAMNOVOCISPESA_3,IT1,1.0,Children under 18 and elderly over 65 in family,Minori e anziani in famiglia,DCCV_FAMNOVOCISPESA483945,1.0,2026-04-21T09:35:18.631Z,METADATA_URL
34_280_DF_DCCV_FAMNOVOCISPESA_4,IT1,1.0,Sex and age of main income earner,Sesso ed età del principale percettore,DCCV_FAMNOVOCISPESA353191,1.0,2026-04-21T09:35:18.631Z,METADATA_URL
34_280_DF_DCCV_FAMNOVOCISPESA_5,IT1,1.0,Educational level and professional status of main income earner,Titolo di studio e condizione professionale del principale percettore,DCCV_FAMNOVOCISPESA931227,1.0,2026-04-21T09:35:18.631Z,METADATA_URL
34_280_DF_DCCV_FAMNOVOCISPESA_6,IT1,1.0,Geographical areas and type of municipality,Ripartizioni e tipo di comune,DCCV_FAMNOVOCISPESA823327,1.0,2026-04-21T09:35:18.631Z,METADATA_URL
34_727,IT1,1.0,Poverty new series,Povertà nuove serie,DCCV_POVERTA,1.0,2026-06-19T12:54:49.592Z,METADATA_URL
34_727_DF_DCCV_POVERTA_1,IT1,1.0,Main indicators,Principali indicatori,DCCV_POVERTA,1.0,2026-06-19T12:54:49.592Z,
34_727_DF_DCCV_POVERTA_10,IT1,1.0,Poor individuals - region residence,Individui poveri - regione di residenza,DCCV_POVERTA,1.0,2025-10-14T08:02:20.381Z,
34_727_DF_DCCV_POVERTA_11,IT1,1.0,Lines and thresholds of relative poverty,Linee e soglie di povertà relativa,DCCV_POVERTA,1.0,2025-10-14T08:02:20.381Z,
34_727_DF_DCCV_POVERTA_2,IT1,1.0,Poor households - household size,Famiglie povere - ampiezza della famiglia,DCCV_POVERTA,1.0,2025-10-14T08:02:20.381Z,
34_727_DF_DCCV_POVERTA_3,IT1,1.0,Poor households - household typology,Famiglie povere - tipologia familiare,DCCV_POVERTA,1.0,2025-10-14T08:02:20.381Z,
34_727_DF_DCCV_POVERTA_4,IT1,1.0,Poor households - age of the reference person,Famiglie povere - età della persona di riferimento,DCCV_POVERTA,1.0,2025-10-14T08:02:20.381Z,
34_727_DF_DCCV_POVERTA_5,IT1,1.0,Poor households - professional condition of the reference person,Famiglie povere - condizione professionale della persona di riferimento,DCCV_POVERTA,1.0,2025-10-14T08:02:20.381Z,
34_727_DF_DCCV_POVERTA_6,IT1,1.0,Poor households - level of education attained by the reference person,Famiglie povere - titolo di studio della persona di riferimento,DCCV_POVERTA,1.0,2025-10-14T08:02:20.381Z,
34_727_DF_DCCV_POVERTA_7,IT1,1.0,Poor households - type of municipality residence,Famiglie povere - tipo comune di residenza,DCCV_POVERTA,1.0,2025-10-14T08:02:20.381Z,
34_727_DF_DCCV_POVERTA_8,IT1,1.0,Poor households - region residence,Famiglie povere - regione di residenza,DCCV_POVERTA,1.0,2025-10-14T08:02:20.381Z,
34_727_DF_DCCV_POVERTA_9,IT1,1.0,Poor individuals - sex and age,Individui poveri - sesso ed età,DCCV_POVERTA,1.0,2025-10-14T08:02:20.381Z,
34_728,IT1,1.0,Poverty broken time series - 1997 -2021,Povertà serie interrotte - 1997-2021,DCCV_POVERTA_BRKN1,1.0,2023-11-24T09:30:25.689Z,
34_728_DF_DCCV_POVERTA_BRKN1_1,IT1,1.0,Poor households - socio-demographic characteristics,Famiglie povere - caratteristiche socio-demografiche,DCCV_POVERTA_BRKN1,1.0,2023-11-23T22:21:09.416Z,
34_728_DF_DCCV_POVERTA_BRKN1_2,IT1,1.0,Poor households - region residence,Famiglie povere - regione di residenza,DCCV_POVERTA_BRKN1,1.0,2024-01-22T08:34:33.435Z,
34_728_DF_DCCV_POVERTA_BRKN1_3,IT1,1.0,Poor households - type of municipality residence,Famiglie povere - tipo comune di residenza,DCCV_POVERTA_BRKN1,1.0,2023-11-22T11:55:41.292Z,
34_728_DF_DCCV_POVERTA_BRKN1_4,IT1,1.0,Poor individuals - region residence,Individui poveri - regione di residenza,DCCV_POVERTA_BRKN1,1.0,2024-01-22T08:29:30.588Z,
34_728_DF_DCCV_POVERTA_BRKN1_5,IT1,1.0,Poor individuals - sex and age,Individui poveri - sesso ed età,DCCV_POVERTA_BRKN1,1.0,2023-11-23T23:33:14.869Z,
34_728_DF_DCCV_POVERTA_BRKN1_6,IT1,1.0,Lines and thresholds of relative poverty,Linee e soglie di povertà relativa,DCCV_POVERTA_BRKN1,1.0,2023-11-22T13:18:30.869Z,
34_728_DF_DCCV_POVERTA_BRKN1_7,IT1,1.0,Main indicators,Principali indicatori,DCCV_POVERTA_BRKN1,1.0,2023-11-23T21:45:15.040Z,
392_584,IT1,1.0,PhD students - socio-demographic characteristics and curriculum,Dottorati - caratteristiche socio-demografiche e curriculum,DCCV_TRANSIZ_DOTT_DEM,1.0,2026-06-04T13:52:32.121Z,
392_584_DF_DCCV_TRANSIZ_DOTT_DEM_1,IT1,1.0,"Citizenship, age","Cittadinanza, età",DCCV_TRANSIZ_DOTT_DEM,1.0,2023-03-20T11:20:21.895Z,
392_584_DF_DCCV_TRANSIZ_DOTT_DEM_2,IT1,1.0,Marital status,Stato civile,DCCV_TRANSIZ_DOTT_DEM,1.0,2023-03-20T16:13:54.928Z,
392_584_DF_DCCV_TRANSIZ_DOTT_DEM_3,IT1,1.0,"Programme completed within the legal time, field of study","Titolo conseguito nei termini, area disciplinare",DCCV_TRANSIZ_DOTT_DEM,1.0,2023-03-21T10:34:43.819Z,
392_584_DF_DCCV_TRANSIZ_DOTT_DEM_4,IT1,1.0,Income source during education,Fonte di finanziamento durante il dottorato,DCCV_TRANSIZ_DOTT_DEM,1.0,2023-03-21T11:51:22.022Z,
392_584_DF_DCCV_TRANSIZ_DOTT_DEM_5,IT1,1.0,Parents' highest level of education attained,Titolo di studio del padre e della madre,DCCV_TRANSIZ_DOTT_DEM,1.0,2023-03-21T12:13:39.909Z,
392_585,IT1,1.0,PhD graduates - wage and hours worked,Dottorati - retribuzione e orario di lavoro,DCCV_TRANSIZ_DOTT_REDDITO,1.0,2023-09-18T14:01:08.697Z,
392_585_DF_DCCV_TRANSIZ_DOTT_REDDITO_1,IT1,1.0,Wage by place of residence and field of study,Retribuzioni per residenza e area disciplinare,DCCV_TRANSIZ_DOTT_REDDITO,1.0,2023-09-18T14:01:08.697Z,
392_585_DF_DCCV_TRANSIZ_DOTT_REDDITO_2,IT1,1.0,Wage and professional status,Retribuzione e tipo di occupazione,DCCV_TRANSIZ_DOTT_REDDITO,1.0,2023-09-18T14:01:08.697Z,
392_585_DF_DCCV_TRANSIZ_DOTT_REDDITO_3,IT1,1.0,"PhD graduates, hours worked per week and professional status","Dottori, ore settimanali lavorate e tipo di occupazione",DCCV_TRANSIZ_DOTT_REDDITO,1.0,2023-03-21T14:30:30.215Z,
392_586,IT1,1.0,PhD graduates - territorial mobility,Dottorati - mobilità territoriale,DCCV_TRANSIZ_DOTT_MOBILITA,1.0,2023-03-21T18:06:27.280Z,
392_586_DF_DCCV_TRANSIZ_DOTT_MOBILITA_1,IT1,1.0,"Time spent abroad, field of study","Periodi di formazione all'estero, area disciplinare",DCCV_TRANSIZ_DOTT_MOBILITA,1.0,2023-03-21T16:16:58.717Z,
392_586_DF_DCCV_TRANSIZ_DOTT_MOBILITA_2,IT1,1.0,"Time spent abroad during and after the doctoral programme, employment, gender","Periodi di formazione all'estero, occupazione, sesso",DCCV_TRANSIZ_DOTT_MOBILITA,1.0,2023-03-21T16:24:16.016Z,
392_586_DF_DCCV_TRANSIZ_DOTT_MOBILITA_3,IT1,1.0,Intention of leaving Italy,Intenzione di lasciare l'Italia,DCCV_TRANSIZ_DOTT_MOBILITA,1.0,2023-03-21T16:31:30.625Z,
392_586_DF_DCCV_TRANSIZ_DOTT_MOBILITA_4,IT1,1.0,"Doctoral graduates living abroad, employment, gender","Residenti all'estero, occupazione, sesso",DCCV_TRANSIZ_DOTT_MOBILITA,1.0,2023-03-21T17:53:56.193Z,
392_586_DF_DCCV_TRANSIZ_DOTT_MOBILITA_5,IT1,1.0,"Doctoral graduates living abroad, field of study","Residenti all'estero, area disciplinare",DCCV_TRANSIZ_DOTT_MOBILITA,1.0,2023-03-21T18:01:08.468Z,
392_636,IT1,1.0,PhD graduates - professional status,Dottorati - condizione occupazionale,DCCV_TRANSIZ_DOTT_OCCUPAZ,1.0,2023-03-21T14:50:54.713Z,
392_636_DF_DCCV_TRANSIZ_DOTT_OCCUPAZ_1,IT1,1.0,"Occupational status, gender,place of residence","Condizione occupazionale, sesso, residenza",DCCV_TRANSIZ_DOTT_OCCUPAZ,1.0,2023-03-21T14:04:02.689Z,
392_636_DF_DCCV_TRANSIZ_DOTT_OCCUPAZ_2,IT1,1.0,"Occupational status, field of study","Condizione occupazionale, area disciplinare",DCCV_TRANSIZ_DOTT_OCCUPAZ,1.0,2023-03-21T14:35:13.560Z,
392_636_DF_DCCV_TRANSIZ_DOTT_OCCUPAZ_3,IT1,1.0,"Sector of employement,professional status","Settore di impiego, tipo di occupazione",DCCV_TRANSIZ_DOTT_OCCUPAZ,1.0,2023-03-21T15:19:35.116Z,
392_636_DF_DCCV_TRANSIZ_DOTT_OCCUPAZ_4,IT1,1.0,Economic activity,Attività economica,DCCV_TRANSIZ_DOTT_OCCUPAZ,1.0,2023-03-22T08:51:37.390Z,
392_636_DF_DCCV_TRANSIZ_DOTT_OCCUPAZ_5,IT1,1.0,Occupation,Professione,DCCV_TRANSIZ_DOTT_OCCUPAZ,1.0,2023-03-22T09:14:37.068Z,
392_636_DF_DCCV_TRANSIZ_DOTT_OCCUPAZ_6,IT1,1.0,Job and educational attainment coeherence,Coerenza tra l'attività lavorativa e il dottorato,DCCV_TRANSIZ_DOTT_OCCUPAZ,1.0,2023-03-22T09:40:52.701Z,
392_636_DF_DCCV_TRANSIZ_DOTT_OCCUPAZ_7,IT1,1.0,Research and Development activities,Attività di ricerca e sviluppo,DCCV_TRANSIZ_DOTT_OCCUPAZ,1.0,2023-03-22T10:37:19.464Z,
392_708,IT1,1.0,PhD graduates - job search and satisfaction,Dottorati - ricerca di lavoro e soddisfazione,DCCV_TRANSIZ_DOTT_SODDIS,1.0,2023-09-19T15:23:19.967Z,
392_708_DF_DCCV_TRANSIZ_DOTT_SODDIS_1,IT1,1.0,Job search and professionall status,Ricerca di lavoro e occupazione attuale,DCCV_TRANSIZ_DOTT_SODDIS,1.0,2023-09-19T15:23:19.967Z,
392_708_DF_DCCV_TRANSIZ_DOTT_SODDIS_2,IT1,1.0,Professional status and full-time vs part-time preference,Tipo di occupazione e orario desiderati,DCCV_TRANSIZ_DOTT_SODDIS,1.0,2023-09-19T15:23:19.967Z,
392_708_DF_DCCV_TRANSIZ_DOTT_SODDIS_3,IT1,1.0,Preferred territory for working and research field employment preference,Luogo di lavoro desiderato e preferenza per lavoro di ricerca,DCCV_TRANSIZ_DOTT_SODDIS,1.0,2023-09-19T15:23:19.967Z,
392_708_DF_DCCV_TRANSIZ_DOTT_SODDIS_4,IT1,1.0,Satisfaction (of 0 to 10) for the job and the programme completed,Soddisfazione (da 0 a 10) per il lavoro e il dottorato,DCCV_TRANSIZ_DOTT_SODDIS,1.0,2023-09-19T15:23:19.967Z,
395_344,IT1,1.0,Sequence of quarterly accounts by institutional sector - Accounts in the 2011 version,Sequenza dei conti trimestrali per settore istituzionale - Conti versione 2011,DCCN_SEQCONTIASQ,1.0,09/22/2021 07:28:21,METADATA_URL
396_61,IT1,1.0,Disposable income of households in the italian regions - edition October 2010,Reddito disponibile delle famiglie nelle regioni italiane - edizione ottobre 2010,DCCN_SEQCONTIRFT,1.0,09/22/2021 07:30:52,METADATA_URL
39_1,IT1,1.0,Indicators of inequality in cause-specific mortality by education,Indicatori di mortalità per causa per titolo di studio,DCIS_IND_MORT_EDU,1.0,2026-04-29T07:18:06.168Z,
39_1005,IT1,1.0,Suicides,Suicidi - popolazione di 15 anni e oltre,DCIS_SUICIDI,1.0,2026-03-09T10:21:14.944Z,
39_1005_DF_DCIS_SUICIDI_1,IT1,1.0,Suicides - 15 years and over - Key data,Suicidi - popolazione di 15 anni e oltre - Principali dati,DCIS_SUICIDI,1.0,2026-03-09T10:21:14.944Z,
39_1005_DF_DCIS_SUICIDI_2,IT1,1.0,Gender and age,Sesso ed età,DCIS_SUICIDI,1.0,2026-03-09T10:21:14.944Z,
39_1005_DF_DCIS_SUICIDI_3,IT1,1.0,Comorbidity,Malattie associate,DCIS_SUICIDI,1.0,2026-03-09T10:21:14.944Z,
39_1005_DF_DCIS_SUICIDI_4,IT1,1.0,Method of suicide,Modalità del suicidio,DCIS_SUICIDI,1.0,2026-03-09T10:21:14.944Z,
39_1005_DF_DCIS_SUICIDI_5,IT1,1.0,Method of suicide and comorbidity,Modalità del suicidio e malattie associate,DCIS_SUICIDI,1.0,2026-03-09T10:21:14.944Z,
39_1005_DF_DCIS_SUICIDI_6,IT1,1.0,Educational level,Istruzione,DCIS_SUICIDI,1.0,2026-03-09T10:21:14.944Z,
39_1005_DF_DCIS_SUICIDI_7,IT1,1.0,Civil status,Stato civile,DCIS_SUICIDI,1.0,2026-03-09T10:21:14.944Z,
39_1005_DF_DCIS_SUICIDI_8,IT1,1.0,Month,Mese del decesso,DCIS_SUICIDI,1.0,2026-03-09T10:21:14.944Z,
39_1005_DF_DCIS_SUICIDI_9,IT1,1.0,Nationality,Cittadinanza,DCIS_SUICIDI,1.0,2026-03-09T10:21:14.944Z,
39_1_DF_DCIS_IND_MORT_EDU_1,IT1,1.0,Indicators of inequality by cause and educational level,Indicatori di mortalità per causa e titolo di studio,DCIS_IND_MORT_EDU,1.0,2026-04-29T07:18:06.168Z,
39_493,IT1,1.0,Mortality by place of registration,Mortalità per territorio di evento,DCIS_CMORTE1_EV,1.0,2025-12-19T12:38:55.860Z,
39_493_DF_DCIS_CMORTE1_EV_1,IT1,1.0,Cause - prov.,Causa - prov.,DCIS_CMORTE1_EV,1.0,2025-12-19T12:38:55.860Z,
39_493_DF_DCIS_CMORTE1_EV_2,IT1,1.0,Cause and age,Causa ed età,DCIS_CMORTE1_EV,1.0,2025-12-19T12:38:55.860Z,
39_493_DF_DCIS_CMORTE1_EV_3,IT1,1.0,Cause and country of citizenship,Causa e paese di cittadinanza,DCIS_CMORTE1_EV,1.0,2025-12-19T12:38:55.860Z,
39_493_DF_DCIS_CMORTE1_EV_4,IT1,1.0,Age and country of citizenship,Età e paese di cittadinanza,DCIS_CMORTE1_EV,1.0,2025-12-19T12:38:55.860Z,
39_493_DF_DCIS_CMORTE1_EV_5,IT1,1.0,"Education level, marital status and month of death","Istruzione, stato civile e mese di decesso",DCIS_CMORTE1_EV,1.0,12/19/2025 12:38:55,
39_493_DF_DCIS_CMORTE1_EV_6,IT1,1.0,Year of birth,Anno di nascita,DCIS_CMORTE1_EV,1.0,2025-12-19T12:38:55.860Z,
39_494,IT1,1.0,Mortality by territory of residence,Mortalità per territorio di residenza,DCIS_CMORTE1_RES,1.0,2025-12-19T12:52:37.544Z,
39_494_DF_DCIS_CMORTE1_RES_1,IT1,1.0,Cause - prov.,Causa - prov.,DCIS_CMORTE1_RES,1.0,2025-12-19T12:52:37.544Z,
39_494_DF_DCIS_CMORTE1_RES_2,IT1,1.0,Cause and age,Causa ed età,DCIS_CMORTE1_RES,1.0,2025-12-19T12:52:37.544Z,
39_494_DF_DCIS_CMORTE1_RES_3,IT1,1.0,Cause and country of citizenship,Causa e paese di cittadinanza,DCIS_CMORTE1_RES,1.0,2025-12-22T11:40:24.387Z,
39_494_DF_DCIS_CMORTE1_RES_4,IT1,1.0,Age and country of citizenship,Età e paese di cittadinanza,DCIS_CMORTE1_RES,1.0,2025-12-19T12:52:37.544Z,
39_494_DF_DCIS_CMORTE1_RES_5,IT1,1.0,"Education level, marital status and month of death","Istruzione, stato civile e mese di decesso",DCIS_CMORTE1_RES,1.0,12/19/2025 12:52:37,
39_494_DF_DCIS_CMORTE1_RES_6,IT1,1.0,Year of birth,Anno di nascita,DCIS_CMORTE1_RES,1.0,2025-12-19T12:52:37.544Z,
39_494_DF_DCIS_CMORTE1_RES_7,IT1,1.0,Year of marriage and age of the spouse,Anno di matrimonio ed età del coniuge,DCIS_CMORTE1_RES,1.0,12/22/2025 15:45:04,
39_494_DF_DCIS_CMORTE1_RES_8,IT1,1.0,Mortality rates - prov.,Quozienti di mortalità - prov.,DCIS_CMORTE1_RES,1.0,2025-12-19T12:52:37.544Z,
39_57,IT1,1.0,Multiple causes of death,Cause multiple di morte,DCIS_CMORTEM,1.0,2026-02-26T15:38:09.278Z,
39_57_DF_DCIS_CMORTEM_1,IT1,1.0,Ratio of underlying cause to multiple cause of death,Rapporto tra causa iniziale e causa multipla di morte,DCIS_CMORTEM,1.0,2026-02-26T15:38:09.278Z,
39_57_DF_DCIS_CMORTEM_2,IT1,1.0,Number of conditions by underlying cause of death,Numero di patologie per causa iniziale di morte,DCIS_CMORTEM,1.0,2026-02-26T15:38:09.278Z,
39_57_DF_DCIS_CMORTEM_3,IT1,1.0,Mentions of specified multiple cause of death,Numero di menzioni per causa multipla di morte,DCIS_CMORTEM,1.0,2026-02-26T15:38:09.278Z,
39_57_DF_DCIS_CMORTEM_4,IT1,1.0,Infant mortality - ratio of underlying cause to multiple cause of death,Mortalità infantile - rapporto tra causa iniziale e causa multipla,DCIS_CMORTEM,1.0,2026-02-26T15:38:09.278Z,
39_57_DF_DCIS_CMORTEM_5,IT1,1.0,Infant mortality - Mentions of specified multiple cause of death,Mortalità infantile - numero di menzioni per causa multipla di morte,DCIS_CMORTEM,1.0,2026-02-26T15:38:09.278Z,
39_700,IT1,1.0,Infant mortality by place of registration,Mortalità infantile per territorio di evento,DCIS_CMORTEINF2_EV,1.0,2025-12-19T13:15:42.743Z,
39_700_DF_DCIS_CMORTEINF2_EV_1,IT1,1.0,Cause and age,Causa ed età,DCIS_CMORTEINF2_EV,1.0,2025-12-19T13:15:42.743Z,
39_700_DF_DCIS_CMORTEINF2_EV_2,IT1,1.0,Cause and citizenship of the mother,Causa e cittadinanza della madre,DCIS_CMORTEINF2_EV,1.0,2025-12-19T13:15:42.743Z,
39_700_DF_DCIS_CMORTEINF2_EV_3,IT1,1.0,"Age,education level and age of the mother, filiation and month of death - prov.","Età, istruzione ed età della madre, filiazione e mese di decesso - prov.",DCIS_CMORTEINF2_EV,1.0,2025-12-19T13:15:42.743Z,
39_700_DF_DCIS_CMORTEINF2_EV_4,IT1,1.0,Citizenship of the mother - prov.,Cittadinanza della madre - prov.,DCIS_CMORTEINF2_EV,1.0,2025-12-19T13:15:42.743Z,
39_701,IT1,1.0,Infant mortality by territory of residence,Mortalità infantile per territorio di residenza,DCIS_CMORTEINF2_RES,1.0,2025-12-19T13:17:49.279Z,
39_701_DF_DCIS_CMORTEINF2_RES_1,IT1,1.0,Cause,Causa,DCIS_CMORTEINF2_RES,1.0,2025-12-19T13:17:49.279Z,
39_701_DF_DCIS_CMORTEINF2_RES_2,IT1,1.0,"Age,education level and age of the mother, filiation and month of death - prov.","Età, istruzione ed età della madre, filiazione e mese di decesso - prov.",DCIS_CMORTEINF2_RES,1.0,2025-12-19T13:17:49.279Z,
39_701_DF_DCIS_CMORTEINF2_RES_3,IT1,1.0,Citizenship of the mother - prov.,Cittadinanza della madre - prov.,DCIS_CMORTEINF2_RES,1.0,2025-12-19T13:17:49.279Z,
39_701_DF_DCIS_CMORTEINF2_RES_4,IT1,1.0,Infant mortality rates - prov.,Quozienti di mortalità infantile - prov.,DCIS_CMORTEINF2_RES,1.0,2025-12-19T13:17:49.279Z,
3_156,IT1,1.0,"Gross domestic product, expenditure components and contribution to GDP growth - editions from October 2019 to September 2024",Conto economico delle risorse e degli impieghi e contributi alla crescita del Pil - edizioni ottobre 2019 - settembre 2024,DCCN_SQCQ_B19,1.0,2024-09-02T08:04:02.761Z,
3_156_DF_DCCN_SQCQ_B19_1,IT1,1.0,Gross domestic product and expenditure components - editions from October 2019 to September 2024,Conto economico delle risorse e degli impieghi - edizioni ottobre 2019 - settembre 2024,DCCN_SQCQ_B19,1.0,2024-09-04T07:43:38.288Z,
3_156_DF_DCCN_SQCQ_B19_2,IT1,1.0,Contributions to GDP growth - editions from October 2019 to September 2024,Contributi alla crescita del PIL - edizioni ottobre 2019 - settembre 2024,DCCN_SQCQ_B19,1.0,2024-09-04T07:51:26.782Z,
3_156_DF_DCCN_SQCQ_B19_3,IT1,1.0,Gross domestic product and growth rates (preliminary estimate) - editions from October 2019 to September 2024,Prodotto interno lordo e variazioni (stima preliminare) - edizioni ottobre 2019 - settembre 2024,DCCN_SQCQ_B19,1.0,09/02/2024 08:04:02,
3_48_DF_DCCN_VAAGSIPET_B19_1,IT1,1.0,Production and value added at basic prices - editions from May 2020 to June 2024,Produzione e valore aggiunto ai prezzi base - edizioni maggio 2020 - giugno 2024,DCCN_VAAGSIPET_B19,1.0,07/22/2025 13:59:14,
3_48_DF_DCCN_VAAGSIPET_B19_2,IT1,1.0,Products and cost items - editions from May 2020 to June 2024,Prodotti e voci di costo - edizioni maggio 2020 - giugno 2024,DCCN_VAAGSIPET_B19,1.0,07/22/2025 14:07:19,
41_269_1,IT1,1.0,Road accidents with injuries (Lazio),Incidenti stradali con lesioni alle persone (Lazio),DCIS_INCIDENTISTR1,1.0,2025-10-14T09:03:15.832Z,
41_269_DF_DCIS_INCIDENTISTR1_1,IT1,1.0,Road accidents with injuries,Incidenti stradali con lesioni alle persone,DCIS_INCIDENTISTR1,1.0,2025-10-14T09:03:15.832Z,
41_270_DF_DCIS_MORTIFERITISTR1_1,IT1,1.0,Killed and injured in road accidents,Morti e feriti in incidenti stradali,DCIS_MORTIFERITISTR1,1.0,2025-10-14T09:06:05.137Z,
41_270_DF_DCIS_MORTIFERITISTR1_1_1,IT1,1.0,deleted dataflow,dataflow eliminato,DCIS_MORTIFERITISTR1,1.0,02/11/2026 10:09:17,
41_270_DF_DCIS_MORTIFERITISTR1_TS1_1,IT1,1.0,"Killed and injured in road accidents - Years 2001, 2002, 2003","Morti e feriti in incidenti stradali - Anni 2001, 2002, 2003",DCIS_MORTIFERITISTR1,1.0,2026-02-11T15:15:47.799Z,
41_270_DF_DCIS_MORTIFERITISTR1_TS2_1,IT1,1.0,"Killed and injured in road accidents - Years 2004, 2005, 2006","Morti e feriti in incidenti stradali - Anni 2004, 2005, 2006",DCIS_MORTIFERITISTR1,1.0,2026-02-12T09:11:59.200Z,
41_270_DF_DCIS_MORTIFERITISTR1_TS3_1,IT1,1.0,"Killed and injured in road accidents - Years 2007, 2008, 2009","Morti e feriti in incidenti stradali - Anni 2007, 2008, 2009",DCIS_MORTIFERITISTR1,1.0,2026-02-12T09:57:45.645Z,
41_271,IT1,1.0,Vehicles involved in road accidents,Veicoli coinvolti in incidenti stradali,DCIS_VEICOLIINCID1,1.0,2025-10-14T09:07:24.167Z,
41_271_DF_DCIS_VEICOLIINCID1_1,IT1,1.0,Vehicles involved in road accidents,Veicoli coinvolti in incidenti stradali,DCIS_VEICOLIINCID1,1.0,2025-10-14T09:07:24.167Z,
41_287,IT1,1.0,Road accidents indicators,Indicatori di incidentalità stradale,DCIS_INDINCIDENT,1.0,2025-10-14T09:05:12.598Z,
41_287_DF_DCIS_INDINCIDENT_1,IT1,1.0,Mortality index,Indice di mortalità,DCIS_INDINCIDENT,1.0,2025-10-14T09:05:12.598Z,
41_287_DF_DCIS_INDINCIDENT_2,IT1,1.0,Harmfulness index,Indice di lesività,DCIS_INDINCIDENT,1.0,2025-10-14T09:05:12.598Z,
41_288,IT1,1.0,Vehicles - Public Register of Motor-vehicles,Veicoli - Pubblico registro automobilistico,DCIS_VEICOLIPRA,1.0,2025-10-14T09:08:21.350Z,
41_288_DF_DCIS_VEICOLIPRA_1,IT1,1.0,Vehicles - Public automotive register,Veicoli - Pubblico registro automobilistico,DCIS_VEICOLIPRA,1.0,2025-10-14T09:08:21.350Z,
41_983,IT1,1.0,"Road accidents, killed and injured - municipalities","Incidenti, morti e feriti - comuni",DCIS_INCIDMORFER_COM,1.0,2025-10-14T09:09:11.091Z,METADATA_URL
41_983_DF_DCIS_INCIDMORFER_COM_1,IT1,1.0,"Road accidents, killed and injured - municipalities","Incidenti, morti e feriti - comuni",DCIS_INCIDMORFER_COM,1.0,2025-10-14T09:09:11.091Z,
41_993,IT1,1.0,Vehicles - Public Register of Motor-vehicles - municipalities,Veicoli - Pubblico registro automobilistico - comuni,DCIS_VEICOLIPRA_COM,1.0,2025-10-22T06:33:24.110Z,METADATA_URL
41_993_DCIS_VEICOLIPRA_COM_1,IT1,1.0,Vehicles - Public Register of Motor-vehicles - municipalities,Veicoli - Pubblico registro automobilistico - comuni,DCIS_VEICOLIPRA_COM,1.0,2025-10-22T06:33:24.110Z,
42_1108,IT1,1.0,Induced abortions characteristics of the event,Interruzioni volontarie della gravidanza caratteristiche dell'evento,DCIS_IVG_CARATTEV1,1.0,2026-05-08T12:30:50.110Z,
42_1108_DF_DCIS_IVG_CARATTEV1_1,IT1,1.0,"Type of intervention, antalgic therapy and weeks of amenorrhea","Tipo di intervento, terapia antalgica e settimane di amenorrea",DCIS_IVG_CARATTEV1,1.0,2026-03-02T19:05:37.775Z,
42_1108_DF_DCIS_IVG_CARATTEV1_10,IT1,1.0,Place of abortion - prov.,Luogo di aborto - prov.,DCIS_IVG_CARATTEV1,1.0,2026-03-02T19:05:37.775Z,
42_1108_DF_DCIS_IVG_CARATTEV1_11,IT1,1.0,Type of complication - prov.,Tipo di complicazione - prov.,DCIS_IVG_CARATTEV1,1.0,2026-03-02T19:05:37.775Z,
42_1108_DF_DCIS_IVG_CARATTEV1_12,IT1,1.0,Presence of fetal malformations - prov.,Presenza di malformazioni fetali - prov.,DCIS_IVG_CARATTEV1,1.0,2026-03-02T19:05:37.775Z,
42_1108_DF_DCIS_IVG_CARATTEV1_2,IT1,1.0,"Type of intervention, antalgic therapy and gestational age","Tipo di intervento, terapia antalgica ed età gestazionale",DCIS_IVG_CARATTEV1,1.0,2026-03-02T19:05:37.775Z,
42_1108_DF_DCIS_IVG_CARATTEV1_3,IT1,1.0,Type of intervention - prov.,Tipo di intervento - prov.,DCIS_IVG_CARATTEV1,1.0,2026-03-02T19:05:37.775Z,
42_1108_DF_DCIS_IVG_CARATTEV1_4,IT1,1.0,Antalgic therapy - prov.,Terapia antalgica - prov.,DCIS_IVG_CARATTEV1,1.0,2026-03-02T19:05:37.775Z,
42_1108_DF_DCIS_IVG_CARATTEV1_5,IT1,1.0,Weeks of amenorrhea - prov.,Settimane di amenorrea - prov.,DCIS_IVG_CARATTEV1,1.0,2026-03-02T19:05:37.775Z,
42_1108_DF_DCIS_IVG_CARATTEV1_6,IT1,1.0,Gestational age- prov.,Età gestazionale - prov.,DCIS_IVG_CARATTEV1,1.0,2026-03-02T19:05:37.775Z,
42_1108_DF_DCIS_IVG_CARATTEV1_7,IT1,1.0,Institution that issued the certification - prov.,Istituzione che ha rilasciato la certificazione - prov.,DCIS_IVG_CARATTEV1,1.0,2026-03-02T19:05:37.775Z,
42_1108_DF_DCIS_IVG_CARATTEV1_8,IT1,1.0,Waiting days between certification and intervention - prov.,Giorni di attesa tra certificazione e intervento - prov.,DCIS_IVG_CARATTEV1,1.0,2026-03-02T19:05:37.775Z,
42_1108_DF_DCIS_IVG_CARATTEV1_9,IT1,1.0,Urgency level - prov.,Livello di urgenza - prov.,DCIS_IVG_CARATTEV1,1.0,2026-03-02T19:05:37.775Z,
42_210,IT1,1.0,Induced abortions - Migration,Interruzioni volontarie della gravidanza - Migrazione,DCIS_IVG_MIGRAZIONE,1.0,2026-03-02T19:08:56.369Z,
42_210_DF_DCIS_IVG_MIGRAZIONE_1,IT1,1.0,Emigration indicators,Indicatori di emigrazione,DCIS_IVG_MIGRAZIONE,1.0,2026-03-02T19:07:56.886Z,
42_210_DF_DCIS_IVG_MIGRAZIONE_2,IT1,1.0,Immigration indicators,Indicatori di immigrazione,DCIS_IVG_MIGRAZIONE,1.0,2026-03-02T19:07:56.886Z,
42_210_DF_DCIS_IVG_MIGRAZIONE_3,IT1,1.0,Events by region of residence of the woman and region of intervention,Eventi per regione di residenza della donna e regione di intervento,DCIS_IVG_MIGRAZIONE,1.0,2026-03-02T19:08:56.369Z,
42_320,IT1,1.0,Spontaneous abortions - resignation from the woman's birthplace,Aborti spontanei - dimissioni rispetto al luogo di nascita della donna,DCIS_ABORTISPONTN,1.0,2026-06-08T08:41:35.571Z,
42_320_DF_DCIS_ABORTISPONTN_1,IT1,1.0,Spontaneous abortions - resignation from the woman's birthplace,Aborti spontanei - dimissioni rispetto al luogo di nascita della donna,DCIS_ABORTISPONTN,1.0,2026-06-08T08:41:35.571Z,
42_324,IT1,1.0,Spontaneous abortions - resignation from the woman's place of residence,Aborti spontanei - dimissioni rispetto al luogo di residenza della donna,DCIS_ABORTISPONTR,1.0,2026-06-08T13:37:56.399Z,
42_324_DF_DCIS_ABORTISPONTR_1,IT1,1.0,Age and weeks of amenorrhea,Età e settimane di amenorrea,DCIS_ABORTISPONTR,1.0,2026-06-08T13:37:56.399Z,
42_324_DF_DCIS_ABORTISPONTR_10,IT1,1.0,Marital status - prov.,Stato civile - prov.,DCIS_ABORTISPONTR,1.0,2026-06-08T13:37:56.399Z,
42_324_DF_DCIS_ABORTISPONTR_11,IT1,1.0,Education level - prov.,Titolo di studio - prov.,DCIS_ABORTISPONTR,1.0,2026-06-08T13:37:56.399Z,
42_324_DF_DCIS_ABORTISPONTR_12,IT1,1.0,Professional condition - prov.,Condizione professionale - prov.,DCIS_ABORTISPONTR,1.0,2026-06-08T13:37:56.399Z,
42_324_DF_DCIS_ABORTISPONTR_13,IT1,1.0,Reproductive history of the woman and number of the event - prov.,Storia riproduttiva della donna e numerosità dell'evento - prov.,DCIS_ABORTISPONTR,1.0,2026-06-08T13:37:56.399Z,
42_324_DF_DCIS_ABORTISPONTR_14,IT1,1.0,Use of medically assisted procreation techniques - prov.,Utilizzo di tecniche di procreazione medicalmente assistita - prov.,DCIS_ABORTISPONTR,1.0,2026-06-08T13:37:56.399Z,
42_324_DF_DCIS_ABORTISPONTR_15,IT1,1.0,Medically assisted procreation method - prov.,Metodo di procreazione medicalmente assistita - prov.,DCIS_ABORTISPONTR,1.0,2026-06-08T13:37:56.399Z,
42_324_DF_DCIS_ABORTISPONTR_16,IT1,1.0,Average number of weeks of amenorrhea - prov.,Numero medio settimane di amenorrea - prov.,DCIS_ABORTISPONTR,1.0,2026-06-08T13:37:56.399Z,
42_324_DF_DCIS_ABORTISPONTR_17,IT1,1.0,Mean age of women - prov.,Età media della donna - prov.,DCIS_ABORTISPONTR,1.0,2026-06-08T13:37:56.399Z,
42_324_DF_DCIS_ABORTISPONTR_2,IT1,1.0,"Age, marital status and educational level","Età, stato civile e titolo di studio",DCIS_ABORTISPONTR,1.0,2026-06-08T13:37:56.399Z,
42_324_DF_DCIS_ABORTISPONTR_3,IT1,1.0,Age and professional status,Età e condizione professionale,DCIS_ABORTISPONTR,1.0,2026-06-08T13:37:56.399Z,
42_324_DF_DCIS_ABORTISPONTR_4,IT1,1.0,"Age, reproductive history of the woman and number of the event","Età, storia riproduttiva della donna e numerosità dell'evento",DCIS_ABORTISPONTR,1.0,2026-06-08T13:37:56.399Z,
42_324_DF_DCIS_ABORTISPONTR_5,IT1,1.0,Average number of weeks of amenorrhea,Numero medio di settimane di amenorrea,DCIS_ABORTISPONTR,1.0,2026-06-08T13:37:56.399Z,
42_324_DF_DCIS_ABORTISPONTR_6,IT1,1.0,Miscarriage rates and miscarriage ratios,Tassi e rapporti,DCIS_ABORTISPONTR,1.0,2026-06-08T13:37:56.399Z,
42_324_DF_DCIS_ABORTISPONTR_7,IT1,1.0,"Standardized rates and ratios, total spontaneous abortion rate","Tassi e rapporti standardizzati, tasso di abortività spontanea totale",DCIS_ABORTISPONTR,1.0,2026-06-08T13:37:56.399Z,
42_324_DF_DCIS_ABORTISPONTR_8,IT1,1.0,Age - prov.,Età - prov.,DCIS_ABORTISPONTR,1.0,2026-06-08T13:37:56.399Z,
42_324_DF_DCIS_ABORTISPONTR_9,IT1,1.0,Weeks of amenorrhea - prov.,Settimane di amenorrea - prov.,DCIS_ABORTISPONTR,1.0,2026-06-08T13:37:56.399Z,
42_325,IT1,1.0,Spontaneous abortions - resignation from the place of the event,Aborti spontanei - dimissioni rispetto al luogo dell'evento,DCIS_ABORTISPONTL,1.0,2026-06-08T08:43:24.872Z,
42_325_DF_DCIS_ABORTISPONTL_1,IT1,1.0,Spontaneous abortions - resignation from the place of the event,Età e paese di cittadinanza della donna,DCIS_ABORTISPONTL,1.0,2026-06-08T08:43:24.872Z,
42_325_DF_DCIS_ABORTISPONTL_10,IT1,1.0,Country of citizenship of the woman - prov.,Paese di cittadinanza della donna - prov.,DCIS_ABORTISPONTL,1.0,2026-06-08T08:43:24.872Z,
42_325_DF_DCIS_ABORTISPONTL_11,IT1,1.0,Type of intervention - prov.,Tipo di intervento - prov.,DCIS_ABORTISPONTL,1.0,2026-06-08T08:43:24.872Z,
42_325_DF_DCIS_ABORTISPONTL_12,IT1,1.0,Antalgic therapy - prov.,Terapia antalgica - prov.,DCIS_ABORTISPONTL,1.0,2026-06-08T08:43:24.872Z,
42_325_DF_DCIS_ABORTISPONTL_13,IT1,1.0,Type of complication - prov.,Tipo di complicazione - prov.,DCIS_ABORTISPONTL,1.0,2026-06-08T08:43:24.872Z,
42_325_DF_DCIS_ABORTISPONTL_14,IT1,1.0,Use of medically assisted procreation techniques - prov.,Utilizzo di tecniche di procreazione medicalmente assistita - prov.,DCIS_ABORTISPONTL,1.0,2026-06-08T08:43:24.872Z,
42_325_DF_DCIS_ABORTISPONTL_15,IT1,1.0,Medically assisted procreation method - prov.,Metodo di procreazione medicalmente assistita - prov.,DCIS_ABORTISPONTL,1.0,2026-06-08T08:43:24.872Z,
42_325_DF_DCIS_ABORTISPONTL_16,IT1,1.0,Place of abortion - prov,Luogo di aborto - prov.,DCIS_ABORTISPONTL,1.0,2026-06-08T08:43:24.872Z,
42_325_DF_DCIS_ABORTISPONTL_2,IT1,1.0,Age of the woman and week of amenorrhea,Età della donna e settimana di amenorrea,DCIS_ABORTISPONTL,1.0,2026-06-08T08:43:24.872Z,
42_325_DF_DCIS_ABORTISPONTL_3,IT1,1.0,Age of women and use of medically assisted procreation techniques,Età della donna e utilizzo di tecniche di procreazione medicalmente assistita,DCIS_ABORTISPONTL,1.0,2026-06-08T08:43:24.872Z,
42_325_DF_DCIS_ABORTISPONTL_4,IT1,1.0,Age of the woman and method of medically assisted procreation,Età della donna e metodo di procreazione medicalmente assistita,DCIS_ABORTISPONTL,1.0,2026-06-08T08:43:24.872Z,
42_325_DF_DCIS_ABORTISPONTL_5,IT1,1.0,"Type of intervention, complication and week of amenorrhea","Tipo di intervento, di complicazione e settimana di amenorrea",DCIS_ABORTISPONTL,1.0,2026-06-08T08:43:24.872Z,
42_325_DF_DCIS_ABORTISPONTL_6,IT1,1.0,Average hospitalization by type of intervention and weeks of amenorrhea,Degenza media per tipo intervento e settimane di amenorrea,DCIS_ABORTISPONTL,1.0,2026-06-08T08:43:24.872Z,
42_325_DF_DCIS_ABORTISPONTL_7,IT1,1.0,Region of residence of the woman,Regione di residenza della donna,DCIS_ABORTISPONTL,1.0,2026-06-08T08:43:24.872Z,
42_325_DF_DCIS_ABORTISPONTL_8,IT1,1.0,Average hospitalization and type of complication,Degenza media e tipo di complicazione,DCIS_ABORTISPONTL,1.0,2026-06-08T08:43:24.872Z,
42_325_DF_DCIS_ABORTISPONTL_9,IT1,1.0,Age of women - prov.,Età della donna - prov.,DCIS_ABORTISPONTL,1.0,2026-06-08T08:43:24.872Z,
42_70,IT1,1.0,Voluntary interruptions of pregnancy - characteristics of the woman,Interruzioni volontarie della gravidanza - caratteristiche della donna,DCIS_IVG_CARATTDON,1.0,2026-02-16T10:25:41.993Z,
42_70_DF_DCIS_IVG_CARATTDON_1,IT1,1.0,"Age, marital status and reproductive history","Età, stato civile e storia riproduttiva",DCIS_IVG_CARATTDON,1.0,2026-02-16T10:25:41.993Z,
42_70_DF_DCIS_IVG_CARATTDON_10,IT1,1.0,Age - prov. of birth,Età - prov. di nascita,DCIS_IVG_CARATTDON,1.0,2026-02-16T10:25:41.993Z,
42_70_DF_DCIS_IVG_CARATTDON_11,IT1,1.0,Age - prov. of residence,Età - prov. di residenza,DCIS_IVG_CARATTDON,1.0,2026-02-16T10:25:41.993Z,
42_70_DF_DCIS_IVG_CARATTDON_12,IT1,1.0,Minors for assent - prov. of residence,Minorenni per assenso - prov. di residenza,DCIS_IVG_CARATTDON,1.0,2026-02-16T10:25:41.993Z,
42_70_DF_DCIS_IVG_CARATTDON_13,IT1,1.0,Age of women with foreign citizenship - prov. of residence,Età delle donne con cittadinanza straniera - prov. di residenza,DCIS_IVG_CARATTDON,1.0,2026-02-16T10:25:41.993Z,
42_70_DF_DCIS_IVG_CARATTDON_14,IT1,1.0,Country of citizenship - prov. of residence,Paese di cittadinanza - prov. di residenza,DCIS_IVG_CARATTDON,1.0,2026-02-16T10:25:41.993Z,
42_70_DF_DCIS_IVG_CARATTDON_15,IT1,1.0,Marital status - prov. of residence,Stato civile - prov. di residenza,DCIS_IVG_CARATTDON,1.0,2026-02-16T10:25:41.993Z,
42_70_DF_DCIS_IVG_CARATTDON_16,IT1,1.0,Education level- prov. of residence,Titolo di studio - prov. di residenza,DCIS_IVG_CARATTDON,1.0,2026-02-16T10:25:41.993Z,
42_70_DF_DCIS_IVG_CARATTDON_17,IT1,1.0,Professional condition - prov. of residence,Condizione professionale - prov. di residenza,DCIS_IVG_CARATTDON,1.0,2026-02-16T10:25:41.993Z,
42_70_DF_DCIS_IVG_CARATTDON_18,IT1,1.0,Reproductive history - prov. of residence,Storia riproduttiva - prov. di residenza,DCIS_IVG_CARATTDON,1.0,2026-02-16T10:25:41.993Z,
42_70_DF_DCIS_IVG_CARATTDON_2,IT1,1.0,Age and previous reproductive history,Dettaglio età e storia riproduttiva,DCIS_IVG_CARATTDON,1.0,2026-02-16T10:25:41.993Z,
42_70_DF_DCIS_IVG_CARATTDON_3,IT1,1.0,"Age, marital status and educational level","Età, stato civile e titolo di studio",DCIS_IVG_CARATTDON,1.0,2026-02-16T10:25:41.993Z,
42_70_DF_DCIS_IVG_CARATTDON_4,IT1,1.0,"Age, marital status and professional status","Età, stato civile e condizione proessionale",DCIS_IVG_CARATTDON,1.0,2026-02-16T10:25:41.993Z,
42_70_DF_DCIS_IVG_CARATTDON_5,IT1,1.0,Abortion rate (values per 1000 women) total and standardized,Tasso di abortività volontaria (per 1000 donne) totale e stadardizzato,DCIS_IVG_CARATTDON,1.0,2026-02-16T10:25:41.993Z,
42_70_DF_DCIS_IVG_CARATTDON_6,IT1,1.0,Voluntary abortion rate by age and marital status (per 1000 women),Tasso di abortività volontaria per età e stato civile (per 1000 donne),DCIS_IVG_CARATTDON,1.0,2026-02-16T10:25:41.993Z,
42_70_DF_DCIS_IVG_CARATTDON_7,IT1,1.0,Voluntary abortion rate of underage women (per 1000 women),Tasso di abortività volontaria delle donne minorenni (per 1000 donne),DCIS_IVG_CARATTDON,1.0,2026-02-16T10:25:41.993Z,
42_70_DF_DCIS_IVG_CARATTDON_8,IT1,1.0,Average age at voluntary interruption of pregnancy - prov. of residence,Età media all'interruzione volontaria di gravidanza - prov. di residenza,DCIS_IVG_CARATTDON,1.0,2026-02-16T10:25:41.993Z,
42_70_DF_DCIS_IVG_CARATTDON_9,IT1,1.0,Age - prov. of event,Età - prov. di evento,DCIS_IVG_CARATTDON,1.0,2026-02-16T10:25:41.993Z,
43_236,IT1,1.0,Primary care - broken time series,Strutture sanitarie per l'assistenza di base - serie interrotte,DCIS_ASSBASE,1.0,05/05/2023 10:39:44,
43_236_DF_DCIS_ASSBASE_1,IT1,1.0,Primary care - broken time series,Strutture sanitarie per l'assistenza di base - serie interrotte,DCIS_ASSBASE,1.0,05/05/2023 10:41:30,
43_237,IT1,1.0,Outpatient and residential facilities - broken time series,Strutture sanitarie distrettuali - serie interrotte,DCIS_STRSANDISTR,1.0,2024-02-05T15:36:33.789Z,
43_237_DF_DCIS_STRSANDISTR_1,IT1,1.0,Type of outpatient and residential facilities,Tipologia delle strutture sanitarie distrettuali,DCIS_STRSANDISTR,1.0,2024-02-05T15:36:33.789Z,
43_237_DF_DCIS_STRSANDISTR_2,IT1,1.0,Activities of outpatient and residential facilities,Attività delle strutture sanitarie distrettuali,DCIS_STRSANDISTR,1.0,2024-02-05T15:36:33.789Z,
43_283,IT1,1.0,Hospital discharges for mental disorders by place of residence,Dimissioni ospedaliere per disturbi psichici rispetto al luogo di residenza,DCIS_OSPDISTPSICHRES,1.0,2024-02-05T10:39:27.012Z,
43_283_DF_DCIS_OSPDISTPSICHRES_1,IT1,1.0,Sex and age,Sesso ed età,DCIS_OSPDISTPSICHRES,1.0,2024-02-05T10:39:27.012Z,
43_283_DF_DCIS_OSPDISTPSICHRES_2,IT1,1.0,Sex and marital status,Sesso e stato civile,DCIS_OSPDISTPSICHRES,1.0,2024-02-05T10:39:27.012Z,
43_283_DF_DCIS_OSPDISTPSICHRES_3,IT1,1.0,Clinical classification,Aggregati clinici,DCIS_OSPDISTPSICHRES,1.0,2024-02-05T10:39:27.012Z,
43_283_DF_DCIS_OSPDISTPSICHRES_4,IT1,1.0,Hospital discharges day care,Dimissioni per ricoveri in day hospital,DCIS_OSPDISTPSICHRES,1.0,2024-02-05T10:39:27.012Z,
43_283_DF_DCIS_OSPDISTPSICHRES_5,IT1,1.0,Average length of stay inpatient care,Degenza media in ricovero ordinario,DCIS_OSPDISTPSICHRES,1.0,2024-02-05T10:39:27.012Z,
43_283_DF_DCIS_OSPDISTPSICHRES_6,IT1,1.0,Patients admitted to a place other than that of residence - reg.,Pazienti ricoverati in luogo diverso da quello di residenza - reg.,DCIS_OSPDISTPSICHRES,1.0,2024-02-05T10:39:27.012Z,
43_283_DF_DCIS_OSPDISTPSICHRES_7,IT1,1.0,Patients admitted to a place other than that of residence - prov.,Pazienti ricoverati in luogo diverso da quello di residenza - prov.,DCIS_OSPDISTPSICHRES,1.0,2024-02-05T10:39:27.012Z,
43_284,IT1,1.0,Resignation for mental disorders compared to the place of discharge,Dimissioni per disturbi psichici rispetto al luogo di dimissione,DCIS_OSPDISTPSICHRIC,1.0,2024-02-05T10:52:09.593Z,
43_284_DF_DCIS_OSPDISTPSICHRIC_1,IT1,1.0,Hospitals,Istituti di cura,DCIS_OSPDISTPSICHRIC,1.0,2024-02-05T10:52:09.593Z,
43_284_DF_DCIS_OSPDISTPSICHRIC_2,IT1,1.0,Hospital discharges by type of institution,Dimissioni per tipo di istituto,DCIS_OSPDISTPSICHRIC,1.0,2024-02-05T10:52:09.593Z,
43_284_DF_DCIS_OSPDISTPSICHRIC_3,IT1,1.0,Discharges by inpatient care and type of admission,Dimissioni per regime e tipo di ricovero,DCIS_OSPDISTPSICHRIC,1.0,2024-02-05T10:52:09.593Z,
43_284_DF_DCIS_OSPDISTPSICHRIC_4,IT1,1.0,Resignation for clinical aggregate,Dimissioni per aggregato clinico,DCIS_OSPDISTPSICHRIC,1.0,2024-02-05T10:52:09.593Z,
43_284_DF_DCIS_OSPDISTPSICHRIC_5,IT1,1.0,Hospital discharges by type of department,Dimissioni per tipo di reparto,DCIS_OSPDISTPSICHRIC,1.0,2024-02-05T10:52:09.593Z,
43_284_DF_DCIS_OSPDISTPSICHRIC_6,IT1,1.0,Hospital discharges of patients with compulsory medical treatment,Dimissioni di pazienti in trattamento sanitaro obbligatorio (TSO),DCIS_OSPDISTPSICHRIC,1.0,2024-02-05T10:52:09.593Z,
43_284_DF_DCIS_OSPDISTPSICHRIC_7,IT1,1.0,Patients admitted to a place other than that of residence - reg.,Pazienti ricoverati in luogo diverso da quello di residenza - reg.,DCIS_OSPDISTPSICHRIC,1.0,2024-02-05T10:52:09.593Z,
43_284_DF_DCIS_OSPDISTPSICHRIC_8,IT1,1.0,Patients admitted to a place other than that of residence - prov.,Pazienti ricoverati in luogo diverso da quello di residenza - prov.,DCIS_OSPDISTPSICHRIC,1.0,2024-02-05T10:52:09.593Z,
43_339,IT1,1.0,Hospitalizations for acute care by citizenship,Dimissioni per acuti e per cittadinanza del paziente,DCIS_OSPSTRA,1.0,2026-07-20T08:19:06.358Z,
43_339_DF_DCIS_OSPSTRA_1,IT1,1.0,"Sex,age and patient's citizenship","Sesso, età e cittadinanza del paziente",DCIS_OSPSTRA,1.0,2026-07-13T13:32:03.132Z,
43_339_DF_DCIS_OSPSTRA_2,IT1,1.0,Main diagnosis,Diagnosi principale,DCIS_OSPSTRA,1.0,2026-07-20T08:19:06.358Z,
43_339_DF_DCIS_OSPSTRA_3,IT1,1.0,Province of discharge,Provincia di dimissione,DCIS_OSPSTRA,1.0,2026-07-13T13:32:03.132Z,
43_495,IT1,1.0,Hospitals - broken time series,Istituti di cura - serie interrotte,DCIS_OSPEDSSN,1.0,05/05/2023 13:35:45,
43_495_DF_DCIS_OSPEDSSN_1,IT1,1.0,National health service hospitals resources and activities,Struttura e attività degli istituti di cura del SSN,DCIS_OSPEDSSN,1.0,05/09/2023 07:10:31,
43_495_DF_DCIS_OSPEDSSN_2,IT1,1.0,National health service hospitals wards resources and activities,Struttura e attività degli istituti di cura del SSN per area di specializzazione,DCIS_OSPEDSSN,1.0,05/09/2023 07:16:59,
43_495_DF_DCIS_OSPEDSSN_3,IT1,1.0,Medical technology in National health service hospitals,Apparecchiature biomedicali negli istituti di cura del SSN,DCIS_OSPEDSSN,1.0,05/09/2023 07:29:46,
43_495_DF_DCIS_OSPEDSSN_4,IT1,1.0,Personnel in National health service hospitals,Personale degli istituti di cura del SSN,DCIS_OSPEDSSN,1.0,05/09/2023 07:26:39,
43_967,IT1,1.0,Hospitals,Istituti di cura,DCIS_OSPED,1.0,2023-09-28T08:09:39.204Z,
43_967_DF_DCIS_OSPED_1,IT1,1.0,Public and private hospitals and their activities,Istituti pubblici e privati e loro attività,DCIS_OSPED,1.0,2023-09-28T08:09:39.204Z,
43_967_DF_DCIS_OSPED_2,IT1,1.0,Hospital beds and activities by clinical specialty,Posti letto e attività per specializzazione clinica,DCIS_OSPED,1.0,2023-09-28T08:09:39.204Z,
43_973,IT1,1.0,Personnel of health services,Personale sanitario,DCIS_PERS_SANIT,1.0,2024-03-26T09:39:25.726Z,
43_973_DF_DCIS_PERS_SANIT_1,IT1,1.0,Personnel of health services,Personale sanitario,DCIS_PERS_SANIT,1.0,2024-03-26T09:39:25.726Z,
43_98,IT1,1.0,Doctor consultations and diagnostic tests,Visite mediche ed accertamenti diagnostici,DCIS_RSERVSAN,1.0,05/09/2023 07:49:16,
43_98_DF_DCIS_RSERVSAN_1,IT1,1.0,Doctor consultations,Visite mediche,DCIS_RSERVSAN,1.0,05/09/2023 07:46:43,
43_98_DF_DCIS_RSERVSAN_2,IT1,1.0,Doctor consultations - std and regional values,Visite mediche - valori standardizzati e regionali,DCIS_RSERVSAN,1.0,05/09/2023 09:06:48,
43_98_DF_DCIS_RSERVSAN_3,IT1,1.0,Diagnostic tests,Accertamenti diagnostici,DCIS_RSERVSAN,1.0,05/09/2023 09:18:20,
43_98_DF_DCIS_RSERVSAN_4,IT1,1.0,Diagnostic tests - std and regional values,Accertamenti diagnostici - valori standardizzati e regionali,DCIS_RSERVSAN,1.0,05/09/2023 09:22:40,
43_994,IT1,1.0,Hospitals - municipalities,Istituti di cura  - comuni,DCIS_OSPED_COM,1.0,2026-08-07T08:04:35.018Z,METADATA_URL
43_994_DF_DCIS_OSPED_COM_1,IT1,1.0,Public and private hospitals,Istituti pubblici e privati,DCIS_OSPED_COM,1.0,08/07/2026 09:29:00,
43_994_DF_DCIS_OSPED_COM_2,IT1,1.0,Hospital beds by clinical specialty,Posti letto per specializzazione clinica,DCIS_OSPED_COM,1.0,08/07/2026 09:42:43,
46_812,IT1,1.0,Pensioners,Pensionati,DCAR_PENSIONATI2,1.0,2024-05-07T13:18:50.657Z,METADATA_URL
46_812_DF_DCAR_PENSIONATI2_1,IT1,1.0,Data summary,Principali dati,DCAR_PENSIONATI2,1.0,05/07/2024 13:18:50,
46_812_DF_DCAR_PENSIONATI2_2,IT1,1.0,Monthly amount class,Importo mensile - prov.,DCAR_PENSIONATI2,1.0,05/07/2024 13:18:50,
46_812_DF_DCAR_PENSIONATI2_3,IT1,1.0,Age class - prov.,Età - prov.,DCAR_PENSIONATI2,1.0,05/07/2024 13:18:50,
46_812_DF_DCAR_PENSIONATI2_4,IT1,1.0,Indicators - reg.,Indicatori - reg.,DCAR_PENSIONATI2,1.0,05/07/2024 13:18:50,
46_813,IT1,1.0,Pensions,Pensioni,DCAR_PENSIONI2,1.0,2024-06-19T08:11:29.003Z,METADATA_URL
46_813_DF_DCAR_PENSIONI2_1,IT1,1.0,Data summary,Principali dati,DCAR_PENSIONI2,1.0,06/19/2024 08:11:29,
46_813_DF_DCAR_PENSIONI2_2,IT1,1.0,Montly amount class - prov.,Importo mensile - prov.,DCAR_PENSIONI2,1.0,2025-02-12T10:22:18.203Z,
46_813_DF_DCAR_PENSIONI2_3,IT1,1.0,Age class - prov.,Età del beneficiario - prov.,DCAR_PENSIONI2,1.0,06/19/2024 08:11:29,
46_813_DF_DCAR_PENSIONI2_4,IT1,1.0,"Osd and compensatory - Monthly amount class, sector and ex professional status- prov.","Ivs e indennitarie - importo, settore e ex professione - prov.",DCAR_PENSIONI2,1.0,06/19/2024 08:11:29,
46_813_DF_DCAR_PENSIONI2_5,IT1,1.0,"Osd and compensatory - age class, sector and ex professional status - prov.","Ivs e indennitarie - età, settore e ex professione - prov.",DCAR_PENSIONI2,1.0,06/19/2024 08:11:29,
46_813_DF_DCAR_PENSIONI2_6,IT1,1.0,Indicators - reg.,Indicatori - reg.,DCAR_PENSIONI2,1.0,06/18/2024 16:09:43,
47_1219,IT1,1.0,Social services and benefits of regions and provinces,Interventi e servizi sociali di regioni e province,DCIS_SPESESERSOC1_RP,1.0,2026-06-18T17:56:18.498Z,
47_1219_DF_DCIS_SPESESERSOC1_RP_1,IT1,1.0,Users and expenditure - regions,Utenti e spesa - reg.,DCIS_SPESESERSOC1_RP,1.0,2026-06-18T17:56:18.498Z,
47_1219_DF_DCIS_SPESESERSOC1_RP_2,IT1,1.0,Expenditure by kind of provider - regions,Spesa per ente gestore - reg.,DCIS_SPESESERSOC1_RP,1.0,2026-06-18T17:56:18.498Z,
47_850,IT1,1.0,Socio-educational  services for infancy day-care,Servizi  socio-educativi per la prima infanzia,DCIS_SERVSOCEDU1,1.0,2026-07-06T07:49:59.970Z,METADATA_URL
47_850_DF_DCIS_SERVSOCEDU1_1,IT1,1.0,Indicators - prov.,Indicatori - prov.,DCIS_SERVSOCEDU1,1.0,2026-07-06T07:49:59.970Z,
47_850_DF_DCIS_SERVSOCEDU1_2,IT1,1.0,Services provided by municipalities - reg.,Servizi offerti dai comuni - reg.,DCIS_SERVSOCEDU1,1.0,2026-07-06T07:49:59.970Z,METADATA_URL
47_850_DF_DCIS_SERVSOCEDU1_3,IT1,1.0,Services provided by municipalities - prov. and municipalities,Servizi offerti dai comuni - prov. e com.,DCIS_SERVSOCEDU1,1.0,2026-07-06T07:49:59.970Z,
47_850_DF_DCIS_SERVSOCEDU1_4,IT1,1.0,Services provided by municipalities - ambiti territoriali sociali (Ats),Servizi offerti dai comuni - ambiti territoriali sociali (Ats),DCIS_SERVSOCEDU1,1.0,2026-07-06T07:49:59.970Z,
47_850_DF_DCIS_SERVSOCEDU1_5,IT1,1.0,Territorial services- reg.,Servizi sul territorio - reg.,DCIS_SERVSOCEDU1,1.0,2026-07-06T07:49:59.970Z,METADATA_URL
47_850_DF_DCIS_SERVSOCEDU1_6,IT1,1.0,Territorial services - prov. and municipalities,Servizi sul territorio - prov. e com.,DCIS_SERVSOCEDU1,1.0,2026-07-06T07:49:59.970Z,
47_850_DF_DCIS_SERVSOCEDU1_7,IT1,1.0,Territorial services - ambiti territoriali sociali (Ats),Servizi sul territorio - ambiti territoriali sociali (Ats),DCIS_SERVSOCEDU1,1.0,2026-07-06T07:49:59.970Z,METADATA_URL
47_940,IT1,1.0,Social services and benefits of municipalities,Interventi e servizi sociali dei comuni,DCIS_SPESESERSOC1,1.0,2026-06-23T14:31:24.076Z,METADATA_URL
47_940_DF_DCIS_SPESESERSOC1_1,IT1,1.0,Indicators - prov.,Indicatori - prov.,DCIS_SPESESERSOC1,1.0,2026-06-23T14:31:24.076Z,
47_940_DF_DCIS_SPESESERSOC1_2,IT1,1.0,Expenditure for type of provider - reg.,Spesa per ente gestore - reg.,DCIS_SPESESERSOC1,1.0,2026-06-23T14:31:24.076Z,METADATA_URL
47_940_DF_DCIS_SPESESERSOC1_3,IT1,1.0,Users and expenditure - reg.,Utenti e spesa - reg.,DCIS_SPESESERSOC1,1.0,2026-06-23T14:31:24.076Z,METADATA_URL
47_940_DF_DCIS_SPESESERSOC1_4,IT1,1.0,Users and expenditure - prov. and municipalities,Utenti e spesa - prov. e com.,DCIS_SPESESERSOC1,1.0,2026-06-23T14:31:24.076Z,
47_940_DF_DCIS_SPESESERSOC1_5,IT1,1.0,Users and expenditures - Ambiti Territoriali Sociali (Ats),Utenti e spesa - Ambiti territoriali sociali (Ats),DCIS_SPESESERSOC1,1.0,2026-06-23T14:31:24.076Z,
498_1104,IT1,1.0,People at risk of poverty or social exclusion,Persone a rischio povertà o esclusione sociale,DCCV_RISKPOV,1.0,2026-04-21T12:05:10.318Z,METADATA_URL
498_1104_DF_DCCV_RISKPOV_1,IT1,1.0,Household number of components,Ampiezza della famiglia,DCCV_RISKPOV,1.0,2026-04-21T12:05:10.318Z,METADATA_URL
498_1104_DF_DCCV_RISKPOV_10,IT1,1.0,Household type,Tipologia familiare,DCCV_RISKPOV,1.0,2026-04-21T12:05:10.318Z,
498_1104_DF_DCCV_RISKPOV_11,IT1,1.0,Main source of income,Fonte principale di reddito della famiglia,DCCV_RISKPOV,1.0,2026-04-21T12:05:10.318Z,
498_1104_DF_DCCV_RISKPOV_12,IT1,1.0,Children under 18 and elderly over 65 in family,Minori e anziani in famiglia,DCCV_RISKPOV,1.0,2026-04-21T12:05:10.318Z,
498_1104_DF_DCCV_RISKPOV_13,IT1,1.0,Sex and age of main income earner,Sesso ed età del principale percettore,DCCV_RISKPOV,1.0,2026-04-21T12:05:10.318Z,
498_1104_DF_DCCV_RISKPOV_14,IT1,1.0,Educational level and professional status of main income earner,Titolo di studio e condizione professionale del principale percettore,DCCV_RISKPOV,1.0,2026-04-21T12:05:10.318Z,
498_1104_DF_DCCV_RISKPOV_15,IT1,1.0,Citizenship of the main earner,Cittadinanza del principale percettore,DCCV_RISKPOV,1.0,2026-04-21T12:05:10.318Z,
498_1104_DF_DCCV_RISKPOV_16,IT1,1.0,Geographical area and type of municipality,Ripartizioni e tipo di comune,DCCV_RISKPOV,1.0,2026-04-21T12:05:10.318Z,
498_1104_DF_DCCV_RISKPOV_2,IT1,1.0,Household type,Tipologia familiare,DCCV_RISKPOV,1.0,2026-04-21T12:05:10.318Z,METADATA_URL
498_1104_DF_DCCV_RISKPOV_3,IT1,1.0,Main source of income,Fonte principale di reddito della famiglia,DCCV_RISKPOV,1.0,2026-04-21T12:05:10.318Z,METADATA_URL
498_1104_DF_DCCV_RISKPOV_4,IT1,1.0,Children under 18 and elderly over 65 in family,Minori e anziani in famiglia,DCCV_RISKPOV,1.0,2026-04-21T12:05:10.318Z,METADATA_URL
498_1104_DF_DCCV_RISKPOV_5,IT1,1.0,Sex and age of main income earner,Sesso ed età del principale percettore,DCCV_RISKPOV,1.0,2026-04-21T12:05:10.318Z,METADATA_URL
498_1104_DF_DCCV_RISKPOV_6,IT1,1.0,Educational level and professional status of main income earner,Titolo di studio e condizione professionale del principale percettore,DCCV_RISKPOV,1.0,2026-04-21T12:05:10.318Z,METADATA_URL
498_1104_DF_DCCV_RISKPOV_7,IT1,1.0,Citizenship of the main earner,Cittadinanza del principale percettore,DCCV_RISKPOV,1.0,2026-04-21T12:05:10.318Z,METADATA_URL
498_1104_DF_DCCV_RISKPOV_8,IT1,1.0,Geographical area and type of municipality,Ripartizioni e tipo di comune,DCCV_RISKPOV,1.0,2026-04-21T12:05:10.318Z,METADATA_URL
498_1104_DF_DCCV_RISKPOV_9,IT1,1.0,Household number of components,Ampiezza della famiglia,DCCV_RISKPOV,1.0,2026-04-21T12:05:10.318Z,
49_23,IT1,1.0,Residential care facilities (broken time series),Presidi residenziali socio-assistenziali (serie interrotte),DCIS_POSTILETTOPRESIDI,1.0,2022-10-14T09:40:45.217Z,METADATA_URL
49_23_DF_DCIS_POSTILETTOPRESIDI_1,IT1,1.0,Residential care facilities (broken time series),Presidi residenziali socio-assistenziali (serie interrotte),DCIS_POSTILETTOPRESIDI,1.0,10/04/2022 10:17:04,METADATA_URL
49_37,IT1,1.0,Residential social and health care facilities,Presidi residenziali socio-assistenziali e socio-sanitari,DCIS_PRESIDI1,1.0,2026-05-13T13:59:54.416Z,METADATA_URL
49_37_DF_DCIS_PRESIDI1_1,IT1,1.0,Residencial facilities - reg.,Strutture - reg.,DCIS_PRESIDI1,1.0,2026-05-13T13:59:54.416Z,METADATA_URL
49_37_DF_DCIS_PRESIDI1_10,IT1,1.0,Beds by type of administrator - reg.,Posti letto per tipo di gestore - reg.,DCIS_PRESIDI1,1.0,2026-05-13T13:59:54.416Z,METADATA_URL
49_37_DF_DCIS_PRESIDI1_11,IT1,1.0,Staff - reg.,Personale - reg.,DCIS_PRESIDI1,1.0,2026-05-13T13:59:54.416Z,METADATA_URL
49_37_DF_DCIS_PRESIDI1_2,IT1,1.0,Beds by target users and type of residential care centre,Posti letto per tipo di utenza e tipo di residenzialità,DCIS_PRESIDI1,1.0,2026-05-13T13:59:54.416Z,METADATA_URL
49_37_DF_DCIS_PRESIDI1_3,IT1,1.0,Beds by target users and function of social protection,Posti letto per tipo di utenza e funzione di protezione sociale,DCIS_PRESIDI1,1.0,2026-05-13T13:59:54.416Z,METADATA_URL
49_37_DF_DCIS_PRESIDI1_4,IT1,1.0,Beds by target of users and level of health care,Posti letto per tipo di utenza e livello di assistenza sanitaria,DCIS_PRESIDI1,1.0,2026-05-13T13:59:54.416Z,METADATA_URL
49_37_DF_DCIS_PRESIDI1_5,IT1,1.0,Beds by target users - reg.,Posti letto per tipo di utenza - reg.,DCIS_PRESIDI1,1.0,2026-05-13T13:59:54.416Z,METADATA_URL
49_37_DF_DCIS_PRESIDI1_6,IT1,1.0,Beds by type of residential care centre - reg.,Posti letto per tipo di residenzialità - reg.,DCIS_PRESIDI1,1.0,2026-05-13T13:59:54.416Z,METADATA_URL
49_37_DF_DCIS_PRESIDI1_7,IT1,1.0,Beds by function of social protection - reg.,Posti letto per funzione di protezione sociale - reg.,DCIS_PRESIDI1,1.0,2026-05-13T13:59:54.416Z,METADATA_URL
49_37_DF_DCIS_PRESIDI1_8,IT1,1.0,Beds by level of health care - reg.,Posti letto per livello di assistenza sanitaria - reg.,DCIS_PRESIDI1,1.0,2026-05-13T13:59:54.416Z,METADATA_URL
49_37_DF_DCIS_PRESIDI1_9,IT1,1.0,Beds by legal status of the holder and public funding - reg.,Posti letto per natura giuridica del titolare e finanziamenti pubblici - reg.,DCIS_PRESIDI1,1.0,2026-05-13T13:59:54.416Z,METADATA_URL
49_62,IT1,1.0,Guests of social and health care residential facilities,Ospiti dei presidi residenziali socio-assistenziali e socio-sanitari,DCIS_OSPITIPRESIDI1,1.0,2026-05-13T13:54:23.570Z,METADATA_URL
49_62_DF_DCIS_OSPITIPRESIDI1_1,IT1,1.0,Guests of social and health care residential facilities - Key data,Ospiti dei presidi residenziali socio-assistenziali e socio-sanitari - Principali dati,DCIS_OSPITIPRESIDI1,1.0,2026-05-13T13:54:23.570Z,METADATA_URL
49_62_DF_DCIS_OSPITIPRESIDI1_10,IT1,1.0,Minor guests discharged by destination - geographical areas,Minori dimessi per tipo di destinazione - rip.,DCIS_OSPITIPRESIDI1,1.0,2026-05-13T13:54:23.570Z,METADATA_URL
49_62_DF_DCIS_OSPITIPRESIDI1_11,IT1,1.0,Adult guests by age class - reg.,Adulti per età - reg.,DCIS_OSPITIPRESIDI1,1.0,2026-05-13T13:54:23.570Z,METADATA_URL
49_62_DF_DCIS_OSPITIPRESIDI1_12,IT1,1.0,Adult guests by gender and type of need - reg.,Adulti per genere e tipo di disagio - reg.,DCIS_OSPITIPRESIDI1,1.0,2026-05-13T13:54:23.570Z,METADATA_URL
49_62_DF_DCIS_OSPITIPRESIDI1_13,IT1,1.0,Adult guests by type of residential care - reg.,Adulti per carattere di residenzialità - reg.,DCIS_OSPITIPRESIDI1,1.0,2026-05-13T13:54:23.570Z,METADATA_URL
49_62_DF_DCIS_OSPITIPRESIDI1_14,IT1,1.0,Adult guests by function of social protection - reg.,Adulti per funzione della protezione sociale - reg.,DCIS_OSPITIPRESIDI1,1.0,2026-05-13T13:54:23.570Z,METADATA_URL
49_62_DF_DCIS_OSPITIPRESIDI1_15,IT1,1.0,Adult guests by level of health care - reg.,Adulti per livello di assistenza sanitaria - reg.,DCIS_OSPITIPRESIDI1,1.0,2026-05-13T13:54:23.570Z,METADATA_URL
49_62_DF_DCIS_OSPITIPRESIDI1_16,IT1,1.0,Elderly guests by age class and type of need - reg.,Anziani per età e tipo di disagio - reg.,DCIS_OSPITIPRESIDI1,1.0,2026-05-13T13:54:23.570Z,METADATA_URL
49_62_DF_DCIS_OSPITIPRESIDI1_17,IT1,1.0,Elderly guests by type of residential care centre - reg.,Anziani per tipo di residenzialità - reg.,DCIS_OSPITIPRESIDI1,1.0,2026-05-13T13:54:23.570Z,METADATA_URL
49_62_DF_DCIS_OSPITIPRESIDI1_18,IT1,1.0,Elderly guests by gender and function of social protection - reg.,Anziani per genere e funzione della protezione sociale - reg.,DCIS_OSPITIPRESIDI1,1.0,2026-05-13T13:54:23.570Z,METADATA_URL
49_62_DF_DCIS_OSPITIPRESIDI1_19,IT1,1.0,Elderly guests by gender and level of health care - reg.,Anziani per genere e livello di assistenza sanitaria - reg.,DCIS_OSPITIPRESIDI1,1.0,2026-05-13T13:54:23.570Z,METADATA_URL
49_62_DF_DCIS_OSPITIPRESIDI1_2,IT1,1.0,Minor guests by age class - geographical areas,Minori per età - rip.,DCIS_OSPITIPRESIDI1,1.0,2026-05-13T13:54:23.570Z,METADATA_URL
49_62_DF_DCIS_OSPITIPRESIDI1_20,IT1,1.0,Foreign guests by gender - reg.,Stranieri per genere - reg.,DCIS_OSPITIPRESIDI1,1.0,2026-05-13T13:54:23.570Z,METADATA_URL
49_62_DF_DCIS_OSPITIPRESIDI1_21,IT1,1.0,Foreign minor guests by gender - reg.,Stranieri minori per genere - reg.,DCIS_OSPITIPRESIDI1,1.0,2026-05-13T13:54:23.570Z,METADATA_URL
49_62_DF_DCIS_OSPITIPRESIDI1_22,IT1,1.0,Foreign minor guests by type of need - geographical areas,Stranieri minori per tipo di disagio - rip.,DCIS_OSPITIPRESIDI1,1.0,2026-05-13T13:54:23.570Z,METADATA_URL
49_62_DF_DCIS_OSPITIPRESIDI1_23,IT1,1.0,Foreign minor guests by reason for admission - geographical areas,Stranieri minori per motivo ingresso - rip.,DCIS_OSPITIPRESIDI1,1.0,2026-05-13T13:54:23.570Z,METADATA_URL
49_62_DF_DCIS_OSPITIPRESIDI1_24,IT1,1.0,Foreign adult guests by gender and type of need - reg.,Stranieri adulti per genere e tipo di disagio - reg.,DCIS_OSPITIPRESIDI1,1.0,2026-05-13T13:54:23.570Z,METADATA_URL
49_62_DF_DCIS_OSPITIPRESIDI1_25,IT1,1.0,Foreign elderly guests by gender and type of need - reg.,Stranieri anziani per genere e tipo di disagio - reg.,DCIS_OSPITIPRESIDI1,1.0,2026-05-13T13:54:23.570Z,METADATA_URL
49_62_DF_DCIS_OSPITIPRESIDI1_26,IT1,1.0,Minor guests by origin - geographical areas,Minori per provenienza - rip.,DCIS_OSPITIPRESIDI1,1.0,2026-05-13T13:54:23.570Z,METADATA_URL
49_62_DF_DCIS_OSPITIPRESIDI1_27,IT1,1.0,Foreign minor guests by origin for minor guests - geographical areas,Stranieri minori per provenienza - rip.,DCIS_OSPITIPRESIDI1,1.0,2026-05-13T13:54:23.570Z,METADATA_URL
49_62_DF_DCIS_OSPITIPRESIDI1_3,IT1,1.0,Minor guests by gender - reg.,Minori per genere - reg.,DCIS_OSPITIPRESIDI1,1.0,2026-05-13T13:54:23.570Z,METADATA_URL
49_62_DF_DCIS_OSPITIPRESIDI1_4,IT1,1.0,Minor guests by type of need - geographical areas,Minori per tipo di disagio - rip.,DCIS_OSPITIPRESIDI1,1.0,2026-05-13T13:54:23.570Z,METADATA_URL
49_62_DF_DCIS_OSPITIPRESIDI1_5,IT1,1.0,Minor guests by type of residential care centre - geographical areas,Minori per tipo di residenzialità - rip.,DCIS_OSPITIPRESIDI1,1.0,2026-05-13T13:54:23.570Z,METADATA_URL
49_62_DF_DCIS_OSPITIPRESIDI1_6,IT1,1.0,Minor guests by function of social protection - geographical areas,Minori per funzione della protezione sociale - rip.,DCIS_OSPITIPRESIDI1,1.0,2026-05-13T13:54:23.570Z,METADATA_URL
49_62_DF_DCIS_OSPITIPRESIDI1_7,IT1,1.0,Minor guests by level of health care - geographical areas,Minori per livello di assistenza sanitaria - rip.,DCIS_OSPITIPRESIDI1,1.0,2026-05-13T13:54:23.570Z,METADATA_URL
49_62_DF_DCIS_OSPITIPRESIDI1_8,IT1,1.0,Minor guests by reason for admission - geographical areas,Minori per motivo di ingresso - rip.,DCIS_OSPITIPRESIDI1,1.0,2026-05-13T13:54:23.570Z,METADATA_URL
49_62_DF_DCIS_OSPITIPRESIDI1_9,IT1,1.0,Minor guests by adoptability status - geographical areas,Minori per condizione di adottabilità - rip.,DCIS_OSPITIPRESIDI1,1.0,2026-05-13T13:54:23.570Z,METADATA_URL
4_1063,IT1,1.0,Sequence of accounts and stock of non-financial assets by institutional sector - editions from October 2019 to April 2024,Sequenza dei conti per settore istituzionale e stock di attività non finanziarie - edizioni ottobre 2019 - aprile 2024,DCCN_ISTITUZ_ANA1_B19,1.0,2024-07-29T09:57:34.553Z,
4_1063_DF_DCCN_ISTITUZ_ANA1_B19_1,IT1,1.0,Sequence of accounts - editions from October 2019 to April 2024,Sequenza dei conti - edizioni ottobre 2019 - aprile 2024,DCCN_ISTITUZ_ANA1_B19,1.0,2024-07-26T19:47:18.471Z,
4_1063_DF_DCCN_ISTITUZ_ANA1_B19_2,IT1,1.0,Key indicators on households as consumers and non-financial corporations  - editions from October 2019 to April 2024,Indicatori su famiglie consumatrici e società non finanziarie - edizioni ottobre 2019 - aprile 2024,DCCN_ISTITUZ_ANA1_B19,1.0,2024-07-26T19:47:18.471Z,
4_1063_DF_DCCN_ISTITUZ_ANA1_B19_3,IT1,1.0,Value added and compensation of employees breakdown by industry  - editions from October 2019 to April 2024,Valore aggiunto e redditi da lavoro dipendente per branca di attività economica - edizioni ottobre 2019 - aprile 2024,DCCN_ISTITUZ_ANA1_B19,1.0,2024-07-26T19:47:18.471Z,
4_1063_DF_DCCN_ISTITUZ_ANA1_B19_4,IT1,1.0,Gross fixed capital formation by asset  - editions from October 2019 to April 2024,Investimenti fissi lordi per tipo di investimento - edizioni ottobre 2019 - aprile 2024,DCCN_ISTITUZ_ANA1_B19,1.0,2024-07-26T19:47:18.471Z,
4_1063_DF_DCCN_ISTITUZ_ANA1_B19_5,IT1,1.0,Stock of non-financial assets  - editions from July 2021 to January 2024,Stock di attività non finanziarie  - edizioni luglio 2021 - gennaio 2024,DCCN_ISTITUZ_ANA1_B19,1.0,2024-07-26T19:47:18.471Z,
4_805,IT1,1.0,Employment breakdown by industry - editions from October 2019 to April 2024,Occupazione per branca di attività - edizioni ottobre 2019 - aprile 2024,DCCN_OCCSISEC2010_B19,1.0,2024-07-29T13:52:06.817Z,
4_805_DF_DCCN_OCCSISEC2010_B19_1,IT1,1.0,Employment breakdown by industry - editions from October 2019 to April 2024,Occupazione per branca di attività - edizioni ottobre 2019 - aprile 2024,DCCN_OCCSISEC2010_B19,1.0,07/19/2024 14:12:30,
4_805_DF_DCCN_OCCSISEC2010_B19_2,IT1,1.0,Employment by subsector - editions from October 2019 to April 2024,Occupazione per sottosettore -  edizioni ottobre 2019 - aprile 2024,DCCN_OCCSISEC2010_B19,1.0,07/26/2024 13:13:58,
52_1044,IT1,1.0,Schools,Scuole,DCIS_SCUOLE,1.0,2026-03-12T10:25:13.247Z,
52_1044_DF_DCIS_SCUOLE_1,IT1,1.0,Schools - Key data,Scuole - Principali dati,DCIS_SCUOLE,1.0,2026-03-12T10:25:13.247Z,
52_1044_DF_DCIS_SCUOLE_10,IT1,1.0,Lower secondary school - educational indicators,Secondaria I grado - indicatori scolastici,DCIS_SCUOLE,1.0,2026-03-12T10:15:14.122Z,
52_1044_DF_DCIS_SCUOLE_11,IT1,1.0,"Upper secondary school - schools, classes, students","Secondaria II grado - scuole, classi e studenti",DCIS_SCUOLE,1.0,2026-03-12T10:25:13.247Z,
52_1044_DF_DCIS_SCUOLE_12,IT1,1.0,Upper secondary school - state schools' teachers,Secondaria II grado - insegnanti delle scuole statali,DCIS_SCUOLE,1.0,2026-03-12T10:25:13.247Z,
52_1044_DF_DCIS_SCUOLE_13,IT1,1.0,Upper secondary school - educational indicators,Secondaria II grado - indicatori scolastici,DCIS_SCUOLE,1.0,2026-03-12T10:25:13.247Z,
52_1044_DF_DCIS_SCUOLE_14,IT1,1.0,Upper secondary school - graduates,Secondaria II grado - diplomati,DCIS_SCUOLE,1.0,2026-03-12T10:25:13.247Z,
52_1044_DF_DCIS_SCUOLE_15,IT1,1.0,Upper secondary school - repeaters per school year level,Secondaria II grado - ripetenti per anno di corso,DCIS_SCUOLE,1.0,2026-03-12T10:25:13.247Z,
52_1044_DF_DCIS_SCUOLE_2,IT1,1.0,"Pre-primary - schools, classes, children","Infanzia - scuole, classi, bambini",DCIS_SCUOLE,1.0,2026-03-12T10:09:53.839Z,
52_1044_DF_DCIS_SCUOLE_3,IT1,1.0,Pre-primary - state schools' teachers,Infanzia - insegnanti delle scuole statali,DCIS_SCUOLE,1.0,2026-03-12T10:09:53.839Z,
52_1044_DF_DCIS_SCUOLE_4,IT1,1.0,Pre-primary - educational indicators,Infanzia - indicatori scolastici,DCIS_SCUOLE,1.0,2026-03-12T10:09:53.839Z,
52_1044_DF_DCIS_SCUOLE_5,IT1,1.0,"Primary school - schools, classes, students","Primaria - scuole, classi e alunni",DCIS_SCUOLE,1.0,2026-03-12T10:12:26.572Z,
52_1044_DF_DCIS_SCUOLE_6,IT1,1.0,Primary school - state schools' teachers,Primaria - insegnanti delle scuole statali,DCIS_SCUOLE,1.0,2026-03-12T10:12:26.572Z,
52_1044_DF_DCIS_SCUOLE_7,IT1,1.0,Primary school - educational indicators,Primaria - indicatori scolastici,DCIS_SCUOLE,1.0,2026-03-12T10:12:26.572Z,
52_1044_DF_DCIS_SCUOLE_8,IT1,1.0,"Lower secondary school - schools, classes, students","Secondaria I grado - scuole, classi e alunni",DCIS_SCUOLE,1.0,2026-03-12T10:15:14.122Z,
52_1044_DF_DCIS_SCUOLE_9,IT1,1.0,Lower secondary school - state schools' teachers,Secondaria I grado - insegnanti delle scuole statali,DCIS_SCUOLE,1.0,2026-03-12T10:15:14.122Z,
52_1194,IT1,1.0,Population 15 years and over by highest level of education - previous regulation (until 2020),Popolazione 15 anni e oltre per titolo di studio - regolamento precedente (fino al 2020),DCCV_POPTIT1_UNT2020,1.0,2023-04-17T08:17:03.711Z,
52_1194_DF_DCCV_POPTIT1_UNT2020_1,IT1,1.0,Population by highest level of education attained and age class,Popolazione per titolo di studio e età,DCCV_POPTIT1_UNT2020,1.0,03/22/2023 18:09:53,
52_1194_DF_DCCV_POPTIT1_UNT2020_2,IT1,1.0,Population by highest level of education and regions,Popolazione per titolo di studio e regioni,DCCV_POPTIT1_UNT2020,1.0,03/22/2023 18:15:50,
52_1194_DF_DCCV_POPTIT1_UNT2020_3,IT1,1.0,Population by highest level of education - national and non national,Popolazione per titolo di studio - italiani e stranieri,DCCV_POPTIT1_UNT2020,1.0,03/22/2023 18:21:09,
52_1203,IT1,1.0,Early leavers from education and training - aged 18 to 24 - previous regulation (until 2020),Giovani dai 18 ai 24 anni d'età che abbandonano prematuramente gli studi - regolamento precedente (fino al 2020),DCCV_ESL_UNT2020,1.0,2023-04-17T08:23:12.501Z,
52_1203_DF_DCCV_ESL_UNT2020_1,IT1,1.0,Early leavers from education and training - aged 18 to 24 - previous regulation (until 2020) - Key data,Giovani dai 18 ai 24 anni d'età che abbandonano prematuramente gli studi - regolamento precedente (fino al 2020) - Principali dati,DCCV_ESL_UNT2020,1.0,2025-07-07T08:59:08.670Z,
52_1203_DF_DCCV_ESL_UNT2020_2,IT1,1.0,Labour status,Condizione professionale,DCCV_ESL_UNT2020,1.0,03/24/2023 10:05:50,
52_1203_DF_DCCV_ESL_UNT2020_3,IT1,1.0,Absolute value,Valori assoluti,DCCV_ESL_UNT2020,1.0,03/24/2023 10:10:20,
532_1195,IT1,1.0,Population by labour status - previous regulation (until 2020),Popolazione per condizione professionale - regolamento precedente (fino al 2020),DCCV_POPCOND1_UNT2020,1.0,2023-06-06T12:31:13.299Z,
532_1195_DF_DCCV_POPCOND1_UNT2020_1,IT1,1.0,Quinquennial age classes,Classi di età quinquennali,DCCV_POPCOND1_UNT2020,1.0,2023-06-06T12:34:25.721Z,
532_1195_DF_DCCV_POPCOND1_UNT2020_10,IT1,1.0,Statistical back recalculation since IV 1992 - regional data,Serie ricostruite dal IV 1992 - dati regionali,DCCV_POPCOND1_UNT2020,1.0,2023-06-06T13:03:00.147Z,
532_1195_DF_DCCV_POPCOND1_UNT2020_11,IT1,1.0,Classes quinquennial age,Classi di età quinquennali,DCCV_POPCOND1_UNT2020,1.0,2023-06-07T08:53:30.877Z,
532_1195_DF_DCCV_POPCOND1_UNT2020_12,IT1,1.0,All ages,Tutte le età,DCCV_POPCOND1_UNT2020,1.0,2023-06-07T08:57:27.196Z,
532_1195_DF_DCCV_POPCOND1_UNT2020_13,IT1,1.0,Citizenship,Cittadinanza,DCCV_POPCOND1_UNT2020,1.0,2023-06-07T09:02:13.207Z,
532_1195_DF_DCCV_POPCOND1_UNT2020_14,IT1,1.0,Role in household,Ruolo in famiglia,DCCV_POPCOND1_UNT2020,1.0,2023-06-07T09:04:55.150Z,
532_1195_DF_DCCV_POPCOND1_UNT2020_15,IT1,1.0,"Citizenship, role in household","Cittadinanza, ruolo in famiglia",DCCV_POPCOND1_UNT2020,1.0,2023-06-07T09:08:31.594Z,
532_1195_DF_DCCV_POPCOND1_UNT2020_16,IT1,1.0,Student status,Status di studente,DCCV_POPCOND1_UNT2020,1.0,2023-06-07T09:11:48.916Z,
532_1195_DF_DCCV_POPCOND1_UNT2020_17,IT1,1.0,Regional data,Dati regionali,DCCV_POPCOND1_UNT2020,1.0,2023-06-07T09:15:36.844Z,
532_1195_DF_DCCV_POPCOND1_UNT2020_18,IT1,1.0,Statistical back recalculation since I 1977 - age,Serie ricostruite dal I 1977 - età,DCCV_POPCOND1_UNT2020,1.0,2023-06-07T09:18:44.776Z,
532_1195_DF_DCCV_POPCOND1_UNT2020_19,IT1,1.0,Statistical back recalculation since IV 1992 - age detail,Serie ricostruite dal IV 1992 - dettaglio età,DCCV_POPCOND1_UNT2020,1.0,2023-06-07T11:03:00.829Z,
532_1195_DF_DCCV_POPCOND1_UNT2020_2,IT1,1.0,All ages,Tutte le età,DCCV_POPCOND1_UNT2020,1.0,2023-06-06T12:37:15.253Z,
532_1195_DF_DCCV_POPCOND1_UNT2020_20,IT1,1.0,Statistical back recalculation since IV 1992 - regional data,Serie ricostruite dal IV 1992 - dati regionali,DCCV_POPCOND1_UNT2020,1.0,2023-06-07T09:24:39.009Z,
532_1195_DF_DCCV_POPCOND1_UNT2020_3,IT1,1.0,Citizenship,Cittadinanza,DCCV_POPCOND1_UNT2020,1.0,2023-06-06T12:39:44.916Z,
532_1195_DF_DCCV_POPCOND1_UNT2020_4,IT1,1.0,Role in household,Ruolo in famiglia,DCCV_POPCOND1_UNT2020,1.0,2023-06-06T12:42:35.305Z,
532_1195_DF_DCCV_POPCOND1_UNT2020_5,IT1,1.0,"Citizenship, role in household","Cittadinanza, ruolo in famiglia",DCCV_POPCOND1_UNT2020,1.0,2023-06-06T12:45:29.738Z,
532_1195_DF_DCCV_POPCOND1_UNT2020_6,IT1,1.0,Student status,Status di studente,DCCV_POPCOND1_UNT2020,1.0,2023-06-06T12:48:24.821Z,
532_1195_DF_DCCV_POPCOND1_UNT2020_7,IT1,1.0,Regional data,Dati regionali,DCCV_POPCOND1_UNT2020,1.0,2023-06-06T12:51:08.683Z,
532_1195_DF_DCCV_POPCOND1_UNT2020_8,IT1,1.0,Statistical back recalculation since I 1977 - age,Serie ricostruite dal I 1977 - età,DCCV_POPCOND1_UNT2020,1.0,2023-06-06T12:55:50.279Z,
532_1195_DF_DCCV_POPCOND1_UNT2020_9,IT1,1.0,Statistical back recalculation since IV 1992 - age detail,Serie ricostruite dal IV 1992 - dettaglio età,DCCV_POPCOND1_UNT2020,1.0,2023-06-06T12:59:11.466Z,
532_930,IT1,1.0,Population  by labour status,Popolazione  per condizione professionale,DCCV_POPCOND1,1.0,2026-06-12T08:20:32.734Z,
532_930_DF_DCCV_POPCOND1_1,IT1,1.0,Age class,Classe di età,DCCV_POPCOND1,1.0,2026-06-12T08:20:32.734Z,
532_930_DF_DCCV_POPCOND1_2,IT1,1.0,Citizenship,Cittadinanza,DCCV_POPCOND1,1.0,2026-06-12T08:20:32.734Z,
532_930_DF_DCCV_POPCOND1_3,IT1,1.0,Student status,Status di studente,DCCV_POPCOND1,1.0,2026-06-12T08:20:32.734Z,
532_930_DF_DCCV_POPCOND1_4,IT1,1.0,Regional data,Dati regionali,DCCV_POPCOND1,1.0,2026-06-12T08:20:32.734Z,
532_930_DF_DCCV_POPCOND1_5,IT1,1.0,Statistical back recalculation since I 2004 - age,Serie ricostruite dal I 2004 - età,DCCV_POPCOND1,1.0,2026-06-12T08:20:32.734Z,
533_957,IT1,1.0,Average hourly earnings for employee jobs in the  private  sector,Retribuzioni orarie  dei dipendenti del settore privato,DCSC_RACLI,1.0,2026-02-05T11:09:22.006Z,
533_957_DF_DCSC_RACLI_1,IT1,1.0,Age class,Classe di età,DCSC_RACLI,1.0,2026-02-05T11:09:22.006Z,
533_957_DF_DCSC_RACLI_10,IT1,1.0,Contry of birth - provincial data,Paese di nascita - prov,DCSC_RACLI,1.0,2026-02-05T11:09:22.006Z,
533_957_DF_DCSC_RACLI_11,IT1,1.0,Level of education - provincial data,Titolo di studio - prov,DCSC_RACLI,1.0,2026-02-05T11:09:22.006Z,
533_957_DF_DCSC_RACLI_12,IT1,1.0,Type of contract - provincial data,Tipo di contratto - prov,DCSC_RACLI,1.0,2026-02-05T11:09:22.006Z,
533_957_DF_DCSC_RACLI_13,IT1,1.0,Worting time- provincial data,Regime orario - prov,DCSC_RACLI,1.0,2026-02-05T11:09:22.006Z,
533_957_DF_DCSC_RACLI_14,IT1,1.0,Employees class - provincial data,Classe di dipendenti - prov,DCSC_RACLI,1.0,2026-02-05T11:09:22.006Z,
533_957_DF_DCSC_RACLI_15,IT1,1.0,Contractual occupation - provincial data,Qualifica contrattuale- prov,DCSC_RACLI,1.0,2026-02-05T11:09:22.006Z,
533_957_DF_DCSC_RACLI_16,IT1,1.0,Paid days- provincial data,Giorni retribuiti - prov,DCSC_RACLI,1.0,2026-02-05T11:09:22.006Z,
533_957_DF_DCSC_RACLI_17,IT1,1.0,Gender - 2 digit,Sesso - 2 digit,DCSC_RACLI,1.0,2026-02-05T11:09:22.006Z,
533_957_DF_DCSC_RACLI_18,IT1,1.0,Age class - 2 digit,Classe di eta- 2 digit,DCSC_RACLI,1.0,2026-02-05T11:09:22.006Z,
533_957_DF_DCSC_RACLI_19,IT1,1.0,Country of birth - 2 digit,Paese di nascita- 2 digit,DCSC_RACLI,1.0,2026-02-05T11:09:22.006Z,
533_957_DF_DCSC_RACLI_2,IT1,1.0,Hourly wages by country of birth,Retribuzione oraria per paese di nascita,DCSC_RACLI,1.0,2026-02-05T11:09:22.006Z,
533_957_DF_DCSC_RACLI_20,IT1,1.0,Level of education - 2 digit,Titolo di studio - 2 digit,DCSC_RACLI,1.0,2026-02-05T11:09:22.006Z,
533_957_DF_DCSC_RACLI_21,IT1,1.0,Type of contract - 2 digit,Tipo di contratto- 2 digit,DCSC_RACLI,1.0,2026-02-05T11:09:22.006Z,
533_957_DF_DCSC_RACLI_22,IT1,1.0,Worting time - 2 digit,Regime orario- 2 digit,DCSC_RACLI,1.0,2026-02-05T11:09:22.006Z,
533_957_DF_DCSC_RACLI_23,IT1,1.0,Employees class - 2 digit,Classe di dipendenti - 2 digit,DCSC_RACLI,1.0,2026-02-05T11:09:22.006Z,
533_957_DF_DCSC_RACLI_24,IT1,1.0,Contractual occupation - 2 digit,Qualifica contrattuale - 2 digit,DCSC_RACLI,1.0,2026-02-05T11:09:22.006Z,
533_957_DF_DCSC_RACLI_25,IT1,1.0,Paid days - 2 digit,Giorni retribuiti - 2 digit,DCSC_RACLI,1.0,2026-02-05T11:09:22.006Z,
533_957_DF_DCSC_RACLI_3,IT1,1.0,Level of education,Titolo di studio,DCSC_RACLI,1.0,2026-02-05T11:09:22.006Z,
533_957_DF_DCSC_RACLI_4,IT1,1.0,Kind of labour contract,Tipo di contratto,DCSC_RACLI,1.0,2026-02-05T11:09:22.006Z,
533_957_DF_DCSC_RACLI_5,IT1,1.0,Hourly wages by Full-time_Part-time,Retribuzione oraria per regime orario,DCSC_RACLI,1.0,2026-02-05T11:09:22.006Z,
533_957_DF_DCSC_RACLI_6,IT1,1.0,Hourly wages by employees class,Retribuzione oraria per classe di dipendenti,DCSC_RACLI,1.0,2026-02-05T11:09:22.006Z,
533_957_DF_DCSC_RACLI_7,IT1,1.0,Hourly wages by paid days,Retribuzione oraria per giorni retribuiti,DCSC_RACLI,1.0,2026-02-05T11:09:22.006Z,
533_957_DF_DCSC_RACLI_8,IT1,1.0,Gender - provincial data,Sesso - prov,DCSC_RACLI,1.0,2026-02-05T11:09:22.006Z,
533_957_DF_DCSC_RACLI_9,IT1,1.0,Age class - provincial data,Classe di età - prov,DCSC_RACLI,1.0,2026-02-05T11:09:22.006Z,
534_1037,IT1,1.0,Hours worked - Enterprises with employees,Ore lavorate - Imprese con dipendenti,DCSC_ORE10_2,1.0,2026-06-12T08:16:48.341Z,
534_1037_DF_DCSC_ORE10_2_1,IT1,1.0,Volume of hours worked (base 2015),Monte ore lavorate (base 2015),DCSC_ORE10_2,1.0,2024-06-21T13:09:20.338Z,
534_1037_DF_DCSC_ORE10_2_2,IT1,1.0,Hours worked per employee (base 2015),Ore lavorate per dipendente (base 2015),DCSC_ORE10_2,1.0,2024-06-21T13:13:56.561Z,
534_1037_DF_DCSC_ORE10_2_3,IT1,1.0,Overtime hours and short-time working allowance,Ore di straordinario e di Cig,DCSC_ORE10_2,1.0,2026-06-12T08:16:48.341Z,
534_1037_DF_DCSC_ORE10_2_4,IT1,1.0,Volume of hours worked (base 2010) - 10 and over employee,Monte ore lavorate (base 2010) - 10 e più dipendenti,DCSC_ORE10_2,1.0,2023-12-20T14:31:46.011Z,
534_1037_DF_DCSC_ORE10_2_5,IT1,1.0,Hours worked per employee (base 2010) - 10 and over employees,Ore lavorate per dipendente (base 2010) - 10 e più dipendenti,DCSC_ORE10_2,1.0,2023-12-20T14:31:46.011Z,
534_1037_DF_DCSC_ORE10_2_6,IT1,1.0,Hours worked per employee (base 2005) - 10 and over employees,Ore lavorate per dipendente (base 2005) - 10 e più dipendenti,DCSC_ORE10_2,1.0,2023-12-20T14:31:46.011Z,
534_1037_DF_DCSC_ORE10_2_7,IT1,1.0,Volume of hours worked (base 2021),Monte ore lavorate (base 2021),DCSC_ORE10_2,1.0,2026-06-12T08:16:48.341Z,
534_1037_DF_DCSC_ORE10_2_8,IT1,1.0,Hours worked per employee (base 2021),Ore lavorate per dipendente (base 2021),DCSC_ORE10_2,1.0,2026-06-12T08:16:48.341Z,
534_1038,IT1,1.0,Job vacancies - Enterprises with employees,Posti vacanti - Imprese con dipendenti,DCSC_POSTIVAC_2,1.0,2026-08-11T10:05:32.482Z,
534_1038_DF_DCSC_POSTIVAC_2_1,IT1,1.0,Job vacancies - Enterprises with employees,Posti vacanti - Imprese con dipendenti,DCSC_POSTIVAC_2,1.0,2026-08-11T10:05:32.482Z,
534_49,IT1,1.0,Hours worked - Enterprises with more than 500 employees,Ore lavorate - Imprese con almeno 500 dipendenti,DCSC_GI_ORE,1.0,2026-08-07T10:02:55.219Z,
534_49_DF_DCSC_GI_ORE_1,IT1,1.0,Hours worked per employee (base 2015),Ore lavorate per dipendente (base 2015),DCSC_GI_ORE,1.0,2025-12-17T10:05:09.385Z,
534_49_DF_DCSC_GI_ORE_10,IT1,1.0,Strike hours (base 2010),Ore di sciopero (base 2010),DCSC_GI_ORE,1.0,2025-12-17T10:05:09.385Z,
534_49_DF_DCSC_GI_ORE_11,IT1,1.0,Hours worked per employee (base 2005),Ore lavorate per dipendente (base 2005),DCSC_GI_ORE,1.0,2025-12-17T10:05:09.385Z,
534_49_DF_DCSC_GI_ORE_12,IT1,1.0,Overtime hours and short-time working allowance hours (base 2005),Ore di straordinario e Cig (base 2005),DCSC_GI_ORE,1.0,2025-12-17T10:05:09.385Z,
534_49_DF_DCSC_GI_ORE_13,IT1,1.0,Strike hours (base 2005),Ore di sciopero (base 2005),DCSC_GI_ORE,1.0,2025-12-17T10:05:09.385Z,
534_49_DF_DCSC_GI_ORE_14,IT1,1.0,Hours worked per employee (base 2021),Ore lavorate per dipendente (base 2021),DCSC_GI_ORE,1.0,2026-08-07T10:02:55.219Z,
534_49_DF_DCSC_GI_ORE_15,IT1,1.0,Overtime hours and short-time working allowance hours (base 2021),Ore di straordinario e Cig (base 2021),DCSC_GI_ORE,1.0,2026-08-07T10:02:55.219Z,
534_49_DF_DCSC_GI_ORE_16,IT1,1.0,Strike hours (base 2021),Ore di sciopero (base 2021),DCSC_GI_ORE,1.0,2026-08-07T10:02:55.219Z,
534_49_DF_DCSC_GI_ORE_2,IT1,1.0,Overtime hours and short-time working allowance hours (base 2015),Ore di straordinario e Cig (base 2015),DCSC_GI_ORE,1.0,2025-12-17T10:05:09.385Z,
534_49_DF_DCSC_GI_ORE_3,IT1,1.0,Strike hours (base 2015),Ore di sciopero (base 2015),DCSC_GI_ORE,1.0,2025-12-17T10:05:09.385Z,
534_49_DF_DCSC_GI_ORE_4,IT1,1.0,Hours worked per employee - Nace 3 digit (base 2015),Ore lavorate per dipendente - Ateco 3 cifre (base 2015),DCSC_GI_ORE,1.0,2025-12-17T10:05:09.385Z,
534_49_DF_DCSC_GI_ORE_5,IT1,1.0,Overtime hours and short-time working allowance hours - Nace 3 digit (base 2015),Ore di straordinario e Cig - Ateco 3 cifre (base 2015),DCSC_GI_ORE,1.0,2025-12-17T10:05:09.385Z,
534_49_DF_DCSC_GI_ORE_6,IT1,1.0,Hours worked per employee (base 2010),Ore lavorate per dipendente (base 2010),DCSC_GI_ORE,1.0,2025-12-17T10:05:09.385Z,
534_49_DF_DCSC_GI_ORE_7,IT1,1.0,Hours worked per employee - Nace 3 digit (base 2010),Ore lavorate per dipendente - Ateco 3 cifre (base 2010),DCSC_GI_ORE,1.0,2025-12-17T10:05:09.385Z,
534_49_DF_DCSC_GI_ORE_8,IT1,1.0,Overtime hours and short-time working allowance hours (base 2010),Ore di straordinario e Cig (base 2010),DCSC_GI_ORE,1.0,2025-12-17T10:05:09.385Z,
534_49_DF_DCSC_GI_ORE_9,IT1,1.0,Overtime hours and short-time working allowance hours - Nace 3 digit (base 2010),Ore di straordinario e Cig - Ateco 3 cifre (base 2010),DCSC_GI_ORE,1.0,2025-12-17T10:05:09.385Z,
534_50,IT1,1.0,Labour positions - Enterprises with more than 500 employees,Posizioni lavorative - Imprese con almeno 500 dipendenti,DCSC_GI_OCC,1.0,2026-08-07T10:01:52.925Z,
534_50_DF_DCSC_GI_OCC_1,IT1,1.0,Employment (base 2015),Dipendenti (base 2015),DCSC_GI_OCC,1.0,2025-12-17T10:06:46.972Z,
534_50_DF_DCSC_GI_OCC_10,IT1,1.0,Part time employment share - Nace 2 digit (base 2010),Quota part time - Ateco 2 cifre (base 2010),DCSC_GI_OCC,1.0,2025-12-17T10:06:46.972Z,
534_50_DF_DCSC_GI_OCC_11,IT1,1.0,Inflow and outflow rates (base 2010),Tassi di ingresso e di uscita (base 2010),DCSC_GI_OCC,1.0,2025-12-17T10:06:46.972Z,
534_50_DF_DCSC_GI_OCC_12,IT1,1.0,Inflow and outflow rates - Nace 3 digit (base 2010),Tassi di ingresso e di uscita - Ateco 3 cifre (base 2010),DCSC_GI_OCC,1.0,2025-12-17T10:06:46.972Z,
534_50_DF_DCSC_GI_OCC_13,IT1,1.0,Employment (base 2005),Dipendenti (base 2005),DCSC_GI_OCC,1.0,2025-12-17T10:06:46.972Z,
534_50_DF_DCSC_GI_OCC_14,IT1,1.0,Part time employment share (base 2005),Quota part time (base 2005),DCSC_GI_OCC,1.0,2025-12-17T10:06:46.972Z,
534_50_DF_DCSC_GI_OCC_15,IT1,1.0,Inflow and outflow rates (base 2005),Tassi di ingresso e di uscita (base 2005),DCSC_GI_OCC,1.0,2025-12-17T10:06:46.972Z,
534_50_DF_DCSC_GI_OCC_16,IT1,1.0,Employment (base 2021),Dipendenti (base 2021),DCSC_GI_OCC,1.0,2026-08-07T10:01:52.925Z,
534_50_DF_DCSC_GI_OCC_17,IT1,1.0,Part time employment share (base 2021),Quota part time (base 2021),DCSC_GI_OCC,1.0,2026-08-07T10:01:52.925Z,
534_50_DF_DCSC_GI_OCC_18,IT1,1.0,Inflow and outflow rates (base 2021),Tassi di ingresso e di uscita (base 2021),DCSC_GI_OCC,1.0,2026-08-07T10:01:52.925Z,
534_50_DF_DCSC_GI_OCC_2,IT1,1.0,Part time employment share (base 2015),Quota part time (base 2015),DCSC_GI_OCC,1.0,2025-12-17T10:06:46.972Z,
534_50_DF_DCSC_GI_OCC_3,IT1,1.0,Inflow and outflow rates (base 2015),Tassi di ingresso e di uscita (base 2015),DCSC_GI_OCC,1.0,2025-12-17T10:06:46.972Z,
534_50_DF_DCSC_GI_OCC_4,IT1,1.0,Employment - Nace 3 digit (base 2015),Dipendenti - Ateco 3 cifre (base 2015),DCSC_GI_OCC,1.0,2025-12-17T10:06:46.972Z,
534_50_DF_DCSC_GI_OCC_5,IT1,1.0,Part time employment share - Nace 2 digit (base 2015),Quota part time - Ateco 2 cifre (base 2015),DCSC_GI_OCC,1.0,2025-12-17T10:06:46.972Z,
534_50_DF_DCSC_GI_OCC_6,IT1,1.0,Inflow and outflow rates - Nace 3 digit (base 2015),Tassi di ingresso e di uscita - Ateco 3 cifre (base 2015),DCSC_GI_OCC,1.0,2025-12-17T10:06:46.972Z,
534_50_DF_DCSC_GI_OCC_7,IT1,1.0,Employment (base 2010),Dipendenti (base 2010),DCSC_GI_OCC,1.0,2025-12-17T10:06:46.972Z,
534_50_DF_DCSC_GI_OCC_8,IT1,1.0,Employment - Nace 3 digit (base 2010),Dipendenti - Ateco 3 cifre (base 2010),DCSC_GI_OCC,1.0,2025-12-17T10:06:46.972Z,
534_50_DF_DCSC_GI_OCC_9,IT1,1.0,Part time employment share (base 2010),Quota part time (base 2010),DCSC_GI_OCC,1.0,2025-12-17T10:06:46.972Z,
535_194,IT1,1.0,Gross earnings - Enterprises with more than 500 employees,Retribuzioni lorde - Imprese con almeno 500 dipendenti,DCSC_GI_RE,1.0,2026-08-07T10:03:50.965Z,
535_194_DF_DCSC_GI_RE_1,IT1,1.0,Raw data (base 2015),Dati grezzi (base 2015),DCSC_GI_RE,1.0,2025-12-17T10:08:26.377Z,
535_194_DF_DCSC_GI_RE_10,IT1,1.0,Seasonally adjusted data (base 2021),Dati destagionalizzati (base 2021),DCSC_GI_RE,1.0,2026-08-07T10:03:50.965Z,
535_194_DF_DCSC_GI_RE_2,IT1,1.0,Raw data - Nace 3 digit (base 2015),Dati grezzi - Ateco 3 cifre (base 2015),DCSC_GI_RE,1.0,2025-12-17T10:08:26.377Z,
535_194_DF_DCSC_GI_RE_3,IT1,1.0,Seasonally adjusted data (base 2015),Dati destagionalizzati (base 2015),DCSC_GI_RE,1.0,2025-12-17T10:08:26.377Z,
535_194_DF_DCSC_GI_RE_4,IT1,1.0,Raw data (base 2010),Dati grezzi (base 2010),DCSC_GI_RE,1.0,2025-12-17T10:08:26.377Z,
535_194_DF_DCSC_GI_RE_5,IT1,1.0,Raw data - Nace 3 digit (base 2010),Dati grezzi - Ateco 3 cifre (base 2010),DCSC_GI_RE,1.0,2025-12-17T10:08:26.377Z,
535_194_DF_DCSC_GI_RE_6,IT1,1.0,Seasonally adjusted data (base 2010),Dati destagionalizzati (base 2010),DCSC_GI_RE,1.0,2025-12-17T10:08:26.377Z,
535_194_DF_DCSC_GI_RE_7,IT1,1.0,Raw data (base 2005),Dati grezzi (base 2005),DCSC_GI_RE,1.0,2025-12-17T10:08:26.377Z,
535_194_DF_DCSC_GI_RE_8,IT1,1.0,Seasonally adjusted (data base 2005),Dati destagionalizzati (base 2005),DCSC_GI_RE,1.0,2025-12-17T10:08:26.377Z,
535_194_DF_DCSC_GI_RE_9,IT1,1.0,Raw data (base 2021),Dati grezzi (base 2021),DCSC_GI_RE,1.0,2026-08-07T10:03:50.965Z,
536_193,IT1,1.0,Enterprises with more than 500 employees,Imprese con almeno 500 dipendenti,DCSC_GI_COS,1.0,2026-08-07T10:33:15.320Z,
536_193_DF_DCSC_GI_COS_1,IT1,1.0,Raw data (base 2015),Dati grezzi (base 2015),DCSC_GI_COS,1.0,2025-12-17T10:09:31.191Z,
536_193_DF_DCSC_GI_COS_10,IT1,1.0,Seasonally adjusted data (base 2021),Dati destagionalizzati (base 2021),DCSC_GI_COS,1.0,2026-08-07T10:33:15.320Z,
536_193_DF_DCSC_GI_COS_2,IT1,1.0,Raw data - Nace 3 digit (base 2015),Dati grezzi - Ateco 3 cifre (base 2015),DCSC_GI_COS,1.0,2025-12-17T10:09:31.191Z,
536_193_DF_DCSC_GI_COS_3,IT1,1.0,Seasonally adjusted data (base 2015),Dati destagionalizzati (base 2015),DCSC_GI_COS,1.0,2025-12-17T10:09:31.191Z,
536_193_DF_DCSC_GI_COS_4,IT1,1.0,Raw data (base 2010),Dati grezzi (base 2010),DCSC_GI_COS,1.0,2025-12-17T10:09:31.191Z,
536_193_DF_DCSC_GI_COS_5,IT1,1.0,Raw data - Nace 3 digit (base 2010),Dati grezzi - Ateco 3 cifre (base 2010),DCSC_GI_COS,1.0,2025-12-17T10:09:31.191Z,
536_193_DF_DCSC_GI_COS_6,IT1,1.0,Seasonally adjusted data (base 2010),Dati destagionalizzati (base 2010),DCSC_GI_COS,1.0,2025-12-17T10:09:31.191Z,
536_193_DF_DCSC_GI_COS_7,IT1,1.0,Raw data (base 2005),Dati grezzi (base 2005),DCSC_GI_COS,1.0,2025-12-17T10:09:31.191Z,
536_193_DF_DCSC_GI_COS_8,IT1,1.0,Seasonally adjusted data (base 2005),Dati destagionalizzati (base 2005),DCSC_GI_COS,1.0,2025-12-17T10:09:31.191Z,
536_193_DF_DCSC_GI_COS_9,IT1,1.0,Raw data (base 2021),Dati grezzi (base 2021),DCSC_GI_COS,1.0,2026-08-07T10:33:15.320Z,
536_278,IT1,1.0,Enterprises and public administrations with at least 10 employees,Imprese ed enti pubblici con almeno 10 dipendenti,DCSC_COSTLAVSTRUT_1,1.0,2023-12-20T09:32:51.660Z,
536_278_DF_DCSC_COSTLAVSTRUT_1_1,IT1,1.0,Enterprises and public administrations with at least 10 employees,Imprese ed enti pubblici con almeno 10 dipendenti,DCSC_COSTLAVSTRUT_1,1.0,2023-12-20T09:32:51.660Z,
536_279,IT1,1.0,Enterprises and public administrations with at least 10 employees - new methodology,Imprese ed enti pubblici con almeno 10 dipendenti - nuova metodologia,DCSC_COSTLAVSTRUT_1,1.0,2026-07-23T09:10:54.488Z,
536_279_DF_DCSC_COSTLAVSTRUT_2_1,IT1,1.0,Enterprises and public administrations with at least 10 employees - new methodology,Imprese ed enti pubblici con almeno 10 dipendenti - nuova metodologia,DCSC_COSTLAVSTRUT_1,1.0,2026-07-23T09:00:20.378Z,
56_1045,IT1,1.0,University students - municipality of the university,Iscritti all'università - comune dell'ateneo,DCIS_ISCRITTI_COM_A,1.0,03/08/2022 19:04:19,METADATA_URL
56_1045_DF_DCIS_ISCRITTI_COM_A_1,IT1,1.0,Studens by gender,Iscritti per sesso,DCIS_ISCRITTI_COM_A,1.0,03/12/2023 07:57:49,
56_1045_DF_DCIS_ISCRITTI_COM_A_2,IT1,1.0,Studens by citizenship,Iscritti per cittadinanza,DCIS_ISCRITTI_COM_A,1.0,03/12/2023 08:00:21,
56_1045_DF_DCIS_ISCRITTI_COM_A_3,IT1,1.0,Studens by field of study,Iscritti per gruppo di corsi di laurea,DCIS_ISCRITTI_COM_A,1.0,03/12/2023 08:02:31,
56_1046,IT1,1.0,University students - municipality of residence,Iscritti all'università - comune di residenza,DCIS_ISCRITTI_COM_R,1.0,03/08/2022 19:03:22,METADATA_URL
56_1046_DF_DCIS_ISCRITTI_COM_R_1,IT1,1.0,Studens by gender,Iscritti per sesso,DCIS_ISCRITTI_COM_R,1.0,03/12/2023 07:24:35,
56_1046_DF_DCIS_ISCRITTI_COM_R_2,IT1,1.0,Studens by citizenship,Iscritti per cittadinanza,DCIS_ISCRITTI_COM_R,1.0,03/12/2023 07:32:46,
56_1046_DF_DCIS_ISCRITTI_COM_R_3,IT1,1.0,Studens by field of study,Iscritti per gruppo di corsi di laurea,DCIS_ISCRITTI_COM_R,1.0,03/12/2023 07:45:59,
56_1135,IT1,1.0,University professors,Docenti universitari,DCIS_DOCENTI1,1.0,03/21/2023 10:13:22,
56_1135_DF_DCIS_DOCENTI1_1,IT1,1.0,University professors,Docenti universitari,DCIS_DOCENTI1,1.0,03/21/2023 10:10:08,
56_188,IT1,1.0,University professors 2007-2011,Docenti universitari 2007-2011,DCIS_DOCENTI,1.0,2023-03-17T12:58:02.037Z,
56_188_DF_DCIS_DOCENTI_1,IT1,1.0,University professors 2007-2011,Docenti universitari 2007-2011,DCIS_DOCENTI,1.0,03/12/2023 09:56:23,
56_189,IT1,1.0,University indicators,Indicatori sull'università,INDUNIV,1.0,09/19/2023 14:14:27,
56_189_DF_INDUNIV_1,IT1,1.0,University indicators,Indicatori sull' università,INDUNIV,1.0,09/19/2023 14:14:27,
56_190,IT1,1.0,Graduates,Laureati,DCIS_LAUREATI,1.0,2024-12-19T13:30:38.900Z,
56_190_DF_DCIS_LAUREATI_1,IT1,1.0,Graduates,Laureati,DCIS_LAUREATI,1.0,2024-12-19T13:41:02.276Z,
56_190_DF_DCIS_LAUREATI_2,IT1,1.0,Graduates (2007-2009),Laureati (2007-2009),DCIS_LAUREATI,1.0,2024-04-11T14:11:31.754Z,
56_258,IT1,1.0,Entrants,Immatricolati,DCIS_IMMATRIC,1.0,2023-03-17T12:48:42.064Z,
56_258_DF_DCIS_IMMATRIC_1,IT1,1.0,Entrants,Immatricolati,DCIS_IMMATRIC,1.0,2026-01-14T18:12:44.517Z,
56_259,IT1,1.0,University studens,Iscritti all'università,DCIS_ISCRITTI,1.0,04/15/2026 16:13:40,
56_259_DF_DCIS_ISCRITTI_1,IT1,1.0,Students,Iscritti,DCIS_ISCRITTI,1.0,04/15/2026 16:13:40,
56_259_DF_DCIS_ISCRITTI_2,IT1,1.0,University students by type and region of the university (2008-2010),Iscritti per tipologia e regione dell'ateneo (2008-2010),DCIS_ISCRITTI,1.0,04/15/2026 16:13:40,
56_259_DF_DCIS_ISCRITTI_3,IT1,1.0,Enrolments by region of residence (2008-2010),Iscritti per regione dell'ateneo e di residenza (2008-2010),DCIS_ISCRITTI,1.0,04/15/2026 16:13:40,
56_77,IT1,1.0,Services for pupils with disabilities,Servizi per gli alunni con disabilità,DCIS_SANSCUOLE,1.0,2026-05-13T14:03:36.527Z,
56_77_DF_DCIS_SANSCUOLE_1,IT1,1.0,Schools with architectural barriers,Scuole per presenza di barriere architettoniche,DCIS_SANSCUOLE,1.0,2026-05-13T14:03:36.527Z,
56_77_DF_DCIS_SANSCUOLE_2,IT1,1.0,Schools with pupils with disabilities and adapted computer stations,Scuole con alunni con disabilità e postazioni informatiche adattate,DCIS_SANSCUOLE,1.0,2026-05-13T14:03:36.527Z,
56_857,IT1,1.0,Entrants,Immatricolati,DCIS_IMMATRIC1,1.0,04/13/2026 15:45:18,
56_857_DF_DCIS_IMMATRIC1_1,IT1,1.0,Entrants,Immatricolati,DCIS_IMMATRIC1,1.0,04/13/2026 16:00:05,
56_857_DF_DCIS_IMMATRIC1_2,IT1,1.0,Entrants (2008-2010),Immatricolati (2008-2010),DCIS_IMMATRIC1,1.0,04/13/2026 15:54:04,
56_858,IT1,1.0,University students,Iscritti all'università,DCIS_ISCRITTI1,1.0,04/15/2026 15:14:42,
56_858_DF_DCIS_ISCRITTI1_1,IT1,1.0,Students,Iscritti,DCIS_ISCRITTI1,1.0,04/16/2026 11:05:49,
56_858_DF_DCIS_ISCRITTI1_2,IT1,1.0,University students by type and region of the university (2008-2010),Iscritti per tipologia e regione dell'ateneo (2008-2010),DCIS_ISCRITTI1,1.0,2026-04-16T11:03:12.169Z,
56_858_DF_DCIS_ISCRITTI1_3,IT1,1.0,Enrolments by region of residence (2008-2010),Iscritti per regione dell'ateneo e di residenza (2008-2010),DCIS_ISCRITTI1,1.0,2026-04-16T11:01:03.500Z,
5_42,IT1,1.0,Quarterly account - editions from October 2019 to July 2024,Conto trimestrale - edizioni ottobre 2019 - luglio 2024,DCCN_FPQ_B19,1.0,2024-07-29T14:06:36.198Z,
5_42_DF_DCCN_FPQ_B19_1,IT1,1.0,Economic account - editions from October 2019 to July 2024,Conto economico - edizioni ottobre 2019 - luglio 2024,DCCN_FPQ_B19,1.0,2024-07-27T06:51:17.071Z,
5_42_DF_DCCN_FPQ_B19_2,IT1,1.0,Indicators (GDP ratio) - editions from October 2019 to July 2024,Indicatori (in rapporto al PIL) - edizioni ottobre 2019 - luglio 2024,DCCN_FPQ_B19,1.0,2024-07-27T06:51:17.071Z,
5_815,IT1,1.0,Annual account - editions from October 2019 to April 2024,Conto annuale - edizioni ottobre 2019 - aprile 2024,DCCN_FPA_B19,1.0,2024-07-29T14:12:10.404Z,
5_815_DF_DCCN_FPA_B19_1,IT1,1.0,Economic account by subsector - editions from October 2019 to April 2024,Conto economico per sottosettore - edizioni ottobre 2019 - aprile 2024,DCCN_FPA_B19,1.0,2024-07-27T07:14:35.315Z,
5_815_DF_DCCN_FPA_B19_2,IT1,1.0,Indicators (GDP ratio) -  editions from October 2019 to April 2024,Indicatori (in rapporto al PIL) - edizioni ottobre 2019 - aprile 2024,DCCN_FPA_B19,1.0,2024-07-27T07:14:35.315Z,
5_815_DF_DCCN_FPA_B19_3,IT1,1.0,"Compensation of employees, wages and salaries per capita by subsector -  editions from October 2019 to April 2024",Redditi e retribuzione pro capite per sottosettore -edizioni ottobre 2019 - aprile 2024,DCCN_FPA_B19,1.0,2024-07-27T07:14:35.315Z,
5_815_DF_DCCN_FPA_B19_4,IT1,1.0,Gross fixed capital formation by subsector -  editions from October 2019 to April 2024,Investimenti fissi lordi per sottosettore - edizioni ottobre 2019 - aprile 2024,DCCN_FPA_B19,1.0,2024-07-27T07:14:35.315Z,
5_815_DF_DCCN_FPA_B19_5,IT1,1.0,Taxes and social contributions by subsector -  editions from October 2019 to April 2024,Imposte e contributi sociali per sottosettore - edizioni ottobre 2019 - aprile 2024,DCCN_FPA_B19,1.0,2024-07-27T07:14:35.315Z,
5_815_DF_DCCN_FPA_B19_6,IT1,1.0,Generation of final consumption expenditure - editions from October 2019 to April 2024,Formazione della spesa per consumi finali - edizioni ottobre 2019 - aprile 2024,DCCN_FPA_B19,1.0,2024-07-27T07:14:35.315Z,
5_94,IT1,1.0,Annual expenditure by subsector - editions from October 2019 to April 2024,Uscite annuali per sottosettore - edizioni ottobre 2019 - aprile 2024,DCCN_OTEPPA_B19,1.0,2024-07-29T14:18:27.379Z,
5_94_DF_DCCN_OTEPPA_B19_1,IT1,1.0,Consumption expenditure by function (COFOG 2 and 3 digit) - editions from October 2019 to April 2024,Spesa per consumi per funzione (COFOG 2 e 3 cifre) -  edizioni ottobre 2019 - aprile 2024,DCCN_OTEPPA_B19,1.0,2024-07-27T07:29:36.389Z,
5_94_DF_DCCN_OTEPPA_B19_2,IT1,1.0,Expenditure items by function (COFOG 2 and 3 digit) - editions from February 2020 to December 2023,Voci di uscita per funzione (COFOG 2 e 3 cifre) - edizioni febbraio 2020 - dicembre 2023,DCCN_OTEPPA_B19,1.0,2024-07-27T07:29:36.389Z,
609_1,IT1,1.0,Urban environment,Ambiente urbano,DCCV_URBANENV,1.0,2026-06-16T10:04:56.128Z,
609_1_DF_DCCV_URBANENV_1,IT1,1.0,Water - consumption,Acqua - consumo,DCCV_URBANENV,1.0,2026-06-16T10:04:56.128Z,
609_1_DF_DCCV_URBANENV_10,IT1,1.0,Energy - district heating,Energia - teleriscaldamento,DCCV_URBANENV,1.0,2026-06-16T10:04:56.128Z,
609_1_DF_DCCV_URBANENV_11,IT1,1.0,Urban mobility - sustainable mobility,Mobilità urbana - mobilità sostenibile,DCCV_URBANENV,1.0,2026-06-16T10:04:56.128Z,
609_1_DF_DCCV_URBANENV_12,IT1,1.0,Urban mobility - road vehicles registered,Mobilità urbana - parco veicolare,DCCV_URBANENV,1.0,2026-06-16T10:04:56.128Z,
609_1_DF_DCCV_URBANENV_13,IT1,1.0,Urban mobility - local public transport,Mobilità urbana - trasporto pubblico locale,DCCV_URBANENV,1.0,2026-06-16T10:04:56.128Z,
609_1_DF_DCCV_URBANENV_14,IT1,1.0,Municipal waste - production,Rifiuti urbani - produzione,DCCV_URBANENV,1.0,2026-06-16T10:04:56.128Z,
609_1_DF_DCCV_URBANENV_15,IT1,1.0,Separate waste collection - product fractions,Raccolta differenziata - frazioni merceologiche,DCCV_URBANENV,1.0,2026-06-16T10:04:56.128Z,
609_1_DF_DCCV_URBANENV_16,IT1,1.0,Noise - measurement activity,Rumore - attività di misura,DCCV_URBANENV,1.0,2026-06-16T10:04:56.128Z,
609_1_DF_DCCV_URBANENV_17,IT1,1.0,Noise - temporary activities,Rumore - attività temporanee,DCCV_URBANENV,1.0,2026-06-16T10:04:56.128Z,
609_1_DF_DCCV_URBANENV_18,IT1,1.0,Urban greenery - density,Verde urbano - densità,DCCV_URBANENV,1.0,2026-06-16T10:04:56.128Z,
609_1_DF_DCCV_URBANENV_19,IT1,1.0,Urban greenery - availability,Verde urbano - disponibilità,DCCV_URBANENV,1.0,2026-06-16T10:04:56.128Z,
609_1_DF_DCCV_URBANENV_2,IT1,1.0,Water - rationing,Acqua - razionamento,DCCV_URBANENV,1.0,2026-06-16T10:04:56.128Z,
609_1_DF_DCCV_URBANENV_20,IT1,1.0,Urban greenery - type of greenery,Verde urbano - tipologia di verde,DCCV_URBANENV,1.0,2026-06-16T10:04:56.128Z,
609_1_DF_DCCV_URBANENV_21,IT1,1.0,Urban greenery - forestation,Verde urbano - forestazione,DCCV_URBANENV,1.0,2026-06-16T10:04:56.128Z,
609_1_DF_DCCV_URBANENV_22,IT1,1.0,Municipal waste - collection service,Rifiuti urbani - servizio di raccolta,DCCV_URBANENV,1.0,2026-06-16T10:04:56.128Z,
609_1_DF_DCCV_URBANENV_3,IT1,1.0,Air quality - pollutant monitoring,Qualità dell'aria - monitoraggio inquinanti,DCCV_URBANENV,1.0,2026-06-16T10:04:56.128Z,
609_1_DF_DCCV_URBANENV_4,IT1,1.0,Air quality - concentration values ​​and number of exceedances,Qualità dell'aria - valori di concentrazione e numero di superamenti,DCCV_URBANENV,1.0,2026-06-16T10:04:56.128Z,
609_1_DF_DCCV_URBANENV_5,IT1,1.0,Eco management - public street lighting,Eco management - illuminazione pubblica stradale,DCCV_URBANENV,1.0,2026-06-16T10:04:56.128Z,
609_1_DF_DCCV_URBANENV_6,IT1,1.0,Eco management - level of digitalisation,Eco management - livello di digitalizzazione,DCCV_URBANENV,1.0,2026-06-16T10:04:56.128Z,
609_1_DF_DCCV_URBANENV_7,IT1,1.0,Energy - domestic and non-domestic energy consumption,Energia - consumi energetici domestici e non domestici,DCCV_URBANENV,1.0,2026-06-16T10:04:56.128Z,
609_1_DF_DCCV_URBANENV_8,IT1,1.0,Energy - renewable sources,Energia - fonti rinnovabili,DCCV_URBANENV,1.0,2026-06-16T10:04:56.128Z,
609_1_DF_DCCV_URBANENV_9,IT1,1.0,Energy - charging network for electric cars,Energia - rete di ricarica per auto elettriche,DCCV_URBANENV,1.0,2026-06-16T10:04:56.128Z,
60_1004,IT1,1.0,Museums and similar institutions - municipalities,Musei ed istituzioni similari - comuni,DCIS_MUSVIS_COM,1.0,2022-11-30T15:09:07.034Z,METADATA_URL
60_1004_DF_DCIS_MUSVIS_COM_1,IT1,1.0,Museums and similar institutions - municipalities,Musei ed istituzioni similari - comuni,DCIS_MUSVIS_COM,1.0,05/17/2023 07:48:16,
60_130,IT1,1.0,Internet: access and type of use,Internet: accesso e tipo di utilizzo,DCCV_ICT,1.0,2025-04-28T09:01:41.249Z,
60_130_DF_DCCV_ICT_1,IT1,1.0,Families and internet access,Famiglie e accesso ad internet,DCCV_ICT,1.0,2025-04-28T09:01:41.249Z,
60_130_DF_DCCV_ICT_10,IT1,1.0,Type of goods and services purchased,Tipo di acquisti e ordini,DCCV_ICT,1.0,2025-04-28T09:01:41.249Z,
60_130_DF_DCCV_ICT_11,IT1,1.0,Type of goods and services purchased - reg. and type of municipalities,Tipo di acquisti e ordini - reg. e tipo di comune,DCCV_ICT,1.0,2025-04-28T09:01:41.249Z,
60_130_DF_DCCV_ICT_2,IT1,1.0,Families and internet access - reg. and type of municipalities,Famiglie e accesso ad internet - reg. e tipo comune,DCCV_ICT,1.0,2025-04-28T09:01:41.249Z,
60_130_DF_DCCV_ICT_3,IT1,1.0,Families and type of connection - regions and type of municipalities,Famiglie e tipo di connessione - reg. e tipo di comune,DCCV_ICT,1.0,2025-04-28T09:01:41.249Z,
60_130_DF_DCCV_ICT_4,IT1,1.0,Internet activities,Attività svolte su internet,DCCV_ICT,1.0,2025-04-28T09:01:41.249Z,
60_130_DF_DCCV_ICT_5,IT1,1.0,Internet activities - reg. and type of municipalities,Attività svolte su internet - reg. e tipo di comune,DCCV_ICT,1.0,2025-04-28T09:01:41.249Z,
60_130_DF_DCCV_ICT_6,IT1,1.0,Interaction with the public authorities,Interazioni con la PA,DCCV_ICT,1.0,2025-04-28T09:01:41.249Z,
60_130_DF_DCCV_ICT_7,IT1,1.0,Interaction with the public authorities - reg. and type of municipalities,Interazione con la PA - reg. e tipo di comune,DCCV_ICT,1.0,2025-04-28T09:01:41.249Z,
60_130_DF_DCCV_ICT_8,IT1,1.0,Purchases or orders,Acquisti o ordini,DCCV_ICT,1.0,2025-04-28T09:01:41.249Z,
60_130_DF_DCCV_ICT_9,IT1,1.0,Purchases or orders - reg. and type of municipalities,Acquisti o ordini - reg. e tipo di comune,DCCV_ICT,1.0,2025-04-28T09:01:41.249Z,
60_195,IT1,1.0,Museums and similar institutions,Musei ed istituzioni similari,DCIS_MUSVIS,1.0,2023-03-17T10:12:13.795Z,
60_195_DF_DCIS_MUSVIS_1,IT1,1.0,Museums and similar institutions - Key data,Musei ed istituzioni similari - Principali dati,DCIS_MUSVIS,1.0,2025-07-07T10:18:28.167Z,
60_195_DF_DCIS_MUSVIS_2,IT1,1.0,Membership at museum circuit,Appartenenza a circuito museale,DCIS_MUSVIS,1.0,03/17/2023 12:24:52,
60_195_DF_DCIS_MUSVIS_3,IT1,1.0,Type of management and admission free,Tipo di gestione e accesso gratuito,DCIS_MUSVIS,1.0,03/17/2023 16:00:26,
60_195_DF_DCIS_MUSVIS_4,IT1,1.0,Visiting period,Periodo di apertura,DCIS_MUSVIS,1.0,03/17/2023 16:10:57,
60_195_DF_DCIS_MUSVIS_5,IT1,1.0,Type of services,Tipo di servizi e dotazioni,DCIS_MUSVIS,1.0,05/16/2023 14:35:54,
60_3,IT1,1.0,State Archives,Archivi di stato,DCIS_ARCHIVIST,1.0,03/22/2023 08:41:47,
60_3_DF_DCIS_ARCHIVIST_1,IT1,1.0,Activities and services,Attività svolte,DCIS_ARCHIVIST,1.0,03/22/2023 08:49:42,
60_3_DF_DCIS_ARCHIVIST_2,IT1,1.0,Area of facilities by use,Superficie per destinazione di uso,DCIS_ARCHIVIST,1.0,03/22/2023 08:57:23,
60_3_DF_DCIS_ARCHIVIST_3,IT1,1.0,Documents kept on the rooms by type,Tipologia di materiale conservato,DCIS_ARCHIVIST,1.0,03/22/2023 09:02:01,
60_3_DF_DCIS_ARCHIVIST_4,IT1,1.0,Users by reasons,Utenti per motivo,DCIS_ARCHIVIST,1.0,03/22/2023 09:06:11,
60_3_DF_DCIS_ARCHIVIST_5,IT1,1.0,Researches by type,Ricerche per tipologia,DCIS_ARCHIVIST,1.0,03/22/2023 09:11:50,
60_41,IT1,1.0,State owned libraries,Biblioteche pubbliche statali,DCIS_BIBLIOT,1.0,05/17/2023 06:51:01,
60_41_DF_DCIS_BIBLIOT_1,IT1,1.0,State owned libraries - Key data,Biblioteche pubbliche statali - Principali dati,DCIS_BIBLIOT,1.0,2025-07-07T10:25:54.337Z,
60_41_DF_DCIS_BIBLIOT_2,IT1,1.0,Works lent by type of user,Prestiti per tipo di richiedente,DCIS_BIBLIOT,1.0,03/17/2023 16:48:30,
60_41_DF_DCIS_BIBLIOT_3,IT1,1.0,Library staff,Personale impiegato,DCIS_BIBLIOT,1.0,03/17/2023 16:54:41,
610_119_DF_DCCV_TRASPRIV_1,IT1,1.0,Private transportation,Trasporto privato,DCCV_TRASPRIV,1.0,09/27/2023 13:53:30,
612_933,IT1,1.0,University graduates - Socio-demographic characteristics and curriculum,Laureati - caratteristiche socio-demografiche e curriculum,DCCV_LAU_DEM_FORM,1.0,2023-09-19T14:46:07.430Z,
612_933_DF_DCCV_LAU_DEM_FORM_1,IT1,1.0,High school degree,Tipo di diploma,DCCV_LAU_DEM_FORM,1.0,2023-09-19T14:46:07.430Z,
612_933_DF_DCCV_LAU_DEM_FORM_2,IT1,1.0,Judgment (from 0 to 10) on the factors of choice at the university,Giudizio (da 0 a 10) sui fattori di scelta ateneo,DCCV_LAU_DEM_FORM,1.0,2023-09-19T14:46:07.430Z,
612_933_DF_DCCV_LAU_DEM_FORM_3,IT1,1.0,Field of study,Gruppo di laurea,DCCV_LAU_DEM_FORM,1.0,2023-09-19T14:46:07.430Z,
612_933_DF_DCCV_LAU_DEM_FORM_4,IT1,1.0,Mobility programme participation,Partecipazione Erasmus,DCCV_LAU_DEM_FORM,1.0,2023-09-19T14:46:07.430Z,
612_933_DF_DCCV_LAU_DEM_FORM_5,IT1,1.0,Previous degree,Laurea precedente,DCCV_LAU_DEM_FORM,1.0,2023-09-19T14:46:07.430Z,
612_933_DF_DCCV_LAU_DEM_FORM_6,IT1,1.0,Current enrollment in training activities,Iscrizione ad altra formazione,DCCV_LAU_DEM_FORM,1.0,2023-09-19T14:46:07.430Z,
612_933_DF_DCCV_LAU_DEM_FORM_7,IT1,1.0,Completion of training activities,Conclusa altra formazione,DCCV_LAU_DEM_FORM,1.0,2023-09-19T14:46:07.430Z,
612_933_DF_DCCV_LAU_DEM_FORM_8,IT1,1.0,Parents' highest level of education attained,Titolo di studio del padre e della madre,DCCV_LAU_DEM_FORM,1.0,2023-09-19T14:46:07.430Z,
612_937,IT1,1.0,University graduates - job search,Laureati - ricerca di lavoro,DCCV_LAU_RIC,1.0,2023-09-18T10:05:40.456Z,
612_937_DF_DCCV_LAU_RIC_1,IT1,1.0,Job search in Italy or abroad (employed or not),Ricerca di lavoro in Italia o all'estero (occupati e non),DCCV_LAU_RIC,1.0,2023-09-18T10:05:40.456Z,
612_937_DF_DCCV_LAU_RIC_2,IT1,1.0,Desired occupation and working hours (employed or not),Occupazione e orario desiderati (occupati e non),DCCV_LAU_RIC,1.0,2023-09-18T10:05:40.456Z,
612_939,IT1,1.0,University graduates - occupational status,Laureati - condizione occupazionale,DCCV_LAU_OCCUP_RED,1.0,2023-09-18T09:52:23.891Z,
612_939_DF_DCCV_LAU_OCCUP_RED_1,IT1,1.0,Degree group and occupational condition,Gruppo di laurea e condizione occupazionale,DCCV_LAU_OCCUP_RED,1.0,2023-09-18T09:52:23.891Z,
612_939_DF_DCCV_LAU_OCCUP_RED_2,IT1,1.0,Degree and profession group,Gruppo di laurea e professione,DCCV_LAU_OCCUP_RED,1.0,2023-09-18T09:52:23.891Z,
612_939_DF_DCCV_LAU_OCCUP_RED_3,IT1,1.0,Degree group and monthly income,Gruppo di laurea e reddito mensile,DCCV_LAU_OCCUP_RED,1.0,2023-09-18T09:52:23.891Z,
612_939_DF_DCCV_LAU_OCCUP_RED_4,IT1,1.0,Professional status,Tipo di occupazione,DCCV_LAU_OCCUP_RED,1.0,2023-09-18T09:52:23.891Z,
612_939_DF_DCCV_LAU_OCCUP_RED_5,IT1,1.0,Economic activity and sector of employement,Attività economica e settore di impiego,DCCV_LAU_OCCUP_RED,1.0,2023-09-18T09:52:23.891Z,
612_939_DF_DCCV_LAU_OCCUP_RED_6,IT1,1.0,Job satisfaction,Soddisfazione per il lavoro,DCCV_LAU_OCCUP_RED,1.0,2023-09-18T09:52:23.891Z,
612_939_DF_DCCV_LAU_OCCUP_RED_7,IT1,1.0,Region of residence and occupational status,Regione di residenza e condizione occupazionale,DCCV_LAU_OCCUP_RED,1.0,2023-09-18T09:52:23.891Z,
612_939_DF_DCCV_LAU_OCCUP_RED_8,IT1,1.0,Region of residence and monthly income,Regione di residenza e reddito mensile,DCCV_LAU_OCCUP_RED,1.0,2023-09-18T09:52:23.891Z,
613_934,IT1,1.0,High school graduates - socio-demographic characteristics and curriculum,Diplomati - caratteristiche socio-demografiche e curriculum,DCCV_DIPL_DEM_FORM,1.0,2023-09-18T07:53:55.977Z,
613_934_DF_DCCV_DIPL_DEM_FORM_1,IT1,1.0,Type of diploma,Tipo di diploma,DCCV_DIPL_DEM_FORM,1.0,2023-09-18T07:53:55.977Z,
613_934_DF_DCCV_DIPL_DEM_FORM_10,IT1,1.0,University enrollment - gender and type of diploma,Iscrizione a università - sesso e tipo di diploma,DCCV_DIPL_DEM_FORM,1.0,2023-03-16T10:29:40.699Z,
613_934_DF_DCCV_DIPL_DEM_FORM_11,IT1,1.0,Registration to university - region of habitual residence,Iscrizione a università - regione di dimora abituale,DCCV_DIPL_DEM_FORM,1.0,2023-03-16T13:02:58.559Z,
613_934_DF_DCCV_DIPL_DEM_FORM_12,IT1,1.0,Enrollment in non-university tertiary studies - gender and type of diploma,Iscrizione a studi terziari non universitari - sesso e tipo di diploma,DCCV_DIPL_DEM_FORM,1.0,2023-03-16T13:53:59.161Z,
613_934_DF_DCCV_DIPL_DEM_FORM_13,IT1,1.0,Enrollment in non-university tertiary studies - region of habitual residence,Iscrizione a studi terziari non universitari - regione di dimora abituale,DCCV_DIPL_DEM_FORM,1.0,2023-03-16T14:24:28.773Z,
613_934_DF_DCCV_DIPL_DEM_FORM_2,IT1,1.0,Legal nature of the school and satisfaction,Natura giuridica della scuola e soddisfazione,DCCV_DIPL_DEM_FORM,1.0,2023-09-18T07:53:55.977Z,
613_934_DF_DCCV_DIPL_DEM_FORM_3,IT1,1.0,Age,Età all'intervista,DCCV_DIPL_DEM_FORM,1.0,2023-09-18T07:53:55.977Z,
613_934_DF_DCCV_DIPL_DEM_FORM_4,IT1,1.0,Citizenship and cohabiting family members,Cittadinanza e familiari coabitanti,DCCV_DIPL_DEM_FORM,1.0,2023-09-18T07:53:55.977Z,
613_934_DF_DCCV_DIPL_DEM_FORM_5,IT1,1.0,Place of living region,Regione di dimora abituale,DCCV_DIPL_DEM_FORM,1.0,2023-09-18T07:53:55.977Z,
613_934_DF_DCCV_DIPL_DEM_FORM_6,IT1,1.0,Parents' highest level of education attained,Titolo di studio del padre e della madre,DCCV_DIPL_DEM_FORM,1.0,2023-09-18T07:53:55.977Z,
613_934_DF_DCCV_DIPL_DEM_FORM_7,IT1,1.0,Registration for any type of post-diploma course,Iscrizione ad un qualsiasi tipo di corso post-diploma,DCCV_DIPL_DEM_FORM,1.0,2023-09-18T07:53:55.977Z,
613_934_DF_DCCV_DIPL_DEM_FORM_8,IT1,1.0,Registration for professional training courses - gender and type of diploma,Iscrizione a corsi di formazione professionale - sesso e tipo di diploma,DCCV_DIPL_DEM_FORM,1.0,2023-09-18T07:53:55.977Z,
613_934_DF_DCCV_DIPL_DEM_FORM_9,IT1,1.0,Registration for professional training courses - region of habitual residence,Iscrizione a corsi di formazione professionale - regione di dimora abituale,DCCV_DIPL_DEM_FORM,1.0,2023-09-18T07:53:55.977Z,
613_935,IT1,1.0,High school graduates - employment conditions and remuneration,Diplomati - condizione occupazionale e retribuzione,DCCV_DIPL_OCCUP_REDD,1.0,2023-09-18T08:23:49.508Z,
613_935_DF_DCCV_DIPL_OCCUP_REDD_1,IT1,1.0,Sex and type of diploma,Sesso e tipo di diploma,DCCV_DIPL_OCCUP_REDD,1.0,2023-09-18T08:23:49.508Z,
613_935_DF_DCCV_DIPL_OCCUP_REDD_10,IT1,1.0,Region and wage,Regione e retribuzione,DCCV_DIPL_OCCUP_REDD,1.0,2023-09-18T08:23:49.508Z,
613_935_DF_DCCV_DIPL_OCCUP_REDD_2,IT1,1.0,Occupation CP2011,Professione CP2011,DCCV_DIPL_OCCUP_REDD,1.0,2023-09-18T08:23:49.508Z,
613_935_DF_DCCV_DIPL_OCCUP_REDD_3,IT1,1.0,Professional status and hours worked,Tipo di occupazione e ore di lavoro,DCCV_DIPL_OCCUP_REDD,1.0,2023-09-18T08:23:49.508Z,
613_935_DF_DCCV_DIPL_OCCUP_REDD_4,IT1,1.0,Sector of employement and economic activity,Settore d'impiego e attività economica,DCCV_DIPL_OCCUP_REDD,1.0,2023-09-18T08:23:49.508Z,
613_935_DF_DCCV_DIPL_OCCUP_REDD_5,IT1,1.0,Wage by diploma,Retribuzione e tipo di diploma,DCCV_DIPL_OCCUP_REDD,1.0,2023-09-18T08:23:49.508Z,
613_935_DF_DCCV_DIPL_OCCUP_REDD_6,IT1,1.0,Wage and type of employment,Retribuzione e tipo di occupazione,DCCV_DIPL_OCCUP_REDD,1.0,2023-09-18T08:23:49.508Z,
613_935_DF_DCCV_DIPL_OCCUP_REDD_7,IT1,1.0,High school degree usefulness,Utilità del diploma,DCCV_DIPL_OCCUP_REDD,1.0,2023-09-18T08:23:49.508Z,
613_935_DF_DCCV_DIPL_OCCUP_REDD_8,IT1,1.0,Job satisfaction (average values),Soddisfazione per il lavoro (punteggio medio),DCCV_DIPL_OCCUP_REDD,1.0,2023-09-18T08:23:49.508Z,
613_935_DF_DCCV_DIPL_OCCUP_REDD_9,IT1,1.0,Region and occupational status,Regione e condizione occupazionale,DCCV_DIPL_OCCUP_REDD,1.0,2023-09-18T08:23:49.508Z,
613_936,IT1,1.0,High school graduates - seeking a job,Diplomati - ricerca di lavoro,DCCV_DIPL_RIC,1.0,2023-03-17T13:13:41.586Z,
613_936_DF_DCCV_DIPL_RIC_1,IT1,1.0,Seeking a job and professional status,Ricerca di lavoro e occupazione attuale,DCCV_DIPL_RIC,1.0,03/15/2023 15:07:26,
613_936_DF_DCCV_DIPL_RIC_2,IT1,1.0,Seeking a job and place of residence,Ricerca di lavoro e regione di dimora abituale,DCCV_DIPL_RIC,1.0,03/15/2023 15:10:54,
613_936_DF_DCCV_DIPL_RIC_3,IT1,1.0,"Professional status, time and place of work desired","Occupazione, orario e luogo di lavoro desiderati",DCCV_DIPL_RIC,1.0,03/15/2023 15:14:17,
61_69,IT1,1.0,Published books,Opere librarie pubblicate,DCIS_PUBBLICATE3,1.0,2024-02-07T10:42:31.467Z,
61_69_DF_DCIS_PUBBLICATE3_1,IT1,1.0,Published books - Key data,Opere librarie pubblicate - Principali dati,DCIS_PUBBLICATE3,1.0,2025-07-07T10:34:01.852Z,
61_69_DF_DCIS_PUBBLICATE3_2,IT1,1.0,Price and printed copies,Prezzo e copie stampate,DCIS_PUBBLICATE3,1.0,2024-02-07T10:42:31.467Z,
669_1073,IT1,1.0,Environmental tax revenue 2014 version,Gettito delle imposte ambientali versione 2014,DCCN_IMPAMB1_B14,1.0,05/31/2022 15:53:36,METADATA_URL
669_1073_DF_DCCN_IMPAMB1_B14_1,IT1,1.0,Tax category - editions from December 2014 to October 2018,Categoria di imposta - edizioni dicembre 2014 - ottobre 2018,DCCN_IMPAMB1_B14190359,1.0,05/31/2022 15:53:36,METADATA_URL
669_1073_DF_DCCN_IMPAMB1_B14_2,IT1,1.0,Paying unit - editions from December 2014 to October 2018,Unità che corrisponde l'imposta - edizioni dicembre 2014 - ottobre 2018,DCCN_IMPAMB1_B1471548,1.0,05/31/2022 15:53:36,METADATA_URL
669_1073_DF_DCCN_IMPAMB1_B14_3,IT1,1.0,Taxes paid by economic activity - editions from December 2014 to October 2018,Gettito corrisposto dalle attività produttive - edizioni dicembre 2014 - ottobre 2018,DCCN_IMPAMB1_B14802327,1.0,05/31/2022 15:53:36,METADATA_URL
669_1073_DF_DCCN_IMPAMB1_B14_4,IT1,1.0,CEPA class - editions from December 2014 to October 2018,Classe CEPA - edizioni dicembre 2014 - ottobre 2018,DCCN_IMPAMB1_B14162486,1.0,05/31/2022 15:53:36,METADATA_URL
669_1073_DF_DCCN_IMPAMB1_B14_5,IT1,1.0,Use of the tax revenue - editions from December 2014 to October 2018,Destinazione del gettito - edizioni dicembre 2014 - ottobre 2018,DCCN_IMPAMB1_B14857079,1.0,05/31/2022 15:53:36,METADATA_URL
669_1080,IT1,1.0,NAMEA air emissions (NACE Rev. 2) 2014 version,Emissioni atmosferiche NAMEA (NACE Rev. 2) versione 2014,DCCN_CONTIEMATMREV2_B14,1.0,09/21/2021 07:21:19,METADATA_URL
669_1080_DF_DCCN_CONTIEMATMREV2_B14_1,IT1,1.0,Production activities - editions from November 2014 to November 2018,Attività produttive - edizioni novembre 2014 - novembre 2018,DCCN_CONTIEMATMREV2_B14,1.0,06/14/2022 11:15:40,METADATA_URL
669_1080_DF_DCCN_CONTIEMATMREV2_B14_2,IT1,1.0,Households - editions from November 2014 to November 2018,Famiglie - edizioni novembre 2014 - novembre 2018,DCCN_CONTIEMATMREV2_B14,1.0,06/14/2022 11:32:31,METADATA_URL
669_1080_DF_DCCN_CONTIEMATMREV2_B14_3,IT1,1.0,Bridging items between NAMEA total and UNFCCC/CLRTAP total - editions from November 2014 to November 2018,Raccordo tra totale NAMEA e totale UNFCCC/CLRTAP - edizioni novembre 2014 - novembre 2018,DCCN_CONTIEMATMREV2_B14,1.0,06/14/2022 12:02:20,METADATA_URL
669_1080_DF_DCCN_CONTIEMATMREV2_B14_4,IT1,1.0,Intensity of output and value added - editions from November 2014 to November 2018,Intensità della produzione e del valore aggiunto - edizioni novembre 2014 - novembre 2018,DCCN_CONTIEMATMREV2_B14,1.0,06/14/2022 12:16:22,METADATA_URL
669_1080_DF_DCCN_CONTIEMATMREV2_B14_5,IT1,1.0,Intensity of employment - editions from November 2014 to November 2018,Intensità dell'occupazione - edizioni novembre 2014 - novembre 2018,DCCN_CONTIEMATMREV2_B14,1.0,06/14/2022 12:24:31,METADATA_URL
669_1081,IT1,1.0,Physical energy flow accounts (PEFA) 2014 version,Conti dei flussi fisici di energia (PEFA) versione 2014,DCCN_PEFA_B14,1.0,09/22/2021 07:03:54,METADATA_URL
669_1081_DF_DCCN_PEFA_B14_1,IT1,1.0,Supply and use: scheme - December 2018 edition,"Risorse e impieghi, schema di sintesi - edizione dicembre 2018",DCCN_PEFA_B14,1.0,01/04/2022 20:39:24,METADATA_URL
669_1081_DF_DCCN_PEFA_B14_2,IT1,1.0,Supply by activity and energy flow - December 2018 edition,Risorse per attività e tipo di flusso - edizione dicembre 2018,DCCN_PEFA_B14,1.0,01/10/2022 18:31:17,METADATA_URL
669_1081_DF_DCCN_PEFA_B14_3,IT1,1.0,Use by activity and energy flow - December 2018 edition,Impieghi per attività e tipo di flusso - edizione dicembre 2018,DCCN_PEFA_B14,1.0,01/10/2022 19:00:19,METADATA_URL
669_1081_DF_DCCN_PEFA_B14_4,IT1,1.0,Emission-relevant use by activity and energy flow (related to fuel combustion) - December 2018 edition,Impieghi rilevanti per le emissioni atmosferiche (impieghi da combustione) - edizione dicembre 2018,DCCN_PEFA_B14,1.0,01/10/2022 19:22:57,METADATA_URL
669_1081_DF_DCCN_PEFA_B14_5,IT1,1.0,Vectors of key energy indicators - December 2018 edition,Vettori di indicatori chiave sui flussi di energia - edizione dicembre 2018,DCCN_PEFA_B14900055,1.0,01/10/2022 20:55:14,METADATA_URL
669_1081_DF_DCCN_PEFA_B14_6,IT1,1.0,Bridge table: energy consumption - December 2018 edition,Tavola di raccordo: consumo di energia - edizione dicembre 2018,DCCN_PEFA_B1412761,1.0,01/10/2022 21:30:18,METADATA_URL
669_1113,IT1,1.0,Environmental protection expenditure 2014 version,Spese per la protezione dell'ambiente versione 2014,DCCN_SPESAPROTAMB_B14,1.0,09/22/2021 07:59:35,METADATA_URL
669_1113_DF_DCCN_SPESAPROTAMB_B14_1,IT1,1.0,National expenditure - April 2018 and January 2019 editions,Spesa nazionale - edizioni aprile 2018 e gennaio 2019,DCCN_SPESAPROTAMB_B14484735,1.0,01/11/2022 20:21:04,METADATA_URL
669_1113_DF_DCCN_SPESAPROTAMB_B14_2,IT1,1.0,Economic aggregates by institutional sector - April 2018 and January 2019 editions,Aggregati economici per settore istituzionale - edizioni aprile 2018 e gennaio 2019,DCCN_SPESAPROTAMB_B14778706,1.0,01/11/2022 20:37:46,METADATA_URL
669_1113_DF_DCCN_SPESAPROTAMB_B14_3,IT1,1.0,Gross fixed capital formation and ancillary output of corporations as ancillary - April 2018 and January 2019 editions,Investimenti e produzione ausiliaria delle società come produttori ausiliari per attività economica - edizioni aprile 2018 e gennaio 2019,DCCN_SPESAPROTAMB_B14587516,1.0,01/11/2022 20:49:49,METADATA_URL
669_1116,IT1,1.0,National materials' use accounts 2014 version,Conti dei flussi di materia versione 2014,DCCN_FLUMAT_B14,1.0,05/24/2022 15:26:08,METADATA_URL
669_1116_DF_DCCN_FLUMAT_B14_1,IT1,1.0,Economy-wide material flow indicators - editions from January 2016 to February 2019,Indicatori aggregati - edizioni gennaio 2016 - febbraio 2019,DCCN_FLUMAT_B14663073,1.0,05/24/2022 15:26:08,METADATA_URL
669_1116_DF_DCCN_FLUMAT_B14_2,IT1,1.0,Domestic extraction of used materials (editions from January 2016 to February 2019),Estrazione interna di materiali utilizzati - edizioni gennaio 2016 - febbraio 2019,DCCN_FLUMAT_B14174910,1.0,05/24/2022 15:26:08,METADATA_URL
669_1116_DF_DCCN_FLUMAT_B14_3,IT1,1.0,Exchanges with the rest of the world - editions from January 2016 to February 2019,Scambi con il resto del mondo - edizioni gennaio 2016 - febbraio 2019,DCCN_FLUMAT_B14,1.0,05/24/2022 15:26:08,METADATA_URL
669_1119,IT1,1.0,Environmental goods and services accounts 2014 version,Conti dei beni e servizi ambientali versione 2014,DCCN_EGSS_B14,1.0,05/31/2022 15:58:40,METADATA_URL
669_1119_DF_DCCN_EGSS_B14_1,IT1,1.0,"Output, value added, exports - Februay 2019 edition","Produzione, valore aggiunto, esportazioni - edizione febbraio 2019",DCCN_EGSS_B14609003,1.0,05/31/2022 15:58:40,METADATA_URL
669_1119_DF_DCCN_EGSS_B14_2,IT1,1.0,"Employmenti, full time equivalent - Februay 2019 edition",Occupazione (unità di lavoro) - edizione febbraio 2019,DCCN_EGSS_B14702940,1.0,05/31/2022 15:58:40,METADATA_URL
669_964,IT1,1.0,Environmental tax revenue,Gettito delle imposte ambientali,DCCN_IMPAMB0,1.0,09/21/2021 07:33:14,METADATA_URL
669_967,IT1,1.0,NAMEA air emissions (NACE Rev. 2) 2011 version,Emissioni atmosferiche NAMEA (NACE Rev. 2) versione 2011,DCCN_CONTIEMATMREV1,1.0,08/24/2021 16:25:55,METADATA_URL
68_1220,IT1,1.0,Trips by arrangement,Viaggi e loro organizzazione,DCCV_VIAGGI_ORG,1.0,2026-07-08T07:37:45.146Z,
68_1220_DF_DCCV_VIAGGI_ORG_1,IT1,1.0,Accomodation booking,Prenotazione dell'alloggio,DCCV_VIAGGI_ORG,1.0,2026-07-08T07:37:45.146Z,
68_1220_DF_DCCV_VIAGGI_ORG_2,IT1,1.0,Accomodation booking,Prenotazione del trasporto,DCCV_VIAGGI_ORG,1.0,2026-07-08T07:37:45.146Z,
68_1220_DF_DCCV_VIAGGI_ORG_3,IT1,1.0,Internet booking,Prenotazione via internet,DCCV_VIAGGI_ORG,1.0,2026-07-08T07:37:45.146Z,
68_1220_DF_DCCV_VIAGGI_ORG_4,IT1,1.0,Accommodation booking via internet,Prenotazione dell'alloggio via internet,DCCV_VIAGGI_ORG,1.0,2026-07-08T07:37:45.146Z,
68_1220_DF_DCCV_VIAGGI_ORG_5,IT1,1.0,Transport booking via internet,Prenotazione del trasporto via internet,DCCV_VIAGGI_ORG,1.0,2026-07-08T07:37:45.146Z,
68_1221,IT1,1.0,Trips by purpose,Viaggi per motivo,DCCV_VIAGGI_CAPI_2,1.0,2026-07-08T07:33:44.509Z,
68_1221_DF_DCCV_VIAGGI_CAPI_2_1,IT1,1.0,Holidays,Vacanze,DCCV_VIAGGI_CAPI_2,1.0,2026-07-08T07:33:44.509Z,
68_1221_DF_DCCV_VIAGGI_CAPI_2_2,IT1,1.0,Holiday trips of 4 or more overnight stays,Vacanze di 4 notti e più,DCCV_VIAGGI_CAPI_2,1.0,2026-07-08T07:33:44.509Z,
68_1221_DF_DCCV_VIAGGI_CAPI_2_3,IT1,1.0,Holiday trips for pleasure/leisure - annual data,Vacanze di piacere/svago - dati annuali,DCCV_VIAGGI_CAPI_2,1.0,2026-07-08T07:33:44.509Z,
68_1221_DF_DCCV_VIAGGI_CAPI_2_4,IT1,1.0,Holiday trips for pleasure/leisure - quarterly data,Vacanze di piacere/svago - dati trimestrali,DCCV_VIAGGI_CAPI_2,1.0,2026-07-08T07:33:44.509Z,
68_1221_DF_DCCV_VIAGGI_CAPI_2_5,IT1,1.0,Holiday trips for pleasure/leisure by main destination,Vacanze di piacere/svago per luogo di destinazione,DCCV_VIAGGI_CAPI_2,1.0,2026-07-08T07:33:44.509Z,
68_1221_DF_DCCV_VIAGGI_CAPI_2_6,IT1,1.0,Holiday trips for pleasure/leisure by lenght,Vacanze di piacere /svago per durata,DCCV_VIAGGI_CAPI_2,1.0,2026-07-08T07:33:44.509Z,
68_1221_DF_DCCV_VIAGGI_CAPI_2_7,IT1,1.0,Business trips,Viaggi di lavoro,DCCV_VIAGGI_CAPI_2,1.0,2026-07-08T07:33:44.509Z,
68_1221_DF_DCCV_VIAGGI_CAPI_2_8,IT1,1.0,Cultural trips - quarterly data,Viaggi culturali - dati trimestrali,DCCV_VIAGGI_CAPI_2,1.0,2026-07-08T07:33:44.509Z,
68_1221_DF_DCCV_VIAGGI_CAPI_2_9,IT1,1.0,Cultural trips by type of activity,Viaggi culturali per tipo di attività,DCCV_VIAGGI_CAPI_2,1.0,2026-07-08T07:33:44.509Z,
68_161,IT1,1.0,Persons who went and didn't go on holiday,Persone andate e non andate in vacanza,DCCV_TURANN_NO_TURAN_CAPI,1.0,2026-07-07T12:25:27.618Z,
68_161_DF_DCCV_TURANN_NO_TURAN_CAPI_1,IT1,1.0,Persons aged 15 and over who didn't go on holiday,Persone di 15 anni e più non andate in vacanza,DCCV_TURANN_NO_TURAN_CAPI,1.0,2026-07-07T12:25:27.618Z,
68_161_DF_DCCV_TURANN_NO_TURAN_CAPI_2,IT1,1.0,Persons who went on holiday,Persone andate in vacanza,DCCV_TURANN_NO_TURAN_CAPI,1.0,2026-07-07T12:25:27.618Z,
68_265,IT1,1.0,Expenditure on tourism trips in rented accomodations,Spesa per viaggi in alloggi a pagamento,DCCV_VIAGGI_SPESE_CAPI,1.0,2026-07-08T07:43:50.543Z,
68_265_DF_DCCV_VIAGGI_SPESE_CAPI_1,IT1,1.0,Trips,Viaggi in totale,DCCV_VIAGGI_SPESE_CAPI,1.0,2026-07-08T07:43:50.543Z,
68_265_DF_DCCV_VIAGGI_SPESE_CAPI_2,IT1,1.0,Holidays,Vacanze,DCCV_VIAGGI_SPESE_CAPI,1.0,2026-07-08T07:43:50.543Z,
68_265_DF_DCCV_VIAGGI_SPESE_CAPI_3,IT1,1.0,Type of accomodation,Tipo di alloggio,DCCV_VIAGGI_SPESE_CAPI,1.0,2026-07-08T07:43:50.543Z,
68_338,IT1,1.0,Same-day visits,Visite in giornata (escursioni),DCCV_ESC_CAPI,1.0,2026-07-08T07:42:29.817Z,
68_338_DF_DCCV_ESC_CAPI_1,IT1,1.0,Quarterly data,Dati trimestrali,DCCV_ESC_CAPI,1.0,2026-07-08T07:42:29.817Z,
68_338_DF_DCCV_ESC_CAPI_2,IT1,1.0,Main purpose,Motivo prevalente,DCCV_ESC_CAPI,1.0,2026-07-08T07:42:29.817Z,
68_338_DF_DCCV_ESC_CAPI_3,IT1,1.0,Main means of transport,Mezzo di trasporto prevalente,DCCV_ESC_CAPI,1.0,2026-07-08T07:42:29.817Z,
68_338_DF_DCCV_ESC_CAPI_4,IT1,1.0,Region of destination,Regione di destinazione,DCCV_ESC_CAPI,1.0,2026-07-08T07:42:29.817Z,
68_356,IT1,1.0,Persons who made trips,Persone che hanno viaggiato,DCCV_TURISTI_CAPI,1.0,2026-07-29T12:44:57.440Z,
68_356_DF_DCCV_TURISTI_CAPI_1,IT1,1.0,Travelers for 100 residents,Viaggiatori per 100 residenti,DCCV_TURISTI_CAPI,1.0,2026-07-29T12:44:57.440Z,
68_356_DF_DCCV_TURISTI_CAPI_2,IT1,1.0,Gender,Sesso,DCCV_TURISTI_CAPI,1.0,2026-07-29T12:44:57.440Z,
68_356_DF_DCCV_TURISTI_CAPI_3,IT1,1.0,Gender and age class,Classe di età,DCCV_TURISTI_CAPI,1.0,2026-07-29T12:44:57.440Z,
68_356_DF_DCCV_TURISTI_CAPI_4,IT1,1.0,Professional status,Condizione professionale,DCCV_TURISTI_CAPI,1.0,2026-07-29T12:44:57.440Z,
68_356_DF_DCCV_TURISTI_CAPI_5,IT1,1.0,Destination,Destinazione,DCCV_TURISTI_CAPI,1.0,2026-07-29T12:44:57.440Z,
68_356_DF_DCCV_TURISTI_CAPI_6,IT1,1.0,Residence,Residenza,DCCV_TURISTI_CAPI,1.0,2026-07-29T12:44:57.440Z,
68_356_DF_DCCV_TURISTI_CAPI_7,IT1,1.0,For business travelers,Viaggiatori per lavoro,DCCV_TURISTI_CAPI,1.0,2026-07-29T12:44:57.440Z,
68_357,IT1,1.0,Overnight stays for trips,Pernottamenti in viaggio,DCCV_TURNOT_CAPI,1.0,2026-07-08T07:40:54.460Z,
68_357_DF_DCCV_TURNOT_CAPI_1,IT1,1.0,Overnight stays in Italy and region of destination,Pernottamenti in Italia e regione di destinazione,DCCV_TURNOT_CAPI,1.0,2026-07-08T07:40:54.460Z,
68_357_DF_DCCV_TURNOT_CAPI_2,IT1,1.0,Overnight stays abroad and country of destination,Pernottamenti all'estero e paese di destinazione,DCCV_TURNOT_CAPI,1.0,2026-07-08T07:40:54.460Z,
68_357_DF_DCCV_TURNOT_CAPI_3,IT1,1.0,Destination and type of trip,Destinazione e tipo di viaggio,DCCV_TURNOT_CAPI,1.0,2026-07-14T12:42:19.248Z,
68_357_DF_DCCV_TURNOT_CAPI_4,IT1,1.0,Gender and age class,Sesso e classe di età,DCCV_TURNOT_CAPI,1.0,2026-07-08T07:40:54.460Z,
68_357_DF_DCCV_TURNOT_CAPI_5,IT1,1.0,Professional status,Condizione professionale,DCCV_TURNOT_CAPI,1.0,2026-07-08T07:40:54.460Z,
68_357_DF_DCCV_TURNOT_CAPI_6,IT1,1.0,Destination and residence,Destinazione e residenza,DCCV_TURNOT_CAPI,1.0,2026-07-08T07:40:54.460Z,
68_357_DF_DCCV_TURNOT_CAPI_7,IT1,1.0,Destination and type of accommodation,Destinazione e tipo di alloggio,DCCV_TURNOT_CAPI,1.0,2026-07-14T13:18:34.434Z,
68_357_DF_DCCV_TURNOT_CAPI_8,IT1,1.0,Average number of overnight stays for trips,N. medio notti in viaggio,DCCV_TURNOT_CAPI,1.0,2026-07-08T07:40:54.460Z,
68_357_DF_DCCV_TURNOT_CAPI_9,IT1,1.0,"Vacation nights for 1,000 residents (daily averages)",Notti di vacanza per 1.000 residenti (medie giornaliere),DCCV_TURNOT_CAPI,1.0,2026-07-08T07:40:54.460Z,
68_359,IT1,1.0,Trips by characteristics of the tourist,Viaggi per caratteristiche del viaggiatore,DCCV_VIAGGI_RES,1.0,2023-09-12T14:00:23.806Z,
68_359_DF_DCCV_VIAGGI_RES_1,IT1,1.0,"Trips by gender, age group and type of trip. Absolute values (in thousands) - National Data","Viaggi per sesso, classe di età della persona che ha viaggiato e tipologia del viaggio. Dati assoluti (in migliaia) - Livello Nazionale",DCCV_VIAGGI_RES,1.0,2023-09-12T14:00:23.806Z,
68_359_DF_DCCV_VIAGGI_RES_10,IT1,1.0,Trips by gender and type of trip. Percentage values on trips of the same type - National Data,Viaggi per sesso e tipologia del viaggio. Dati percentuali sul totale dei viaggi dello stesso tipo - Livello Nazionale,DCCV_VIAGGI_RES,1.0,2023-09-12T14:00:23.806Z,
68_359_DF_DCCV_VIAGGI_RES_11,IT1,1.0,Trips by age group and type of trip. Percentage values on trips of the same type - National Data,Viaggi per classe di età e tipologia del viaggio. Dati percentuali sul totale dei viaggi dello stesso tipo - Livello Nazionale,DCCV_VIAGGI_RES,1.0,2023-09-12T14:00:23.806Z,
68_359_DF_DCCV_VIAGGI_RES_12,IT1,1.0,Trips by type of trip and origin. Percentage values on trips of the same type - Sub National Data,Viaggi per tipologia del viaggio e residenza della persona che ha viaggiato. Dati percentuali sul totale dei viaggi dello stesso tipo - Livello Ripartizionale,DCCV_VIAGGI_RES,1.0,2023-09-12T14:00:23.806Z,
68_359_DF_DCCV_VIAGGI_RES_13,IT1,1.0,"Trips by type of trip, origin e destination. Percentage values on trips of the same type and with the same destination - Sub National Data","Viaggi per tipologia del viaggio, residenza della persona che ha viaggiato e destinazione. Dati percentuali sul totale dei viaggi dello stesso tipo e con la stessa destinazione - Livello Ripartizionale",DCCV_VIAGGI_RES,1.0,2023-09-12T14:00:23.806Z,
68_359_DF_DCCV_VIAGGI_RES_14,IT1,1.0,"Trips by gender, age group and type of trip. Percentage values on trips of the same type made by people with same characteristics - National Data","Viaggi per sesso, classe di età e tipologia del viaggio. Dati percentuali sul totale dei viaggi dello stesso tipo effettuati da persone con le stesse caratteristiche - Livello Nazionale",DCCV_VIAGGI_RES,1.0,2023-09-12T14:00:23.806Z,
68_359_DF_DCCV_VIAGGI_RES_15,IT1,1.0,Trips by destination and type of trip. Percentage values on trips of the same type made by people with the same origin - Sub National Data,Viaggi per destinazione e tipologia del viaggio. Dati percentuali sul totale dei viaggi dello stesso tipo e con la stessa area geografica di provenienza della persona che ha viaggiato - Livello Ripartizionale,DCCV_VIAGGI_RES,1.0,2023-09-12T14:00:23.806Z,
68_359_DF_DCCV_VIAGGI_RES_16,IT1,1.0,Trips made by residend aged 15 and over by employment status and type of trip. Percentage values on trips of the same type - National Data,Viaggi delle persone di 15 anni e più per condizione e posizione nella professione della persona che ha viaggiato e tipologia del viaggio. Dati percentuali sul totale dei viaggi dello stesso tipo - Livello Nazionale,DCCV_VIAGGI_RES,1.0,2023-09-12T14:00:23.806Z,
68_359_DF_DCCV_VIAGGI_RES_17,IT1,1.0,"Holidays by duration, main means of transport and origin. Percentage values on holiday trips of the same duration and with the same origin of person who made holiday - Sub National Data","Viaggi di vacanza per durata della vacanza, principale mezzo di trasporto e residenza della persona che ha viaggiato. Dati percentuali sul totale delle vacanze della stessa durata e area geografica di provenienza della persona che ha viaggiato - Livello Ripartizionale",DCCV_VIAGGI_RES,1.0,2023-09-12T14:00:23.806Z,
68_359_DF_DCCV_VIAGGI_RES_18,IT1,1.0,"Holidays by duration, main accomodation and origin. Percentage values on holiday trips of the same duration and with the same origin of person who made holiday - Sub National Data","Viaggi di vacanza per durata della vacanza, principale alloggio e residenza della persona che ha viaggiato. Dati percentuali sul totale delle vacanze della stessa durata e area geografica di provenienza della persona che ha viaggiato - Livello ripartizionale",DCCV_VIAGGI_RES,1.0,2023-09-12T14:00:23.806Z,
68_359_DF_DCCV_VIAGGI_RES_2,IT1,1.0,Trips by origin and type of trip. Absolute values (in thousands) - Sub National Data,Viaggi per residenza della persona che ha viaggiato e tipologia del viaggio. Dati assoluti (in migliaia) - Livello Ripartizionale,DCCV_VIAGGI_RES,1.0,2023-09-12T14:00:23.806Z,
68_359_DF_DCCV_VIAGGI_RES_3,IT1,1.0,"Trips by type of trip, origin e destination. Absolute values (in thousands) - Sub National Data","Viaggi per tipologia del viaggio, residenza della persona che ha viaggiato e destinazione. Dati assoluti (in migliaia) - Livello Ripartizionale",DCCV_VIAGGI_RES,1.0,2023-09-12T14:00:23.806Z,
68_359_DF_DCCV_VIAGGI_RES_4,IT1,1.0,Trips by origin and type of trip. Absolute values (in thousands) - Type of municipality,Viaggi per residenza della persona che ha viaggiato e tipologia del viaggio. Dati assoluti (in migliaia) - Tipologia comunale,DCCV_VIAGGI_RES,1.0,2023-09-12T14:00:23.806Z,
68_359_DF_DCCV_VIAGGI_RES_5,IT1,1.0,Trips made by residend aged 15 and over by employment status and type of trip. Absolute values (in thousands) - National Data,Viaggi delle persone di 15 anni e più per condizione e posizione nella professione della persona che ha viaggiato e tipologia del viaggio. Dati assoluti (in migliaia) - Livello Nazionale,DCCV_VIAGGI_RES,1.0,2023-09-12T14:00:23.806Z,
68_359_DF_DCCV_VIAGGI_RES_6,IT1,1.0,"Holidays by duration, main means of transport and origin. Absolute values (in thousands) - Sub National Data","Viaggi di vacanza per durata della vacanza, principale mezzo di trasporto e residenza della persona che ha viaggiato. Dati assoluti (in migliaia) - Livello Ripartizionale",DCCV_VIAGGI_RES,1.0,2023-09-12T14:00:23.806Z,
68_359_DF_DCCV_VIAGGI_RES_7,IT1,1.0,"Holidays by duration, main accomodation and origin. Absolute values (in thousands) - Sub National Data","Viaggi di vacanza per durata della vacanza, principale tipo di alloggio e residenza della persona che ha viaggiato. Dati assoluti (in migliaia) - Livello Ripartizionale",DCCV_VIAGGI_RES,1.0,2023-09-12T14:00:23.806Z,
68_359_DF_DCCV_VIAGGI_RES_8,IT1,1.0,Trips by origin and type of trip. Percentage values on trips with the same origin of person who made trip - Sub National Data,Viaggi per residenza della persona che ha viaggiato e tipologia del viaggio. Dati percentuali sul totale dei viaggi con la stessa area di provenienza della persona che ha viaggiato - Livello Ripartizionale,DCCV_VIAGGI_RES,1.0,2023-09-12T14:00:23.806Z,
68_359_DF_DCCV_VIAGGI_RES_9,IT1,1.0,Trips by origin and type of trip. Percentage values on trips with the same origin of person who made trip- Type of municipality,Viaggi per residenza della persona che ha viaggiato e tipologia del viaggio. Dati percentuali sul totale dei viaggi con la stessa area di provenienza della persona che ha viaggiato - Tipologia comunale,DCCV_VIAGGI_RES,1.0,2023-09-12T14:00:23.806Z,
68_365,IT1,1.0,Trips by purpose,Viaggi per motivo del viaggio,DCCV_VIAGGI,1.0,2023-09-11T09:58:52.575Z,
68_365_DF_DCCV_VIAGGI_1,IT1,1.0,Holiday trips by main purpose and duration. Absolute values (in thousands) - National Data,Vacanze per motivo prevalente e durata. Dati assoluti (in migliaia) - Livello Nazionale,DCCV_VIAGGI,1.0,2023-09-11T09:58:52.575Z,
68_365_DF_DCCV_VIAGGI_10,IT1,1.0,Holidays trips for main purpose,Vacanze per motivo prevalente,DCCV_VIAGGI,1.0,2023-09-11T09:58:52.575Z,
68_365_DF_DCCV_VIAGGI_11,IT1,1.0,Holiday trips of 4 or more overnight stays,Vacanze di 4 notti e più,DCCV_VIAGGI,1.0,2023-09-11T09:58:52.575Z,
68_365_DF_DCCV_VIAGGI_12,IT1,1.0,Holiday trips for pleasure (until 2012),Vacanze di piacere (fino al 2012),DCCV_VIAGGI,1.0,2023-09-11T09:58:52.575Z,
68_365_DF_DCCV_VIAGGI_13,IT1,1.0,Holiday trips for pleasure and destination (v.p. from 2013),Vacanze di piacere per destinazione (v.p. dal 2013),DCCV_VIAGGI,1.0,2023-09-11T09:58:52.575Z,
68_365_DF_DCCV_VIAGGI_14,IT1,1.0,Business trips by main purpose,Viaggi di lavoro per motivo prevalente,DCCV_VIAGGI,1.0,2023-09-11T09:58:52.575Z,
68_365_DF_DCCV_VIAGGI_2,IT1,1.0,Holiday trips by main purpose and duration. Percentage values on holiday trips with the same duration- National Data,Vacanze per motivo prevalente e durata. Dati percentuali sul totale delle vacanze della stessa durata - Livello Nazionale,DCCV_VIAGGI,1.0,2023-09-11T09:58:52.575Z,
68_365_DF_DCCV_VIAGGI_3,IT1,1.0,Holiday trips of 4 or more overnight stays by quarter and duration. Absolute values (in thousands) - National Data,Vacanze di 4 notti e più per trimestre e classe di durata. Dati assoluti (in migliaia) - Livello Nazionale,DCCV_VIAGGI,1.0,2023-09-11T09:58:52.575Z,
68_365_DF_DCCV_VIAGGI_4,IT1,1.0,Holiday trips of 4 or more overnight stays by quarter and duration. Percentage values on holiday trips of 4 or more overnight stays made during the reporting,Vacanze di 4 notti e più per trimestre e classe di durata. Dati percentuali sul totale delle vacanze di 4 e più notti nel periodo di riferimento - Livello Nazionale,DCCV_VIAGGI,1.0,2023-09-11T09:58:52.575Z,
68_365_DF_DCCV_VIAGGI_5,IT1,1.0,Holiday trips for pleasure/leisure by type of holiday and duration - Absolute values (in thousands) - National Data,Vacanze di piacere/svago per tipo di vacanza e durata. Dati assoluti (in migliaia) - Livello Nazionale,DCCV_VIAGGI,1.0,2023-09-11T09:58:52.575Z,
68_365_DF_DCCV_VIAGGI_6,IT1,1.0,Holiday trips for pleasure/leisure by type of holiday and duration - Percentage values on holiday trips with the same duration - National Data,Vacanze di piacere/svago per tipo di vacanza e durata. Dati percentuali sul totale delle vacanze della stessa durata - Livello Nazionale,DCCV_VIAGGI,1.0,2023-09-11T09:58:52.575Z,
68_365_DF_DCCV_VIAGGI_7,IT1,1.0,Holiday trips for pleasure/leisure by type of destination-share per 100 trips with the same destination - National Data,Viaggi di piacere/svago per tipo di luogo e destinazione principale. Dati per 100 viaggi nella stessa destinazione - Livello Nazionale,DCCV_VIAGGI,1.0,2023-09-11T09:58:52.575Z,
68_365_DF_DCCV_VIAGGI_8,IT1,1.0,Business trips by main purpose. Absolute values (in thousands) - National Data,Viaggi di lavoro per motivo prevalente. Dati assoluti (in migliaia) - Livello Nazionale,DCCV_VIAGGI,1.0,2023-09-11T09:58:52.575Z,
68_365_DF_DCCV_VIAGGI_9,IT1,1.0,Business trips by main purpose. Percentage values on business trips - National Data,Viaggi di lavoro per motivo prevalente. Dati percentuali sul totale dei viaggi di lavoro - Livello Nazionale,DCCV_VIAGGI,1.0,2023-09-11T09:58:52.575Z,
68_370,IT1,1.0,Persons not participating in holidays (quarterly data),Persone che non hanno viaggiato per vacanza (dati trimestrali),DCCV_NON_TURISTI,1.0,03/24/2023 11:27:10,
68_370_DF_DCCV_NON_TURISTI_1,IT1,1.0,Persons not participating in holidays by main reason and quarter. Absolute values (in thousands) - National Data,Persone che non hanno viaggiato per vacanza per motivo prevalente e trimestre. Dati assoluti (in migliaia) - Livello nazionale,DCCV_NON_TURISTI,1.0,03/24/2023 11:29:55,
68_370_DF_DCCV_NON_TURISTI_2,IT1,1.0,Persons not participating in holidays by main reason and quarter.-Percentage compositions - National Data,Persone che non hanno viaggiato per vacanza per motivo prevalente e trimestre. Dati percentuali - Livello nazionale,DCCV_NON_TURISTI,1.0,03/24/2023 11:31:57,
68_370_DF_DCCV_NON_TURISTI_3,IT1,1.0,Main reasons,Motivo prevalente,DCCV_NON_TURISTI,1.0,03/24/2023 11:34:54,
68_371,IT1,1.0,Persons who made trips (quarterly data),Persone che hanno viaggiato (dati trimestrali),DCCV_TURISTI,1.0,2023-09-08T14:07:52.782Z,
68_371_DF_DCCV_TURISTI_1,IT1,1.0,"Persons who made trips by type of trip, destination and quarter. Absolute values (in thousands) - National Data","Persone che hanno viaggiato per tipologia del viaggio, destinazione e trimestre. Dati assoluti (in migliaia) - Livello Nazionale",DCCV_TURISTI,1.0,2023-09-08T14:07:52.782Z,
68_371_DF_DCCV_TURISTI_10,IT1,1.0,Employed aged 15 and over who made business trips by quarter. Absolute values (in thousands) - Sub National Data,Occupati di 15 anni e più che hanno viaggiato per lavoro per trimestre. Dati assoluti (in migliaia) - Livello ripartizionale,DCCV_TURISTI,1.0,2023-09-08T14:07:52.782Z,
68_371_DF_DCCV_TURISTI_11,IT1,1.0,Employed aged 15 and over who made business trips by gender and quarter. Share per 100 inhabitans with the same characteristics - National Data,Occupati di 15 anni e più che hanno viaggiato per lavoro per sesso e trimestre. Dati per 100 abitanti con le stesse caratteristiche - Livello Nazionale,DCCV_TURISTI,1.0,2023-09-08T14:07:52.782Z,
68_371_DF_DCCV_TURISTI_12,IT1,1.0,Employed aged 15 and over who made business trips by quarter. Share per 100 inhabitans with the same characteristics- Sub National Data,Occupati di 15 anni e più che hanno viaggiato per lavoro per trimestre. Dati per 100 abitanti con le stesse caratteristiche - Livello ripartizionale,DCCV_TURISTI,1.0,2023-09-08T14:07:52.782Z,
68_371_DF_DCCV_TURISTI_13,IT1,1.0,"Persons aged 15 and over who made trips by type of trip, employment situation and quarter. Absolute values (in thousands) - National Data","Persone di 15 anni e più che hanno viaggiato per tipologia del viaggio, condizione professionale e trimestre. Dati assoluti (in migliaia) - Livello Nazionale",DCCV_TURISTI,1.0,2023-09-08T14:07:52.782Z,
68_371_DF_DCCV_TURISTI_14,IT1,1.0,"Persons aged 15 and over who made trips by type of trip, employment situation and quarter. Share per 100 inhabitants with the same characteristics - National Data","Persone di 15 anni e più che hanno viaggiato per tipologia del viaggio, condizione professionale e trimestre. Dati per 100 abitanti con le stesse caratteristiche - Livello Nazionale",DCCV_TURISTI,1.0,2023-09-08T14:07:52.782Z,
68_371_DF_DCCV_TURISTI_15,IT1,1.0,Persons who made trips. Average value of the 4 quarters. Share per 100 inhabitants - Sub National Data,Persone che hanno viaggiato. Media annuale. Dati per 100 abitanti - Livello ripartizionale,DCCV_TURISTI,1.0,2023-09-08T14:07:52.782Z,
68_371_DF_DCCV_TURISTI_16,IT1,1.0,Employed aged 15 and over who made business trips. Average value of the 4 quarters. Absolute values (in thousands) - Sub National Data,Persone di 15 anni e più occupate che hanno viaggiato per lavoro. Media annuale. Dati assoluti (in migliaia) - Livello ripartizionale,DCCV_TURISTI,1.0,2023-09-08T14:07:52.782Z,
68_371_DF_DCCV_TURISTI_17,IT1,1.0,Employed aged 15 and over who made business trips. Average value of the 4 quarters. Share per 100 inhabitans with the same characteristics - Sub National Data,Persone di 15 anni e più occupate che hanno viaggiato per lavoro. Media annuale. Dati per 100 abitanti con le stesse caratteristiche - Livello ripartizionale,DCCV_TURISTI,1.0,2023-09-08T14:07:52.782Z,
68_371_DF_DCCV_TURISTI_18,IT1,1.0,Type of trip and destination,Tipologia del viaggio e destinazione,DCCV_TURISTI,1.0,2023-09-08T14:07:52.782Z,
68_371_DF_DCCV_TURISTI_19,IT1,1.0,Type of trip and gender,Tipologia del viaggio e sesso,DCCV_TURISTI,1.0,2023-09-08T14:07:52.782Z,
68_371_DF_DCCV_TURISTI_2,IT1,1.0,"Persons who made trips by type of trip, gender and quarter. Absolute values (in thousands) - National Data","Persone che hanno viaggiato per tipologia del viaggio, sesso e trimestre. Dati assoluti (in migliaia) - Livello Nazionale",DCCV_TURISTI,1.0,2023-09-08T14:07:52.782Z,
68_371_DF_DCCV_TURISTI_20,IT1,1.0,Type of trip and age group,Tipologia del viaggio e classe di età,DCCV_TURISTI,1.0,2023-09-08T14:07:52.782Z,
68_371_DF_DCCV_TURISTI_21,IT1,1.0,Type of trip and employment situation,Tipologia del viaggio e condizione professionale,DCCV_TURISTI,1.0,2023-09-08T14:07:52.782Z,
68_371_DF_DCCV_TURISTI_22,IT1,1.0,Sub National Data,Livello ripartizionale,DCCV_TURISTI,1.0,2023-09-08T14:07:52.782Z,
68_371_DF_DCCV_TURISTI_23,IT1,1.0,Average value,Valori medi,DCCV_TURISTI,1.0,2023-09-08T14:07:52.782Z,
68_371_DF_DCCV_TURISTI_24,IT1,1.0,Gender,Sesso,DCCV_TURISTI,1.0,2023-09-08T14:07:52.782Z,
68_371_DF_DCCV_TURISTI_25,IT1,1.0,Sub National Data,Livello ripartizionale,DCCV_TURISTI,1.0,2023-09-08T14:07:52.782Z,
68_371_DF_DCCV_TURISTI_26,IT1,1.0,Average values,Valori medi,DCCV_TURISTI,1.0,2023-09-08T14:07:52.782Z,
68_371_DF_DCCV_TURISTI_3,IT1,1.0,"Persons who made trips by type of trip, age group and quarter. Absolute values (in thousands) - National Data","Persone che hanno viaggiato per tipologia del viaggio, classe di età e trimestre. Dati assoluti (in migliaia) - Livello Nazionale",DCCV_TURISTI,1.0,2023-09-08T14:07:52.782Z,
68_371_DF_DCCV_TURISTI_4,IT1,1.0,Persons who made trips by type of trip and quarter. Absolute values (in thousands) - Sub National Data,Persone che hanno viaggiato per tipologia del viaggio e trimestre. Dati assoluti (in migliaia) - Livello ripartizionale,DCCV_TURISTI,1.0,2023-09-08T14:07:52.782Z,
68_371_DF_DCCV_TURISTI_5,IT1,1.0,"Persons who made trips by type of trip, destination and quarter. Share per 100 inhabitants - National Data","Persone che hanno viaggiato per tipologia del viaggio, destinazione e trimestre. Dati per 100 abitanti - Livello nazionale",DCCV_TURISTI,1.0,2023-09-08T14:07:52.782Z,
68_371_DF_DCCV_TURISTI_6,IT1,1.0,Persons who made trips by type of trip and quarter. Share per 100 inhabitants - Sub National Data,Persone che hanno viaggiato per tipologia del viaggio e trimestre - Dati per 100 abitanti - Livello ripartizionale,DCCV_TURISTI,1.0,2023-09-08T14:07:52.782Z,
68_371_DF_DCCV_TURISTI_7,IT1,1.0,"Persons who made trips by type of trip, gender and quarter. Share per 100 inhabitants with the same characteristics - National Data","Persone che hanno viaggiato per tipologia del viaggio, sesso e trimestre. Dati per 100 abitanti con le stesse caratteristiche - Livello Nazionale",DCCV_TURISTI,1.0,2023-09-08T14:07:52.782Z,
68_371_DF_DCCV_TURISTI_8,IT1,1.0,"Persons who made trips by type of trip, age group and quarter. Share per 100 inhabitants with the same characteristics - National Data","Persone che hanno viaggiato per tipologia del viaggio, classe di età e trimestre. Dati per 100 abitanti con le stesse caratteristiche - Livello Nazionale",DCCV_TURISTI,1.0,2023-09-08T14:07:52.782Z,
68_371_DF_DCCV_TURISTI_9,IT1,1.0,Employed aged 15 and over who made business trips by gender and quarter. Absolute values (in thousands) - National Data,Occupati di 15 anni e più che hanno viaggiato per lavoro per sesso e trimestre. Dati assoluti (in migliaia) - Livello Nazionale,DCCV_TURISTI,1.0,2023-09-08T14:07:52.782Z,
68_380,IT1,1.0,Trips by characteristics of the trip,Viaggi per caratteristiche del viaggio,DCCV_VIAGGI_CHARACT,1.0,2023-09-11T15:23:42.534Z,
68_380_DF_DCCV_VIAGGI_CHARACT_1,IT1,1.0,"Trips by quarter, main destination and type of trip. Absolute values (in thousands) - National Data","Viaggi per trimestre, destinazione principale e tipologia del viaggio. Dati assoluti (in migliaia) - Livello Nazionale",DCCV_VIAGGI_CHARACT,1.0,2023-09-11T15:23:42.534Z,
68_380_DF_DCCV_VIAGGI_CHARACT_10,IT1,1.0,Holidays and Business Trips by main destination and main accomodation. Absolute values (in thousands) - National Data,Viaggi di vacanza e di lavoro per destinazione principale e alloggio prevalente. Dati assoluti (in migliaia) - Livello Nazionale,DCCV_VIAGGI_CHARACT,1.0,2023-09-11T15:23:42.534Z,
68_380_DF_DCCV_VIAGGI_CHARACT_11,IT1,1.0,Trips by quarter and type of trip. Percentage values on trips made during the reporting period - National Data,Viaggi per trimestre e tipologia del viaggio. Dati percentuali sul totale dei viaggi effettuati nello stesso periodo- Livello Nazionale,DCCV_VIAGGI_CHARACT,1.0,2023-09-11T15:23:42.534Z,
68_380_DF_DCCV_VIAGGI_CHARACT_12,IT1,1.0,Trips by main destination and organization. Percentage values on trips with the same destination - National Data,Viaggi per destinazione principale e organizzazione. Dati percentuali sul totale dei viaggi con la stessa destinazione - Livello Nazionale,DCCV_VIAGGI_CHARACT,1.0,2023-09-11T15:23:42.534Z,
68_380_DF_DCCV_VIAGGI_CHARACT_13,IT1,1.0,"Trips by starting year, month and type of trip. Percentage values on trips of the same type - National Data","Viaggi per anno, mese di inizio e tipologia del viaggio. Dati percentuali sul totale dei viaggi dello stesso tipo - Livello Nazionale",DCCV_VIAGGI_CHARACT,1.0,2023-09-11T15:23:42.534Z,
68_380_DF_DCCV_VIAGGI_CHARACT_14,IT1,1.0,Trips by main destination and type of trip. Percentage values on trips of the same type - National Data,Viaggi per destinazione principale e tipologia del viaggio. Dati percentuali sul totale dei viaggi dello stesso tipo - Livello Nazionale,DCCV_VIAGGI_CHARACT,1.0,2023-09-11T15:23:42.534Z,
68_380_DF_DCCV_VIAGGI_CHARACT_15,IT1,1.0,Trips by organization of accomodation and type of trip. Percentage values on trips of the same type - National Data,Viaggi per organizzazione dell'alloggio e tipologia del viaggio. Dati percentuali sul totale dei viaggi dello stesso tipo - Livello Nazionale,DCCV_VIAGGI_CHARACT,1.0,2023-09-11T15:23:42.534Z,
68_380_DF_DCCV_VIAGGI_CHARACT_16,IT1,1.0,Trips by organization of transport and type of trip. Percentage values on trips of the same type - National Data,Viaggi per organizzazione del trasporto e tipologia del viaggio. Dati percentuali sul totale dei viaggi dello stesso tipo - Livello Nazionale,DCCV_VIAGGI_CHARACT,1.0,2023-09-11T15:23:42.534Z,
68_380_DF_DCCV_VIAGGI_CHARACT_17,IT1,1.0,Trips with accommodation and transport booked via Internet by type of trip. Percentage values on trips of the same type - National Data,Viaggi con prenotazione tramite internet per tipologia del viaggio. Dati percentuali sul totale dei viaggi dello stesso tipo - Livello Nazionale,DCCV_VIAGGI_CHARACT,1.0,2023-09-11T15:23:42.534Z,
68_380_DF_DCCV_VIAGGI_CHARACT_18,IT1,1.0,"Trips by main destination, organization and type of trip. Percentage values on trips of the same type and with the same destination - National Data","Viaggi per destinazione principale, organizzazione e tipologia del viaggio. Dati percentuali sul totale dei viaggi dello stesso tipo e con la stessa destinazione - Livello Nazionale",DCCV_VIAGGI_CHARACT,1.0,2023-09-11T15:23:42.534Z,
68_380_DF_DCCV_VIAGGI_CHARACT_19,IT1,1.0,Holidays and Business Trips by main destination and main means of transport. Percentage values on trips of the same type and with the same destination - National Data,"Viaggi di vacanza e di lavoro per destinazione principale, principale mezzo di trasporto. Dati percentuali sul totale dei viaggi dello stesso tipo e con la stessa destinazione - Livello Nazionale",DCCV_VIAGGI_CHARACT,1.0,2023-09-11T15:23:42.534Z,
68_380_DF_DCCV_VIAGGI_CHARACT_2,IT1,1.0,"Trips by starting year, month and type of trip. Absolute values (in thousands) - National Data","Viaggi per anno, mese di inizio e tipologia del viaggio. Dati assoluti (in migliaia) - Livello Nazionale",DCCV_VIAGGI_CHARACT,1.0,2023-09-11T15:23:42.534Z,
68_380_DF_DCCV_VIAGGI_CHARACT_20,IT1,1.0,Holidays and Business Trips by main destination and main accomodation. Percentage values on trips of the same type and with the same destination - National Data,Viaggi di vacanza e di lavoro per destinazione principale e alloggio prevalente. Dati percentuali sul totale dei viaggi dello stesso tipo e con la stessa destinazione - Livello Nazionale,DCCV_VIAGGI_CHARACT,1.0,2023-09-11T15:23:42.534Z,
68_380_DF_DCCV_VIAGGI_CHARACT_21,IT1,1.0,Trips abroad by country of destination and type of trip. Absolute values (in thousands) - National Data,Viaggi all'estero per paese di destinazione e tipologia del viaggio. Dati assoluti (in migliaia) - Livello Nazionale,DCCV_VIAGGI_CHARACT,1.0,2023-09-11T15:23:42.534Z,
68_380_DF_DCCV_VIAGGI_CHARACT_22,IT1,1.0,Trips abroad by country of destination and type of trip. Percentage values on trips abroad of the same type - National Data,Viaggi all'estero per paese di destinazione e tipologia del viaggio.. Dati percentuali sul totale dei viaggi all'estero dello stesso tipo - Livello Nazionale,DCCV_VIAGGI_CHARACT,1.0,2023-09-11T15:23:42.534Z,
68_380_DF_DCCV_VIAGGI_CHARACT_23,IT1,1.0,Trips in Italy by region of destination and type of trip. Absolute values (in thousands) - National Data,Viaggi in Italia per regione di destinazione e tipologia del viaggio. Dati assoluti (in migliaia) - Livello Nazionale,DCCV_VIAGGI_CHARACT,1.0,2023-09-11T15:23:42.534Z,
68_380_DF_DCCV_VIAGGI_CHARACT_24,IT1,1.0,Trips abroad by region of destination and type of trip. Percentage values on trips in Italy of the same type - National Data,Viaggi in Italia per regione di destinazione e tipologia del viaggio. Dati percentuali sul totale dei viaggi in Italia dello stesso tipo - Livello Nazionale,DCCV_VIAGGI_CHARACT,1.0,2023-09-11T15:23:42.534Z,
68_380_DF_DCCV_VIAGGI_CHARACT_25,IT1,1.0,Average trip per capita by geographical area,Viaggi medi procapite per ripartizione geografica,DCCV_VIAGGI_CHARACT,1.0,2023-09-11T15:23:42.534Z,
68_380_DF_DCCV_VIAGGI_CHARACT_3,IT1,1.0,Trips by main destination and type of trip. Absolute values (in thousands) - National Data,Viaggi per destinazione principale e tipologia del viaggio. Dati assoluti (in migliaia) - Livello Nazionale,DCCV_VIAGGI_CHARACT,1.0,2023-09-11T15:23:42.534Z,
68_380_DF_DCCV_VIAGGI_CHARACT_4,IT1,1.0,"Trips by main destination, organization and type of trip. Absolute values (in thousands) - National Data","Viaggi per destinazione principale, organizzazione e tipologia del viaggio. Dati assoluti (in migliaia) - Livello Nazionale",DCCV_VIAGGI_CHARACT,1.0,2023-09-11T15:23:42.534Z,
68_380_DF_DCCV_VIAGGI_CHARACT_5,IT1,1.0,Trips by main destination and organization. Absolute values (in thousands) - National Data,Viaggi per destinazione principale e organizzazione. Dati assoluti (in migliaia) - Livello Nazionale,DCCV_VIAGGI_CHARACT,1.0,2023-09-11T15:23:42.534Z,
68_380_DF_DCCV_VIAGGI_CHARACT_6,IT1,1.0,Trips by organization of accomodation and type of trip. Absolute values (in thousands) - National Data,Viaggi per organizzazione dell'alloggio e tipologia del viaggio. Dati assoluti (in migliaia) - Livello Nazionale,DCCV_VIAGGI_CHARACT,1.0,2023-09-11T15:23:42.534Z,
68_380_DF_DCCV_VIAGGI_CHARACT_7,IT1,1.0,Trips by organization of transport and type of trip. Absolute values (in thousands) - National Data,Viaggi per organizzazione del trasporto e tipologia del viaggio. Dati assoluti (in migliaia) - Livello Nazionale,DCCV_VIAGGI_CHARACT,1.0,2023-09-11T15:23:42.534Z,
68_380_DF_DCCV_VIAGGI_CHARACT_8,IT1,1.0,Trips with accommodation and transport booked via Internet by type of trip. Absolute values (in thousands) - National Data,Viaggi con prenotazione tramite internet per tipologia del viaggio. Dati assoluti (in migliaia) - Livello Nazionale,DCCV_VIAGGI_CHARACT,1.0,2023-09-11T15:23:42.534Z,
68_380_DF_DCCV_VIAGGI_CHARACT_9,IT1,1.0,Holidays and Business Trips by main destination and main means of transport. Absolute values (in thousands) - National Data,"Viaggi di vacanza e di lavoro per destinazione principale, principale mezzo di trasporto. Dati assoluti (in migliaia) - Livello Nazionale",DCCV_VIAGGI_CHARACT,1.0,2023-09-11T15:23:42.534Z,
68_381,IT1,1.0,Overnight stays for trips,Pernottamenti in viaggio,DCCV_TURNOT,1.0,2023-09-11T08:04:24.098Z,
68_381_DF_DCCV_TURNOT_1,IT1,1.0,"Overnight stays for trips by quarter, main destination and type of trip. Absolute values (in thousands) - National Data","Notti per trimestre, destinazione principale e tipologia del viaggio. Dati assoluti (in migliaia) - Livello Nazionale",DCCV_TURNOT,1.0,2023-09-11T08:04:24.098Z,
68_381_DF_DCCV_TURNOT_10,IT1,1.0,Overnight stays for main destination and type of trip. Percentage values on overnight stays for trips of the same type - National Data,Notti per destinazione e tipologia del viaggio. Dati percentuali sul totale delle notti in viaggi dello stesso tipo - Livello Nazionale,DCCV_TURNOT,1.0,2023-09-11T08:04:24.098Z,
68_381_DF_DCCV_TURNOT_11,IT1,1.0,"Overnight stays for trips by main destination, main type of accommodation and type of trip. Percentage values on overnight stays for trips of the same type and with the same destination - National Data","Notti per destinazione principale, alloggio prevalente e tipologia del viaggio. Dati percentuali sul totale delle notti in viaggio dello stesso tipo e con la stessa destinazione - Livello Nazionale",DCCV_TURNOT,1.0,2023-09-11T08:04:24.098Z,
68_381_DF_DCCV_TURNOT_12,IT1,1.0,Overnight stays for main destination and type of trip. Percentage values on overnight stays for trips of the same type and with the same destination - Sub National Data,Notti per destinazione e tipologia del viaggio. Dati percentuali sul totale delle notti in viaggio dello stesso tipo e con la stessa destinazione - Livello Ripartizionale,DCCV_TURNOT,1.0,2023-09-11T08:04:24.098Z,
68_381_DF_DCCV_TURNOT_13,IT1,1.0,Overnight stays for main destination and type of trip. Percentage values on overnight stays for trips of the same type and with the same origin of person who made trip - Sub National Data,Notti per destinazione e tipologia del viaggio. Dati percentuali sul totale delle notti in viaggio dello stesso tipo e con la stessa area geografica di provenienza della persona che ha viaggiato - Livello Ripartizionale,DCCV_TURNOT,1.0,2023-09-11T08:04:24.098Z,
68_381_DF_DCCV_TURNOT_14,IT1,1.0,"Overnight stays for trips by gender, age group and type of trip. Percentage values on overnight stays for trips of the same type made by people with the same sex - National Data","Notti per sesso, classe di età della persona che ha viaggiato e tipologia del viaggio. Dati percentuali sul totale delle notti in viaggio dello stesso tipo effettuati da persone dello stesso sesso - Livello Nazionale",DCCV_TURNOT,1.0,2023-09-11T08:04:24.098Z,
68_381_DF_DCCV_TURNOT_15,IT1,1.0,Overnight stays in Italy by region of destination and type of trip. Percentage values on overnight stays for trips in Italy of the same type - National Data,Notti in Italia per regione di destinazione e tipologia del viaggio. Dati percentuali sul totale delle notti in viaggi in Italia dello stesso tipo - Livello Nazionale,DCCV_TURNOT,1.0,2023-09-11T08:04:24.098Z,
68_381_DF_DCCV_TURNOT_16,IT1,1.0,Overnight stays abroad by country of destination and type of trip. Percentage values on overnight stays for trips abroad of the same type - National Data,Notti all'estero per paese di destinazione e tipologia del viaggio. Dati percentuali sul totale delle notti in viaggi all'estero dello stesso tipo - Livello Nazionale,DCCV_TURNOT,1.0,2023-09-11T08:04:24.098Z,
68_381_DF_DCCV_TURNOT_17,IT1,1.0,Overnight stays for trips made by residend aged 15 and over by employment status and type of trip. Percentage values on overnight stays for trips of the same type - National Data,Notti delle persone di 15 anni e più per condizione e posizione nella professione della persona che ha viaggiato e tipologia del viaggio. Dati percentuali sul totale delle notti in viaggi dello stesso tipo - Livello Nazionale,DCCV_TURNOT,1.0,2023-09-11T08:04:24.098Z,
68_381_DF_DCCV_TURNOT_18,IT1,1.0,"Average number of overnight stays for trips by quarter, main destination and type of trip - National Data","Durata media del viaggio per trimestre, destinazione principale e tipologia del viaggio - Livello Nazionale",DCCV_TURNOT,1.0,2023-09-11T08:04:24.098Z,
68_381_DF_DCCV_TURNOT_19,IT1,1.0,Average daily presence (overnight stays) of holiday. Share per 1000 inhabitants - National Data,Presenze turistiche medie giornaliere di vacanza in Italia per ripartizione geografica di destinazione e trimestre. Dati per 1000 residenti - Livello Nazionale,DCCV_TURNOT,1.0,2023-09-11T08:04:24.098Z,
68_381_DF_DCCV_TURNOT_2,IT1,1.0,"Overnight stays for trips by main destination, main type of accommodation and type of trip. Absolute values (in thousands) - National Data","Notti per destinazione principale, alloggio prevalente e tipologia del viaggio. Dati assoluti (in migliaia) - Livello Nazionale",DCCV_TURNOT,1.0,2023-09-11T08:04:24.098Z,
68_381_DF_DCCV_TURNOT_3,IT1,1.0,Overnight stays for main destination and type of trip. Absolute values (in thousands) - National Data,Notti per destinazione e tipologia del viaggio. Dati assoluti (in migliaia) - Livello Nazionale,DCCV_TURNOT,1.0,2023-09-11T08:04:24.098Z,
68_381_DF_DCCV_TURNOT_4,IT1,1.0,"Overnight stays for trips by gender, age group and type of trip. Absolute values (in thousands) - National Data","Notti per sesso, classe di età della persona che ha viaggiato e tipologia del viaggio. Dati assoluti (in migliaia) - Livello Nazionale",DCCV_TURNOT,1.0,2023-09-11T08:04:24.098Z,
68_381_DF_DCCV_TURNOT_5,IT1,1.0,Overnight stays for main destination and type of trip. Absolute values (in thousands) - Sub National Data,Notti per destinazione e tipologia del viaggio. Dati assoluti (in migliaia) - Livello Ripartizionale,DCCV_TURNOT,1.0,2023-09-11T08:04:24.098Z,
68_381_DF_DCCV_TURNOT_6,IT1,1.0,Overnight stays in Italy by region of destination and type of trip. Absolute values (in thousands) - National Data,Notti in Italia per regione di destinazione e tipologia del viaggio. Dati assoluti (in migliaia) - Livello Nazionale,DCCV_TURNOT,1.0,2023-09-11T08:04:24.098Z,
68_381_DF_DCCV_TURNOT_7,IT1,1.0,Overnight stays abroad by country of destination and type of trip. Absolute values (in thousands) - National Data,Notti all'estero per paese di destinazione e tipologia del viaggio. Dati assoluti (in migliaia) - Livello Nazionale,DCCV_TURNOT,1.0,2023-09-11T08:04:24.098Z,
68_381_DF_DCCV_TURNOT_8,IT1,1.0,Overnight stays for trips made by residend aged 15 and over by employment status and type of trip. Absolute values (in thousands) - National Data,Notti delle persone di 15 anni e più per condizione e posizione nella professione della persona che ha viaggiato e tipologia del viaggio. Dati assoluti (in migliaia),DCCV_TURNOT,1.0,2023-09-11T08:04:24.098Z,
68_381_DF_DCCV_TURNOT_9,IT1,1.0,Overnight stays for holiday and business trips by quarter. Percentage values on total overnight stays for trips - National Data,Notti di vacanza e lavoro per trimestre. Dati percentuali sul totale delle notti in viaggio - Livello Nazionale,DCCV_TURNOT,1.0,2023-09-11T08:04:24.098Z,
68_697,IT1,1.0,Trips by purpose,Viaggi per motivo,DCCV_VIAGGI_CAPI,1.0,2023-09-11T11:47:57.575Z,
68_697_DF_DCCV_VIAGGI_CAPI_1,IT1,1.0,Holidays,Vacanze,DCCV_VIAGGI_CAPI,1.0,2023-09-11T11:47:57.575Z,
68_697_DF_DCCV_VIAGGI_CAPI_2,IT1,1.0,Holiday trips of 4 or more overnight stays,Vacanze di 4 notti e più,DCCV_VIAGGI_CAPI,1.0,2023-09-11T11:47:57.575Z,
68_697_DF_DCCV_VIAGGI_CAPI_3,IT1,1.0,Holiday trips for pleasure/leisure - annual data,Vacanze di piacere/svago - dati annuali,DCCV_VIAGGI_CAPI,1.0,2023-09-11T11:47:57.575Z,
68_697_DF_DCCV_VIAGGI_CAPI_4,IT1,1.0,Holiday trips for pleasure/leisure - quarterly data,Vacanze di piacere/svago - dati trimestrali,DCCV_VIAGGI_CAPI,1.0,2023-09-11T11:47:57.575Z,
68_697_DF_DCCV_VIAGGI_CAPI_5,IT1,1.0,Holiday trips for pleasure/leisure by main destination,Vacanze di piacere/svago per luogo di destinazione,DCCV_VIAGGI_CAPI,1.0,2023-09-11T11:47:57.575Z,
68_697_DF_DCCV_VIAGGI_CAPI_6,IT1,1.0,Holiday trips for pleasure/leisure by lenght,Vacanze di piacere /svago per durata,DCCV_VIAGGI_CAPI,1.0,2023-09-11T11:47:57.575Z,
68_697_DF_DCCV_VIAGGI_CAPI_7,IT1,1.0,Business trips,Viaggi di lavoro,DCCV_VIAGGI_CAPI,1.0,2023-09-11T11:47:57.575Z,
68_698,IT1,1.0,Trips and their characteristics,Viaggi e loro caratteristiche,DCCV_VIAGGI_CHARACT_CAPI,1.0,2026-07-08T07:36:19.748Z,
68_698_DF_DCCV_VIAGGI_CHARACT_CAPI_1,IT1,1.0,Destination - quarterly data,Destinazione - dati trimestrali,DCCV_VIAGGI_CHARACT_CAPI,1.0,2026-07-08T07:36:19.748Z,
68_698_DF_DCCV_VIAGGI_CHARACT_CAPI_10,IT1,1.0,Region of destination,Regione di destinazione,DCCV_VIAGGI_CHARACT_CAPI,1.0,2026-07-08T07:36:19.748Z,
68_698_DF_DCCV_VIAGGI_CHARACT_CAPI_11,IT1,1.0,Foreign country of destination,Paese estero di destinazione,DCCV_VIAGGI_CHARACT_CAPI,1.0,2026-07-08T07:36:19.748Z,
68_698_DF_DCCV_VIAGGI_CHARACT_CAPI_12,IT1,1.0,Trip per capital,Viaggi procapite,DCCV_VIAGGI_CHARACT_CAPI,1.0,2026-07-08T07:36:19.748Z,
68_698_DF_DCCV_VIAGGI_CHARACT_CAPI_2,IT1,1.0,Accomodation and destination,Alloggio e destinazione,DCCV_VIAGGI_CHARACT_CAPI,1.0,2026-07-08T07:36:19.748Z,
68_698_DF_DCCV_VIAGGI_CHARACT_CAPI_3,IT1,1.0,Means of transport and destination,Mezzo di trasporto e destinazione,DCCV_VIAGGI_CHARACT_CAPI,1.0,2026-07-08T07:36:19.748Z,
68_698_DF_DCCV_VIAGGI_CHARACT_CAPI_4,IT1,1.0,Type of booking and trip in Italy or abroad (until 2018),Tipo di prenotazione e viaggio in Italia o all'estero (fino al 2018),DCCV_VIAGGI_CHARACT_CAPI,1.0,2026-07-08T07:36:19.748Z,
68_698_DF_DCCV_VIAGGI_CHARACT_CAPI_5,IT1,1.0,Type of booking and destination (until 2018),Tipo di prenotazione e destinazione (fino al 2018),DCCV_VIAGGI_CHARACT_CAPI,1.0,2026-07-08T07:36:19.748Z,
68_698_DF_DCCV_VIAGGI_CHARACT_CAPI_6,IT1,1.0,Accomodation booking,Prenotazione dell'alloggio,DCCV_VIAGGI_CHARACT_CAPI,1.0,2026-07-08T07:36:19.748Z,
68_698_DF_DCCV_VIAGGI_CHARACT_CAPI_7,IT1,1.0,Booking of the transport,Prenotazione del trasporto,DCCV_VIAGGI_CHARACT_CAPI,1.0,2026-07-08T07:36:19.748Z,
68_698_DF_DCCV_VIAGGI_CHARACT_CAPI_8,IT1,1.0,Internet booking,Prenotazione via internet,DCCV_VIAGGI_CHARACT_CAPI,1.0,2025-09-08T06:32:01.878Z,
68_698_DF_DCCV_VIAGGI_CHARACT_CAPI_9,IT1,1.0,Starting month,Mese di inizio,DCCV_VIAGGI_CHARACT_CAPI,1.0,2026-07-08T07:36:19.748Z,
68_699,IT1,1.0,Trips by characteristics of the tourist,Viaggi per caratteristiche del viaggiatore,DCCV_VIAGGI_RES_CAPI,1.0,2026-07-08T07:39:13.254Z,
68_699_DF_DCCV_VIAGGI_RES_CAPI_1,IT1,1.0,"Gender, age class",Sesso e classe di età,DCCV_VIAGGI_RES_CAPI,1.0,2026-07-08T07:39:13.254Z,
68_699_DF_DCCV_VIAGGI_RES_CAPI_2,IT1,1.0,Professional status,Condizione professionale,DCCV_VIAGGI_RES_CAPI,1.0,2026-07-08T07:39:13.254Z,
68_699_DF_DCCV_VIAGGI_RES_CAPI_3,IT1,1.0,Residence and destination,Residenza e destinazione,DCCV_VIAGGI_RES_CAPI,1.0,2026-07-08T07:39:13.254Z,
68_699_DF_DCCV_VIAGGI_RES_CAPI_4,IT1,1.0,Residence and type of trip,Residenza e tipo di viaggio,DCCV_VIAGGI_RES_CAPI,1.0,2026-07-08T07:39:13.254Z,
68_699_DF_DCCV_VIAGGI_RES_CAPI_5,IT1,1.0,Holidays - residence and type of accommodation,Vacanze - residenza e tipo di alloggio,DCCV_VIAGGI_RES_CAPI,1.0,2026-07-08T07:39:13.254Z,
68_699_DF_DCCV_VIAGGI_RES_CAPI_6,IT1,1.0,Holidays - residence and means of transport,Vacanze - residenza e mezzo di trasporto,DCCV_VIAGGI_RES_CAPI,1.0,2026-07-08T07:39:13.254Z,
68_702,IT1,1.0,Trips and overnightstays – Statistical back recalculation 1997-2013,Viaggi e pernottamenti - Serie ricostruite 1997-2013,DCCV_TUR_RIC_CAPI,1.0,03/24/2023 08:00:20,
68_702_DF_DCCV_TUR_RIC_CAPI_1,IT1,1.0,Quarterly data,Dati trimestrali,DCCV_TUR_RIC_CAPI,1.0,03/24/2023 07:59:13,
68_702_DF_DCCV_TUR_RIC_CAPI_2,IT1,1.0,Residence - geographical area,Residenza - rip.,DCCV_TUR_RIC_CAPI,1.0,03/24/2023 08:02:50,
6_1095_DF_DCCN_ISTITUZ_TNA1_B19_1,IT1,1.0,Disposable income of the households in the italian regions - editions from January 2020 to December 2023,Reddito disponibile delle famiglie nelle regioni italiane - edizioni gennaio 2020 - dicembre 2023,DCCN_ISTITUZ_TNA1_B19,1.0,12/31/2024 13:19:19,
6_20,IT1,1.0,Research and Development,Ricerca e Sviluppo,DCSP_RS,1.0,2025-10-01T08:23:11.213Z,
6_20_DF_DCSP_RS_1,IT1,1.0,Expenditure (% of GDP),Spesa (% sul Pil),DCSP_RS,1.0,2025-10-01T08:23:11.213Z,
6_20_DF_DCSP_RS_10,IT1,1.0,Personnel by qualification - ISCED,Addetti per titolo di studio,DCSP_RS,1.0,2025-10-01T08:23:11.213Z,
6_20_DF_DCSP_RS_11,IT1,1.0,Personnel by field of science,Addetti per disciplina scientifica,DCSP_RS,1.0,2025-10-01T08:23:11.213Z,
6_20_DF_DCSP_RS_12,IT1,1.0,Business personnel by economic activitiy (Nace 2 digit),Addetti delle imprese per settore economico (Ateco 2 cifre),DCSP_RS,1.0,2025-10-01T08:23:11.213Z,
6_20_DF_DCSP_RS_13,IT1,1.0,Personnel - reg.,Addetti - reg.,DCSP_RS,1.0,2025-10-01T08:23:11.213Z,
6_20_DF_DCSP_RS_14,IT1,1.0,Business expenditure by user sector,Spesa delle imprese per settore utilizzatore,DCSP_RS,1.0,2025-10-01T08:23:11.213Z,
6_20_DF_DCSP_RS_15,IT1,1.0,In-house research and development expenditure of enterprises by corporate control,Spesa in R&S intra-muros delle imprese per controllo societario,DCSP_RS,1.0,2025-09-25T08:02:09.861Z,
6_20_DF_DCSP_RS_2,IT1,1.0,Government budget appropiations or outlays for research and development,Stanziamenti delle amministrazioni centrali e locali,DCSP_RS,1.0,2025-10-01T08:23:11.213Z,
6_20_DF_DCSP_RS_3,IT1,1.0,Expenditure by type of R&D,Spesa per tipo di ricerca,DCSP_RS,1.0,2025-10-01T08:23:11.213Z,
6_20_DF_DCSP_RS_4,IT1,1.0,Expenditure by source of funds,Spesa per fonte di finanziamento,DCSP_RS,1.0,2025-10-01T08:23:11.213Z,
6_20_DF_DCSP_RS_5,IT1,1.0,Expenditure by field of science,Spesa per disciplina scientifica,DCSP_RS,1.0,2025-10-01T08:23:11.213Z,
6_20_DF_DCSP_RS_6,IT1,1.0,Expenditure by type of costs,Spesa per tipo di costi sostenuti,DCSP_RS,1.0,2025-10-01T08:23:11.213Z,
6_20_DF_DCSP_RS_7,IT1,1.0,Expenditure - reg.,Spesa - reg.,DCSP_RS,1.0,2025-10-01T08:23:11.213Z,
6_20_DF_DCSP_RS_8,IT1,1.0,Business expenditure by size class of person employed,Spesa delle imprese per classe di addetti,DCSP_RS,1.0,2025-10-01T08:23:11.213Z,
6_20_DF_DCSP_RS_9,IT1,1.0,Business expenditure by economic activity (Nace 2 digit),Spesa delle imprese per settore economico (Ateco 2 cifre),DCSP_RS,1.0,2025-10-01T08:23:11.213Z,
6_379_DF_DCCN_OCCTSEC2010_B19_1,IT1,1.0,Employment - regions - editions from January 2020 to December 2023,Occupazione regionale - edizioni gennaio 2020 - dicembre 2023,DCCN_OCCTSEC2010_B19,1.0,12/30/2024 11:04:49,
6_379_DF_DCCN_OCCTSEC2010_B19_2,IT1,1.0,Employment - provinces - editions from January 2020 to December 2023,Occupazione provinciale - edizioni gennaio 2020 - dicembre 2023,DCCN_OCCTSEC2010_B19,1.0,12/31/2024 09:14:02,
6_379_DF_DCCN_OCCTSEC2010_B19_3,IT1,1.0,Rate of undeclared work - editions from January 2020 to December 2023,Tasso di irregolarità - edizioni gennaio 2020 - dicembre 2023,DCCN_OCCTSEC2010_B19,1.0,12/31/2024 09:38:45,
6_379_DF_DCCN_OCCTSEC2010_B19_4,IT1,1.0,Annual average population - editions from January 2020 to December 2023,Popolazione media annua - edizioni gennaio 2020 - dicembre 2023,DCCN_OCCTSEC2010_B19,1.0,12/31/2024 09:52:54,
6_382_DF_DCCN_SQCT_B19_1,IT1,1.0,Sequence of accounts - editions from January 2020 to December 2023,Sequenza dei conti - edizioni gennaio 2020 - dicembre 2023,DCCN_SQCT_B19,1.0,12/30/2024 09:20:20,
6_39,IT1,1.0,ICT in companies with at least 10 persons employed,ICT nelle imprese con almeno 10 addetti,DCSP_ICT,1.0,2026-02-12T13:37:19.257Z,METADATA_URL
6_39_DF_DCSP_ICT_1,IT1,1.0,Main indicators,Principali indicatori,DCSP_ICT,1.0,2026-02-12T13:37:19.257Z,METADATA_URL
6_39_DF_DCSP_ICT_10,IT1,1.0,Artificial Intelligence,Intelligenza Artificiale,DCSP_ICT,1.0,2026-02-12T13:37:19.257Z,METADATA_URL
6_39_DF_DCSP_ICT_11,IT1,1.0,Robotics and 3D printing,Robotica e stampa 3d,DCSP_ICT,1.0,2023-03-03T15:13:04.597Z,METADATA_URL
6_39_DF_DCSP_ICT_12,IT1,1.0,"Technologies for internal organization, for supply chain, internet of things","Tecnologie per l'organizzzazione interna, di filiera e internet delle cose",DCSP_ICT,1.0,2026-02-12T13:37:19.257Z,METADATA_URL
6_39_DF_DCSP_ICT_13,IT1,1.0,Security policy,Sicurezza informatica,DCSP_ICT,1.0,2025-01-17T10:12:08.578Z,METADATA_URL
6_39_DF_DCSP_ICT_14,IT1,1.0,Skills and training in ICT,Competenze e formazione in ICT,DCSP_ICT,1.0,2025-01-17T10:12:08.578Z,METADATA_URL
6_39_DF_DCSP_ICT_15,IT1,1.0,Industry 4.0 - technological areas of acquisitions,Indicatori Industria 4.0 - aree tecnologiche di acquisto,DCSP_ICT,1.0,2023-03-03T11:07:02.587Z,METADATA_URL
6_39_DF_DCSP_ICT_16,IT1,1.0,Industry 4.0 - digitization factors,Indicatori Industria 4.0 - fattori di digitalizzazione,DCSP_ICT,1.0,2023-03-03T11:07:02.587Z,METADATA_URL
6_39_DF_DCSP_ICT_17,IT1,1.0,DESI indicators,Indicatori DESI,DCSP_ICT,1.0,2026-02-12T13:37:19.257Z,METADATA_URL
6_39_DF_DCSP_ICT_18,IT1,1.0,ICT of the enterprise - rip,ICT nelle imprese - rip,DCSP_ICT,1.0,2026-02-12T13:37:19.257Z,METADATA_URL
6_39_DF_DCSP_ICT_19,IT1,1.0,ICT of the enterprise - reg,ICT nelle imprese - reg,DCSP_ICT,1.0,2026-02-12T13:37:19.257Z,METADATA_URL
6_39_DF_DCSP_ICT_2,IT1,1.0,Connection to the Internet and website,"Connessione e utilizzo di internet, sito web",DCSP_ICT,1.0,2026-02-12T13:37:19.257Z,METADATA_URL
6_39_DF_DCSP_ICT_20,IT1,1.0,ICT and environment,ICT e ambiente,DCSP_ICT,1.0,2026-02-12T13:37:19.257Z,
6_39_DF_DCSP_ICT_3,IT1,1.0,Social media,Social media,DCSP_ICT,1.0,2026-02-12T13:37:19.257Z,METADATA_URL
6_39_DF_DCSP_ICT_4,IT1,1.0,e-Commerce,Commercio elettronico,DCSP_ICT,1.0,2026-02-12T13:37:19.257Z,METADATA_URL
6_39_DF_DCSP_ICT_5,IT1,1.0,On-line sale,Vendite on-line,DCSP_ICT,1.0,2026-02-12T13:37:19.257Z,METADATA_URL
6_39_DF_DCSP_ICT_6,IT1,1.0,On-line purchase,Acquisti on-line,DCSP_ICT,1.0,2023-03-03T11:07:02.587Z,METADATA_URL
6_39_DF_DCSP_ICT_7,IT1,1.0,e-Invoicing,Fatturazione elettronica,DCSP_ICT,1.0,2023-12-20T10:10:06.645Z,METADATA_URL
6_39_DF_DCSP_ICT_8,IT1,1.0,Cloud Computing,Cloud Computing,DCSP_ICT,1.0,2026-02-12T13:37:19.257Z,METADATA_URL
6_39_DF_DCSP_ICT_9,IT1,1.0,Data analysis and Big Data,Analisi di dati e Big Data,DCSP_ICT,1.0,2026-02-12T13:37:19.257Z,METADATA_URL
6_471,IT1,1.0,Innovation in companies with at least 10 persons employed,Innovazione nelle imprese con almeno 10 addetti,DCSP_LACIS,1.0,2025-06-12T12:45:06.029Z,METADATA_URL
6_471_DF_DCSP_LACIS_1,IT1,1.0,Innovation in companies with at least 10 persons employed - Key data,Innovazione nelle imprese con almeno 10 addetti - Principali dati,DCSP_LACIS,1.0,2025-07-07T12:24:09.824Z,
6_471_DF_DCSP_LACIS_10,IT1,1.0,Geographic market and size class of persons employed,Mercato di riferimento e classe di addetti,DCSP_LACIS,1.0,2025-06-12T15:38:27.452Z,
6_471_DF_DCSP_LACIS_11,IT1,1.0,Geographic market and economic activities (Nace 2 digit),Mercato di riferimento e settori economici (Ateco 2 cifre),DCSP_LACIS,1.0,2025-06-12T15:44:44.076Z,
6_471_DF_DCSP_LACIS_12,IT1,1.0,Employees with a tertiary degree and size class of persons employed,Addetti laureati e classe di addetti,DCSP_LACIS,1.0,2025-06-12T15:51:41.896Z,
6_471_DF_DCSP_LACIS_13,IT1,1.0,Employees with a tertiary degree and economic activities (Nace 2 digit),Addetti laureati e settori economici (Ateco 2 cifre),DCSP_LACIS,1.0,2025-06-12T15:56:38.390Z,
6_471_DF_DCSP_LACIS_14,IT1,1.0,Status of product and/or process innovative activity and size class of persons employed copy,Implementazione dell'attività innovativa di prodotto e/o processo e classe di addetti,DCSP_LACIS,1.0,2025-06-12T16:01:03.871Z,
6_471_DF_DCSP_LACIS_15,IT1,1.0,Status of product and/or process innovative activity and economic activities (Nace 2 digit),Implementazione dell'attività innovativa di prodotto e/o processo e settori economici (Ateco 2 cifre),DCSP_LACIS,1.0,2025-06-12T16:04:57.733Z,
6_471_DF_DCSP_LACIS_16,IT1,1.0,Type of financial support and size class of persons employed,Tipo di finanziamento e classe di addetti,DCSP_LACIS,1.0,2025-06-12T16:08:48.017Z,
6_471_DF_DCSP_LACIS_17,IT1,1.0,Type of finacial support and economic activities (Nace 2 digit),Tipo di finaziamento e settori economici (Ateco 2 cifre),DCSP_LACIS,1.0,2025-06-12T16:13:21.807Z,
6_471_DF_DCSP_LACIS_18,IT1,1.0,Type of product/process innovation and size class of persons employed,Tipo di innovazione di prodotto/processo introdotta e classe di addetti,DCSP_LACIS,1.0,2025-06-12T16:22:03.718Z,
6_471_DF_DCSP_LACIS_19,IT1,1.0,Type of product/process innovation and economic activities (Nace 2 digit),Tipo di innovazione di prodotto/processo introdotta e settori economici (Ateco 2 cifre),DCSP_LACIS,1.0,2025-06-12T16:30:11.218Z,
6_471_DF_DCSP_LACIS_2,IT1,1.0,Type of innovative activity and size class of persons employed,Tipo di attività innovativa e classe di addetti,DCSP_LACIS,1.0,2025-06-12T13:11:24.603Z,
6_471_DF_DCSP_LACIS_20,IT1,1.0,Methods of developing and size class of persons employed,Metodi di sviluppo dell'innovazione di prodotto/processo e classe di addetti,DCSP_LACIS,1.0,2025-06-12T16:16:22.769Z,
6_471_DF_DCSP_LACIS_21,IT1,1.0,Methods of developing and economic activities (Nace 2 digit),Metodi di sviluppo dell'innovazione di prodotto/processo e settori economici (Ateco 2 cifre),DCSP_LACIS,1.0,2025-06-12T16:18:22.700Z,
6_471_DF_DCSP_LACIS_22,IT1,1.0,Turnover from new products and size class of persons employed,Fatturato derivante da nuovi prodotti e classe di addetti,DCSP_LACIS,1.0,2025-06-12T16:33:05.631Z,
6_471_DF_DCSP_LACIS_23,IT1,1.0,Turnover from new peoducts and economic activities (Nace 2 digit),Fatturato derivante da nuovi prodotti e settori economici (Ateco 2 cifre),DCSP_LACIS,1.0,2025-06-12T16:34:55.137Z,
6_471_DF_DCSP_LACIS_24,IT1,1.0,Type of innovation expenditure and size class of persons employed,Tipo di spesa per l'innovazione e classe di addetti,DCSP_LACIS,1.0,2025-06-13T09:17:19.434Z,
6_471_DF_DCSP_LACIS_25,IT1,1.0,Type of innovation expenditure and economic activities (Nace 2 digit),Tipo di spesa per l'innovazione e settori economici (Ateco 2 cifre),DCSP_LACIS,1.0,2025-06-13T09:22:37.419Z,
6_471_DF_DCSP_LACIS_26,IT1,1.0,Localization of cooperation partner and size class of persons employed,Localizzazione del partner della cooperazione e classe di addetti,DCSP_LACIS,1.0,2025-06-13T09:27:15.839Z,
6_471_DF_DCSP_LACIS_27,IT1,1.0,Localization of cooperation partner and economic activities (Nace 2 digit),Localizzazione del partner della cooperazione e settori economici (Ateco 2 cifre),DCSP_LACIS,1.0,2025-06-13T09:36:24.919Z,
6_471_DF_DCSP_LACIS_28,IT1,1.0,Type of cooperation partner and size class of persons employed,Tipo di partner della cooperazione e classe di addetti,DCSP_LACIS,1.0,2025-06-13T09:51:24.847Z,
6_471_DF_DCSP_LACIS_29,IT1,1.0,Type of cooperation partner and economic activities (Nace 2 digit),Tipo di partner della cooperazione e settori economici (Ateco 2 cifre),DCSP_LACIS,1.0,2025-06-13T10:11:10.414Z,
6_471_DF_DCSP_LACIS_3,IT1,1.0,Type of innovative activity and economic activities (Nace 2 digit),Tipo di attività innovativa e settori economici (Ateco 2 cifre),DCSP_LACIS,1.0,2025-06-12T13:17:39.624Z,
6_471_DF_DCSP_LACIS_30,IT1,1.0,Regional data,Dati regionali,DCSP_LACIS,1.0,2025-06-13T10:51:04.323Z,
6_471_DF_DCSP_LACIS_31,IT1,1.0,Detailed regional data,Approfondimenti sui dati regionali,DCSP_LACIS,1.0,2025-06-13T12:39:10.017Z,
6_471_DF_DCSP_LACIS_32,IT1,1.0,Enterprise strategies and employees class,Strategie aziendali e classe di addetti,DCSP_LACIS,1.0,2025-06-13T12:48:03.882Z,
6_471_DF_DCSP_LACIS_33,IT1,1.0,Enterprise strategies and economic sector (Nace 2 digit),Strategie aziendali e settori economici (Ateco 2 cifre),DCSP_LACIS,1.0,2025-06-13T12:54:29.429Z,
6_471_DF_DCSP_LACIS_34,IT1,1.0,Types of sold products and services and employees class,Tipi di prodotti e servizi venduti e classe di addetti,DCSP_LACIS,1.0,2025-06-13T13:00:20.051Z,
6_471_DF_DCSP_LACIS_35,IT1,1.0,Types of sold products and services and economic sector (Nace 2 digit),Tipi di prodotti e servizi venduti e settori economici (Ateco 2 cifre),DCSP_LACIS,1.0,2025-06-13T13:06:19.909Z,
6_471_DF_DCSP_LACIS_36,IT1,1.0,Types of intellectual property protection and employees class,Forme di tutela della proprietà industriale e classe di addetti,DCSP_LACIS,1.0,2025-06-13T13:10:07.477Z,
6_471_DF_DCSP_LACIS_37,IT1,1.0,Types of intellectual property protection and economic sector (Nace 2 digit),Forme di tutela della proprietà industriale e settori economici (Ateco 2 cifre),DCSP_LACIS,1.0,2025-06-13T13:14:14.427Z,
6_471_DF_DCSP_LACIS_38,IT1,1.0,"Acquisition of machinery, technical services and knowledge and employees class","Tecnologia, servizi tecnici e conoscenze acquisite e classe di addetti",DCSP_LACIS,1.0,2025-06-13T13:17:58.657Z,
6_471_DF_DCSP_LACIS_39,IT1,1.0,"Acquisition of machinery, technical services and knowledge and economic sector (Nace 2 digit)","Tecnologia, servizi tecnici e conoscenze acquisite e settori economici (Ateco 2 cifre)",DCSP_LACIS,1.0,2025-06-13T13:22:48.266Z,
6_471_DF_DCSP_LACIS_4,IT1,1.0,Age of enterprise and employees class,Età dell'impresa e classe di addetti,DCSP_LACIS,1.0,2025-06-12T13:22:04.719Z,
6_471_DF_DCSP_LACIS_40,IT1,1.0,Methods of organising work by level of importance and employees class,Pratiche di organizzazione del lavoro e classe di addetti,DCSP_LACIS,1.0,2025-06-13T13:28:50.475Z,
6_471_DF_DCSP_LACIS_41,IT1,1.0,Methods of organising work by level of importance and economic sector (Nace 2 digit),Pratiche di organizzazione del lavoro e settori economici (Ateco 2 cifre),DCSP_LACIS,1.0,2025-06-13T13:25:13.875Z,
6_471_DF_DCSP_LACIS_5,IT1,1.0,Age of enterprise and employees class and economic sector (Nace 2 digit),Età dell'impresa e classe di addetti e settori economici (Ateco 2 digit),DCSP_LACIS,1.0,2025-06-12T13:23:38.567Z,
6_471_DF_DCSP_LACIS_6,IT1,1.0,Impact of legislation and economic sector (Nace 2 digit),Impatto degli interventi legislativo-normativi e settori economici (Ateco 2 digit),DCSP_LACIS,1.0,2025-06-12T13:29:14.225Z,
6_471_DF_DCSP_LACIS_67,IT1,1.0,Eniviromental benefits (Nace 2 digit),Benefici ambientali (Ateco 2 cifre),DCSP_LACIS,1.0,2025-06-13T10:21:52.653Z,
6_471_DF_DCSP_LACIS_68,IT1,1.0,Enviroment benefits and employees class,Benefici ambientali e classe di addetti,DCSP_LACIS,1.0,2025-06-13T10:30:01.466Z,
6_471_DF_DCSP_LACIS_69,IT1,1.0,Eniviromental factors (Nace 2 digit),Fattori ambientali (Ateco 2 cifre),DCSP_LACIS,1.0,2025-06-13T10:40:41.131Z,
6_471_DF_DCSP_LACIS_7,IT1,1.0,Impact of legislation and employees class,Impatto degli interventi legislativo-normativi e classe di addetti,DCSP_LACIS,1.0,2025-06-12T13:32:44.845Z,
6_471_DF_DCSP_LACIS_70,IT1,1.0,Enviroment factors and employees class,Fattori ambientali e classe di addetti,DCSP_LACIS,1.0,2025-06-13T10:35:38.189Z,
6_471_DF_DCSP_LACIS_71,IT1,1.0,COVID-19 sanitary emergency impact and employees class,Conseguenze dell'emergenza sanitaria COVID-19 e classe di addetti,DCSP_LACIS,1.0,2025-06-15T11:04:01.762Z,
6_471_DF_DCSP_LACIS_72,IT1,1.0,COVID-19 sanitary emergency impact (Nace 2 digit),Conseguenze dell'emergenza sanitaria COVID-19 (Ateco 2 cifre),DCSP_LACIS,1.0,2025-06-15T11:07:11.842Z,
6_471_DF_DCSP_LACIS_73,IT1,1.0,COVID-19 sanitary emergency impact on innovation expenditure and turnover and employees class,Conseguenze dell'emergenza sanitaria COVID-19 su spese per innovazione e fatturato e classe di addetti,DCSP_LACIS,1.0,2025-06-15T11:09:26.230Z,
6_471_DF_DCSP_LACIS_74,IT1,1.0,COVID-19 sanitary emergency impact on innovation expenditure anc turnover (Nace 2 digit),Conseguenze dell'emergenza sanitaria COVID-19 su spese per innovazione e fatturato (Ateco 2 cifre),DCSP_LACIS,1.0,2025-06-15T11:11:20.098Z,
6_471_DF_DCSP_LACIS_75,IT1,1.0,Climate change and employees class,Cambiamento climatico e classe di addetti,DCSP_LACIS,1.0,2025-06-13T13:34:54.912Z,
6_471_DF_DCSP_LACIS_76,IT1,1.0,Climate change (Nace 2 digit),Cambiamento climatico (Ateco 2 cifre),DCSP_LACIS,1.0,2025-06-13T13:39:56.921Z,
6_471_DF_DCSP_LACIS_8,IT1,1.0,Hampering factors of innovation and economic sector (Nace 2 digit),Fattori che hanno scoraggiato attività di innovazione e settori economici (Ateco 2 digit),DCSP_LACIS,1.0,2025-06-12T13:25:07.791Z,
6_471_DF_DCSP_LACIS_9,IT1,1.0,Hampering factors of innovation and employees class,Fattori che hanno scoraggiato attività di innovazione e classe di addetti,DCSP_LACIS,1.0,2025-06-12T13:26:38.219Z,
6_471_TS,IT1,1.0,Innovation in companies with at least 10 persons employed - until 2020,Innovazione nelle imprese con almeno 10 addetti - fino al 2020,DCSP_LACIS,1.0,2025-06-12T12:45:06.029Z,
6_471_TS_DF_DCSP_LACIS_1,IT1,1.0,Innovation in companies with at least 10 persons employed - Time series - until 2020 - Key data,Innovazione nelle imprese con almeno 10 addetti - Serie storica - fino al 2020 - Principali dati,DCSP_LACIS,1.0,2025-07-07T12:43:01.627Z,
6_471_TS_DF_DCSP_LACIS_10,IT1,1.0,Geographic market and size class of persons employed,Mercato di riferimento e classe di addetti,DCSP_LACIS,1.0,06/12/2025 12:45:06,
6_471_TS_DF_DCSP_LACIS_11,IT1,1.0,Geographic market and economic activities (Nace 2 digit),Mercato di riferimento e settori economici (Ateco 2 cifre),DCSP_LACIS,1.0,06/12/2025 12:45:06,
6_471_TS_DF_DCSP_LACIS_12,IT1,1.0,Employees with a tertiary degree and size class of persons employed,Addetti laureati e classe di addetti,DCSP_LACIS,1.0,06/12/2025 12:45:06,
6_471_TS_DF_DCSP_LACIS_13,IT1,1.0,Employees with a tertiary degree and economic activities (Nace 2 digit),Addetti laureati e settori economici (Ateco 2 cifre),DCSP_LACIS,1.0,06/12/2025 12:45:06,
6_471_TS_DF_DCSP_LACIS_14,IT1,1.0,Status of product and/or process innovative activity and size class of persons employed copy,Implementazione dell'attività innovativa di prodotto e/o processo e classe di addetti,DCSP_LACIS,1.0,06/12/2025 12:45:06,
6_471_TS_DF_DCSP_LACIS_15,IT1,1.0,Status of product and/or process innovative activity and economic activities (Nace 2 digit),Implementazione dell'attività innovativa di prodotto e/o processo e settori economici (Ateco 2 cifre),DCSP_LACIS,1.0,06/12/2025 12:45:06,
6_471_TS_DF_DCSP_LACIS_16,IT1,1.0,Type of financial support and size class of persons employed,Tipo di finanziamento e classe di addetti,DCSP_LACIS,1.0,06/12/2025 12:45:06,
6_471_TS_DF_DCSP_LACIS_17,IT1,1.0,Type of finacial support and economic activities (Nace 2 digit),Tipo di finaziamento e settori economici (Ateco 2 cifre),DCSP_LACIS,1.0,06/12/2025 12:45:06,
6_471_TS_DF_DCSP_LACIS_18,IT1,1.0,Type of product/process innovation and size class of persons employed,Tipo di innovazione di prodotto/processo introdotta e classe di addetti,DCSP_LACIS,1.0,06/12/2025 12:45:06,
6_471_TS_DF_DCSP_LACIS_19,IT1,1.0,Type of product/process innovation and economic activities (Nace 2 digit),Tipo di innovazione di prodotto/processo introdotta e settori economici (Ateco 2 cifre),DCSP_LACIS,1.0,06/12/2025 12:45:06,
6_471_TS_DF_DCSP_LACIS_2,IT1,1.0,Type of innovative activity and size class of persons employed,Tipo di attività innovativa e classe di addetti,DCSP_LACIS,1.0,06/12/2025 12:45:06,
6_471_TS_DF_DCSP_LACIS_20,IT1,1.0,Methods of developing and size class of persons employed,Metodi di sviluppo dell'innovazione di prodotto/processo e classe di addetti,DCSP_LACIS,1.0,06/12/2025 12:45:06,
6_471_TS_DF_DCSP_LACIS_21,IT1,1.0,Methods of developing and economic activities (Nace 2 digit),Metodi di sviluppo dell'innovazione di prodotto/processo e settori economici (Ateco 2 cifre),DCSP_LACIS,1.0,06/12/2025 12:45:06,
6_471_TS_DF_DCSP_LACIS_22,IT1,1.0,Turnover from new products and size class of persons employed,Fatturato derivante da nuovi prodotti e classe di addetti,DCSP_LACIS,1.0,06/12/2025 12:45:06,
6_471_TS_DF_DCSP_LACIS_23,IT1,1.0,Turnover from new peoducts and economic activities (Nace 2 digit),Fatturato derivante da nuovi prodotti e settori economici (Ateco 2 cifre),DCSP_LACIS,1.0,06/12/2025 12:45:06,
6_471_TS_DF_DCSP_LACIS_24,IT1,1.0,Type of innovation expenditure and size class of persons employed,Tipo di spesa per l'innovazione e classe di addetti,DCSP_LACIS,1.0,06/12/2025 12:45:06,
6_471_TS_DF_DCSP_LACIS_25,IT1,1.0,Type of innovation expenditure and economic activities (Nace 2 digit),Tipo di spesa per l'innovazione e settori economici (Ateco 2 cifre),DCSP_LACIS,1.0,06/12/2025 12:45:06,
6_471_TS_DF_DCSP_LACIS_26,IT1,1.0,Localization of cooperation partner and size class of persons employed,Localizzazione del partner della cooperazione e classe di addetti,DCSP_LACIS,1.0,06/12/2025 12:45:06,
6_471_TS_DF_DCSP_LACIS_27,IT1,1.0,Localization of cooperation partner and economic activities (Nace 2 digit),Localizzazione del partner della cooperazione e settori economici (Ateco 2 cifre),DCSP_LACIS,1.0,06/12/2025 12:45:06,
6_471_TS_DF_DCSP_LACIS_28,IT1,1.0,Type of cooperation partner and size class of persons employed,Tipo di partner della cooperazione e classe di addetti,DCSP_LACIS,1.0,06/12/2025 12:45:06,
6_471_TS_DF_DCSP_LACIS_29,IT1,1.0,Type of cooperation partner and economic activities (Nace 2 digit),Tipo di partner della cooperazione e settori economici (Ateco 2 cifre),DCSP_LACIS,1.0,06/12/2025 12:45:06,
6_471_TS_DF_DCSP_LACIS_3,IT1,1.0,Type of innovative activity and economic activities (Nace 2 digit),Tipo di attività innovativa e settori economici (Ateco 2 cifre),DCSP_LACIS,1.0,06/12/2025 12:45:06,
6_471_TS_DF_DCSP_LACIS_30,IT1,1.0,Regional data,Dati regionali,DCSP_LACIS,1.0,06/12/2025 12:45:06,
6_471_TS_DF_DCSP_LACIS_31,IT1,1.0,Detailed regional data,Approfondimenti sui dati regionali,DCSP_LACIS,1.0,06/12/2025 12:45:06,
6_471_TS_DF_DCSP_LACIS_32,IT1,1.0,Enterprise strategies and employees class,Strategie aziendali e classe di addetti,DCSP_LACIS,1.0,06/12/2025 12:45:06,
6_471_TS_DF_DCSP_LACIS_33,IT1,1.0,Enterprise strategies and economic sector (Nace 2 digit),Strategie aziendali e settori economici (Ateco 2 cifre),DCSP_LACIS,1.0,06/12/2025 12:45:06,
6_471_TS_DF_DCSP_LACIS_34,IT1,1.0,Types of sold products and services and employees class,Tipi di prodotti e servizi venduti e classe di addetti,DCSP_LACIS,1.0,06/12/2025 12:45:06,
6_471_TS_DF_DCSP_LACIS_35,IT1,1.0,Types of sold products and services and economic sector (Nace 2 digit),Tipi di prodotti e servizi venduti e settori economici (Ateco 2 cifre),DCSP_LACIS,1.0,06/12/2025 12:45:06,
6_471_TS_DF_DCSP_LACIS_36,IT1,1.0,Types of intellectual property protection and employees class,Forme di tutela della proprietà industriale e classe di addetti,DCSP_LACIS,1.0,06/12/2025 12:45:06,
6_471_TS_DF_DCSP_LACIS_37,IT1,1.0,Types of intellectual property protection and economic sector (Nace 2 digit),Forme di tutela della proprietà industriale e settori economici (Ateco 2 cifre),DCSP_LACIS,1.0,06/12/2025 12:45:06,
6_471_TS_DF_DCSP_LACIS_38,IT1,1.0,"Acquisition of machinery, technical services and knowledge and employees class","Tecnologia, servizi tecnici e conoscenze acquisite e classe di addetti",DCSP_LACIS,1.0,06/12/2025 12:45:06,
6_471_TS_DF_DCSP_LACIS_39,IT1,1.0,"Acquisition of machinery, technical services and knowledge and economic sector (Nace 2 digit)","Tecnologia, servizi tecnici e conoscenze acquisite e settori economici (Ateco 2 cifre)",DCSP_LACIS,1.0,06/12/2025 12:45:06,
6_471_TS_DF_DCSP_LACIS_4,IT1,1.0,Age of enterprise and employees class,Età dell'impresa e classe di addetti,DCSP_LACIS,1.0,06/12/2025 12:45:06,
6_471_TS_DF_DCSP_LACIS_40,IT1,1.0,Methods of organising work by level of importance and employees class,Pratiche di organizzazione del lavoro e classe di addetti,DCSP_LACIS,1.0,06/12/2025 12:45:06,
6_471_TS_DF_DCSP_LACIS_41,IT1,1.0,Methods of organising work by level of importance and economic sector (Nace 2 digit),Pratiche di organizzazione del lavoro e settori economici (Ateco 2 cifre),DCSP_LACIS,1.0,06/12/2025 12:45:06,
6_471_TS_DF_DCSP_LACIS_5,IT1,1.0,Age of enterprise and employees class and economic sector (Nace 2 digit),Età dell'impresa e classe di addetti e settori economici (Ateco 2 digit),DCSP_LACIS,1.0,06/12/2025 12:45:06,
6_471_TS_DF_DCSP_LACIS_6,IT1,1.0,Impact of legislation and economic sector (Nace 2 digit),Impatto degli interventi legislativo-normativi e settori economici (Ateco 2 digit),DCSP_LACIS,1.0,06/12/2025 12:45:06,
6_471_TS_DF_DCSP_LACIS_7,IT1,1.0,Impact of legislation and employees class,Impatto degli interventi legislativo-normativi e classe di addetti,DCSP_LACIS,1.0,06/12/2025 12:45:06,
6_471_TS_DF_DCSP_LACIS_8,IT1,1.0,Hampering factors of innovation and economic sector (Nace 2 digit),Fattori che hanno scoraggiato attività di innovazione e settori economici (Ateco 2 digit),DCSP_LACIS,1.0,06/12/2025 12:45:06,
6_471_TS_DF_DCSP_LACIS_9,IT1,1.0,Hampering factors of innovation and employees class,Fattori che hanno scoraggiato attività di innovazione e classe di addetti,DCSP_LACIS,1.0,06/12/2025 12:45:06,
6_498_DF_DCCN_PILT_B19_1,IT1,1.0,Gross domestic product supply side - editions from January 2020 to December 2023,Prodotto interno lordo lato produzione - edizioni gennaio 2020 - dicembre 2023,DCCN_PILT_B19,1.0,12/30/2024 09:46:28,
6_64,IT1,1.0,Business confidence climate,Clima di fiducia delle imprese,DCSC_IESI,1.0,2026-07-31T08:10:44.238Z,
6_64_DF_DCSC_IESI_1,IT1,1.0,Business confidence climate - weighted average of indexes 2010=100,Clima di fiducia delle imprese - media pesata di indici in base 2010=100,DCSC_IESI,1.0,2024-06-17T15:43:05.734Z,
6_64_DF_DCSC_IESI_2,IT1,1.0,Business confidence climate - weighted average of indexes 2021=100,Clima di fiducia delle imprese - media pesata di indici in base 2021=100,DCSC_IESI,1.0,2026-07-31T08:10:44.238Z,
71_1028,IT1,1.0,Environmental goods and services accounts - CEP classification,Conti dei beni e servizi ambientali - classificazione CEP,DCCN_EGSS1,1.0,2026-06-04T14:20:58.948Z,
71_1028_DF_DCCN_EGSS1_1,IT1,1.0,"Output, value added, exports","Produzione, valore aggiunto, esportazioni",DCCN_EGSS1,1.0,2026-02-26T08:36:03.107Z,
71_1028_DF_DCCN_EGSS1_2,IT1,1.0,Investments for climate change mitigation,Investimenti per la mitigazione dei cambiamenti climatici,DCCN_EGSS1,1.0,2026-02-26T08:39:04.584Z,
71_1028_DF_DCCN_EGSS1_3,IT1,1.0,Employment (full time equivalent),Occupazione (unità di lavoro),DCCN_EGSS1,1.0,2026-02-26T08:42:21.225Z,
71_953,IT1,1.0,Environmental protection expenditure - CEP classification,Spese per la protezione dell'ambiente - classificazione CEP,DCCN_SPESAPROTAMB1,1.0,2026-06-04T14:30:14.880Z,
71_953_DF_DCCN_SPESAPROTAMB1_1,IT1,1.0,National expenditure,Spesa nazionale,DCCN_SPESAPROTAMB1,1.0,2026-02-26T08:49:25.902Z,
71_953_DF_DCCN_SPESAPROTAMB1_2,IT1,1.0,Economic aggregates by institutional sector,Aggregati economici per settore istituzionale,DCCN_SPESAPROTAMB1,1.0,2026-02-26T08:56:41.106Z,
71_953_DF_DCCN_SPESAPROTAMB1_3,IT1,1.0,Gross fixed capital formation and ancillary output of corporations as ancillary producers by economic activity,Investimenti e produzione ausiliaria delle società come produttori ausiliari per attività economica,DCCN_SPESAPROTAMB1,1.0,2026-02-26T08:59:44.374Z,
723_1036,IT1,1.0,Households - labour status,Famiglie - condizione occupazionale,DCCV_FAMCOND1,1.0,2026-05-12T08:55:29.987Z,
723_1036_DF_DCCV_FAMCOND1_1,IT1,1.0,"Presence of employed, retired and unemployed persons","Presenza di occupati, pensionati, disoccupati",DCCV_FAMCOND1,1.0,2026-05-12T08:55:29.987Z,
723_1036_DF_DCCV_FAMCOND1_2,IT1,1.0,Presence of employed persons and foreign members,Presenza di occupati e stranieri,DCCV_FAMCOND1,1.0,2026-05-12T08:55:29.987Z,
723_1036_DF_DCCV_FAMCOND1_3,IT1,1.0,Type of employment,Tipologia di occupazione,DCCV_FAMCOND1,1.0,2026-05-12T08:55:29.987Z,
723_1036_DF_DCCV_FAMCOND1_4,IT1,1.0,Regional data,Dati regionali,DCCV_FAMCOND1,1.0,2026-05-12T08:55:29.987Z,
723_1040,IT1,1.0,Persons by role in household - labour status,Individui per ruolo in famiglia - condizione occupazionale,DCCV_RUOLOFAMCOND,1.0,2026-05-12T08:57:54.532Z,
723_1040_DF_DCCV_RUOLOFAMCOND_1,IT1,1.0,"Employed, unemployed and inactive persons by age","Occupati, disoccupati, inattivi per età",DCCV_RUOLOFAMCOND,1.0,2026-05-12T08:57:54.532Z,
723_1040_DF_DCCV_RUOLOFAMCOND_2,IT1,1.0,"Employed, unemployed and inactive persons by highest level of education","Occupati, disoccupati, inattivi per titolo di studio",DCCV_RUOLOFAMCOND,1.0,2026-05-12T08:57:54.532Z,
723_1040_DF_DCCV_RUOLOFAMCOND_3,IT1,1.0,"Employed, unemployed and inactive persons by citizenship","Occupati, disoccupati, inattivi per cittadinanza",DCCV_RUOLOFAMCOND,1.0,2026-05-12T08:57:54.532Z,
723_1040_DF_DCCV_RUOLOFAMCOND_4,IT1,1.0,"Employed, unemployed and inactive parents by number of children","Genitori occupati, disoccupati, inattivi per numero di figli",DCCV_RUOLOFAMCOND,1.0,2026-05-12T08:57:54.532Z,
723_1040_DF_DCCV_RUOLOFAMCOND_5,IT1,1.0,Employed unemployed and inactive parents by age of youngest child,"Genitori occupati, disoccupati, inattivi per età del figlio più piccolo",DCCV_RUOLOFAMCOND,1.0,2026-05-12T08:57:54.532Z,
723_1040_DF_DCCV_RUOLOFAMCOND_6,IT1,1.0,Rates by age,Tassi per età,DCCV_RUOLOFAMCOND,1.0,2026-05-12T08:57:54.532Z,
723_1040_DF_DCCV_RUOLOFAMCOND_7,IT1,1.0,Rates of parents by number of children,Tassi dei genitori per numero dei figli,DCCV_RUOLOFAMCOND,1.0,2026-05-12T08:57:54.532Z,
723_1040_DF_DCCV_RUOLOFAMCOND_8,IT1,1.0,Rates of parents by age of youngest child,Tassi dei genitori per età del figlio più piccolo,DCCV_RUOLOFAMCOND,1.0,2026-05-12T08:57:54.532Z,
723_1041,IT1,1.0,Couple family - labour status,Coppie - condizione occupazionale,DCCV_COPPIECOND,1.0,2026-05-12T08:56:58.578Z,
723_1041_DF_DCCV_COPPIECOND_1,IT1,1.0,"Presence of employed partners, working time, woman's age and number of children","Presenza di occupati, regime orario, età della donna e numero di figli",DCCV_COPPIECOND,1.0,2026-05-12T08:56:58.578Z,
723_1041_DF_DCCV_COPPIECOND_2,IT1,1.0,"Presence of employed partners, working time, woman's age and age of youngest child","Presenza di occupati, regime orario, età della donna ed età del figlio più piccolo",DCCV_COPPIECOND,1.0,2026-05-12T08:56:58.578Z,
723_1041_DF_DCCV_COPPIECOND_3,IT1,1.0,"Presence of employed partners, working time, age and highest level of education atteined by the woman","Presenza di occupati, regime orario, età e titolo di studio della donna",DCCV_COPPIECOND,1.0,2026-05-12T08:56:58.578Z,
723_1041_DF_DCCV_COPPIECOND_4,IT1,1.0,"Labour status of partners, presence of children and highest level of education atteined by the woman","Condizione occupazionale dei partner, presenza di figli e titolo di studio della donna",DCCV_COPPIECOND,1.0,2026-05-12T08:56:58.578Z,
723_1041_DF_DCCV_COPPIECOND_5,IT1,1.0,Regional data,Dati regionali,DCCV_COPPIECOND,1.0,2026-05-12T08:56:58.578Z,
723_1206,IT1,1.0,Households - labour status- previous regulation (until 2020),Famiglie - condizione occupazionale - regolamento precedente (fino al 2020),DCCV_FAMCOND1_UNT2020,1.0,2023-06-06T12:00:51.524Z,
723_1206_DF_DCCV_FAMCOND1_UNT2020_1,IT1,1.0,"Presence of employed, retired and unemployed persons","Presenza di occupati, pensionati, disoccupati",DCCV_FAMCOND1_UNT2020,1.0,2023-06-06T12:00:51.524Z,
723_1206_DF_DCCV_FAMCOND1_UNT2020_2,IT1,1.0,Presence of employed persons and foreign members,Presenza di occupati e stranieri,DCCV_FAMCOND1_UNT2020,1.0,2023-06-06T12:00:51.524Z,
723_1206_DF_DCCV_FAMCOND1_UNT2020_3,IT1,1.0,Type of employment,Tipologia di occupazione,DCCV_FAMCOND1_UNT2020,1.0,2023-06-06T12:00:51.524Z,
723_1206_DF_DCCV_FAMCOND1_UNT2020_4,IT1,1.0,Regional data,Dati regionali,DCCV_FAMCOND1_UNT2020,1.0,2023-06-06T12:00:51.524Z,
723_1207,IT1,1.0,Couple family - labour status- previous regulation (until 2020),Coppie - condizione occupazionale - regolamento precedente (fino al 2020),DCCV_COPPIECOND_UNT2020,1.0,2023-06-06T11:03:01.195Z,
723_1207_DF_DCCV_COPPIECOND_UNT2020_1,IT1,1.0,"Presence of employed partners, working time, woman's age and number of children","Presenza di occupati, regime orario, età della donna e numero di figli",DCCV_COPPIECOND_UNT2020,1.0,2023-06-06T11:03:01.195Z,
723_1207_DF_DCCV_COPPIECOND_UNT2020_2,IT1,1.0,"Presence of employed partners, working time, woman's age and age of youngest childage and number of children","Presenza di occupati, regime orario, età della donna ed età del figlio più piccolo",DCCV_COPPIECOND_UNT2020,1.0,2023-06-06T11:03:01.195Z,
723_1207_DF_DCCV_COPPIECOND_UNT2020_3,IT1,1.0,"Presence of employed partners, working time, age and highest level of education atteined by the woman","Presenza di occupati, regime orario, età e titolo di studio della donna",DCCV_COPPIECOND_UNT2020,1.0,2023-06-06T11:03:01.195Z,
723_1207_DF_DCCV_COPPIECOND_UNT2020_4,IT1,1.0,Labour status of partners and woman's age,Condizione occupazionale dei partner ed età della donna,DCCV_COPPIECOND_UNT2020,1.0,2023-06-06T11:03:01.195Z,
723_1207_DF_DCCV_COPPIECOND_UNT2020_5,IT1,1.0,"Labour status of partners, presence of children and highest level of education atteined by the woman","Condizione occupazionale dei partner, presenza di figli e titolo di studio della donna",DCCV_COPPIECOND_UNT2020,1.0,2023-06-06T11:03:01.195Z,
723_1207_DF_DCCV_COPPIECOND_UNT2020_6,IT1,1.0,Regional data,Dati regionali,DCCV_COPPIECOND_UNT2020,1.0,2023-06-06T11:03:01.195Z,
723_1208,IT1,1.0,Persons by role in household - labour status- previous regulation (until 2020),Individui per ruolo in famiglia - condizione occupazionale- regolamento precedente (fino al 2020),DCCV_RUOLOFAMCOND_UNT2020,1.0,2023-05-29T09:28:19.084Z,
723_1208_DF_DCCV_RUOLOFAMCOND_UNT2020_1,IT1,1.0,"Employed, unemployed and inactive persons by age","Occupati, disoccupati, inattivi per età",DCCV_RUOLOFAMCOND_UNT2020,1.0,2023-05-29T09:30:55.162Z,
723_1208_DF_DCCV_RUOLOFAMCOND_UNT2020_2,IT1,1.0,"Employed, unemployed and inactive persons by highest level of education","Occupati, disoccupati, inattivi per titolo di studio",DCCV_RUOLOFAMCOND_UNT2020,1.0,2023-05-29T09:33:51.462Z,
723_1208_DF_DCCV_RUOLOFAMCOND_UNT2020_3,IT1,1.0,"Employed, unemployed and inactive persons by citizenship","Occupati, disoccupati, inattivi per cittadinanza",DCCV_RUOLOFAMCOND_UNT2020,1.0,2023-05-29T09:36:19.565Z,
723_1208_DF_DCCV_RUOLOFAMCOND_UNT2020_4,IT1,1.0,"Employed, unemployed and inactive parents by number of children","Genitori occupati, disoccupati, inattivi per numero di figli",DCCV_RUOLOFAMCOND_UNT2020,1.0,2023-05-29T09:39:22.243Z,
723_1208_DF_DCCV_RUOLOFAMCOND_UNT2020_5,IT1,1.0,Employed unemployed and inactive parents by age of youngest child,"Genitori occupati, disoccupati, inattivi per età del figlio più piccolo",DCCV_RUOLOFAMCOND_UNT2020,1.0,2023-05-29T09:41:51.141Z,
723_1208_DF_DCCV_RUOLOFAMCOND_UNT2020_6,IT1,1.0,Rates by age,Tassi per età,DCCV_RUOLOFAMCOND_UNT2020,1.0,2023-05-29T09:44:57.255Z,
723_1208_DF_DCCV_RUOLOFAMCOND_UNT2020_7,IT1,1.0,Rates of parents by number of children,Tassi dei genitori per numero dei figli,DCCV_RUOLOFAMCOND_UNT2020,1.0,2023-05-29T09:48:04.036Z,
723_1208_DF_DCCV_RUOLOFAMCOND_UNT2020_8,IT1,1.0,Rates of parents by age of youngest child,Tassi dei genitori per età del figlio più piccolo,DCCV_RUOLOFAMCOND_UNT2020,1.0,2023-05-29T09:50:56.717Z,
729_1050,IT1,1.0,Total area,Superfici territoriali,DCCV_CARGEOMOR_ST_COM,1.0,2025-09-03T13:46:09.260Z,METADATA_URL
729_995,IT1,1.0,Geomorphological characteristics of municipalities,Caratteristiche geo-morfologiche dei comuni,DCCV_CARGEOMOR_COM,1.0,03/09/2022 11:14:41,METADATA_URL
72_1028,IT1,1.0,Account of environmental subsidies and similar transfers,Contributi e altri trasferimenti a fini ambientali,DCCN_ESST,1.0,2026-07-28T08:09:26.580Z,
72_1028_DF_DCCN_ESST_1,IT1,1.0,Environmental subsidies and similar transfers - by institutional sectors paying and receiving and by environmental domains,Contributi e altri trasferimenti a fini ambientali - per settore istituzionale erogante e ricevente e per finalità ambientale,DCCN_ESST,1.0,2026-07-28T08:09:26.580Z,
72_1028_DF_DCCN_ESST_2,IT1,1.0,Environmental subsidies and similar transfers from General Government to Corporations by NACE activities and by environmental domains,Contributi e altri trasferimenti a fini ambientali erogati da Amministrazioni pubbliche a Società - per attività economica e finalità ambientale,DCCN_ESST,1.0,2026-07-28T08:09:26.580Z,
72_155,IT1,1.0,Civil proceedings,Procedimenti civili,DCAR_NUM_PROC_CIV,1.0,03/09/2023 07:54:24,
72_155_DF_DCAR_NUM_PROC_CIV_1,IT1,1.0,Flow,Movimento,DCAR_NUM_PROC_CIV,1.0,03/09/2023 07:56:09,
72_155_DF_DCAR_NUM_PROC_CIV_2,IT1,1.0,Ensued judicial proceedings by Court of appeal district,Sopravvenuti per Distretto di Corte di Appello,DCAR_NUM_PROC_CIV,1.0,03/09/2023 08:02:53,
72_158,IT1,1.0,"Civil proceedings - labour, social security and compulsory welfare","Procedimenti civili - lavoro, previdenza e assistenza obbligatorie",DCAR_PROC_CIV,1.0,03/09/2023 08:05:27,
72_158_DF_DCAR_PROC_CIV_1,IT1,1.0,"Civil proceedings - labour, social security and compulsory welfare","Procedimenti civili - lavoro, previdenza e assistenza obbligatorie",DCAR_PROC_CIV,1.0,03/09/2023 08:08:01,
730_1006,IT1,1.0,Sequence of accounts - editions from October 2014 to April 2019,Sequenza dei conti - edizioni ottobre 2014 - aprile 2019,DCCN_SQCN_B14,1.0,05/31/2022 14:36:45,METADATA_URL
730_1006_DF_DCCN_SQCN_B14_1,IT1,1.0,Sequence of accounts - editions from October 2014 to April 2019,Sequenza dei conti - edizioni ottobre 2014 - aprile 2019,DCCN_SQCN_B14,1.0,05/31/2022 14:36:45,METADATA_URL
730_1047,IT1,1.0,Gross Domestic Product and main components - editions from October 2014 to April 2019,Prodotto interno lordo e principali componenti - edizioni ottobre 2014 - aprile 2019,DCCN_PILN_B14,1.0,05/31/2022 14:53:13,METADATA_URL
730_1047_DF_DCCN_PILN_B14_1,IT1,1.0,Gross Domestic Product and main components - editions from October 2014 to April 2019,Prodotto interno lordo e principali componenti - edizioni ottobre 2014 - aprile 2019,DCCN_PILN_B14,1.0,05/31/2022 14:53:13,METADATA_URL
730_1048,IT1,1.0,National accounts annual main aggregates - editions from October 2014 to April 2019,Principali aggregati annnuali di contabilità nazionale - edizioni ottobre 2014 - aprile 2019,DCCN_ANA_B14,1.0,05/31/2022 15:09:38,METADATA_URL
730_1048_DF_DCCN_ANA_B14_1,IT1,1.0,Output and value added by industry - editions from October 2014 to April 2019,Produzione e valore aggiunto per branca di attività - edizioni ottobre 2014 - aprile 2019,DCCN_ANA_B14,1.0,06/09/2022 09:39:38,METADATA_URL
730_1048_DF_DCCN_ANA_B14_2,IT1,1.0,Compensation of employees and its components by industry - editions from October 2014 to April 2019,Redditi da lavoro dipendente e componenti per branca di attività - edizioni ottobre 2014 - aprile 2019,DCCN_ANA_B14783218,1.0,07/12/2022 09:28:42,METADATA_URL
730_1048_DF_DCCN_ANA_B14_3,IT1,1.0,Taxes and subsidies on production by industry - editions from October 2014 to April 2019,Imposte e contributi alla produzione per branca di attività - edizioni ottobre 2014 - aprile 2019,DCCN_ANA_B14916976,1.0,05/31/2022 15:09:38,METADATA_URL
730_1048_DF_DCCN_ANA_B14_4,IT1,1.0,Gross fixed capital formation by asset and industry - editions from October 2014 to April 2019,Investimenti fissi lordi per tipo di investimento e branca proprietaria - edizioni ottobre 2014 - aprile 2019,DCCN_ANA_B14218384,1.0,05/31/2022 15:09:38,METADATA_URL
730_1048_DF_DCCN_ANA_B14_5,IT1,1.0,Stocks of fixed assets and consumption of fixed capital by industry - editions from October 2014 to April 2019,Stock di capitale e ammortamenti per tipo di investimento e branca proprietaria - edizioni ottobre 2014 - aprile 2019,DCCN_ANA_B14110661,1.0,05/31/2022 15:09:38,METADATA_URL
730_1048_DF_DCCN_ANA_B14_6,IT1,1.0,Final consumption expenditure of household by expenditure item (Coicop 3 digit) and durability - editions from October 2014 to April 2019,Spesa per consumi finali delle famiglie per voce di spesa (Coicop 3 cifre) e durata - edizioni ottobre 2014 - aprile 2019,DCCN_ANA_B14630749,1.0,05/31/2022 15:09:38,METADATA_URL
730_1048_DF_DCCN_ANA_B14_7,IT1,1.0,Per capita values - editions from October 2014 to April 2019,Valori pro capite - edizioni ottobre 2014 - aprile 2019,DCCN_ANA_B14990346,1.0,05/31/2022 15:09:38,METADATA_URL
730_1049,IT1,1.0,"Regular, irregular employment and population - editions from October 2014 to April 2019","Occupazione regolare, irregolare e popolazione - edizioni ottobre 2014 - aprile 2019",DCCN_OCCNSEC2010_B14,1.0,06/13/2022 15:51:40,METADATA_URL
730_1049_DF_DCCN_OCCNSEC2010_B14_1,IT1,1.0,"Employment in persons, full time equivalent, jobs and hours worked - editions from October 2014 to April 2019","Occupati, unità di lavoro, posizioni lavorative e ore lavorate - edizioni ottobre 2014 - aprile 2019",DCCN_OCCNSEC2010_B14592112,1.0,06/13/2022 15:51:40,METADATA_URL
730_1049_DF_DCCN_OCCNSEC2010_B14_2,IT1,1.0,Rate of undeclared work - editions from October 2014 to April 2019,Tassi di irregolarità - edizioni ottobre 2014 - aprile 2019,DCCN_OCCNSEC2010_B14944675,1.0,06/13/2022 15:51:40,METADATA_URL
730_1049_DF_DCCN_OCCNSEC2010_B14_3,IT1,1.0,Annual average population - editions from October 2014 to April 2019,Popolazione media annua - edizioni ottobre 2014 - aprile 2019,DCCN_OCCNSEC2010_B1455593,1.0,06/13/2022 15:51:40,METADATA_URL
732_1051,IT1,1.0,"Gross domestic product, expenditure components and contribution to GDP growth - editions from October 2014 to August 2019",Conto economico delle risorse e degli impieghi  e contributi alla crescita del Pil - edizioni ottobre 2014 - agosto 2019,DCCN_SQCQ_B14,1.0,05/31/2022 14:58:30,METADATA_URL
732_1051_DF_DCCN_SQCQ_B14_1,IT1,1.0,Gross domestic product and expenditure components - editions from October 2014 to August 2019,Conto economico delle risorse e degli impieghi - edizioni ottobre 2014 - agosto 2019,DCCN_SQCQ_B14,1.0,05/31/2022 14:58:30,METADATA_URL
732_1051_DF_DCCN_SQCQ_B14_2,IT1,1.0,Contributions to GDP growth - editions from December 2014 to August 2019,Contributi alla crescita del PIL - edizioni dicembre 2014 - agosto 2019,DCCN_SQCQ_B14,1.0,05/31/2022 14:58:30,METADATA_URL
732_1051_DF_DCCN_SQCQ_B14_3,IT1,1.0,Gross domestic product and growth rates (preliminary estimate) - editions from May 2016 to July 2019,Prodotto interno lordo e variazioni (stima preliminare) - edizioni maggio 2016 - luglio 2019,DCCN_SQCQ_B14,1.0,05/31/2022 14:58:30,METADATA_URL
732_1052,IT1,1.0,Gross Domestic Product and main components - editions from October 2014 to August 2019,Prodotto interno lordo e principali componenti - edizioni ottobre 2014 - agosto 2019,DCCN_PILQ_B14,1.0,05/31/2022 15:06:05,METADATA_URL
732_1052_DF_DCCN_PILQ_B14_1,IT1,1.0,Gross Domestic Product and main components - editions from October 2014 to August 2019,Prodotto interno lordo e principali componenti - edizioni ottobre 2014 - agosto 2019,DCCN_PILQ_B14,1.0,06/09/2022 12:31:20,METADATA_URL
732_1053,IT1,1.0,National Accounts quarterly main aggregates - editions from October 2014 to August 2019,Principali aggregati trimestrali di Contabilità Nazionale - edizioni ottobre 2014 - agosto 2019,DCCN_QNA_B14,1.0,06/13/2022 15:56:04,METADATA_URL
732_1053_DF_DCCN_QNA_B14_1,IT1,1.0,Value added by industry - editions from October 2014 to August 2019,Valore aggiunto per branca di attività - edizioni ottobre 2014 - agosto 2019,DCCN_QNA_B14804675,1.0,06/13/2022 15:56:04,METADATA_URL
732_1053_DF_DCCN_QNA_B14_2,IT1,1.0,Gross fixed capital formation by asset - editions from October 2014 to August 2019,Investimenti fissi lordi per tipo di investimento - edizioni ottobre 2014 - agosto 2019,DCCN_QNA_B14340024,1.0,06/13/2022 15:56:04,METADATA_URL
732_1053_DF_DCCN_QNA_B14_3,IT1,1.0,Final consumption expenditure of households - editions from October 2014 to August 2019,Spesa per i consumi finali delle famiglie - edizioni ottobre 2014 - agosto 2019,DCCN_QNA_B14165045,1.0,06/13/2022 15:56:04,METADATA_URL
732_1053_DF_DCCN_QNA_B14_4,IT1,1.0,Final consumption expenditure of households by expenditure item (Coicop 2 digit) and durability - editions from October 2014 to August 2019,Spesa per consumi finali delle famiglie per voce di spesa (Coicop 2 cifre) e durata - edizioni ottobre 2014 - agosto 2019,DCCN_QNA_B14340007,1.0,06/13/2022 15:56:04,METADATA_URL
732_1053_DF_DCCN_QNA_B14_5,IT1,1.0,Compensation of employees and its components by industry - editions from October 2014 to August 2019,Redditi da lavoro dipendente e componenti per branca di attività - edizioni ottobre 2014 - agosto 2019,DCCN_QNA_B14,1.0,06/13/2022 15:56:04,METADATA_URL
732_1053_DF_DCCN_QNA_B14_6,IT1,1.0,Costs and margins by industry - editions from December 2014 to August 2019,Costi e margini per branca di attività - edizioni dicembre 2014 - agosto 2019,DCCN_QNA_B14194707,1.0,06/13/2022 15:56:04,METADATA_URL
732_1054,IT1,1.0,Employment breakdown by industry - editions from October 2014 to August 2019,Occupazione per branca di attività - edizioni ottobre 2014 - agosto 2019,DCCN_OCCQSEC2010_B14,1.0,09/13/2021 08:48:22,METADATA_URL
732_1054_DF_DCCN_OCCQSEC2010_B14_1,IT1,1.0,Employment breakdown by industry - editions from October 2014 to August 2019,Occupazione per branca di attività - edizioni ottobre 2014 - agosto 2019,DCCN_OCCQSEC2010_B14583549,1.0,10/18/2021 10:09:39,METADATA_URL
733_1055,IT1,1.0,"Sequence of accounts and non-financial assets, by institutional sector - editions from October 2015 to April 2019","Sequenza dei conti e stock di attività non finanziarie, per settore istituzionale - edizioni ottobre 2015 - aprile 2019",DCCN_ISTITUZ_ANA_B14,1.0,05/31/2022 15:34:25,METADATA_URL
733_1055_DF_DCCN_ISTITUZ_ANA_B14_1,IT1,1.0,Sequence of accounts - editions from October 2015 to April 2019,Sequenza dei conti - edizioni ottobre 2015 - aprile 2019,DCCN_ISTITUZ_ANA_B14,1.0,05/31/2022 15:34:25,METADATA_URL
733_1055_DF_DCCN_ISTITUZ_ANA_B14_2,IT1,1.0,Key indicators on households as consumers and non-financial corporations - editions from October 2015 to April 2019,Indicatori su famiglie consumatrici e società non finanziarie - edizioni ottobre 2015 - aprile 2019,DCCN_ISTITUZ_ANA_B14965124,1.0,05/31/2022 15:34:25,METADATA_URL
733_1055_DF_DCCN_ISTITUZ_ANA_B14_3,IT1,1.0,Non-financial assets - editions from March 2015 to December 2018,Stock di attività non finanziarie - edizioni marzo 2015 - dicembre 2018,DCCN_ISTITUZ_ANA_B14,1.0,06/13/2022 10:45:43,METADATA_URL
733_1056,IT1,1.0,Employment breakdown by industry - editions from October 2014 to April 2019,Occupazione per branca di attività - edizioni ottobre 2014 - aprile 2019,DCCN_OCCSISEC2010_B14,1.0,08/26/2021 08:43:53,METADATA_URL
733_1056_DF_DCCN_OCCSISEC2010_B14_1,IT1,1.0,Employment breakdown by industry - editions from October 2014 to April 2019,Occupazione per branca di attività - edizioni ottobre 2014 - aprile 2019,DCCN_OCCSISEC2010_B14244663,1.0,01/03/2022 10:03:43,METADATA_URL
733_1056_DF_DCCN_OCCSISEC2010_B14_2,IT1,1.0,Employment by subsector - editions from October 2015 to April 2019,Occupazione per sottosettore - edizioni ottobre 2015 - aprile 2019,DCCN_OCCSISEC2010_B14445755,1.0,01/04/2022 14:01:08,METADATA_URL
734_1059,IT1,1.0,Quarterly account - editions from January 2016 to June 2019,Conto trimestrale - edizioni gennaio 2016 - giugno 2019,DCCN_FPQ_B14,1.0,05/31/2022 16:12:09,METADATA_URL
734_1059_DF_DCCN_FPQ_B14_1,IT1,1.0,Economc account - editions from January 2016 to June 2019,Conto economico - edizioni gennaio 2016 - giugno 2019,DCCN_FPQ_B14,1.0,06/14/2022 10:11:32,METADATA_URL
734_1059_DF_DCCN_FPQ_B14_2,IT1,1.0,Indicators (GDP ratio) - editions from January 2016 to June 2019,Indicatori (in rapporto al PIL) - edizioni gennaio 2016 - giugno 2019,DCCN_FPQ_B14,1.0,06/14/2022 10:33:01,METADATA_URL
734_1060,IT1,1.0,Annual account - editions until April 2019,Conto annuale - edizioni fino ad aprile 2019,DCCN_FPA_B14,1.0,05/31/2022 16:04:39,METADATA_URL
734_1060_DF_DCCN_FPA_B14_1,IT1,1.0,Economic account by subsector - editions from October 2015 to April 2019,Conto economico per sottosettore - edizioni ottobre 2015 - aprile 2019,DCCN_FPA_B14838214,1.0,05/31/2022 16:04:39,METADATA_URL
734_1060_DF_DCCN_FPA_B14_2,IT1,1.0,Indicators (GDP ratio) - editions from May 2016 to April 2019,Indicatori (in rapporto al PIL) - edizioni maggio 2016 - aprile 2019,DCCN_FPA_B14,1.0,06/13/2022 13:24:23,METADATA_URL
734_1060_DF_DCCN_FPA_B14_3,IT1,1.0,"Compensation of employees, wages and salaries per capita by subsector - editions from April 2017 to April 2019",Redditi e retribuzione pro capite per sottosettore - edizioni aprile 2017 - aprile 2019,DCCN_FPA_B14551742,1.0,05/31/2022 16:04:39,METADATA_URL
734_1060_DF_DCCN_FPA_B14_4,IT1,1.0,Gross fixed capital formation by subsector - editions from May 2016 to April 2019,Investimenti fissi lordi per sottosettore - edizioni maggio 2016 - aprile 2019,DCCN_FPA_B14739452,1.0,05/31/2022 16:04:39,METADATA_URL
734_1060_DF_DCCN_FPA_B14_5,IT1,1.0,Taxes and social contributions by subsector - editions from April 2017 to April 2019,Imposte e contributi sociali per sottosettore - edizioni aprile 2017 - aprile 2019,DCCN_FPA_B1452500,1.0,05/31/2022 16:04:39,METADATA_URL
734_1060_DF_DCCN_FPA_B14_6,IT1,1.0,Generation of final consumption expenditure - editions from April 2017 to April 2019,Formazione della spesa per consumi finali - edizioni aprile 2017 - aprile 2019,DCCN_FPA_B1459774,1.0,05/31/2022 16:04:39,METADATA_URL
734_1061,IT1,1.0,Annual expenditure by subsector - editions until April 2019,Uscite annuali per sottosettore - edizioni fino ad aprile 2019,DCCN_OTEPPA_B14,1.0,05/31/2022 16:01:43,METADATA_URL
734_1061_DF_DCCN_OTEPPA_B14_1,IT1,1.0,Consumption expenditure by function (COFOG 2 and 3 digit) - editions from December 2015 to April 2019,Spesa per consumi per funzione (COFOG 2 e 3 cifre) - edizioni dicembre 2015 - aprile 2019,DCCN_OTEPPA_B1485257,1.0,05/31/2022 16:01:43,METADATA_URL
734_1061_DF_DCCN_OTEPPA_B14_2,IT1,1.0,Expenditure items by function (COFOG 2 and 3 digit) - editions from December 2015 to December 2018,Voci di uscita per funzione (COFOG 2 e 3 cifre) - edizioni dicembre 2015 - dicembre 2018,DCCN_OTEPPA_B1496536,1.0,05/31/2022 16:01:43,METADATA_URL
737_1082,IT1,1.0,Sequence of accounts - editions  from October  2012 to December 2018,Sequenza dei conti - edizioni ottobre 2014 - dicembre 2018,DCCN_SQCT_B14,1.0,05/31/2022 15:12:48,METADATA_URL
737_1082_DF_DCCN_SQCT_B14_1,IT1,1.0,Sequence of accounts - editions  from October  2012 to December 2018,Sequenza dei conti - edizioni ottobre 2014 - dicembre 2018,DCCN_SQCT_B14,1.0,05/31/2022 15:12:48,METADATA_URL
737_1083,IT1,1.0,Gross domestic product supply side - editions from October 2012 to December 2018,Prodotto interno lordo lato produzione - edizioni ottobre 2014 - dicembre 2018,DCCN_PILT_B14,1.0,05/31/2022 15:16:03,METADATA_URL
737_1083_DF_DCCN_PILT_B14_1,IT1,1.0,Gross domestic product supply side - editions from October 2012 to December 2018,Prodotto interno lordo lato produzione - edizioni ottobre 2014 - dicembre 2018,DCCN_PILT_B14,1.0,05/31/2022 15:16:03,METADATA_URL
737_1084,IT1,1.0,National Accounts regional main aggregates  - editions from October 2012 to December 2018,Principali aggregati territoriali di Contabilità nazionale - edizioni ottobre 2014 - dicembre 2018,DCCN_TNA_B14,1.0,05/31/2022 15:22:37,METADATA_URL
737_1084_DF_DCCN_TNA_B14_1,IT1,1.0,Value added by industry - editions from October 2012 to December 2018,Valore aggiunto per branca di attività - edizioni ottobre 2014 - dicembre 2018,DCCN_TNA_B14482776,1.0,05/31/2022 15:22:37,METADATA_URL
737_1084_DF_DCCN_TNA_B14_2,IT1,1.0,Compensation of employees and its components by industry- editions from October 2012 to December 2018,Redditi da lavoro dipendente e componenti per branca di attività - edizioni ottobre 2014 - dicembre 2018,DCCN_TNA_B14819260,1.0,05/31/2022 15:22:37,METADATA_URL
737_1084_DF_DCCN_TNA_B14_3,IT1,1.0,Final consumption expenditure of households by expenditure item (Coicop 2 digit) and durability - editions from October 2012 to December 2018,Spesa per consumi finali delle famiglie per voce di spesa (Coicop 2 cifre) e durata - edizioni ottobre 2014 - dicembre 2018,DCCN_TNA_B14956177,1.0,05/31/2022 15:22:37,METADATA_URL
737_1084_DF_DCCN_TNA_B14_4,IT1,1.0,Final consumption expenditure of general government by function - editions from October 2012 to December 2018,Spesa per consumi finali della Pa per funzione di spesa - edizioni ottobre 2014 - dicembre 2018,DCCN_TNA_B14540306,1.0,05/31/2022 15:22:37,METADATA_URL
737_1084_DF_DCCN_TNA_B14_5,IT1,1.0,Gross fixed capital formation breakdown by industry - editions from October 2012 to December 2018,Investimenti fissi lordi per branca proprietaria - edizioni ottobre 2014 - dicembre 2018,DCCN_TNA_B14109142,1.0,05/31/2022 15:22:37,METADATA_URL
737_1084_DF_DCCN_TNA_B14_6,IT1,1.0,Per capita values - editions from October 2012 to December 2018,Valori pro capite - edizioni ottobre 2014 - dicembre 2018,DCCN_TNA_B14917547,1.0,05/31/2022 15:22:37,METADATA_URL
737_1087,IT1,1.0,"Regular, irregular employment and population - editions from October 2012 to December 2018","Occupazione regolare, irregolare e popolazione - edizioni ottobre 2014 - dicembre 2018",DCCN_OCCTSEC2010_B14,1.0,09/13/2021 10:06:22,METADATA_URL
737_1087_DF_DCCN_OCCTSEC2010_B14_1,IT1,1.0,Employment - regions - editions from October 2012 to December 2018,Occupazione regionale - edizioni ottobre 2014 - dicembre 2018,DCCN_OCCTSEC2010_B14950959,1.0,12/30/2021 16:29:00,METADATA_URL
737_1087_DF_DCCN_OCCTSEC2010_B14_2,IT1,1.0,Employment - provinces - editions from October 2012 to December 2018,Occupazione provinciale - edizioni ottobre 2014 - dicembre 2018,DCCN_OCCTSEC2010_B14,1.0,12/30/2021 16:35:07,METADATA_URL
737_1087_DF_DCCN_OCCTSEC2010_B14_3,IT1,1.0,Rate of undeclared work - editions from October 2012 to December 2018,Tasso di irregolarità - edizioni ottobre 2014 - dicembre 2018,DCCN_OCCTSEC2010_B14680790,1.0,12/30/2021 16:55:23,METADATA_URL
737_1087_DF_DCCN_OCCTSEC2010_B14_4,IT1,1.0,Annual average population - editions from October 2012 to December 2018,Popolazione media annua - edizioni ottobre 2014 - dicembre 2018,DCCN_OCCTSEC2010_B14451627,1.0,12/30/2021 17:16:38,METADATA_URL
737_1093,IT1,1.0,Disposable income of the households in the italian regions - editions from November 2015 to december 2018,Reddito disponibile delle famiglie nelle regioni italiane - edizioni novembre 2015 - dicembre 2018,DCCN_ISTITUZ_TNA_B14,1.0,05/31/2022 16:08:51,METADATA_URL
737_1093_DF_DCCN_ISTITUZ_TNA_B14_1,IT1,1.0,Disposable income of the households in the italian regions - editions from November 2015 to december 2018,Reddito disponibile delle famiglie nelle regioni italiane - edizioni novembre 2015 - dicembre 2018,DCCN_ISTITUZ_TNA_B14726141,1.0,05/31/2022 16:08:51,METADATA_URL
73_1071,IT1,1.0,Persons prosecuted by the public prosecutor - adults,Persone indagate presso le procure - adulti,DCCV_IMPUTATI_A,1.0,2023-03-09T10:31:09.954Z,
73_1071_DF_DCCV_IMPUTATI_A_1,IT1,1.0,Person prosecuted by type of decision,Iscritti presso le procure per tipo di decisione,DCCV_IMPUTATI_A,1.0,03/09/2023 10:33:09,
73_1071_DF_DCCV_IMPUTATI_A_10,IT1,1.0,"Violent crimes - place of birth, age classes","Reati violenti - luogo di nascita, classe di età",DCCV_IMPUTATI_A,1.0,01/29/2025 14:09:12,
73_1071_DF_DCCV_IMPUTATI_A_11,IT1,1.0,"Violent crimes - gender, place of birth, age classes","Reati violenti - sesso, luogo di nascita, classe di età",DCCV_IMPUTATI_A,1.0,01/29/2025 14:39:08,
73_1071_DF_DCCV_IMPUTATI_A_12,IT1,1.0,Violent crimes - age classes,Reati violenti - classe di età,DCCV_IMPUTATI_A,1.0,01/29/2025 14:41:43,
73_1071_DF_DCCV_IMPUTATI_A_13,IT1,1.0,Violent crimes - place of birth,Reati violenti - luogo di nascita,DCCV_IMPUTATI_A,1.0,01/29/2025 14:44:00,
73_1071_DF_DCCV_IMPUTATI_A_2,IT1,1.0,"Person prosecuted - age classes, place of birth","Imputati - età, luogo di nascita",DCCV_IMPUTATI_A,1.0,03/09/2023 10:34:13,
73_1071_DF_DCCV_IMPUTATI_A_3,IT1,1.0,"Person prosecuted - place of the event (first offense attributed), place of birth","Imputati - luogo del primo reato iscritto nel procedimento, luogo di nascita",DCCV_IMPUTATI_A,1.0,03/09/2023 10:35:14,
73_1071_DF_DCCV_IMPUTATI_A_4,IT1,1.0,Person prosecuted by number of types of crime,Imputati per numero di tipologie di reato,DCCV_IMPUTATI_A,1.0,03/09/2023 10:36:12,
73_1071_DF_DCCV_IMPUTATI_A_5,IT1,1.0,Persons prosecuted by number of crime,Imputati per numero di reati,DCCV_IMPUTATI_A,1.0,03/09/2023 10:37:08,
73_1071_DF_DCCV_IMPUTATI_A_6,IT1,1.0,"Persons prosecuted by type of crime - place of birth, age classes","Imputati per tipologia di reato - luogo di nascita, classe di età",DCCV_IMPUTATI_A,1.0,03/09/2023 10:38:06,
73_1071_DF_DCCV_IMPUTATI_A_7,IT1,1.0,"Persons prosecuted by type of crime - gender, place of birth, age classes","Imputati per tipologia di reato - sesso, luogo di nascita, classe di età",DCCV_IMPUTATI_A,1.0,03/09/2023 10:39:08,
73_1071_DF_DCCV_IMPUTATI_A_8,IT1,1.0,"Persons prosecuted by type of crime - per 100,000 population by age",Imputati per tipologia reato -  valori per 100.000 abitanti per classe di età,DCCV_IMPUTATI_A,1.0,03/09/2023 10:40:06,
73_1071_DF_DCCV_IMPUTATI_A_9,IT1,1.0,Persons prosecuted by type of crime - place of birth,Imputati per tipologia reato - luogo di nascita,DCCV_IMPUTATI_A,1.0,03/09/2023 10:41:03,
73_1072,IT1,1.0,Persons prosecuted by the public prosecutor - minors,Persone indagate presso le procure - minori,DCCV_IMPUTATI_M,1.0,2023-03-09T13:54:57.863Z,
73_1072_DF_DCCV_IMPUTATI_M_1,IT1,1.0,Person prosecuted by type of decision,Iscritti presso le procure per tipo di decisione,DCCV_IMPUTATI_M,1.0,2023-03-09T13:57:04.880Z,
73_1072_DF_DCCV_IMPUTATI_M_10,IT1,1.0,"Violent crimes - place of birth, age classes","Reati violenti - luogo di nascita, classe di età",DCCV_IMPUTATI_M,1.0,01/29/2025 15:55:43,
73_1072_DF_DCCV_IMPUTATI_M_11,IT1,1.0,"Violent crimes - gender, place of birth, age classes","Reati violenti - sesso, luogo di nascita, classe di età",DCCV_IMPUTATI_M,1.0,01/29/2025 15:58:18,
73_1072_DF_DCCV_IMPUTATI_M_12,IT1,1.0,Violent crimes - age classes,Reati violenti - classe di età,DCCV_IMPUTATI_M,1.0,01/29/2025 15:59:41,
73_1072_DF_DCCV_IMPUTATI_M_13,IT1,1.0,Violent crimes - place of birth,Reati violenti - luogo di nascita,DCCV_IMPUTATI_M,1.0,01/29/2025 16:01:17,
73_1072_DF_DCCV_IMPUTATI_M_2,IT1,1.0,"Person prosecuted - gender, age classes, place of birth","Imputati - sesso, età, luogo di nascita",DCCV_IMPUTATI_M,1.0,2023-03-09T13:58:07.182Z,
73_1072_DF_DCCV_IMPUTATI_M_3,IT1,1.0,"Person prosecuted - place of the event (first offense attributed), place of birth","Imputati - luogo del primo reato iscritto nel procedimento, luogo di nascita",DCCV_IMPUTATI_M,1.0,2023-03-09T13:59:08.136Z,
73_1072_DF_DCCV_IMPUTATI_M_4,IT1,1.0,Person prosecuted by number of types of crime,Imputati per numero di tipologie di reato,DCCV_IMPUTATI_M,1.0,2023-03-09T14:00:04.898Z,
73_1072_DF_DCCV_IMPUTATI_M_5,IT1,1.0,Persons prosecuted by number of crime,Imputati per numero di reati,DCCV_IMPUTATI_M,1.0,2023-03-09T14:01:10.046Z,
73_1072_DF_DCCV_IMPUTATI_M_6,IT1,1.0,"Persons prosecuted by type of crime - place of birth, age classes","Imputati per tipologia di reato - luogo di nascita (regione), classe di età",DCCV_IMPUTATI_M,1.0,2023-03-09T14:02:18.051Z,
73_1072_DF_DCCV_IMPUTATI_M_7,IT1,1.0,"Persons prosecuted by type of crime - gender, place of birth, age classes","Imputati per tipologia di reato - sesso, luogo di nascita, classe di età",DCCV_IMPUTATI_M,1.0,2023-03-09T14:03:21.865Z,
73_1072_DF_DCCV_IMPUTATI_M_8,IT1,1.0,"Persons prosecuted by type of crime - per 100,000 population by age",Imputati per tipologia reato - valori per 100.000 abitanti per classe di età,DCCV_IMPUTATI_M,1.0,2023-03-09T14:04:17.682Z,
73_1072_DF_DCCV_IMPUTATI_M_9,IT1,1.0,"Persons prosecuted by type of crime - per 100,000 population by region",Imputati per tipologia reato - valori per 100.000 abitanti per regione,DCCV_IMPUTATI_M,1.0,2023-03-09T14:05:20.064Z,
73_1187,IT1,1.0,Other crimes reported by the police forces to the judicial authority,Altri delitti denunciati dalle forze di polizia all'autorità giudiziaria,DCCV_ALTRIDELPS,1.0,2026-01-23T13:52:47.415Z,
73_1187_DF_DCCV_ALTRIDELPS_1,IT1,1.0,In total and per hundred thousand inhabitants,In totale e per centomila abitanti,DCCV_ALTRIDELPS,1.0,2026-01-23T13:52:47.415Z,
73_1187_DF_DCCV_ALTRIDELPS_2,IT1,1.0,By month of the crime committed,Per mese del commesso delitto,DCCV_ALTRIDELPS,1.0,2026-01-23T13:52:47.415Z,
73_160,IT1,1.0,Criminal proceedings,Procedimenti penali,DCAR_NUM_PROC_PEN,1.0,03/09/2023 08:10:15,
73_160_DF_DCAR_NUM_PROC_PEN_1,IT1,1.0,Criminal proceedings,Procedimenti penali,DCAR_NUM_PROC_PEN,1.0,03/09/2023 08:11:57,
73_173,IT1,1.0,Prison population held in institutions for adults in Italy,Detenuti adulti presenti nelle carceri italiane,DCCV_DETENUTI,1.0,2026-05-18T08:07:58.644Z,
73_173_DF_DCCV_DETENUTI_1,IT1,1.0,Crimes,Reati,DCCV_DETENUTI,1.0,2026-05-18T08:07:58.644Z,
73_173_DF_DCCV_DETENUTI_2,IT1,1.0,Age,Età,DCCV_DETENUTI,1.0,2026-05-18T08:07:58.644Z,
73_173_DF_DCCV_DETENUTI_3,IT1,1.0,Place of birth,Luogo di nascita,DCCV_DETENUTI,1.0,2026-05-18T08:07:58.644Z,
73_173_DF_DCCV_DETENUTI_4,IT1,1.0,Geographical origin territory,Provenienza geografica,DCCV_DETENUTI,1.0,2026-05-18T08:07:58.644Z,
73_173_DF_DCCV_DETENUTI_5,IT1,1.0,Legal position,Posizione giuridica,DCCV_DETENUTI,1.0,2026-05-18T08:07:58.644Z,
73_173_DF_DCCV_DETENUTI_6,IT1,1.0,Capacity of prisons and prisoners per hundred of capacity,Capienza delle strutture e detenuti ogni 100 posti,DCCV_DETENUTI,1.0,2026-05-18T08:07:58.644Z,
73_230,IT1,1.0,Alleged offenders and victims of crimes reported by the police forces to the judicial authority,Autori e vittime dei delitti denunciati dalle forze di polizia all' autorità giudiziaria,DCCV_AUTVITTPS,1.0,2026-02-04T15:39:09.284Z,
73_230_DF_DCCV_AUTVITTPS_1,IT1,1.0,"Gender, age, citizenship","Sesso, età, cittadinanza",DCCV_AUTVITTPS,1.0,2025-12-19T09:06:34.862Z,
73_230_DF_DCCV_AUTVITTPS_2,IT1,1.0,Foreigners - country of citizenship,Stranieri - paesi di cittadinanza,DCCV_AUTVITTPS,1.0,2026-02-04T15:39:09.284Z,
73_230_DF_DCCV_AUTVITTPS_3,IT1,1.0,"Gender, age - regions","Sesso, età - reg.",DCCV_AUTVITTPS,1.0,2026-02-04T15:39:09.284Z,
73_230_DF_DCCV_AUTVITTPS_4,IT1,1.0,Citizenship - regions,Cittadinanza - reg.,DCCV_AUTVITTPS,1.0,2026-02-04T15:39:09.284Z,
73_230_DF_DCCV_AUTVITTPS_5,IT1,1.0,"Violent crimes, age, citizenship","Delitti violenti, sesso, età, cittadinanza",DCCV_AUTVITTPS,1.0,2025-12-19T09:06:34.862Z,
73_230_DF_DCCV_AUTVITTPS_6,IT1,1.0,"Violent crimes, age - regions","Delitti violenti, sesso, età - reg.",DCCV_AUTVITTPS,1.0,2026-02-04T15:39:09.284Z,
73_230_DF_DCCV_AUTVITTPS_7,IT1,1.0,"Alleged offenders - gender, age, citizenship - prov.","Autori di delitto - sesso, età, cittadinanza - prov.",DCCV_AUTVITTPS,1.0,2026-02-04T15:39:09.284Z,
73_230_DF_DCCV_AUTVITTPS_8,IT1,1.0,"Victims of crimes - gender, age, citizenship - prov.","Vittime di delitto - sesso, età, cittadinanza - prov.",DCCV_AUTVITTPS,1.0,2026-02-03T14:36:35.683Z,
73_342,IT1,1.0,Reports of persons suspected by the police forces to have committed crime,Segnalazioni relative a persone denunciate e arrestate o fermate dalle forze di polizia,DCCV_SEGNALAZPS,1.0,2026-02-16T09:47:02.435Z,
73_342_DF_DCCV_SEGNALAZPS_1,IT1,1.0,Total reports,Segnalazioni in totale,DCCV_SEGNALAZPS,1.0,2026-02-16T09:47:02.435Z,
73_342_DF_DCCV_SEGNALAZPS_2,IT1,1.0,Reports of minors,Segnalazioni relative a minori,DCCV_SEGNALAZPS,1.0,2026-02-16T09:47:02.435Z,
73_436,IT1,1.0,Proceedings and crimes after the Public Prosecutor Office decisions - minors,Procedimenti e reati al momento della decisione del PM - minori,DCCV_PROCEEDCRIME_M,1.0,2023-10-03T09:24:11.025Z,
73_436_DF_DCCV_PROCEEDCRIME_M_1,IT1,1.0,"Proceedings and crimes, type of municipality","Procedimenti e reati, tipo di comune",DCCV_PROCEEDCRIME_M,1.0,2023-10-03T09:24:11.025Z,
73_436_DF_DCCV_PROCEEDCRIME_M_10,IT1,1.0,"Crimes detail, offender identity, month of occurence","Dettaglio reati, identità autore, mese di accadimento",DCCV_PROCEEDCRIME_M,1.0,2023-03-13T10:56:26.136Z,
73_436_DF_DCCV_PROCEEDCRIME_M_11,IT1,1.0,"Crimes detail, mean and median time interval between enrollment date and definition date of the proceeding","Dettaglio reati, intervallo medio e mediano tra iscrizione e definizione del procedimento",DCCV_PROCEEDCRIME_M,1.0,2023-10-03T09:24:11.025Z,
73_436_DF_DCCV_PROCEEDCRIME_M_12,IT1,1.0,"Total number of proceedings, crimes detail, type of decision","Procedimenti in totale, dettaglio reati, tipo di decisione",DCCV_PROCEEDCRIME_M,1.0,2023-10-03T09:24:11.025Z,
73_436_DF_DCCV_PROCEEDCRIME_M_13,IT1,1.0,"Violent crimes, type of municipality","Reati violenti, tipo di comune",DCCV_PROCEEDCRIME_M,1.0,01/29/2025 14:22:10,
73_436_DF_DCCV_PROCEEDCRIME_M_14,IT1,1.0,"Violent crimes, District Court of Appeal, month of definition","Reati violenti, distretto corte d'appello, mese di definizione",DCCV_PROCEEDCRIME_M,1.0,01/29/2025 14:23:55,
73_436_DF_DCCV_PROCEEDCRIME_M_15,IT1,1.0,"Violent crimes, month of definition, number of authors","Reati violenti, mese di definizione, numero autori",DCCV_PROCEEDCRIME_M,1.0,01/29/2025 14:25:40,
73_436_DF_DCCV_PROCEEDCRIME_M_16,IT1,1.0,"Violent crimes, concurrent felonies","Reati violenti, delitti concorrenti",DCCV_PROCEEDCRIME_M,1.0,01/29/2025 14:27:17,
73_436_DF_DCCV_PROCEEDCRIME_M_17,IT1,1.0,"Violent crimes, time interval between enrollment date and definition date","Reati violenti, intervallo tra iscrizione e definizione del reato",DCCV_PROCEEDCRIME_M,1.0,01/29/2025 14:28:57,
73_436_DF_DCCV_PROCEEDCRIME_M_18,IT1,1.0,"Violent crimes, time interval between enrollment date and definition date, District Court of Appeal","Reati violenti, intervallo tra iscrizione e definizione del reato, Distretto corte d'Appello",DCCV_PROCEEDCRIME_M,1.0,01/29/2025 14:30:37,
73_436_DF_DCCV_PROCEEDCRIME_M_19,IT1,1.0,"Violent crimes after the Prosecutor Offices decision, time interval between enrollment date and definition date","Reati violenti dopo la decisione del PM, intervallo tra iscrizione e definizione del reato",DCCV_PROCEEDCRIME_M,1.0,01/29/2025 14:32:11,
73_436_DF_DCCV_PROCEEDCRIME_M_2,IT1,1.0,Proceedings and crimes after the Public Prosecutor Office decisions - minors - Key data,Procedimenti e reati al momento della decisione del PM - minori - Principali dati,DCCV_PROCEEDCRIME_M,1.0,2025-07-07T12:01:43.029Z,
73_436_DF_DCCV_PROCEEDCRIME_M_20,IT1,1.0,"Violent crimes, unnown offender identity, type of municipality","Reati violenti, autore ignoto, tipo di comune",DCCV_PROCEEDCRIME_M,1.0,01/29/2025 14:34:11,
73_436_DF_DCCV_PROCEEDCRIME_M_21,IT1,1.0,"Violent crimes, offender identity, month of occurence","Reati violenti, identità autore, mese di accadimento",DCCV_PROCEEDCRIME_M,1.0,01/29/2025 14:35:39,
73_436_DF_DCCV_PROCEEDCRIME_M_22,IT1,1.0,"Violent crimes, type of decision","Reati violenti, tipo di decisione",DCCV_PROCEEDCRIME_M,1.0,01/29/2025 14:37:26,
73_436_DF_DCCV_PROCEEDCRIME_M_3,IT1,1.0,"Proceedings, District Court of Appeal, month of definition","Procedimenti, Distretto corte d'Appello, mese di definizione",DCCV_PROCEEDCRIME_M,1.0,2023-10-03T09:24:11.025Z,
73_436_DF_DCCV_PROCEEDCRIME_M_4,IT1,1.0,"Proceedings, month of definition, number of authors","Procedimenti, mese di definizione, numero autori",DCCV_PROCEEDCRIME_M,1.0,2023-10-03T09:24:11.025Z,
73_436_DF_DCCV_PROCEEDCRIME_M_5,IT1,1.0,"Proceedings, concurrent felonies","Procedimenti, delitti concorrenti",DCCV_PROCEEDCRIME_M,1.0,2023-10-03T09:24:11.025Z,
73_436_DF_DCCV_PROCEEDCRIME_M_6,IT1,1.0,"Proceedings, time interval between enrollment date and definition date","Procedimenti, intervallo tra iscrizione e definizione del reato",DCCV_PROCEEDCRIME_M,1.0,2023-10-03T09:24:11.025Z,
73_436_DF_DCCV_PROCEEDCRIME_M_7,IT1,1.0,"Proceedings, crimes detail, time interval between enrollment date and definition date, District Court of Appeal","Procedimenti, dettaglio reati, intervallo tra iscrizione e definizione del reato, Distretto corte d'Appello",DCCV_PROCEEDCRIME_M,1.0,2023-10-03T09:24:11.025Z,
73_436_DF_DCCV_PROCEEDCRIME_M_8,IT1,1.0,"Crimes, time interval between enrollment date and definition date","Reati, intervallo tra iscrizione e definizione del reato",DCCV_PROCEEDCRIME_M,1.0,2023-10-03T09:24:11.025Z,
73_436_DF_DCCV_PROCEEDCRIME_M_9,IT1,1.0,"Crimes, unnown offender identity, type of municipality","Reati, autore ignoto, tipo di comune",DCCV_PROCEEDCRIME_M,1.0,2023-03-13T10:55:07.609Z,
73_440,IT1,1.0,Proceedings and crimes after the Public Prosecutor Office decisions - adults,Procedimenti e reati al momento della decisione del PM - adulti,DCCV_PROCEEDCRIME_A,1.0,2023-10-03T07:51:54.461Z,
73_440_DF_DCCV_PROCEEDCRIME_A_1,IT1,1.0,"Proceedings and crimes, type of municipality","Procedimenti e reati, tipo di comune",DCCV_PROCEEDCRIME_A,1.0,2023-10-03T07:51:54.461Z,
73_440_DF_DCCV_PROCEEDCRIME_A_10,IT1,1.0,"Crimes detail, offender identity, month of occurence","Dettaglio reati, identità autore, mese di accadimento",DCCV_PROCEEDCRIME_A,1.0,2023-10-03T07:51:54.461Z,
73_440_DF_DCCV_PROCEEDCRIME_A_11,IT1,1.0,"Crimes detail, mean and median time interval between enrollment date and definition date of the proceeding","Dettaglio reati, intervallo medio e mediano tra iscrizione e definizione del procedimento",DCCV_PROCEEDCRIME_A,1.0,2023-10-03T07:51:54.461Z,
73_440_DF_DCCV_PROCEEDCRIME_A_12,IT1,1.0,"Total number of proceedings, crimes detail, type of decision","Procedimenti in totale, dettaglio reati, tipo di decisione",DCCV_PROCEEDCRIME_A,1.0,2023-10-03T07:51:54.461Z,
73_440_DF_DCCV_PROCEEDCRIME_A_13,IT1,1.0,"Crimes detail, offender identity, type of definition","Dettaglio reati, identità autore, definizione del reato",DCCV_PROCEEDCRIME_A,1.0,2023-10-03T07:51:54.461Z,
73_440_DF_DCCV_PROCEEDCRIME_A_14,IT1,1.0,"Violent crimes, type of municipality","Reati violenti, tipo di comune",DCCV_PROCEEDCRIME_A,1.0,01/29/2025 11:38:23,
73_440_DF_DCCV_PROCEEDCRIME_A_15,IT1,1.0,"Violent crimes, District Court of Appeal, month of definition","Reati violenti, distretto corte d'appello, mese di definizione",DCCV_PROCEEDCRIME_A,1.0,01/29/2025 11:40:25,
73_440_DF_DCCV_PROCEEDCRIME_A_16,IT1,1.0,"Violent crimes, month of definition, number of authors","Reati violenti, mese di definizione, numero autori",DCCV_PROCEEDCRIME_A,1.0,01/29/2025 11:42:03,
73_440_DF_DCCV_PROCEEDCRIME_A_17,IT1,1.0,"Violent crimes, concurrent felonies","Reati violenti, delitti concorrenti",DCCV_PROCEEDCRIME_A,1.0,01/29/2025 11:44:23,
73_440_DF_DCCV_PROCEEDCRIME_A_18,IT1,1.0,"Violent crimes, time interval between enrollment date and definition date","Reati violenti, intervallo tra iscrizione e definizione del reato",DCCV_PROCEEDCRIME_A,1.0,01/29/2025 11:46:13,
73_440_DF_DCCV_PROCEEDCRIME_A_19,IT1,1.0,"Violent crimes, time interval between enrollment date and definition date, District Court of Appeal","Reati violenti, intervallo tra iscrizione e definizione del reato, Distretto corte d'Appello",DCCV_PROCEEDCRIME_A,1.0,01/29/2025 11:47:52,
73_440_DF_DCCV_PROCEEDCRIME_A_2,IT1,1.0,Proceedings and crimes after the Public Prosecutor Office decisions - adults - Key data,Procedimenti e reati al momento della decisione del PM - adulti - Principali dati,DCCV_PROCEEDCRIME_A,1.0,2025-07-07T11:41:32.382Z,
73_440_DF_DCCV_PROCEEDCRIME_A_20,IT1,1.0,"Violent crimes after the Prosecutor Offices decision, time interval between enrollment date and definition date","Reati violenti dopo la decisione del PM, intervallo tra iscrizione e definizione del reato",DCCV_PROCEEDCRIME_A,1.0,01/29/2025 11:49:31,
73_440_DF_DCCV_PROCEEDCRIME_A_21,IT1,1.0,"Violent crimes, unnown offender identity, type of municipality","Reati violenti, autore ignoto, tipo di comune",DCCV_PROCEEDCRIME_A,1.0,01/29/2025 14:11:45,
73_440_DF_DCCV_PROCEEDCRIME_A_22,IT1,1.0,"Violent crimes, offender identity, month of occurence","Reati violenti, identità autore, mese di accadimento",DCCV_PROCEEDCRIME_A,1.0,01/29/2025 14:13:45,
73_440_DF_DCCV_PROCEEDCRIME_A_23,IT1,1.0,"Violent crimes, type of decision","Reati violenti, tipo di decisione",DCCV_PROCEEDCRIME_A,1.0,01/29/2025 14:18:14,
73_440_DF_DCCV_PROCEEDCRIME_A_24,IT1,1.0,"Violent crimes, offender identity, type of definition","Reati violenti, identità autore, definizione del reato - prov.",DCCV_PROCEEDCRIME_A,1.0,01/29/2025 14:19:49,
73_440_DF_DCCV_PROCEEDCRIME_A_3,IT1,1.0,"Proceedings, District Court of Appeal, month of definition","Procedimenti, Distretto corte d'Appello, mese di definizione",DCCV_PROCEEDCRIME_A,1.0,2023-10-03T07:51:54.461Z,
73_440_DF_DCCV_PROCEEDCRIME_A_4,IT1,1.0,"Proceedings, month of definition, number of authors","Procedimenti, mese di definizione, numero autori",DCCV_PROCEEDCRIME_A,1.0,2023-10-03T07:51:54.461Z,
73_440_DF_DCCV_PROCEEDCRIME_A_5,IT1,1.0,"Proceedings, concurrent felonies","Procedimenti, delitti concorrenti",DCCV_PROCEEDCRIME_A,1.0,2023-10-03T07:51:54.461Z,
73_440_DF_DCCV_PROCEEDCRIME_A_6,IT1,1.0,"Proceedings, time interval between enrollment date and definition date","Procedimenti, intervallo tra iscrizione e definizione del reato",DCCV_PROCEEDCRIME_A,1.0,2023-10-03T07:51:54.461Z,
73_440_DF_DCCV_PROCEEDCRIME_A_7,IT1,1.0,"Proceedings, crimes detail, time interval between enrollment date and definition date, District Court of Appeal","Procedimenti, dettaglio reati, intervallo tra iscrizione e definizione del reato, Distretto corte d'Appello",DCCV_PROCEEDCRIME_A,1.0,2023-10-03T07:51:54.461Z,
73_440_DF_DCCV_PROCEEDCRIME_A_8,IT1,1.0,"Crimes, time interval between enrollment date and definition date","Reati, intervallo tra iscrizione e definizione del reato",DCCV_PROCEEDCRIME_A,1.0,2023-10-03T07:51:54.461Z,
73_440_DF_DCCV_PROCEEDCRIME_A_9,IT1,1.0,"Crimes, unnown offender identity, type of municipality","Reati, autore ignoto, tipo di comune",DCCV_PROCEEDCRIME_A,1.0,2023-10-03T07:51:54.461Z,
73_58,IT1,1.0,Persons convicted by final judgement - Characteristics  of the judgements,Condannati con sentenza irrevocabile - Caratteristiche delle sentenze,DCCV_CONDCRIM1,1.0,2023-10-02T09:15:24.503Z,
73_58_DF_DCCV_CONDCRIM1_1,IT1,1.0,"Crimes, nature of the crime","Reati, natura del reato",DCCV_CONDCRIM1,1.0,2023-10-02T09:15:24.503Z,
73_58_DF_DCCV_CONDCRIM1_10,IT1,1.0,"Time interval between committed felony and sentence, crimes, Judicial office","Intervallo fra delitto e sentenza, reati, ufficio di giudizio",DCCV_CONDCRIM1,1.0,2023-10-02T09:15:24.503Z,
73_58_DF_DCCV_CONDCRIM1_11,IT1,1.0,"Crimes committed, Judicial office, year when the crime was committed","Reati commessi, ufficio giudiziario, anno del commesso reato",DCCV_CONDCRIM1,1.0,2023-10-02T09:15:24.503Z,
73_58_DF_DCCV_CONDCRIM1_12,IT1,1.0,"Crimes committed, age when the crime was committed","Dettaglio reati commessi, età al momento del reato",DCCV_CONDCRIM1,1.0,2023-10-02T09:15:24.503Z,
73_58_DF_DCCV_CONDCRIM1_13,IT1,1.0,Crimes committed - regions,Dettaglio reati commessi - reg.,DCCV_CONDCRIM1,1.0,2023-10-02T09:15:24.503Z,
73_58_DF_DCCV_CONDCRIM1_14,IT1,1.0,"Violent crimes, nature of the crime","Reati violenti, natura del reato",DCCV_CONDCRIM1,1.0,01/29/2025 16:18:54,
73_58_DF_DCCV_CONDCRIM1_15,IT1,1.0,"Violent crimes, security measures","Reati violenti, misure di sicurezza",DCCV_CONDCRIM1,1.0,01/29/2025 16:22:53,
73_58_DF_DCCV_CONDCRIM1_16,IT1,1.0,"Violent crimes for convicted persons with previous convictions, age when the most serious crime was committed","Reati violenti per condannati con precedenti penali, età al momento del reato più grave",DCCV_CONDCRIM1,1.0,01/29/2025 16:25:01,
73_58_DF_DCCV_CONDCRIM1_17,IT1,1.0,"Violent crimes, judicial office, interval between crime and sentence","Reati violenti, ufficio di giudizio, intervallo fra reato e sentenza",DCCV_CONDCRIM1,1.0,01/29/2025 16:26:22,
73_58_DF_DCCV_CONDCRIM1_18,IT1,1.0,"Violent crimes, previous convictions","Reati violenti, precedenti penali",DCCV_CONDCRIM1,1.0,01/29/2025 16:29:09,
73_58_DF_DCCV_CONDCRIM1_19,IT1,1.0,"Time interval between committed felony and sentence, violent crimes, Judicial office","Intervallo fra delitto e sentenza, reati violenti, ufficio di giudizio",DCCV_CONDCRIM1,1.0,01/29/2025 16:45:43,
73_58_DF_DCCV_CONDCRIM1_2,IT1,1.0,"Crimes, security measures","Reati, misure di sicurezza",DCCV_CONDCRIM1,1.0,2023-10-02T09:15:24.503Z,
73_58_DF_DCCV_CONDCRIM1_20,IT1,1.0,"Violent crimes committed, Judicial office, year when the crime was committed","Reati violenti commessi, ufficio giudiziario, anno del commesso reato",DCCV_CONDCRIM1,1.0,01/29/2025 16:47:57,
73_58_DF_DCCV_CONDCRIM1_21,IT1,1.0,"Violent crimes committed, age when the crime was committed","Reati violenti commessi, età al momento del reato",DCCV_CONDCRIM1,1.0,01/29/2025 16:49:37,
73_58_DF_DCCV_CONDCRIM1_22,IT1,1.0,Violent crimes committed - regions,Reati violenti commessi - reg.,DCCV_CONDCRIM1,1.0,01/29/2025 16:50:58,
73_58_DF_DCCV_CONDCRIM1_3,IT1,1.0,"Crimes, age when the most serious crime was committed","Reati, età al momento del reato più grave",DCCV_CONDCRIM1,1.0,2023-10-02T09:15:24.503Z,
73_58_DF_DCCV_CONDCRIM1_4,IT1,1.0,"Crimes, judicial office, interval between crime and sentence","Reati, ufficio di giudizio, intervallo fra reato e sentenza",DCCV_CONDCRIM1,1.0,2023-10-02T09:15:24.503Z,
73_58_DF_DCCV_CONDCRIM1_5,IT1,1.0,"Crimes detail, previous convictions","Dettaglio reati, precedenti penali",DCCV_CONDCRIM1,1.0,2023-10-02T09:15:24.503Z,
73_58_DF_DCCV_CONDCRIM1_6,IT1,1.0,"Nature of the crime, age when the most serious crime was committed","Natura del reato, età al momento del reato più grave",DCCV_CONDCRIM1,1.0,2023-10-02T09:15:24.503Z,
73_58_DF_DCCV_CONDCRIM1_7,IT1,1.0,"Judicial office, district Court of Appeal","Ufficio di giudizio, distretto di corte d'appello",DCCV_CONDCRIM1,1.0,2023-10-02T09:15:24.503Z,
73_58_DF_DCCV_CONDCRIM1_8,IT1,1.0,"Security measures, district Court of Appeal","Misure di sicurezza, distretto di corte d'appello",DCCV_CONDCRIM1,1.0,2023-10-02T09:15:24.503Z,
73_58_DF_DCCV_CONDCRIM1_9,IT1,1.0,"District Court of Appeal, age when the most serious crime was committed - Minors","Distretto di corte d'appello, età al momento del reato più grave - Minori",DCCV_CONDCRIM1,1.0,2023-10-02T09:15:24.503Z,
73_59,IT1,1.0,Persons convicted by final judgement - Demographic characteristics,Condannati con sentenza irrevocabile - Caratteristiche demografiche,DCCV_CONDGEO1,1.0,2023-10-02T10:10:27.020Z,
73_59_DF_DCCV_CONDGEO1_1,IT1,1.0,"Crimes, judicial office and year the felony was committed","Reati, ufficio giudiziario, anno del commesso reato",DCCV_CONDGEO1,1.0,2023-10-02T10:10:27.020Z,
73_59_DF_DCCV_CONDGEO1_10,IT1,1.0,"Italian geographical origin, age","Provenienza geografica italiana, età",DCCV_CONDGEO1,1.0,2023-10-02T10:10:27.020Z,
73_59_DF_DCCV_CONDGEO1_11,IT1,1.0,Italian geographical origin - regions,Provenienza geografica italiana - reg,DCCV_CONDGEO1,1.0,2023-10-02T10:10:27.020Z,
73_59_DF_DCCV_CONDGEO1_12,IT1,1.0,Italian geographical origin - Minors,Provenienza geografica italiana - Minori,DCCV_CONDGEO1,1.0,2023-10-02T10:10:27.020Z,
73_59_DF_DCCV_CONDGEO1_13,IT1,1.0,"Foreign geographical origin, age","Provenienza geografica estera, età",DCCV_CONDGEO1,1.0,2023-10-02T10:10:27.020Z,
73_59_DF_DCCV_CONDGEO1_14,IT1,1.0,Foreign geographical origin - geographical areas,Provenienza geografica estera - rip.,DCCV_CONDGEO1,1.0,2023-10-02T10:10:27.020Z,
73_59_DF_DCCV_CONDGEO1_15,IT1,1.0,"Violent crimes, judicial office and year the felony was committed","Reati violenti, ufficio giudiziario, anno del commesso delitto",DCCV_CONDGEO1,1.0,01/29/2025 16:02:41,
73_59_DF_DCCV_CONDGEO1_16,IT1,1.0,"Violent crimes, foreign geographical origin","Reati violenti, provenienza geografica estera",DCCV_CONDGEO1,1.0,01/29/2025 16:04:07,
73_59_DF_DCCV_CONDGEO1_17,IT1,1.0,Violent crimes - geographical areas,Reati violenti - reg.,DCCV_CONDGEO1,1.0,01/29/2025 16:06:28,
73_59_DF_DCCV_CONDGEO1_18,IT1,1.0,"Violent crimes, judicial office - Minors","Reati violenti, ufficio giudiziario - Minori",DCCV_CONDGEO1,1.0,01/29/2025 16:08:06,
73_59_DF_DCCV_CONDGEO1_19,IT1,1.0,"Violent crimes, sentence imposed, period of reclusion - Minors","Reati violenti, pena inflitta, periodo reclusione - Minori",DCCV_CONDGEO1,1.0,01/29/2025 16:10:14,
73_59_DF_DCCV_CONDGEO1_2,IT1,1.0,"Crimes, foreign geographical origin","Reati, provenienza geografica estera",DCCV_CONDGEO1,1.0,2023-10-02T10:10:27.020Z,
73_59_DF_DCCV_CONDGEO1_20,IT1,1.0,"Violent crimes, geographical origin territory - Minors","Reati violenti, provenienza geografica - Minori",DCCV_CONDGEO1,1.0,01/29/2025 16:11:37,
73_59_DF_DCCV_CONDGEO1_21,IT1,1.0,"Violent crimes, age","Reati violenti, età",DCCV_CONDGEO1,1.0,01/29/2025 16:13:01,
73_59_DF_DCCV_CONDGEO1_22,IT1,1.0,"Violent crimes, sentence imposed, period of reclusion","Reati violenti, pena inflitta, periodo reclusione",DCCV_CONDGEO1,1.0,01/29/2025 16:14:22,
73_59_DF_DCCV_CONDGEO1_23,IT1,1.0,"Violent crimes, concurrent felonies","Reati violenti, delitti concorrenti",DCCV_CONDGEO1,1.0,01/29/2025 16:16:29,
73_59_DF_DCCV_CONDGEO1_3,IT1,1.0,Crimes - regions,Reati - reg.,DCCV_CONDGEO1,1.0,2023-10-02T10:10:27.020Z,
73_59_DF_DCCV_CONDGEO1_4,IT1,1.0,"Crimes, judicial office - Minors","Reati, ufficio giudiziario - Minori",DCCV_CONDGEO1,1.0,2023-10-02T10:10:27.020Z,
73_59_DF_DCCV_CONDGEO1_5,IT1,1.0,"Crimes, sentence imposed, period of reclusion - Minors","Reati, pena inflitta, periodo reclusione - Minori",DCCV_CONDGEO1,1.0,2023-10-02T10:10:27.020Z,
73_59_DF_DCCV_CONDGEO1_6,IT1,1.0,"Crimes, geographical origin territory - Minors","Reati, provenienza geografica - Minori",DCCV_CONDGEO1,1.0,2023-10-02T10:10:27.020Z,
73_59_DF_DCCV_CONDGEO1_7,IT1,1.0,"Crimes detail, age","Dettaglio reati, età",DCCV_CONDGEO1,1.0,2023-10-02T10:10:27.020Z,
73_59_DF_DCCV_CONDGEO1_8,IT1,1.0,"Crimes detail, sentence imposed, period of reclusion","Dettaglio reati, pena inflitta, periodo reclusione",DCCV_CONDGEO1,1.0,2023-10-02T10:10:27.020Z,
73_59_DF_DCCV_CONDGEO1_9,IT1,1.0,"Crimes detail, concurrent felonies","Dettaglio reati, reati concorrenti",DCCV_CONDGEO1,1.0,2023-10-02T10:10:27.020Z,
73_67,IT1,1.0,Crimes reported by the police forces to the judicial authority,Delitti denunciati dalle forze di polizia all'autorità giudiziaria,DCCV_DELITTIPS,1.0,2026-03-03T09:50:39.560Z,
73_67_DF_DCCV_DELITTIPS_1,IT1,1.0,Type of crimes,Tipo di reato,DCCV_DELITTIPS,1.0,2026-04-15T15:40:58.767Z,
73_67_DF_DCCV_DELITTIPS_2,IT1,1.0,"Type, offender identity, perpetrated in the reference year - big municipality","Tipo, identità dell'autore, commessi durante l'anno - grandi comuni",DCCV_DELITTIPS,1.0,2026-03-03T09:50:39.560Z,
73_67_DF_DCCV_DELITTIPS_3,IT1,1.0,"With known offender, type and reference period of crime","Con autore noto, tipo e periodo del commesso delitto",DCCV_DELITTIPS,1.0,2026-03-03T09:50:39.560Z,
73_67_DF_DCCV_DELITTIPS_4,IT1,1.0,With known offender and reference period of crime - provinces,Con autore noto e periodo del commesso delitto - prov.,DCCV_DELITTIPS,1.0,2026-03-03T09:50:39.560Z,
73_67_DF_DCCV_DELITTIPS_5,IT1,1.0,"Crimes with alleged known offenders, type - big municipalities","Delitti di cui si è scoperto l'autore, tipo - grandi comuni",DCCV_DELITTIPS,1.0,2026-03-03T09:50:39.560Z,
73_67_DF_DCCV_DELITTIPS_6,IT1,1.0,"Crimes with alleged known offenders, type","Delitti di cui si è scoperto l'autore, tipo",DCCV_DELITTIPS,1.0,2026-03-03T09:50:39.560Z,
73_67_DF_DCCV_DELITTIPS_7,IT1,1.0,Crimes with alleged known offenders - provinces,Delitti di cui si è scoperto l'autore - prov.,DCCV_DELITTIPS,1.0,2026-03-03T09:50:39.560Z,
73_67_DF_DCCV_DELITTIPS_8,IT1,1.0,Crime rate - big municipalities,Tasso di delittuosità - grandi comuni,DCCV_DELITTIPS,1.0,2026-03-03T09:50:39.560Z,
73_67_DF_DCCV_DELITTIPS_9,IT1,1.0,Crime rate - provinces,Tasso di delittuosità - prov,DCCV_DELITTIPS,1.0,2026-03-03T09:50:39.560Z,
740_1088_DF_DICA_N01SS_1,IT1,1.0,Prevalent activity - Data summary,Attività prevalente - Dati di sintesi,DICA_N01SS,1.0,2025-11-21T15:09:28.197Z,
740_1088_DF_DICA_N01SS_2,IT1,1.0,Prevalent activity - Legal form,Attività prevalente - Forma giuridica,DICA_N01SS,1.0,11/21/2025 15:21:51,
740_1088_DF_DICA_N01SS_3,IT1,1.0,Prevalent activity - Business activity,Attività prevalente - Attività economica,DICA_N01SS,1.0,2025-11-21T16:12:15.799Z,
740_1088_DF_DICA_N01SS_4,IT1,1.0,Prevalent activity -Prevalent financing,Attività prevalente - Finanziamento prevalente,DICA_N01SS,1.0,2025-11-24T10:36:54.354Z,
740_1088_DF_DICA_N01SS_5,IT1,1.0,Prevalent activity- Institution scope,Attività prevalente - Orientamento istituzione,DICA_N01SS,1.0,2025-11-24T18:18:26.637Z,
740_1089_DF_DICA_N01C_1,IT1,1.0,Human resources - Data summary,Risorse umane complessive - Dati di sintesi,DICA_N01C,1.0,2025-11-12T11:17:30.279Z,
740_1089_DF_DICA_N01C_2,IT1,1.0,Human resources - Non profit institutions,Risorse umane complessive - Istituzioni non profit,DICA_N01C,1.0,2025-11-18T13:41:40.059Z,
740_1089_DF_DICA_N01C_3,IT1,1.0,Human resources - Economic resources,Risorse umane complessive -Risorse economiche,DICA_N01C,1.0,2025-11-18T14:34:45.745Z,
740_1089_DF_DICA_N01C_4,IT1,1.0,Human resources,Risorse umane complessive - Risorse umane,DICA_N01C,1.0,2025-11-19T18:30:20.602Z,
740_1089_DF_DICA_N01C_5,IT1,1.0,Human resources - Non profit institutions by institution characteristics,Istituzioni non profit per caratteristiche istituzione,DICA_N01C,1.0,2025-11-20T14:31:21.412Z,
740_1089_DF_DICA_N01C_6,IT1,1.0,Human resources - Economic resources by institution characteristics,Risorse umane complessive - Risorse economiche per caratteristiche istituzione,DICA_N01C,1.0,2025-11-21T09:23:24.026Z,
740_1089_DF_DICA_N01C_7,IT1,1.0,Human resources - Human resources by institution characteristics,Risorse umane complessive - Risorse umane per caratteristiche istituzione,DICA_N01C,1.0,2025-11-21T10:00:08.553Z,
740_1090_DF_DICA_N02M_1,IT1,1.0,Mission - Data summary,Mission - Dati di sintesi,DICA_N02M,1.0,2025-11-26T08:57:14.383Z,
740_1090_DF_DICA_N02M_2,IT1,1.0,Mission -Period of legal form acquisition,Mission - Periodo di assunzione della forma giuridica,DICA_N02M,1.0,2025-11-26T09:03:58.386Z,
740_1090_DF_DICA_N02M_3,IT1,1.0,Mission - Business activity,Mission - Attività economica,DICA_N02M,1.0,2025-11-26T10:03:25.218Z,
740_1090_DF_DICA_N02M_4,IT1,1.0,Mission - Prevalent financing,Mission - Finanziamento prevalente,DICA_N02M,1.0,2025-11-26T10:58:24.936Z,
740_1090_DF_DICA_N02M_5,IT1,1.0,Mission -Institution scope,Mission - Orientamento istituzione,DICA_N02M,1.0,2025-11-26T11:21:26.865Z,
740_1091_DF_DICA_N03G_1,IT1,1.0,Institutions and human resources - Data summary,Istituzioni e risorse umane complessive - Dati di sintesi,DICA_N03G,1.0,2025-11-26T13:37:56.849Z,
740_1091_DF_DICA_N03G_2,IT1,1.0,Institutions and human resources - Business activity,Istituzioni e risorse umane complessive - Attività economica,DICA_N03G,1.0,2025-11-26T13:59:29.821Z,
740_1091_DF_DICA_N03G_3,IT1,1.0,Institutions and human resources - Institution scope,Istituzioni e risorse umane complessive -Orientamento istituzione,DICA_N03G,1.0,2026-03-12T14:49:12.901Z,
740_1091_DF_DICA_N03G_4,IT1,1.0,Institutions and human resources - Prevalent financing,Istituzioni e risorse umane complessive -Finanziamento prevalente,DICA_N03G,1.0,2025-11-26T15:00:23.197Z,
740_1091_DF_DICA_N03G_5,IT1,1.0,Institutions and human resources - Prevalent ICNPO (full),Istituzioni e risorse umane complessive - ICNPO prevalente (completa),DICA_N03G,1.0,2025-11-26T15:44:52.699Z,
740_1092_DF_DICA_N05W_1,IT1,1.0,Paid human resources,Risorse umane retribuite,DICA_N05W,1.0,11/27/2025 10:00:40,
740_1120_DF_DICA_N03B_1,IT1,1.0,Economic and financial resources -Data summary,Risorse economiche - Dati di sintesi,DICA_N03B,1.0,2025-12-02T10:51:03.843Z,
740_1120_DF_DICA_N03B_2,IT1,1.0,"Economic and financial resources - Revenues in statement, class of human resource","Risorse economiche - Entrate registrate, classe delle risorse umane",DICA_N03B,1.0,2025-12-03T09:08:38.316Z,
740_1120_DF_DICA_N03B_3,IT1,1.0,"Economic and financial resources - Expenditures in statement, class of human resource","Risorse economiche - Uscite registrate, classe delle risorse umane",DICA_N03B,1.0,2025-12-03T09:17:50.551Z,
741_1096_DF_DICA_IPSTRIPNP_1,IT1,1.0,"Institutions, human resources and gender - Data summary","Istituzioni, risorse umane e genere - Dati di sintesi",DICA_IPSTRIPNP,1.0,2026-05-05T12:50:27.812Z,
741_1096_DF_DICA_IPSTRIPNP_10,IT1,1.0,"Institutions, human resources and gender - Nace (categories)","Istituzioni, risorse umane e genere - Ateco (categorie)",DICA_IPSTRIPNP,1.0,2026-05-05T12:50:27.812Z,
741_1096_DF_DICA_IPSTRIPNP_11,IT1,1.0,"Institutions, human resources and gender - Nace (classes), class of employees, gender of employees","Istituzioni, risorse umane e genere - Ateco (classi), classe dei dipendenti, sesso dei dipendenti",DICA_IPSTRIPNP,1.0,2026-05-05T12:50:27.812Z,
741_1096_DF_DICA_IPSTRIPNP_12,IT1,1.0,"Institutions, human resources and gender - Nace  (categories)","Istituzioni, risorse umane e genere - Ateco  (categorie)",DICA_IPSTRIPNP,1.0,2026-05-05T12:50:27.812Z,
741_1096_DF_DICA_IPSTRIPNP_13,IT1,1.0,"Institutions, human resources and gender - Nace (categories), class of volunteeers","Istituzioni, risorse umane e genere - Ateco (categorie), classe dei volontari",DICA_IPSTRIPNP,1.0,2026-05-05T12:50:27.812Z,
741_1096_DF_DICA_IPSTRIPNP_2,IT1,1.0,"Institutions, human resources and gender - Nace (categories), legal form and class of local units","Istituzioni, risorse umane e genere - Ateco (categorie), forma giuridica e classe di unità locali",DICA_IPSTRIPNP,1.0,2026-05-05T12:50:27.812Z,
741_1096_DF_DICA_IPSTRIPNP_3,IT1,1.0,"Institutions, human resources and gender - Nace (categories), legal form and class of human resource","Istituzioni, risorse umane e genere - Ateco (categorie), forma giuridica e classe della risorsa umana",DICA_IPSTRIPNP,1.0,2026-05-05T12:50:27.812Z,
741_1096_DF_DICA_IPSTRIPNP_4,IT1,1.0,"Institutions, human resources and gender - Nace (categories), class of employed staff","Istituzioni, risorse umane e genere - Ateco (categorie), classe del personale effettivo in servizio",DICA_IPSTRIPNP,1.0,2026-05-05T12:50:27.812Z,
741_1096_DF_DICA_IPSTRIPNP_5,IT1,1.0,"Institutions, human resources and gender - Nace (categories), class of employees","Istituzioni, risorse umane e genere - Ateco (categorie), classe dei dipendenti",DICA_IPSTRIPNP,1.0,2026-05-05T12:50:27.812Z,
741_1096_DF_DICA_IPSTRIPNP_6,IT1,1.0,"Institutions, human resources and gender - Nace (categories), class of volunteers","Istituzioni, risorse umane e genere - Ateco (categorie), classe dei volontari",DICA_IPSTRIPNP,1.0,2026-05-05T12:50:27.812Z,
741_1096_DF_DICA_IPSTRIPNP_7,IT1,1.0,"Institutions, human resources and gender - Nace (groups), class of employed staff","Istituzioni, risorse umane e genere - Ateco (gruppi), classe del personale effettivo in servizio",DICA_IPSTRIPNP,1.0,2026-05-05T12:50:27.812Z,
741_1096_DF_DICA_IPSTRIPNP_8,IT1,1.0,"Institutions, human resources and gender - Nace (groups), class of employees","Istituzioni, risorse umane e genere - Ateco (gruppi), classe dei dipendenti",DICA_IPSTRIPNP,1.0,2026-05-05T12:50:27.812Z,
741_1096_DF_DICA_IPSTRIPNP_9,IT1,1.0,"Institutions, human resources and gender - Nace (classes), class of employed staff, gender of employed staff","Istituzioni, risorse umane e genere - Ateco (classi), classe del personale effettivo in servizio, sesso del personale effettivo in servizio",DICA_IPSTRIPNP,1.0,2026-05-05T12:50:27.812Z,
741_1097_DF_DICA_IPSTRIPCOM_1,IT1,1.0,"Institutions, human resources and gender  -  municipal level - Data summary","Istituzioni, risorse umane e genere  -  dati comunali - Dati di sintesi",DICA_IPSTRIPCOM,1.0,07/17/2026 15:47:32,
741_1097_DF_DICA_IPSTRIPCOM_10,IT1,1.0,"Institutions, human resources and gender  -  municipal level - Nace (groups)","Istituzioni, risorse umane e genere  -  dati comunali - Ateco (gruppi)",DICA_IPSTRIPCOM,1.0,07/17/2026 15:47:32,
741_1097_DF_DICA_IPSTRIPCOM_11,IT1,1.0,"Institutions, human resources and gender  -  municipal level - Nace (divisions), class of employees, gender of employees","Istituzioni, risorse umane e genere  -  dati comunali - Ateco (divisioni), classe dei dipendenti, sesso dei dipendenti",DICA_IPSTRIPCOM,1.0,07/17/2026 15:47:32,
741_1097_DF_DICA_IPSTRIPCOM_12,IT1,1.0,"Institutions, human resources and gender  -  municipal level - Nace  (groups)","Istituzioni, risorse umane e genere  -  dati comunali - Ateco  (gruppi)",DICA_IPSTRIPCOM,1.0,07/17/2026 15:47:32,
741_1097_DF_DICA_IPSTRIPCOM_2,IT1,1.0,"Institutions, human resources and gender  -  municipal level - Nace (groups), class of local units","Istituzioni, risorse umane e genere  -  dati comunali - Ateco (gruppi), classe di unità locali",DICA_IPSTRIPCOM,1.0,07/17/2026 15:47:32,
741_1097_DF_DICA_IPSTRIPCOM_3,IT1,1.0,"Institutions, human resources and gender  -  municipal level - Nace (groups), class of human resource on the whole","Istituzioni, risorse umane e genere  -  dati comunali - Ateco (gruppi), classe della risorsa umana nel complesso",DICA_IPSTRIPCOM,1.0,07/17/2026 15:47:32,
741_1097_DF_DICA_IPSTRIPCOM_4,IT1,1.0,"Institutions, human resources and gender  -  municipal level - Nace (groups), class of employed staff","Istituzioni, risorse umane e genere  -  dati comunali - Ateco (gruppi), classe del personale effettivo in servizio",DICA_IPSTRIPCOM,1.0,07/17/2026 15:47:32,
741_1097_DF_DICA_IPSTRIPCOM_5,IT1,1.0,"Institutions, human resources and gender  -  municipal level - Nace (groups), class of employees","Istituzioni, risorse umane e genere  -  dati comunali - Ateco (gruppi), classe dei dipendenti",DICA_IPSTRIPCOM,1.0,2026-07-17T15:47:32.846Z,
741_1097_DF_DICA_IPSTRIPCOM_6,IT1,1.0,"Institutions, human resources and gender  -  municipal level - Nace (groups), class of volunteers","Istituzioni, risorse umane e genere  -  dati comunali - Ateco (gruppi), classe dei volontari",DICA_IPSTRIPCOM,1.0,07/17/2026 15:47:32,
741_1097_DF_DICA_IPSTRIPCOM_7,IT1,1.0,"Institutions, human resources and gender  -  municipal level - Nace  (groups), class of employed staff","Istituzioni, risorse umane e genere  -  dati comunali - Ateco  (gruppi), classe del personale effettivo in servizio",DICA_IPSTRIPCOM,1.0,07/17/2026 15:47:32,
741_1097_DF_DICA_IPSTRIPCOM_8,IT1,1.0,"Institutions, human resources and gender  -  municipal level - Nace  (groups), class of employees","Istituzioni, risorse umane e genere  -  dati comunali - Ateco  (gruppi), classe dei dipendenti",DICA_IPSTRIPCOM,1.0,07/17/2026 15:47:32,
741_1097_DF_DICA_IPSTRIPCOM_9,IT1,1.0,"Institutions, human resources and gender  -  municipal level - Nace (divisions), class of employed staff, gender of employed staff","Istituzioni, risorse umane e genere  -  dati comunali - Ateco (divisioni), classe del personale effettivo in servizio, sesso del personale effettivo in servizio",DICA_IPSTRIPCOM,1.0,07/17/2026 15:47:32,
741_1098_DF_DICA_IPSTRULNP_1,IT1,1.0,"Local units, human resources and gender - Data summary","Unità locali, risorse umane e genere - Dati di sintesi",DICA_IPSTRULNP,1.0,2026-03-17T09:35:41.291Z,
741_1098_DF_DICA_IPSTRULNP_10,IT1,1.0,"Employees - Nace (classes), class of employees, gender of employees","Dipendenti - Ateco (classi), classe del dipendenti, sesso del dipendenti",DICA_IPSTRULNP,1.0,2026-03-20T08:01:56.243Z,
741_1098_DF_DICA_IPSTRULNP_2,IT1,1.0,"Local units - Nace (categories), real estates rights to use, class size of local units","Unità locali - Ateco (categorie), titolo di possesso, classe di superficie delle unità locali",DICA_IPSTRULNP,1.0,2026-03-19T10:15:03.377Z,
741_1098_DF_DICA_IPSTRULNP_3,IT1,1.0,"Local units with employed staff - Nace (categories), class of employed staff, gender of employed staff","Unità locali con personale effettivo in servizio - Ateco (categorie), classe del personale effettivo in servizio, sesso del personale effettivo in servizio",DICA_IPSTRULNP,1.0,2026-03-19T11:50:31.155Z,
741_1098_DF_DICA_IPSTRULNP_4,IT1,1.0,"Local units with employees - Nace (categories), class of employees, gender of employees","Unità locali con dipendenti - Ateco (categorie), classe dei dipendenti, sesso dei dipendenti",DICA_IPSTRULNP,1.0,2026-03-19T11:55:00.413Z,
741_1098_DF_DICA_IPSTRULNP_5,IT1,1.0,"Local units - Nace (categories), class of employees","Unità locali - Ateco (categorie), classe dei dipendenti",DICA_IPSTRULNP,1.0,2026-03-19T10:13:22.765Z,
741_1098_DF_DICA_IPSTRULNP_6,IT1,1.0,"Local units - Nace (categories), class of employed staff","Unità locali - Ateco (categorie), classe del personale effettivo in servizio",DICA_IPSTRULNP,1.0,2026-03-19T11:54:26.831Z,
741_1098_DF_DICA_IPSTRULNP_7,IT1,1.0,Employed staff - Nace (categories),Personale effettivo in servizio - Ateco (categorie),DICA_IPSTRULNP,1.0,2026-03-19T11:59:01.230Z,
741_1098_DF_DICA_IPSTRULNP_8,IT1,1.0,"Employed staff - Nace (classes), class of employed staff, gender of employed staff","Personale effettivo in servizio - Ateco (classi), classe del personale effettivo in servizio, sesso del personale effettivo in servizio",DICA_IPSTRULNP,1.0,2026-03-19T11:59:22.680Z,
741_1098_DF_DICA_IPSTRULNP_9,IT1,1.0,Employees - Nace (categories),Dipendenti - Ateco (categorie),DICA_IPSTRULNP,1.0,2026-03-20T07:56:20.255Z,
741_1099_DF_DICA_IPSTRULCOM_1,IT1,1.0,"Local units, human resources and gender - municipal level - Data summary","Unità locali, risorse umane e genere - dati comunali - Dati di sintesi",DICA_IPSTRULCOM,1.0,2026-03-20T08:19:47.426Z,
741_1099_DF_DICA_IPSTRULCOM_2,IT1,1.0,"Local units - Nace (groups), class of employed staff","Unità locali - Ateco (gruppi), classe del personale effettivo in servizio",DICA_IPSTRULCOM,1.0,2026-03-20T09:02:54.422Z,
741_1099_DF_DICA_IPSTRULCOM_3,IT1,1.0,"Local units - Nace (groups), class of employees","Unità locali - Ateco (gruppi), classe dei dipendenti",DICA_IPSTRULCOM,1.0,2026-03-20T09:32:10.586Z,
741_1099_DF_DICA_IPSTRULCOM_4,IT1,1.0,"Local units - Nace (groups), real estates rights to use, class size of local units","Unità locali - Ateco (gruppi), titolo di possesso, classe di superficie delle unità locali",DICA_IPSTRULCOM,1.0,2026-03-20T10:24:05.627Z,
741_1099_DF_DICA_IPSTRULCOM_5,IT1,1.0,"Local units with employed staff - Nace (groups), class of employed staff, gender of employed staff","Unità locali con personale effettivo in servizio - Ateco (gruppi), classe del personale, sesso del personale effettivo",DICA_IPSTRULCOM,1.0,2026-03-20T10:38:25.699Z,
741_1099_DF_DICA_IPSTRULCOM_6,IT1,1.0,"Employed staff - Nace (divisions), class of employed staff, gender of employed staff","Personale effettivo in servizio - Ateco (divisioni), classe del personale effettivo in servizio, sesso del personale effettivo in servizio",DICA_IPSTRULCOM,1.0,2026-03-20T10:55:51.021Z,
741_1099_DF_DICA_IPSTRULCOM_7,IT1,1.0,Employed staff - Nace (groups),Personale effettivo in servizio - Ateco (gruppi),DICA_IPSTRULCOM,1.0,2026-03-20T11:15:50.740Z,
741_1099_DF_DICA_IPSTRULCOM_8,IT1,1.0,"Employees - Nace (divisions), class of employees, gender of employees","Dipendenti - Ateco (divisioni), classe dei dipendenti, sesso dei dipendenti",DICA_IPSTRULCOM,1.0,2026-03-20T11:28:46.625Z,
741_1099_DF_DICA_IPSTRULCOM_9,IT1,1.0,Employees - Nace (groups),Dipendenti - Ateco (gruppi),DICA_IPSTRULCOM,1.0,2026-03-20T11:37:14.239Z,
741_1100_DF_DICA_IPO_1,IT1,1.0,Employment by contract type and working time - Employment by contract type and working time,Occupazione per tipologia contrattuale e regime orario - Occupazione per tipologia contrattuale e regime orario,DICA_IPO,1.0,2026-03-17T11:23:52.619Z,
741_1101_DF_DICA_IPIF_1,IT1,1.0,Qualification -Data summary,Attività formativa del personale - Dati di sintesi,DICA_IPIF,1.0,2026-03-17T10:21:27.783Z,
741_1101_DF_DICA_IPIF_2,IT1,1.0,"Qualification - Class of employed staff, type of training activity","Attività formativa del personale - Classe di personale effettivo, tipo di attività formativa",DICA_IPIF,1.0,2026-03-17T10:01:51.850Z,
741_1101_DF_DICA_IPIF_3,IT1,1.0,"Qualification - Class of employed staff, training activity, hours of training activity provided and courses participants","Attività formativa del personale - Classe di personale effettivo, attività formativa, ore di formazione e partecipanti",DICA_IPIF,1.0,2026-03-17T11:06:40.957Z,
742_1102_DF_DCSI_CPI_CONTROLLO_1,IT1,1.0,"Ownership and governance - Nace sectors, class of persons employed - reg.  (2018 - 2022)","Proprietà, controllo, gestione - Sezione Ateco, classe di addetti - reg.  (2018 - 2022)",DCSI_CPI_CONTROLLO,1.0,01/20/2026 08:18:59,
742_1102_DF_DCSI_CPI_CONTROLLO_10,IT1,1.0,"Consequences of the generational transition - Nace sectors, class of persons employed - reg. (2018 - 2022)","Conseguenze del passaggio generazionale - Sezione Ateco, classe di addetti - reg. (2018 - 2022)",DCSI_CPI_CONTROLLO,1.0,01/21/2026 08:26:07,
742_1102_DF_DCSI_CPI_CONTROLLO_11,IT1,1.0,"Consequences of the generational transition - Nace 2 digit, class of persons employed (2018 - 2022)","Conseguenze del passaggio generazionale - Divisione Ateco (2 digit), classe di addetti (2018 - 2022)",DCSI_CPI_CONTROLLO,1.0,01/21/2026 09:20:25,
742_1102_DF_DCSI_CPI_CONTROLLO_12,IT1,1.0,Consequences of the generational transition - Nace 4 digit (2018 - 2022),Conseguenze del passaggio generazionale - Classe di Ateco (4 digit) (2018 - 2022),DCSI_CPI_CONTROLLO,1.0,01/21/2026 09:27:48,
742_1102_DF_DCSI_CPI_CONTROLLO_13,IT1,1.0,Type of management - Economic sectors - prov. (2018-2022),Tipo di gestione - Macrosettori economici - prov. (2018-2022),DCSI_CPI_CONTROLLO,1.0,01/21/2026 10:00:08,
742_1102_DF_DCSI_CPI_CONTROLLO_14,IT1,1.0,"Type of management - Nace sectors, class of persons employed - reg. (2018-2022)","Tipo di gestione - Sezione Ateco, classe di addetti - reg. (2018-2022)",DCSI_CPI_CONTROLLO,1.0,01/21/2026 10:09:03,
742_1102_DF_DCSI_CPI_CONTROLLO_15,IT1,1.0,"Type of management - Nace 2 digit, class of persons employed (2018-2022)","Tipo di gestione - Divisione Ateco (2 digit), classe di addetti (2018-2022)",DCSI_CPI_CONTROLLO,1.0,01/21/2026 10:23:13,
742_1102_DF_DCSI_CPI_CONTROLLO_16,IT1,1.0,Type of management - Nace 4 digit (2018-2022),Tipo di gestione - Classe di Ateco (4 digit) (2018-2022),DCSI_CPI_CONTROLLO,1.0,01/21/2026 10:29:55,
742_1102_DF_DCSI_CPI_CONTROLLO_17,IT1,1.0,Obstacles of the generational transition - Economic sectors - prov.,Ostacoli al passaggio generazionale - Macrosettori economici - prov.,DCSI_CPI_CONTROLLO,1.0,01/22/2026 10:10:57,
742_1102_DF_DCSI_CPI_CONTROLLO_18,IT1,1.0,"Obstacles of the generational transition - Nace sectors, class of persons employed - reg.","Ostacoli al passaggio generazionale - Sezione Ateco, classe di addetti - reg.",DCSI_CPI_CONTROLLO,1.0,01/22/2026 10:24:57,
742_1102_DF_DCSI_CPI_CONTROLLO_19,IT1,1.0,"Obstacles of the generational transition - Nace 2 digit, class of persons employed","Ostacoli al passaggio generazionale - Divisione Ateco (2 digit), classe di addetti",DCSI_CPI_CONTROLLO,1.0,01/22/2026 10:35:59,
742_1102_DF_DCSI_CPI_CONTROLLO_2,IT1,1.0,Ownership and governance - Economic sectors - prov. (2018 - 2022),"Proprietà, controllo, gestione - Macrosettori economici - prov. (2018 - 2022)",DCSI_CPI_CONTROLLO,1.0,01/20/2026 08:29:25,
742_1102_DF_DCSI_CPI_CONTROLLO_20,IT1,1.0,Obstacles of the generational transition - Nace 4 digit,Ostacoli al passaggio generazionale - Classe di Ateco (4 digit),DCSI_CPI_CONTROLLO,1.0,01/22/2026 10:42:25,
742_1102_DF_DCSI_CPI_CONTROLLO_21,IT1,1.0,Strategic objectives pursued - Economic sectors - prov. (2018 - 2022),Obiettivi strategici perseguiti - Macrosettori economici - prov. (2018 - 2022),DCSI_CPI_CONTROLLO,1.0,01/22/2026 11:05:48,
742_1102_DF_DCSI_CPI_CONTROLLO_22,IT1,1.0,"Strategic objectives pursued - Nace sectors, class of persons employed - reg. (2018 - 2019)","Obiettivi strategici perseguiti - Sezione Ateco, classe di addetti - reg. (2018 - 2022)",DCSI_CPI_CONTROLLO,1.0,01/22/2026 12:15:48,
742_1102_DF_DCSI_CPI_CONTROLLO_23,IT1,1.0,"Strategic objectives pursued - Nace 2 digit, class of persons employed (2018 -2022)","Obiettivi strategici perseguiti - Divisione Ateco (2 digit), classe di addetti (2018 -2022)",DCSI_CPI_CONTROLLO,1.0,01/22/2026 12:23:04,
742_1102_DF_DCSI_CPI_CONTROLLO_24,IT1,1.0,Strategic objectives pursued - Nace 4 digit (2018 - 2022),Obiettivi strategici perseguiti - Classe di Ateco (4 digit) (2018 - 2022),DCSI_CPI_CONTROLLO,1.0,01/22/2026 12:29:04,
742_1102_DF_DCSI_CPI_CONTROLLO_25,IT1,1.0,Strategic objectives to pursue - Economic sectors - prov. (2018 - 2022),Obiettivi strategici futuri - Macrosettori economici - prov. (2018 - 2022),DCSI_CPI_CONTROLLO,1.0,01/22/2026 13:24:17,
742_1102_DF_DCSI_CPI_CONTROLLO_26,IT1,1.0,"Strategic objectives to pursue - Nace sectors, class of persons employed - reg. (2018 - 2019)","Obiettivi strategici futuri - Sezione Ateco, classe di addetti - reg. (2018 - 2022)",DCSI_CPI_CONTROLLO,1.0,01/22/2026 13:30:53,
742_1102_DF_DCSI_CPI_CONTROLLO_27,IT1,1.0,"Strategic objectives to pursue - Nace 2 digit, class of persons employed (2018 - 2022)","Obiettivi strategici futuri - Divisione Ateco (2 digit), classe di addetti (2018 - 2022)",DCSI_CPI_CONTROLLO,1.0,01/22/2026 13:36:15,
742_1102_DF_DCSI_CPI_CONTROLLO_28,IT1,1.0,Strategic objectives to pursue - Nace 4 digit (2018 - 2022),Obiettivi strategici futuri - Classe di Ateco (4 digit) (2018 - 2022),DCSI_CPI_CONTROLLO,1.0,01/22/2026 13:58:43,
742_1102_DF_DCSI_CPI_CONTROLLO_3,IT1,1.0,Ownership and governance - Nace 4 digit  (2018 - 2022),"Proprietà, controllo, gestione - Classe di Ateco (4 digit)  (2018 - 2022)",DCSI_CPI_CONTROLLO,1.0,01/20/2026 08:37:28,
742_1102_DF_DCSI_CPI_CONTROLLO_4,IT1,1.0,"Ownership and governance - Nace 2 digit, class of persons employed  (2018 - 2022)","Proprietà, controllo, gestione - Divisione Ateco (2 digit), classe di addetti  (2018 - 2022)",DCSI_CPI_CONTROLLO,1.0,01/20/2026 08:46:11,
742_1102_DF_DCSI_CPI_CONTROLLO_5,IT1,1.0,Family business successions period - Economic sectors - prov. (2018 - 2022),Periodo del passaggio generazionale - Macrosettori economici - prov. (2018 - 2022),DCSI_CPI_CONTROLLO,1.0,01/20/2026 09:10:29,
742_1102_DF_DCSI_CPI_CONTROLLO_6,IT1,1.0,"Family business successions period - Nace sectors, class of persons employed - reg.  (2018 - 2022)","Periodo del passaggio generazionale - Sezione Ateco, classe di addetti - reg. (2018 - 2022)",DCSI_CPI_CONTROLLO,1.0,01/20/2026 09:29:54,
742_1102_DF_DCSI_CPI_CONTROLLO_7,IT1,1.0,"Family business successions period - Nace 2 digit, class of persons employed (2018 - 2022)","Periodo del passaggio generazionale - Divisione Ateco (2 digit), classe di addetti (2018 - 2022)",DCSI_CPI_CONTROLLO,1.0,01/20/2026 09:39:45,
742_1102_DF_DCSI_CPI_CONTROLLO_8,IT1,1.0,Family business successions period - Nace 4 digit (2018 - 2022),Periodo del passaggio generazionale - Classe di Ateco (4 digit) (2018 - 2022),DCSI_CPI_CONTROLLO,1.0,01/20/2026 09:49:51,
742_1102_DF_DCSI_CPI_CONTROLLO_9,IT1,1.0,Consequences of the generational transition - Economic sectors - prov. (2018 - 2022),Conseguenze del passaggio generazionale - Macrosettori economici - prov. (2018 - 2022),DCSI_CPI_CONTROLLO,1.0,01/21/2026 08:19:06,
742_1103_DF_DCSI_CPI_RISORSE_1,IT1,1.0,Acquisition of human resources - Economic sectors - prov. (2018 - 2022),Acquisizione di risorse umane - Macrosettori economici - prov. (2018 - 2022),DCSI_CPI_RISORSE,1.0,2025-12-15T15:00:24.624Z,
742_1103_DF_DCSI_CPI_RISORSE_10,IT1,1.0,"Skills - Nace sectors, class of persons employed - reg.  (2018 - 2022)","Competenze - Sezione Ateco, classe di addetti - reg. (2018 - 2022)",DCSI_CPI_RISORSE,1.0,2026-01-21T10:17:43.656Z,
742_1103_DF_DCSI_CPI_RISORSE_11,IT1,1.0,"Skills - Nace 2 digit, class of persons employed (2018 - 2022)","Competenze - Divisione Ateco (2 digit), classe di addetti (2018 - 2022)",DCSI_CPI_RISORSE,1.0,2026-01-21T11:20:14.256Z,
742_1103_DF_DCSI_CPI_RISORSE_12,IT1,1.0,Skills - Nace 4 digit (2018 - 2022),Competenze - Classe di Ateco (4 digit) (2018 - 2022),DCSI_CPI_RISORSE,1.0,2026-01-21T16:38:11.069Z,
742_1103_DF_DCSI_CPI_RISORSE_13,IT1,1.0,Obstacles - Economic sectors - prov. (2018-2022),Ostacoli - Macrosettori economici - prov. (2018-2022),DCSI_CPI_RISORSE,1.0,2026-01-22T08:24:52.277Z,
742_1103_DF_DCSI_CPI_RISORSE_14,IT1,1.0,"Obstacles - Nace sectors, class of persons employed - reg.  (2018 - 2022)","Ostacoli - Sezione Ateco, classe di addetti - reg. (2018 - 2022)",DCSI_CPI_RISORSE,1.0,2026-01-22T08:51:09.860Z,
742_1103_DF_DCSI_CPI_RISORSE_15,IT1,1.0,"Obstacles - Nace 2 digit, class of persons employed (2018 - 2022)","Ostacoli - Divisione Ateco (2 digit), classe di addetti (2018 - 2022)",DCSI_CPI_RISORSE,1.0,2026-01-22T09:24:59.552Z,
742_1103_DF_DCSI_CPI_RISORSE_16,IT1,1.0,Obstacles - Nace 4 digit (2018 - 2022),Ostacoli - Classe di Ateco (4 digit) (2018 - 2022),DCSI_CPI_RISORSE,1.0,2026-01-22T10:01:35.698Z,
742_1103_DF_DCSI_CPI_RISORSE_17,IT1,1.0,Selection methods - Economic sectors - prov.,Modalità di acquisizione - Macrosettori economici - prov.,DCSI_CPI_RISORSE,1.0,2026-01-22T11:20:37.281Z,
742_1103_DF_DCSI_CPI_RISORSE_18,IT1,1.0,"Selection methods - Nace sectors, class of persons employed - reg.","Modalità di acquisizione - Sezione Ateco, classe di addetti - reg.",DCSI_CPI_RISORSE,1.0,2026-01-22T13:44:22.601Z,
742_1103_DF_DCSI_CPI_RISORSE_19,IT1,1.0,"Selection methods - Nace 2 digit, class of persons employed","Modalità di acquisizione - Divisione Ateco (2 digit), classe di addetti",DCSI_CPI_RISORSE,1.0,2026-01-22T14:16:57.205Z,
742_1103_DF_DCSI_CPI_RISORSE_2,IT1,1.0,"Acquisition of human resources - Nace 2 digit, class of persons employed (2018 - 2022)","Acquisizione di risorse umane - Divisione Ateco (2 digit), classe di addetti (2018 - 2022)",DCSI_CPI_RISORSE,1.0,12/16/2025 10:03:17,
742_1103_DF_DCSI_CPI_RISORSE_20,IT1,1.0,Selection methods - Nace 4 digit,Modalità di acquisizione - Classe di Ateco (4 digit),DCSI_CPI_RISORSE,1.0,2026-01-22T14:37:02.844Z,
742_1103_DF_DCSI_CPI_RISORSE_21,IT1,1.0,Functional area affected - Economic sectors - prov.,Area funzionale interessata - Macrosettori economici - prov.,DCSI_CPI_RISORSE,1.0,2026-01-23T08:41:45.577Z,
742_1103_DF_DCSI_CPI_RISORSE_22,IT1,1.0,"Functional area affected - Nace sectors, class of persons employed - reg.","Area funzionale interessata - Sezione Ateco, classe di addetti - reg.",DCSI_CPI_RISORSE,1.0,2026-01-23T08:56:07.460Z,
742_1103_DF_DCSI_CPI_RISORSE_23,IT1,1.0,"Functional area affected - Nace 2 digit, class of persons employed","Area funzionale interessata - Divisione Ateco (2 digit), classe di addetti",DCSI_CPI_RISORSE,1.0,2026-01-23T09:15:47.171Z,
742_1103_DF_DCSI_CPI_RISORSE_24,IT1,1.0,Functional area affected - Nace 4 digit,Area funzionale interessata - Classe di Ateco (4 digit),DCSI_CPI_RISORSE,1.0,2026-01-23T09:30:40.899Z,
742_1103_DF_DCSI_CPI_RISORSE_25,IT1,1.0,Personnel management practices - Economic sectors - prov. (2018 - 2022),Pratiche di gestione del personale - Macrosettori economici - prov. (2018 - 2022),DCSI_CPI_RISORSE,1.0,2026-01-23T11:02:42.958Z,
742_1103_DF_DCSI_CPI_RISORSE_26,IT1,1.0,"Personnel management practices - Nace sectors, class of persons employed - reg.","Pratiche di gestione del personale - Sezione Ateco, classe di addetti - reg.",DCSI_CPI_RISORSE,1.0,2026-01-23T13:34:56.561Z,
742_1103_DF_DCSI_CPI_RISORSE_27,IT1,1.0,"Personnel management practices - Nace 2 digit, class of persons employed (2018 -2019)","Pratiche di gestione del personale - Divisione Ateco (2 digit), classe di addetti (2018 -2019)",DCSI_CPI_RISORSE,1.0,2026-01-23T13:58:47.379Z,
742_1103_DF_DCSI_CPI_RISORSE_28,IT1,1.0,Personnel management practices - Nace 4 digit (2018 - 2022),Pratiche di gestione del personale - Classe di Ateco (4 digit) (2018 - 2022),DCSI_CPI_RISORSE,1.0,2026-01-23T14:27:36.068Z,
742_1103_DF_DCSI_CPI_RISORSE_29,IT1,1.0,Practices to attract and/or retain qualified personnel - Economic sectors - prov. (2018 - 2022),Pratiche per attrarre e/o trattenere personale qualificato - Macrosettori economici - prov. (2018 - 2022),DCSI_CPI_RISORSE,1.0,2026-01-26T10:23:36.043Z,
742_1103_DF_DCSI_CPI_RISORSE_3,IT1,1.0,"Acquisition of human resources - Nace sectors, class of persons employed - reg. (2018 - 2022)","Acquisizione di risorse umane - Sezione Ateco, classe di addetti - reg. (2018 - 2022)",DCSI_CPI_RISORSE,1.0,2025-12-16T14:19:16.079Z,
742_1103_DF_DCSI_CPI_RISORSE_30,IT1,1.0,"Practices to attract and/or retain qualified personnel - Nace sectors, class of persons employed - reg. (2018-2022)","Pratiche per attrarre e/o trattenere personale qualificato - Sezione Ateco, classe di addetti - reg. (2018-2022)",DCSI_CPI_RISORSE,1.0,2026-01-26T11:18:54.199Z,
742_1103_DF_DCSI_CPI_RISORSE_31,IT1,1.0,"Practices to attract and/or retain qualified personnel - Nace 2 digit, class of persons employed (2018 - 2022)","Pratiche per attrarre e/o trattenere personale qualificato - Divisione Ateco (2 digit), classe di addetti (2018 - 2022)",DCSI_CPI_RISORSE,1.0,2026-01-26T14:02:03.144Z,
742_1103_DF_DCSI_CPI_RISORSE_32,IT1,1.0,Practices to attract and/or retain qualified personnel - Nace 4 digit (2018-2022),Pratiche per attrarre e/o trattenere personale qualificato - Classe di Ateco (4 digit) (2018-2022),DCSI_CPI_RISORSE,1.0,2026-01-26T14:11:56.985Z,
742_1103_DF_DCSI_CPI_RISORSE_4,IT1,1.0,Acquisition of human resources - Nace 4 digit (2018 - 2022),Acquisizione di risorse umane - Classe di Ateco (4 digit) (2018 - 2022),DCSI_CPI_RISORSE,1.0,2026-01-15T14:51:47.870Z,
742_1103_DF_DCSI_CPI_RISORSE_5,IT1,1.0,Labour position - Economic sectors - prov. (2018 - 2022),Posizione professionale - Macrosettori economici - prov. (2018 - 2022),DCSI_CPI_RISORSE,1.0,2025-12-19T09:57:22.214Z,
742_1103_DF_DCSI_CPI_RISORSE_6,IT1,1.0,"Labour position - Nace sectors, class of persons employed - reg. (2018-2022)","Posizione professionale - Sezione Ateco, classe di addetti - reg. (2018-2022)",DCSI_CPI_RISORSE,1.0,2026-01-15T14:55:15.927Z,
742_1103_DF_DCSI_CPI_RISORSE_7,IT1,1.0,"Labour position - Nace 2 digit, class of persons employed (2018-2022)","Posizione professionale - Divisione Ateco (2 digit), classe di addetti (2018-2022)",DCSI_CPI_RISORSE,1.0,2026-01-12T15:06:24.267Z,
742_1103_DF_DCSI_CPI_RISORSE_8,IT1,1.0,Labour position - Nace 4 digit (2018 - 2022),Posizione professionale - Classe di Ateco (4 digit) (2018 - 2022),DCSI_CPI_RISORSE,1.0,2026-01-14T10:10:32.231Z,
742_1103_DF_DCSI_CPI_RISORSE_9,IT1,1.0,Skills - Economic sectors - prov. (2018 - 2022),Competenze - Macrosettori economici - prov. (2018 - 2022),DCSI_CPI_RISORSE,1.0,2026-01-15T15:09:04.295Z,
742_1105_DF_DCSI_CPI_FORMAZIONE_1,IT1,1.0,Non-compulsory company training - Economic sectors - prov. (2018 - 2022),Formazione non obbligatoria - Macrosettori economici - prov. (2018 - 2022),DCSI_CPI_FORMAZIONE,1.0,02/05/2026 08:38:08,
742_1105_DF_DCSI_CPI_FORMAZIONE_10,IT1,1.0,"Subject of training - Nace sectors, class of persons employed - reg.","Competenze - Sezione Ateco, classe di addetti - reg.",DCSI_CPI_FORMAZIONE,1.0,02/05/2026 14:40:03,
742_1105_DF_DCSI_CPI_FORMAZIONE_11,IT1,1.0,"Subject of training - Nace 2 digit, class of persons employed","Competenze - Divisione Ateco (2 digit), classe di addetti",DCSI_CPI_FORMAZIONE,1.0,02/05/2026 14:46:55,
742_1105_DF_DCSI_CPI_FORMAZIONE_12,IT1,1.0,Subject of training - Nace 4 digit,Competenze - Classe di Ateco (4 digit),DCSI_CPI_FORMAZIONE,1.0,02/05/2026 14:50:29,
742_1105_DF_DCSI_CPI_FORMAZIONE_13,IT1,1.0,Personnel involved in training - Economic sectors - prov. (2018 - 2022),Personale coinvolto - Macrosettori economici - prov. (2018 - 2022),DCSI_CPI_FORMAZIONE,1.0,2026-02-06T09:21:00.644Z,
742_1105_DF_DCSI_CPI_FORMAZIONE_14,IT1,1.0,"Personnel involved in training - Nace sectors, class of persons employed - reg.","Personale coinvolto - Sezione Ateco, classe di addetti - reg. (2018 - 2019)",DCSI_CPI_FORMAZIONE,1.0,2026-03-11T08:26:43.741Z,
742_1105_DF_DCSI_CPI_FORMAZIONE_15,IT1,1.0,"Personnel involved in training - Nace 2 digit, class of persons employed","Personale coinvolto - Divisione Ateco (2 digit), classe di addetti (2018 -2019)",DCSI_CPI_FORMAZIONE,1.0,2026-03-11T08:26:59.238Z,
742_1105_DF_DCSI_CPI_FORMAZIONE_16,IT1,1.0,Personnel involved in training - Nace 4 digit,Personale coinvolto - Classe di Ateco (4 digit) (2018 - 2022),DCSI_CPI_FORMAZIONE,1.0,2026-03-11T08:30:12.356Z,
742_1105_DF_DCSI_CPI_FORMAZIONE_17,IT1,1.0,Expenditure in training activities state - Economic sectors - prov.,Andamento della spesa per formazione - Macrosettori economici - prov.,DCSI_CPI_FORMAZIONE,1.0,2026-02-06T09:37:45.130Z,
742_1105_DF_DCSI_CPI_FORMAZIONE_18,IT1,1.0,"Expenditure in training activities state - Nace sectors, class of persons employed - reg.","Andamento della spesa per formazione - Sezione Ateco, classe di addetti - reg.",DCSI_CPI_FORMAZIONE,1.0,2026-02-06T09:50:07.589Z,
742_1105_DF_DCSI_CPI_FORMAZIONE_19,IT1,1.0,"Expenditure in training activities state - Nace 2 digit, class of persons employed","Andamento della spesa per formazione - Divisione Ateco (2 digit), classe di addetti",DCSI_CPI_FORMAZIONE,1.0,2026-02-06T09:59:29.277Z,
742_1105_DF_DCSI_CPI_FORMAZIONE_2,IT1,1.0,"Non-compulsory company training - Nace sectors, class of persons employed - reg. (2018 - 2019)","Formazione non obbligatoria - Sezione Ateco, classe di addetti - reg. (2018 - 2019)",DCSI_CPI_FORMAZIONE,1.0,02/05/2026 08:48:25,
742_1105_DF_DCSI_CPI_FORMAZIONE_20,IT1,1.0,Expenditure in training activities state - Nace 4 digit,Andamento della spesa per formazione - Classe di Ateco (4 digit),DCSI_CPI_FORMAZIONE,1.0,2026-02-06T10:33:39.365Z,
742_1105_DF_DCSI_CPI_FORMAZIONE_21,IT1,1.0,Limitation in expenditure or training absence - Economic sectors - prov.,Limitazione nella spesa o mancata formazione - Macrosettori economici - prov.,DCSI_CPI_FORMAZIONE,1.0,2026-02-06T10:38:15.522Z,
742_1105_DF_DCSI_CPI_FORMAZIONE_22,IT1,1.0,"Limitation in expenditure or training absence - Nace sectors, class of persons employed - reg.","Limitazione nella spesa o mancata formazione - Sezione Ateco, classe di addetti - reg.",DCSI_CPI_FORMAZIONE,1.0,2026-02-06T10:42:49.103Z,
742_1105_DF_DCSI_CPI_FORMAZIONE_23,IT1,1.0,"Limitation in expenditure or training absence - Nace 2 digit, class of persons employed","Limitazione nella spesa o mancata formazione - Divisione Ateco (2 digit), classe di addetti",DCSI_CPI_FORMAZIONE,1.0,2026-02-06T10:47:49.701Z,
742_1105_DF_DCSI_CPI_FORMAZIONE_24,IT1,1.0,Limitation in expenditure or training absence - Nace 4 digit,Limitazione nella spesa o mancata formazione - Classe di Ateco (4 digit),DCSI_CPI_FORMAZIONE,1.0,2026-02-06T10:51:15.926Z,
742_1105_DF_DCSI_CPI_FORMAZIONE_3,IT1,1.0,Non-compulsory company training - Nace 4 digit,Formazione non obbligatoria - Classe di Ateco (4 digit),DCSI_CPI_FORMAZIONE,1.0,02/05/2026 08:55:37,
742_1105_DF_DCSI_CPI_FORMAZIONE_4,IT1,1.0,"Non-compulsory company training - Nace 2 digit, class of persons employed","Formazione non obbligatoria - Divisione Ateco (2 digit), classe di addetti",DCSI_CPI_FORMAZIONE,1.0,02/05/2026 09:03:41,
742_1105_DF_DCSI_CPI_FORMAZIONE_5,IT1,1.0,Corporate training activities - Economic sectors - prov. (2018 - 2022),Attività di formazione - Macrosettori economici - prov. (2018 - 2022),DCSI_CPI_FORMAZIONE,1.0,02/05/2026 09:09:50,
742_1105_DF_DCSI_CPI_FORMAZIONE_6,IT1,1.0,"Corporate training activities - Nace 2 digit, class of persons employed (2018 -2019)","Attività di formazione - Divisione Ateco (2 digit), classe di addetti (2018 -2019)",DCSI_CPI_FORMAZIONE,1.0,02/05/2026 09:14:40,
742_1105_DF_DCSI_CPI_FORMAZIONE_7,IT1,1.0,Corporate training activities - Nace 4 digit,Attività di formazione - Classe di Ateco (4 digit),DCSI_CPI_FORMAZIONE,1.0,02/05/2026 13:48:29,
742_1105_DF_DCSI_CPI_FORMAZIONE_8,IT1,1.0,"Corporate training activities - Nace sectors, class of persons employed - reg. (2018 - 2019)","Attività di formazione - Sezione Ateco, classe di addetti - reg. (2018 - 2019)",DCSI_CPI_FORMAZIONE,1.0,02/05/2026 14:29:50,
742_1105_DF_DCSI_CPI_FORMAZIONE_9,IT1,1.0,Subject of training - Economic sectors - prov.,Competenze - Macrosettori economici - prov.,DCSI_CPI_FORMAZIONE,1.0,02/05/2026 14:35:20,
742_1106_DF_DCSI_CPI_RELAZIONI_1,IT1,1.0,Inter-enterprise relations - Economic sectors - prov. (2018-2022),Relazioni tra imprese - Macrosettori economici - prov. (2018-2022),DCSI_CPI_RELAZIONI,1.0,2026-01-28T10:30:26.380Z,
742_1106_DF_DCSI_CPI_RELAZIONI_10,IT1,1.0,"Number of partners - Nace sectors, class of persons employed - reg. (2018 2022)","Numero delle controparti - Sezione Ateco, classe di addetti - reg. (2018 2022)",DCSI_CPI_RELAZIONI,1.0,2026-02-05T15:15:29.404Z,
742_1106_DF_DCSI_CPI_RELAZIONI_11,IT1,1.0,"Inter-enterprise relations - Nace 2 digit, class of persons employed  (2018-2022)","Relazioni tra imprese - Divisione Ateco (2 digit), classe di addetti  (2018-2022)",DCSI_CPI_RELAZIONI,1.0,2026-01-30T09:27:13.722Z,
742_1106_DF_DCSI_CPI_RELAZIONI_12,IT1,1.0,"Type of partners - Nace 2 digit, class of persons employed (2018-2022)","Tipo di controparti - Divisione Ateco (2 digit), classe di addetti (2018-2022)",DCSI_CPI_RELAZIONI,1.0,2026-02-10T15:12:31.653Z,
742_1106_DF_DCSI_CPI_RELAZIONI_13,IT1,1.0,"Cause of the relationship - Nace 2 digit, class of persons employed (2018 2022)","Motivi della relazione - Divisione Ateco (2 digit), classe di addetti (2018 2022)",DCSI_CPI_RELAZIONI,1.0,2026-02-05T11:04:48.758Z,
742_1106_DF_DCSI_CPI_RELAZIONI_14,IT1,1.0,"Number of partners - Nace 2 digit, class of persons employed (2018 2022)","Numero delle controparti - Divisione Ateco (2 digit), classe di addetti (2018 2022)",DCSI_CPI_RELAZIONI,1.0,2026-02-06T11:02:46.423Z,
742_1106_DF_DCSI_CPI_RELAZIONI_15,IT1,1.0,"Difficulties in starting relationships - Nace 2 digit, class of persons employed (2018 2022)","Difficoltà nell'attivare relazioni - Divisione Ateco (2 digit), classe di addetti (2018 2022)",DCSI_CPI_RELAZIONI,1.0,2026-02-05T09:39:11.869Z,
742_1106_DF_DCSI_CPI_RELAZIONI_16,IT1,1.0,Inter-enterprise relations - Nace 4 digit (2018-2022),Relazioni tra imprese - Classe di Ateco (4 digit) (2018-2022),DCSI_CPI_RELAZIONI,1.0,2026-01-30T09:52:29.503Z,
742_1106_DF_DCSI_CPI_RELAZIONI_17,IT1,1.0,Type of partners - Nace 4 digit (2018-2022),Tipo di controparti - Classe di Ateco (4 digit) (2018-2022),DCSI_CPI_RELAZIONI,1.0,2026-02-10T15:24:42.996Z,
742_1106_DF_DCSI_CPI_RELAZIONI_18,IT1,1.0,Cause of the relationship - Nace 4 digit (2018 2022),Motivi della relazione - Classe di Ateco (2018 2022),DCSI_CPI_RELAZIONI,1.0,2026-02-05T13:56:50.867Z,
742_1106_DF_DCSI_CPI_RELAZIONI_19,IT1,1.0,Number of partners - Nace 4 digit (2018 2022),Numero delle controparti - Classe di Ateco (4 digit) (2018 2022),DCSI_CPI_RELAZIONI,1.0,2026-02-06T14:01:30.363Z,
742_1106_DF_DCSI_CPI_RELAZIONI_2,IT1,1.0,Type of partners - Economic sectors - prov. (2018-2022),Tipo di controparti - Macrosettori economici - prov. (2018-2022),DCSI_CPI_RELAZIONI,1.0,2026-02-10T13:51:30.706Z,
742_1106_DF_DCSI_CPI_RELAZIONI_20,IT1,1.0,Difficulties in starting relationships - Nace 4 digit (2018 2022),Difficoltà nell'attivare relazioni - Classe di Ateco (4 digit) (2018 2022),DCSI_CPI_RELAZIONI,1.0,2026-02-05T09:55:20.931Z,
742_1106_DF_DCSI_CPI_RELAZIONI_21,IT1,1.0,Functional areas affected - Economic sectors - prov. (2018 2022),Aree funzionali interessate - Macrosettori economici - prov. (2018 2022),DCSI_CPI_RELAZIONI,1.0,2026-01-30T10:30:11.993Z,
742_1106_DF_DCSI_CPI_RELAZIONI_22,IT1,1.0,"Functional areas affected - Nace 2 digit, class of persons employed (2018 2022)","Aree funzionali interessate - Divisione Ateco (2 digit), classe di addetti (2018 2022)",DCSI_CPI_RELAZIONI,1.0,2026-01-30T11:22:41.897Z,
742_1106_DF_DCSI_CPI_RELAZIONI_23,IT1,1.0,"Functional areas affected - Nace sectors, class of persons employed - reg. (2018 2022)","Aree funzionali interessate - Sezione Ateco, classe di addetti - reg.(2018 2022)",DCSI_CPI_RELAZIONI,1.0,2026-01-30T13:46:32.421Z,
742_1106_DF_DCSI_CPI_RELAZIONI_24,IT1,1.0,Functional areas affected - Nace 4 digit (2018 2022),Aree funzionali interessate - Classe di Ateco (4 digit) (2018 2022),DCSI_CPI_RELAZIONI,1.0,2026-02-03T08:50:47.931Z,
742_1106_DF_DCSI_CPI_RELAZIONI_25,IT1,1.0,Main subsupplier - Economic sectors - prov.,Subfornitore principale - Macrosettori economici - prov.,DCSI_CPI_RELAZIONI,1.0,2026-02-10T08:49:55.686Z,
742_1106_DF_DCSI_CPI_RELAZIONI_26,IT1,1.0,"Main subsupplier - Nace sectors, class of persons employed - reg.","Subfornitore principale - Sezione Ateco, classe di addetti - reg.",DCSI_CPI_RELAZIONI,1.0,2026-02-10T09:19:08.526Z,
742_1106_DF_DCSI_CPI_RELAZIONI_27,IT1,1.0,"Main subsupplier - Nace 2 digit, class of persons employed","Subfornitore principale - Divisione Ateco (2 digit), classe di addetti",DCSI_CPI_RELAZIONI,1.0,2026-02-10T11:24:21.146Z,
742_1106_DF_DCSI_CPI_RELAZIONI_28,IT1,1.0,Main subsupplier - Nace 4 digit,Subfornitore principale - Classe di Ateco (4 digit),DCSI_CPI_RELAZIONI,1.0,2026-02-10T13:19:55.544Z,
742_1106_DF_DCSI_CPI_RELAZIONI_29,IT1,1.0,Main customer - Economic sectors - prov.,Main customer - Economic sectors - prov.,DCSI_CPI_RELAZIONI,1.0,2026-02-03T13:54:34.896Z,
742_1106_DF_DCSI_CPI_RELAZIONI_3,IT1,1.0,Cause of the relationship - Economic sectors - prov. (2018 2022),Motivi della relazione - Macrosettori economici - prov. (2018 2022),DCSI_CPI_RELAZIONI,1.0,2026-02-05T10:14:14.569Z,
742_1106_DF_DCSI_CPI_RELAZIONI_30,IT1,1.0,"Main customer - Nace sectors, class of persons employed - reg.","Committente principale - Sezione Ateco, classe di addetti - reg.",DCSI_CPI_RELAZIONI,1.0,2026-02-03T14:41:21.558Z,
742_1106_DF_DCSI_CPI_RELAZIONI_31,IT1,1.0,"Main customer - Nace 2 digit, class of persons employed","Committente principale - Divisione Ateco (2 digit), classe di addetti",DCSI_CPI_RELAZIONI,1.0,2026-02-03T15:24:06.264Z,
742_1106_DF_DCSI_CPI_RELAZIONI_32,IT1,1.0,Main customer - Nace 4 digit,Committente principale - Classe di Ateco (4 digit),DCSI_CPI_RELAZIONI,1.0,2026-02-03T16:04:34.438Z,
742_1106_DF_DCSI_CPI_RELAZIONI_33,IT1,1.0,Economic activity of partner enterprises - Economic sectors - prov.,Attività imprese partner - Macrosettori economici - prov.,DCSI_CPI_RELAZIONI,1.0,2026-02-03T09:31:06.678Z,
742_1106_DF_DCSI_CPI_RELAZIONI_34,IT1,1.0,"Economic activity of partner enterprises - Nace sectors, class of persons employed - reg.","Attività imprese partner - Sezione Ateco, classe di addetti - reg.",DCSI_CPI_RELAZIONI,1.0,2026-02-03T10:29:42.966Z,
742_1106_DF_DCSI_CPI_RELAZIONI_35,IT1,1.0,"Economic activity of partner enterprises - Nace 2 digit, class of persons employed","Attività imprese partner - Divisione Ateco (2 digit), classe di addetti",DCSI_CPI_RELAZIONI,1.0,2026-02-03T11:35:09.308Z,
742_1106_DF_DCSI_CPI_RELAZIONI_36,IT1,1.0,Economic activity of partner enterprises - Nace 4 digit,Attività imprese partner - Classe di Ateco (4 digit),DCSI_CPI_RELAZIONI,1.0,2026-02-03T12:41:07.350Z,
742_1106_DF_DCSI_CPI_RELAZIONI_4,IT1,1.0,Number of partners - Economic sectors - prov. (2018 2022),Numero delle controparti - Macrosettori economici - prov. (2018 2022),DCSI_CPI_RELAZIONI,1.0,2026-02-05T14:13:04.614Z,
742_1106_DF_DCSI_CPI_RELAZIONI_5,IT1,1.0,Difficulties in starting relationships - Economic sectors - prov. (2018 2022),Difficoltà nell'attivare relazioni - Macrosettori economici - prov. (2018 2022),DCSI_CPI_RELAZIONI,1.0,2026-02-05T08:51:29.712Z,
742_1106_DF_DCSI_CPI_RELAZIONI_6,IT1,1.0,"Inter-enterprise relations - Nace sectors, class of persons employed - reg.  (2018-2022)","Relazioni tra imprese - Sezione Ateco, classe di addetti - reg. (2018-2022)",DCSI_CPI_RELAZIONI,1.0,2026-01-30T09:06:05.878Z,
742_1106_DF_DCSI_CPI_RELAZIONI_7,IT1,1.0,"Type of partners - Nace sectors, class of persons employed - reg.  (2018-2022)","Tipo di controparti - Sezione Ateco, classe di addetti - reg. (2018-2022)",DCSI_CPI_RELAZIONI,1.0,2026-02-10T14:10:49.857Z,
742_1106_DF_DCSI_CPI_RELAZIONI_8,IT1,1.0,"Difficulties in starting relationships - Nace sectors, class of persons employed - reg. (2018 2022)","Difficoltà nell'attivare relazioni - Sezione Ateco, classe di addetti - reg.(2018 2022)",DCSI_CPI_RELAZIONI,1.0,2026-02-05T09:26:24.632Z,
742_1106_DF_DCSI_CPI_RELAZIONI_9,IT1,1.0,"Cause of the relationship - Nace sectors, class of persons employed - reg. (2018 2022)","Motivi della relazione - Sezione Ateco, classe di addetti - reg. (2018 2022)",DCSI_CPI_RELAZIONI,1.0,2026-02-05T10:42:38.687Z,
742_1107_DF_DCSI_CPI_MERCATO_10,IT1,1.0,"Obstacles of the company's competitive capacity - Nace sectors, class of persons employed - reg.","Ostacoli alla capacità competitiva - Sezione Ateco, classe di addetti - reg.",DCSI_CPI_MERCATO,1.0,2026-03-02T09:23:47.603Z,
742_1107_DF_DCSI_CPI_MERCATO_11,IT1,1.0,Obstacles of the company's competitive capacity - Nace 4 digit,Ostacoli alla capacità competitiva - Classe di Ateco (4 digit),DCSI_CPI_MERCATO,1.0,2026-03-02T09:49:13.978Z,
742_1107_DF_DCSI_CPI_MERCATO_12,IT1,1.0,Main strengths of the company's competitive capacity - Nace 4 digit (2018-2022),Punti di forza della capacità competitiva - Classe di Ateco (4 digit) (2018-2022),DCSI_CPI_MERCATO,1.0,2026-03-02T17:22:07.518Z,
742_1107_DF_DCSI_CPI_MERCATO_13,IT1,1.0,Main geographical market - Nace 4 digit,Mercato geografico di riferimento - Classe di Ateco (4 digit),DCSI_CPI_MERCATO,1.0,2026-02-27T09:29:54.049Z,
742_1107_DF_DCSI_CPI_MERCATO_14,IT1,1.0,"Obstacles of the company's competitive capacity - Nace 2 digit, class of persons employed (2018-2022)","Ostacoli alla capacità competitiva - Divisione Ateco (2 digit), classe di addetti (2018-2022)",DCSI_CPI_MERCATO,1.0,2026-03-02T10:32:39.539Z,
742_1107_DF_DCSI_CPI_MERCATO_15,IT1,1.0,"Main strengths of the company's competitive capacity - Nace 2 digit, class of persons employed (2018-2022)","Punti di forza della capacità competitiva - Divisione Ateco (2 digit), classe di addetti (2018-2022)",DCSI_CPI_MERCATO,1.0,2026-03-03T09:15:10.630Z,
742_1107_DF_DCSI_CPI_MERCATO_16,IT1,1.0,"Main geographical market - Nace 2 digit, class of persons employed","Mercato geografico di riferimento - Divisione Ateco (2 digit), classe di addetti",DCSI_CPI_MERCATO,1.0,2026-02-27T09:47:44.342Z,
742_1107_DF_DCSI_CPI_MERCATO_17,IT1,1.0,Competitiveness and market - Economic sectors - prov. (2018-2022),Competitività e mercato - Macrosettori economici - prov. (2018-2022),DCSI_CPI_MERCATO,1.0,2026-02-17T08:34:02.091Z,
742_1107_DF_DCSI_CPI_MERCATO_18,IT1,1.0,Main geographical market - Economic sectors - prov.,Mercato geografico di riferimento - Macrosettori economici - prov.,DCSI_CPI_MERCATO,1.0,2026-02-27T09:25:18.719Z,
742_1107_DF_DCSI_CPI_MERCATO_19,IT1,1.0,Main strengths of the company's competitive capacity - Economic sectors - prov. (2018-2022),Punti di forza della capacità competitiva - Macrosettori economici - prov. (2018-2022),DCSI_CPI_MERCATO,1.0,2026-03-03T09:34:16.220Z,
742_1107_DF_DCSI_CPI_MERCATO_20,IT1,1.0,Obstacles of the company's competitive capacity - Economic sectors - prov. (2018-2022),Ostacoli alla capacità competitiva - Macrosettori economici - prov. (2018-2022),DCSI_CPI_MERCATO,1.0,2026-03-02T13:56:01.962Z,
742_1107_DF_DCSI_CPI_MERCATO_21,IT1,1.0,Customer - Economic sectors - prov.(2018-2022),Cliente - Macrosettori economici - prov.(2018-2022),DCSI_CPI_MERCATO,1.0,2026-02-19T08:09:32.584Z,
742_1107_DF_DCSI_CPI_MERCATO_22,IT1,1.0,"Customer - Nace sectors, class of persons employed - reg.(2018-2022)","Cliente - Sezione Ateco, classe di addetti - reg.(2018-2022)",DCSI_CPI_MERCATO,1.0,2026-02-19T14:34:07.868Z,
742_1107_DF_DCSI_CPI_MERCATO_23,IT1,1.0,"Customer - Nace 2 digit, class of persons employed (2018-2022)","Cliente - Divisione Ateco (2 digit), classe di addetti (2018-2022)",DCSI_CPI_MERCATO,1.0,2026-02-19T10:08:27.665Z,
742_1107_DF_DCSI_CPI_MERCATO_24,IT1,1.0,Customer - Nace 4 digit (2018-2022),Cliente - Classe di Ateco (4 digit) (2018-2022),DCSI_CPI_MERCATO,1.0,2026-02-19T14:23:05.583Z,
742_1107_DF_DCSI_CPI_MERCATO_25,IT1,1.0,Prices determination criterion - Economic sectors - prov.(2018-2022),Criterio di determinazione dei prezzi - Macrosettori economici - prov. (2018-2022),DCSI_CPI_MERCATO,1.0,2026-02-20T16:35:01.383Z,
742_1107_DF_DCSI_CPI_MERCATO_26,IT1,1.0,"Prices determination criterion - Nace sectors, class of persons employed - reg. (2018-2022)","Prices determination criterion - Nace sectors, class of persons employed - reg. (2018-2022)",DCSI_CPI_MERCATO,1.0,2026-02-25T09:38:58.455Z,
742_1107_DF_DCSI_CPI_MERCATO_27,IT1,1.0,"Prices determination criterion - Nace 2 digit, class of persons employed (2018-2022)","Criterio di determinazione dei prezzi - Divisione Ateco (2 digit), classe di addetti (2018-2022)",DCSI_CPI_MERCATO,1.0,2026-02-25T10:11:47.772Z,
742_1107_DF_DCSI_CPI_MERCATO_28,IT1,1.0,Prices determination criterion - Nace 4 digit (2018-2022),Criterio di determinazione dei prezzi - Classe di Ateco (4 digit) (2018-2022),DCSI_CPI_MERCATO,1.0,2026-02-26T09:32:05.334Z,
742_1107_DF_DCSI_CPI_MERCATO_29,IT1,1.0,Competitive capacity - Economic sectors - prov.,Capacità competitiva - Macrosettori economici - prov.,DCSI_CPI_MERCATO,1.0,2026-02-17T10:32:44.365Z,
742_1107_DF_DCSI_CPI_MERCATO_30,IT1,1.0,"Competitive capacity - Nace sectors, class of persons employed - reg.","Capacità competitiva - Sezione Ateco, classe di addetti - reg.",DCSI_CPI_MERCATO,1.0,2026-02-17T12:53:54.258Z,
742_1107_DF_DCSI_CPI_MERCATO_31,IT1,1.0,"Competitive capacity - Nace 2 digit, class of persons employed","Capacità competitiva - Divisione Ateco (2 digit), classe di addetti",DCSI_CPI_MERCATO,1.0,2026-02-17T14:43:41.888Z,
742_1107_DF_DCSI_CPI_MERCATO_32,IT1,1.0,Competitive capacity - Nace 4 digit,Capacità competitiva - Classe di Ateco (4 digit),DCSI_CPI_MERCATO,1.0,2026-02-17T15:04:24.004Z,
742_1107_DF_DCSI_CPI_MERCATO_5,IT1,1.0,"Competitiveness and market - Nace sectors, class of persons employed - reg. (2018-2022)","Competitività e mercato - Sezione Ateco, classe di addetti - reg. (2018-2022)",DCSI_CPI_MERCATO,1.0,2026-02-11T16:41:31.849Z,
742_1107_DF_DCSI_CPI_MERCATO_6,IT1,1.0,"Competitiveness and market - Nace 2 digit, class of persons employed (2018-2022)","Competitività e mercato - Divisione Ateco (2 digit), classe di addetti (2018-2022)",DCSI_CPI_MERCATO,1.0,2026-02-17T07:35:54.559Z,
742_1107_DF_DCSI_CPI_MERCATO_7,IT1,1.0,Competitiveness and market - Nace 4 digit (2018-2022),Competitività e mercato - Classe di Ateco (4 digit) (2018-2022),DCSI_CPI_MERCATO,1.0,2026-02-17T08:12:04.076Z,
742_1107_DF_DCSI_CPI_MERCATO_8,IT1,1.0,"Main geographical market - Nace sectors, class of persons employed - reg.","Mercato geografico di riferimento - Sezione Ateco, classe di addetti - reg.",DCSI_CPI_MERCATO,1.0,2026-02-27T09:28:23.333Z,
742_1107_DF_DCSI_CPI_MERCATO_9,IT1,1.0,"Main strengths of the company's competitive capacity - Nace sectors, class of persons employed - reg.  (2018-2022)","Punti di forza della capacità competitiva - Sezione Ateco, classe di addetti - reg. (2018-2022)",DCSI_CPI_MERCATO,1.0,2026-03-02T16:36:39.341Z,
742_1111_DF_DCSI_CPI_FINANZA_10,IT1,1.0,"Use of external funding sources - Nace sectors, class of persons employed - reg.","Utilizzo delle fonti - Sezione Ateco, classe di addetti - reg.",DCSI_CPI_FINANZA,1.0,01/30/2026 10:21:44,
742_1111_DF_DCSI_CPI_FINANZA_11,IT1,1.0,Use of external funding sources - Nace 4 digit,Utilizzo delle fonti - Classe di Ateco (4 digit),DCSI_CPI_FINANZA,1.0,01/30/2026 10:26:13,
742_1111_DF_DCSI_CPI_FINANZA_12,IT1,1.0,"Sources of funding - Nace sectors, class of persons employed - reg. (2018-2022)","Fonti di finanziamento - Sezione Ateco, classe di addetti - reg. (2018-2022)",DCSI_CPI_FINANZA,1.0,01/30/2026 09:08:00,
742_1111_DF_DCSI_CPI_FINANZA_13,IT1,1.0,Dependence on external sources - Economic sectors - prov. (2018-2022),Dipendenza da fonti esterne - Macrosettori economici - prov. (2018-2022),DCSI_CPI_FINANZA,1.0,01/30/2026 13:25:32,
742_1111_DF_DCSI_CPI_FINANZA_14,IT1,1.0,"Dependence on external sources - Nace sectors, class of persons employed - reg.  (2018-2022)","Dipendenza da fonti esterne - Sezione Ateco, classe di addetti - reg. (2018-2022)",DCSI_CPI_FINANZA,1.0,01/30/2026 13:34:10,
742_1111_DF_DCSI_CPI_FINANZA_15,IT1,1.0,"Dependence on external sources - Nace 2 digit, class of persons employed (2018-2022)","Dipendenza da fonti esterne - Divisione Ateco (2 digit), classe di addetti (2018-2022)",DCSI_CPI_FINANZA,1.0,01/30/2026 13:41:38,
742_1111_DF_DCSI_CPI_FINANZA_16,IT1,1.0,Dependence on external sources - Nace 4 digit (2018-2022),Dipendenza da fonti esterne - Classe di Ateco (4 digit) (2018-2022),DCSI_CPI_FINANZA,1.0,01/30/2026 13:46:17,
742_1111_DF_DCSI_CPI_FINANZA_17,IT1,1.0,Dependence on banks - Economic sectors - prov. (2018-2022),Dipendenza dalle banche - Macrosettori economici - prov. (2018-2022),DCSI_CPI_FINANZA,1.0,01/30/2026 14:12:29,
742_1111_DF_DCSI_CPI_FINANZA_18,IT1,1.0,"Dependence on banks - Nace sectors, class of persons employed - reg. (2018-2022)","Dipendenza dalle banche - Sezione Ateco, classe di addetti - reg. (2018-2022)",DCSI_CPI_FINANZA,1.0,01/30/2026 14:17:48,
742_1111_DF_DCSI_CPI_FINANZA_19,IT1,1.0,"Dependence on banks - Nace 2 digit, class of persons employed (2018-2022)","Dipendenza dalle banche - Divisione Ateco (2 digit), classe di addetti (2018-2022)",DCSI_CPI_FINANZA,1.0,01/30/2026 14:24:02,
742_1111_DF_DCSI_CPI_FINANZA_20,IT1,1.0,Dependence on banks - Nace 4 digit (2018-2022),Dipendenza dalle banche - Classe di Ateco (4 digit) (2018-2022),DCSI_CPI_FINANZA,1.0,01/30/2026 14:30:18,
742_1111_DF_DCSI_CPI_FINANZA_21,IT1,1.0,Number of banks - NUM - Economic sectors - prov.,Numero di banche - NUM - Macrosettori economici - prov.,DCSI_CPI_FINANZA,1.0,02/03/2026 07:50:28,
742_1111_DF_DCSI_CPI_FINANZA_22,IT1,1.0,"Number of banks - NUM - Nace sectors, class of persons employed - reg.","Numero di banche - NUM - Sezione Ateco, classe di addetti - reg.",DCSI_CPI_FINANZA,1.0,02/03/2026 07:56:36,
742_1111_DF_DCSI_CPI_FINANZA_23,IT1,1.0,"Number of banks - NUM - Nace 2 digit, class of persons employed","Numero di banche - NUM - Divisione Ateco (2 digit), classe di addetti",DCSI_CPI_FINANZA,1.0,02/03/2026 08:04:58,
742_1111_DF_DCSI_CPI_FINANZA_24,IT1,1.0,Number of banks - NUM - Nace 4 digit,Numero di banche - NUM - Classe di Ateco (4 digit),DCSI_CPI_FINANZA,1.0,02/03/2026 08:10:39,
742_1111_DF_DCSI_CPI_FINANZA_25,IT1,1.0,Share of bank debt - QUO - Economic sectors - prov.,Quota di indebitamento - QUO - Macrosettori economici - prov.,DCSI_CPI_FINANZA,1.0,02/03/2026 08:18:19,
742_1111_DF_DCSI_CPI_FINANZA_26,IT1,1.0,Type of main bank - TIP - Economic sectors - prov.,Tipologia della banca principale - TIP - Macrosettori economici - prov.,DCSI_CPI_FINANZA,1.0,02/03/2026 08:49:56,
742_1111_DF_DCSI_CPI_FINANZA_27,IT1,1.0,Determining factors in the choice of the bank - DET - Economic sectors - prov.,Determinanti nella scelta della banca - DET - Macrosettori economici - prov.,DCSI_CPI_FINANZA,1.0,02/03/2026 09:29:57,
742_1111_DF_DCSI_CPI_FINANZA_28,IT1,1.0,Bank requests to assess creditworthiness - RIC - Economic sectors - prov.,Richieste di valutazione della banca - RIC - Macrosettori economici - prov.,DCSI_CPI_FINANZA,1.0,02/03/2026 10:23:32,
742_1111_DF_DCSI_CPI_FINANZA_29,IT1,1.0,Tools to improve credit position - STR - Economic sectors - prov.,Strumenti per migliorare la posizione creditizia - STR - Macrosettori economici - prov.,DCSI_CPI_FINANZA,1.0,02/03/2026 10:52:47,
742_1111_DF_DCSI_CPI_FINANZA_30,IT1,1.0,"Share of bank debt - QUO - Nace 2 digit, class of persons employed","Quota di indebitamento - QUO - Divisione Ateco (2 digit), classe di addetti",DCSI_CPI_FINANZA,1.0,02/03/2026 08:24:40,
742_1111_DF_DCSI_CPI_FINANZA_31,IT1,1.0,"Type of main bank - TIP - Nace 2 digit, class of persons employed","Tipologia della banca principale - TIP - Divisione Ateco (2 digit), classe di addetti",DCSI_CPI_FINANZA,1.0,02/03/2026 08:56:11,
742_1111_DF_DCSI_CPI_FINANZA_32,IT1,1.0,"Determining factors in the choice of the bank - DET - Nace 2 digit, class of persons employed","Determinanti nella scelta della banca - DET - Divisione Ateco (2 digit), classe di addetti",DCSI_CPI_FINANZA,1.0,02/03/2026 09:44:46,
742_1111_DF_DCSI_CPI_FINANZA_33,IT1,1.0,"Bank requests to assess creditworthiness - RIC - Nace 2 digit, class of persons employed","Richieste di valutazione della banca - RIC - Divisione Ateco (2 digit), classe di addetti",DCSI_CPI_FINANZA,1.0,02/03/2026 10:31:46,
742_1111_DF_DCSI_CPI_FINANZA_34,IT1,1.0,"Tools to improve credit position - STR - Nace 2 digit, class of persons employed","Strumenti per migliorare la posizione creditizia - STR - Divisione Ateco (2 digit), classe di addetti",DCSI_CPI_FINANZA,1.0,02/03/2026 10:59:42,
742_1111_DF_DCSI_CPI_FINANZA_35,IT1,1.0,Share of bank debt - QUO - Nace 4 digit,Quota di indebitamento - QUO - Classe di Ateco (4 digit),DCSI_CPI_FINANZA,1.0,02/03/2026 08:30:26,
742_1111_DF_DCSI_CPI_FINANZA_36,IT1,1.0,Type of main bank - TIP - Nace 4 digit,Tipologia della banca principale - TIP - Classe di Ateco (4 digit),DCSI_CPI_FINANZA,1.0,02/03/2026 09:09:09,
742_1111_DF_DCSI_CPI_FINANZA_37,IT1,1.0,Determining factors in the choice of the bank - DET - Nace 4 digit,Determinanti nella scelta della banca - DET - Classe di Ateco (4 digit),DCSI_CPI_FINANZA,1.0,02/03/2026 10:02:04,
742_1111_DF_DCSI_CPI_FINANZA_38,IT1,1.0,Bank requests to assess creditworthiness - RIC - Nace 4 digit,Richieste di valutazione della banca - RIC - Classe di Ateco (4 digit),DCSI_CPI_FINANZA,1.0,02/03/2026 10:38:39,
742_1111_DF_DCSI_CPI_FINANZA_39,IT1,1.0,Tools to improve credit position - STR - Nace 4 digit,Strumenti per migliorare la posizione creditizia - STR - Classe di Ateco (4 digit),DCSI_CPI_FINANZA,1.0,02/03/2026 11:10:16,
742_1111_DF_DCSI_CPI_FINANZA_40,IT1,1.0,"Share of bank debt - QUO - Nace sectors, class of persons employed - reg.","Quota di indebitamento - QUO - Sezione Ateco, classe di addetti - reg.",DCSI_CPI_FINANZA,1.0,02/03/2026 08:35:38,
742_1111_DF_DCSI_CPI_FINANZA_41,IT1,1.0,"Type of main bank - TIP - Nace sectors, class of persons employed - reg.","Tipologia della banca principale - TIP - Sezione Ateco, classe di addetti - reg.",DCSI_CPI_FINANZA,1.0,02/03/2026 09:17:16,
742_1111_DF_DCSI_CPI_FINANZA_42,IT1,1.0,"Determining factors in the choice of the bank - DET - Nace sectors, class of persons employed - reg.","Determinanti nella scelta della banca - DET - Sezione Ateco, classe di addetti - reg.",DCSI_CPI_FINANZA,1.0,02/03/2026 10:16:09,
742_1111_DF_DCSI_CPI_FINANZA_43,IT1,1.0,"Bank requests to assess creditworthiness - RIC - Nace sectors, class of persons employed - reg.","Richieste di valutazione della banca - RIC - Sezione Ateco, classe di addetti - reg.",DCSI_CPI_FINANZA,1.0,02/03/2026 10:45:25,
742_1111_DF_DCSI_CPI_FINANZA_44,IT1,1.0,"Tools to improve credit position - STR - Nace sectors, class of persons employed - reg.","Strumenti per migliorare la posizione creditizia - STR - Sezione Ateco, classe di addetti - reg.",DCSI_CPI_FINANZA,1.0,02/03/2026 11:15:42,
742_1111_DF_DCSI_CPI_FINANZA_5,IT1,1.0,Sources of funding - Economic sectors - prov. (2018-2022),Fonti di finanziamento - Macrosettori economici - prov. (2018-2022),DCSI_CPI_FINANZA,1.0,01/30/2026 08:58:50,
742_1111_DF_DCSI_CPI_FINANZA_6,IT1,1.0,Use of external funding sources - Economic sectors - prov.,Utilizzo delle fonti - Macrosettori economici - prov.,DCSI_CPI_FINANZA,1.0,01/30/2026 10:03:10,
742_1111_DF_DCSI_CPI_FINANZA_7,IT1,1.0,"Sources of funding - Nace 2 digit, class of persons employed (2018-2022)","Fonti di finanziamento - Divisione Ateco (2 digit), classe di addetti (2018-2022)",DCSI_CPI_FINANZA,1.0,01/30/2026 09:49:45,
742_1111_DF_DCSI_CPI_FINANZA_8,IT1,1.0,"Use of external funding sources - Nace 2 digit, class of persons employed","Utilizzo delle fonti - Divisione Ateco (2 digit), classe di addetti",DCSI_CPI_FINANZA,1.0,01/30/2026 10:16:09,
742_1111_DF_DCSI_CPI_FINANZA_9,IT1,1.0,Sources of funding - Nace 4 digit (2018-2022),Fonti di finanziamento - Classe di Ateco (4 digit) (2018-2022),DCSI_CPI_FINANZA,1.0,01/30/2026 09:53:29,
742_1115_DF_DCSI_CPI_INTERNAZ_1,IT1,1.0,"Productive internationalisation - Nace 2 digit, class of persons employed","Internazionalizzazione produttiva - Divisione Ateco (2 digit), classe di addetti",DCSI_CPI_INTERNAZ,1.0,2026-02-06T14:10:55.112Z,
742_1115_DF_DCSI_CPI_INTERNAZ_10,IT1,1.0,"Areas of delocalization - Contracts/Agreements - Nace sectors, class of persons employed - reg.","Aree di delocalizzazione - Contratti/Accordi - Sezione Ateco, classe di addetti - reg.",DCSI_CPI_INTERNAZ,1.0,2026-02-09T09:52:08.438Z,
742_1115_DF_DCSI_CPI_INTERNAZ_11,IT1,1.0,"Destination of production - Contracts/Agreements - Nace sectors, class of persons employed - reg.","Destinazione della produzione - Contratti/Accordi - Sezione Ateco, classe di addetti - reg.",DCSI_CPI_INTERNAZ,1.0,2026-02-10T08:40:58.810Z,
742_1115_DF_DCSI_CPI_INTERNAZ_12,IT1,1.0,"Areas of delocalization - FDI - Nace 2 digit, class of persons employed","Aree di delocalizzazione - IDE - Divisione Ateco (2 digit), classe di addetti",DCSI_CPI_INTERNAZ,1.0,2026-02-09T08:13:50.267Z,
742_1115_DF_DCSI_CPI_INTERNAZ_13,IT1,1.0,"Destionation of production - FDI - Nace 2 digit, class of persons employed","Destinazione della produzione - IDE - Divisione Ateco (2 digit), classe di addetti",DCSI_CPI_INTERNAZ,1.0,2026-02-09T08:54:25.520Z,
742_1115_DF_DCSI_CPI_INTERNAZ_14,IT1,1.0,"Areas of delocalization - Contracts/Agreements - Nace 2 digit, class of persons employed","Aree di delocalizzazione - Contratti/Accordi - Divisione Ateco (2 digit), classe di addetti",DCSI_CPI_INTERNAZ,1.0,2026-02-09T09:50:15.646Z,
742_1115_DF_DCSI_CPI_INTERNAZ_15,IT1,1.0,"Destination of production - Contracts/Agreements - Nace 2 digit, class of persons employed","Destinazione della produzione - Contratti/Accordi - Divisione Ateco (2 digit), classe di addetti",DCSI_CPI_INTERNAZ,1.0,2026-02-10T08:47:31.484Z,
742_1115_DF_DCSI_CPI_INTERNAZ_16,IT1,1.0,Areas of delocalization - FDI - Nace 4 digit,Aree di delocalizzazione - IDE - Classe di Ateco (4 digit),DCSI_CPI_INTERNAZ,1.0,2026-02-09T08:20:27.065Z,
742_1115_DF_DCSI_CPI_INTERNAZ_17,IT1,1.0,Destionation of production - FDI - Nace 4 digit,Destinazione della produzione - IDE - Classe di Ateco (4 digit),DCSI_CPI_INTERNAZ,1.0,2026-02-09T09:01:06.243Z,
742_1115_DF_DCSI_CPI_INTERNAZ_18,IT1,1.0,Areas of delocalization - Contracts/Agreements - Nace 4 digit,Aree di delocalizzazione - Contratti/Accordi - Classe di Ateco (4 digit),DCSI_CPI_INTERNAZ,1.0,2026-02-09T09:47:56.636Z,
742_1115_DF_DCSI_CPI_INTERNAZ_19,IT1,1.0,Destination of production - Contracts/Agreements - Nace 4 digit,Destinazione della produzione - Contratti/Accordi - Classe di Ateco (4 digit),DCSI_CPI_INTERNAZ,1.0,2026-02-10T09:20:38.654Z,
742_1115_DF_DCSI_CPI_INTERNAZ_2,IT1,1.0,Productive internationalisation - Economic sectors - prov.,Internazionalizzazione produttiva - Macrosettori economici - prov.,DCSI_CPI_INTERNAZ,1.0,2026-02-06T14:16:16.505Z,
742_1115_DF_DCSI_CPI_INTERNAZ_20,IT1,1.0,Destination of production - Contracts/Agreements - Economic sectors - prov.,Destinazione della produzione - Contratti/Accordi - Macrosettori economici - prov.,DCSI_CPI_INTERNAZ,1.0,2026-02-10T08:34:51.397Z,
742_1115_DF_DCSI_CPI_INTERNAZ_21,IT1,1.0,Type of company to which a service has been provided - Economic sectors - prov.,Tipo di impresa cui è stato fornito un servizio - Macrosettori economici - prov.,DCSI_CPI_INTERNAZ,1.0,2026-02-10T09:44:18.153Z,
742_1115_DF_DCSI_CPI_INTERNAZ_22,IT1,1.0,"Type of company to which a service has been provided - Nace sectors, class of persons employed - reg.","Tipo di impresa cui è stato fornito un servizio - Sezione Ateco, classe di addetti - reg.",DCSI_CPI_INTERNAZ,1.0,2026-02-12T08:54:54.350Z,
742_1115_DF_DCSI_CPI_INTERNAZ_23,IT1,1.0,"Type of company to which a service has been provided - Nace 2 digit, class of persons employed","Tipo di impresa cui è stato fornito un servizio - Divisione Ateco (2 digit), classe di addetti",DCSI_CPI_INTERNAZ,1.0,2026-02-12T09:04:55.534Z,
742_1115_DF_DCSI_CPI_INTERNAZ_24,IT1,1.0,Type of company to which a service has been provided - Nace 4 digit,Tipo di impresa cui è stato fornito un servizio - Classe di Ateco (4 digit),DCSI_CPI_INTERNAZ,1.0,2026-02-12T09:10:39.719Z,
742_1115_DF_DCSI_CPI_INTERNAZ_25,IT1,1.0,Type of company to which a service has been commissioned - Economic sectors - prov.,Tipo di impresa cui è stato commissionato un servizio - Macrosettori economici - prov.,DCSI_CPI_INTERNAZ,1.0,2026-02-12T09:18:28.785Z,
742_1115_DF_DCSI_CPI_INTERNAZ_26,IT1,1.0,"Type of company to which a service has been commissioned - Nace sectors, class of persons employed - reg.","Tipo di impresa cui è stato commissionato un servizio - Sezione Ateco, classe di addetti - reg.",DCSI_CPI_INTERNAZ,1.0,2026-02-12T09:26:10.497Z,
742_1115_DF_DCSI_CPI_INTERNAZ_27,IT1,1.0,"Type of company to which a service has been commissioned - Nace 2 digit, class of persons employed","Tipo di impresa cui è stato commissionato un servizio - Divisione Ateco (2 digit), classe di addetti",DCSI_CPI_INTERNAZ,1.0,2026-02-12T09:32:35.893Z,
742_1115_DF_DCSI_CPI_INTERNAZ_28,IT1,1.0,Type of company to which a service has been commissioned - Nace 4 digit,Tipo di impresa cui è stato commissionato un servizio - Classe di Ateco (4 digit),DCSI_CPI_INTERNAZ,1.0,2026-02-12T09:37:57.998Z,
742_1115_DF_DCSI_CPI_INTERNAZ_29,IT1,1.0,Areas of delocalization of the production activity - Economic sectors - prov.,Aree di delocalizzazione dell'attività produttiva - Macrosettori economici - prov.,DCSI_CPI_INTERNAZ,1.0,2026-02-12T09:49:23.021Z,
742_1115_DF_DCSI_CPI_INTERNAZ_3,IT1,1.0,"Productive internationalisation - Nace sectors, class of persons employed - reg.","Internazionalizzazione produttiva - Sezione Ateco, classe di addetti - reg.",DCSI_CPI_INTERNAZ,1.0,2026-02-06T14:22:50.507Z,
742_1115_DF_DCSI_CPI_INTERNAZ_30,IT1,1.0,"Areas of delocalization of the production activity - Nace sectors, class of persons employed - reg.","Aree di delocalizzazione dell'attività produttiva - Sezione Ateco, classe di addetti - reg.",DCSI_CPI_INTERNAZ,1.0,2026-02-12T10:01:21.832Z,
742_1115_DF_DCSI_CPI_INTERNAZ_31,IT1,1.0,"Areas of delocalization of the production activity - Nace 2 digit, class of persons employed","Aree di delocalizzazione dell'attività produttiva - Divisione Ateco (2 digit), classe di addetti",DCSI_CPI_INTERNAZ,1.0,2026-02-12T10:18:11.449Z,
742_1115_DF_DCSI_CPI_INTERNAZ_32,IT1,1.0,Areas of delocalization of the production activity - Nace 4 digit,Aree di delocalizzazione dell'attività produttiva - Classe di Ateco (4 digit),DCSI_CPI_INTERNAZ,1.0,2026-02-12T11:18:49.751Z,
742_1115_DF_DCSI_CPI_INTERNAZ_33,IT1,1.0,Obstacles to delocalisation - Economic sectors - prov.,Ostacoli alla delocalizzazione - Macrosettori economici - prov.,DCSI_CPI_INTERNAZ,1.0,2026-02-12T12:01:04.902Z,
742_1115_DF_DCSI_CPI_INTERNAZ_34,IT1,1.0,"Obstacles to delocalisation - Nace sectors, class of persons employed - reg.","Ostacoli alla delocalizzazione - Sezione Ateco, classe di addetti - reg.",DCSI_CPI_INTERNAZ,1.0,2026-02-12T12:07:47.790Z,
742_1115_DF_DCSI_CPI_INTERNAZ_35,IT1,1.0,"Obstacles to delocalisation - Nace 2 digit, class of persons employed","Ostacoli alla delocalizzazione - Divisione Ateco (2 digit), classe di addetti",DCSI_CPI_INTERNAZ,1.0,2026-02-12T12:14:43.891Z,
742_1115_DF_DCSI_CPI_INTERNAZ_36,IT1,1.0,Obstacles to delocalisation - Nace 4 digit,Ostacoli alla delocalizzazione - Classe di Ateco (4 digit),DCSI_CPI_INTERNAZ,1.0,2026-02-12T12:19:49.147Z,
742_1115_DF_DCSI_CPI_INTERNAZ_4,IT1,1.0,Productive internationalisation - Nace 4 digit,Internazionalizzazione produttiva - Classe di Ateco (4 digit),DCSI_CPI_INTERNAZ,1.0,2026-02-06T14:27:19.622Z,
742_1115_DF_DCSI_CPI_INTERNAZ_5,IT1,1.0,Areas of delocalization - FDI - Economic sectors - prov.,Aree di delocalizzazione - IDE - Macrosettori economici - prov.,DCSI_CPI_INTERNAZ,1.0,2026-02-06T15:09:58.012Z,
742_1115_DF_DCSI_CPI_INTERNAZ_6,IT1,1.0,Destionation of production - FDI - Economic sectors - prov.,Destinazione della produzione - IDE - Macrosettori economici - prov.,DCSI_CPI_INTERNAZ,1.0,2026-02-09T08:39:21.738Z,
742_1115_DF_DCSI_CPI_INTERNAZ_7,IT1,1.0,Areas of delocalization - Contracts/Agreements - Economic sectors - prov.,Aree di delocalizzazione - Contratti/Accordi - Macrosettori economici - prov.,DCSI_CPI_INTERNAZ,1.0,2026-02-09T09:54:06.575Z,
742_1115_DF_DCSI_CPI_INTERNAZ_8,IT1,1.0,"Areas of delocalization - FDI - Nace sectors, class of persons employed - reg.","Aree di delocalizzazione - IDE - Sezione Ateco, classe di addetti - reg.",DCSI_CPI_INTERNAZ,1.0,2026-02-09T08:06:53.561Z,
742_1115_DF_DCSI_CPI_INTERNAZ_9,IT1,1.0,"Destionation of production - FDI - Nace sectors, class of persons employed - reg.","Destinazione della produzione - IDE - Sezione Ateco, classe di addetti - reg.",DCSI_CPI_INTERNAZ,1.0,2026-02-09T08:46:50.232Z,
742_1136_DF_DCSI_CPI_ENVRESSINT_1,IT1,1.0,"Actions for environmental sustainability, social responsibility and safety - Economic sectors - prov.","Azioni per sostenibilità ambientale, responsabilità sociale e sicurezza - Macrosettori economici - prov",DCSI_CPI_ENVRESSINT,1.0,01/29/2026 15:43:56,
742_1136_DF_DCSI_CPI_ENVRESSINT_10,IT1,1.0,"Financial or resource-sharing tools - Nace sectors, class of persons employed - reg.","Strumenti finanziari - Sezioni Ateco, classe di addetti - reg.",DCSI_CPI_ENVRESSINT,1.0,01/29/2026 16:32:51,
742_1136_DF_DCSI_CPI_ENVRESSINT_11,IT1,1.0,Financial or resource-sharing tools - Nace 4 digit,Strumenti finanziari - Classe di Ateco (4 digit),DCSI_CPI_ENVRESSINT,1.0,01/29/2026 16:36:25,
742_1136_DF_DCSI_CPI_ENVRESSINT_12,IT1,1.0,"Financial or resource-sharing tools - Nace 2 digit, class of persons employed","Strumenti finanziari - Divisione di Ateco (2 digit), classe di addetti",DCSI_CPI_ENVRESSINT,1.0,01/29/2026 16:45:59,
742_1136_DF_DCSI_CPI_ENVRESSINT_13,IT1,1.0,Modalities in funding - Economic sectors - prov.,Modalità di finanziamento - Macrosettori economici - prov,DCSI_CPI_ENVRESSINT,1.0,01/29/2026 16:52:52,
742_1136_DF_DCSI_CPI_ENVRESSINT_14,IT1,1.0,"Modalities in funding - Nace sectors, class of persons employed - reg.","Modalità di finanziamento - Sezioni Ateco, classe di addetti - reg.",DCSI_CPI_ENVRESSINT,1.0,01/29/2026 16:56:38,
742_1136_DF_DCSI_CPI_ENVRESSINT_15,IT1,1.0,Modalities in funding - Nace 4 digit,Modalità di finanziamento - Classe di Ateco (4 digit),DCSI_CPI_ENVRESSINT,1.0,01/29/2026 17:00:19,
742_1136_DF_DCSI_CPI_ENVRESSINT_16,IT1,1.0,"Modalities in funding - Nace 2 digit, class of persons employed","Modalità di finanziamento - Divisione di Ateco (2 digit), classe di addetti",DCSI_CPI_ENVRESSINT,1.0,01/29/2026 17:04:17,
742_1136_DF_DCSI_CPI_ENVRESSINT_2,IT1,1.0,"Actions for environmental sustainability, social responsibility and safety - Nace sectors, class of persons employed - reg.","Azioni per sostenibilità ambientale, responsabilità sociale e sicurezza - Sezioni Ateco, classe di addetti - reg.",DCSI_CPI_ENVRESSINT,1.0,01/29/2026 15:48:24,
742_1136_DF_DCSI_CPI_ENVRESSINT_3,IT1,1.0,"Actions for environmental sustainability, social responsibility and safety - Nace 4 digit","Azioni per sostenibilità ambientale, responsabilità sociale e sicurezza - Classe di Ateco (4 digit)",DCSI_CPI_ENVRESSINT,1.0,01/29/2026 15:52:20,
742_1136_DF_DCSI_CPI_ENVRESSINT_4,IT1,1.0,"Actions for environmental sustainability, social responsibility and safety - Nace 2 digit, class of persons employed","Azioni per sostenibilità ambientale, responsabilità sociale e sicurezza - Divisione di Ateco (2 digit), classe di addetti",DCSI_CPI_ENVRESSINT,1.0,01/29/2026 15:56:05,
742_1136_DF_DCSI_CPI_ENVRESSINT_5,IT1,1.0,Main reasons - Economic sectors - prov.,Motivazioni - Macrosettori economici - prov,DCSI_CPI_ENVRESSINT,1.0,01/29/2026 16:01:17,
742_1136_DF_DCSI_CPI_ENVRESSINT_6,IT1,1.0,"Main reasons - Nace sectors, class of persons employed - reg.","Motivazioni - Sezioni Ateco, classe di addetti - reg.",DCSI_CPI_ENVRESSINT,1.0,01/29/2026 16:05:47,
742_1136_DF_DCSI_CPI_ENVRESSINT_7,IT1,1.0,Main reasons - Nace 4 digit,Motivazioni - Classe di Ateco (4 digit),DCSI_CPI_ENVRESSINT,1.0,01/29/2026 16:09:23,
742_1136_DF_DCSI_CPI_ENVRESSINT_8,IT1,1.0,"Main reasons - Nace 2 digit, class of persons employed","Motivazioni - Divisione di Ateco (2 digit), classe di addetti",DCSI_CPI_ENVRESSINT,1.0,01/29/2026 16:13:16,
742_1136_DF_DCSI_CPI_ENVRESSINT_9,IT1,1.0,Financial or resource-sharing tools - Economic sectors - prov.,Strumenti finanziari - Macrosettori economici - prov,DCSI_CPI_ENVRESSINT,1.0,01/29/2026 16:26:35,
742_1137_DF_DCSI_CPI_ENVIROM_1,IT1,1.0,"Strategies for environmental sustainability - Nace sectors, class of persons employed - reg.","Strategie per la sostenibilità ambientale - Sezioni Ateco, classe di addetti - reg.",DCSI_CPI_ENVIROM,1.0,01/22/2026 14:07:02,
742_1137_DF_DCSI_CPI_ENVIROM_10,IT1,1.0,"Actions to reduce consumption - Nace sectors, class of persons employed - reg.","Azioni per ridurre i consumi - Sezioni Ateco, classe di addetti - reg.",DCSI_CPI_ENVIROM,1.0,01/28/2026 09:55:52,
742_1137_DF_DCSI_CPI_ENVIROM_11,IT1,1.0,Actions to reduce consumption - Nace 4 digit,Azioni per ridurre i consumi - Classe di Ateco (4 digit),DCSI_CPI_ENVIROM,1.0,01/28/2026 10:10:05,
742_1137_DF_DCSI_CPI_ENVIROM_12,IT1,1.0,"Actions to reduce consumption - Nace 2 digit, class of persons employed","Azioni per ridurre i consumi - Divisione di Ateco (2 digit), classe di addetti",DCSI_CPI_ENVIROM,1.0,01/28/2026 10:20:38,
742_1137_DF_DCSI_CPI_ENVIROM_13,IT1,1.0,Promotion strategies - Economic sectors - prov.,Strategie di promozione - Macrosettori economici - prov,DCSI_CPI_ENVIROM,1.0,01/28/2026 10:32:08,
742_1137_DF_DCSI_CPI_ENVIROM_14,IT1,1.0,"Promotion strategies - Nace sectors, class of persons employed - reg.","Strategie di promozione - Sezioni Ateco, classe di addetti - reg.",DCSI_CPI_ENVIROM,1.0,01/28/2026 10:38:13,
742_1137_DF_DCSI_CPI_ENVIROM_15,IT1,1.0,Promotion strategies - Nace 4 digit,Strategie di promozione - Classe di Ateco (4 digit),DCSI_CPI_ENVIROM,1.0,01/28/2026 10:44:27,
742_1137_DF_DCSI_CPI_ENVIROM_16,IT1,1.0,"Promotion strategies - Nace 2 digit, class of persons employed","Strategie di promozione - Divisione di Ateco (2 digit), classe di addetti",DCSI_CPI_ENVIROM,1.0,01/28/2026 10:51:22,
742_1137_DF_DCSI_CPI_ENVIROM_2,IT1,1.0,"Strategies for environmental sustainability - Nace 2 digit, class of persons employed","Strategie per la sostenibilità ambientale - Divisione di Ateco (2 digit), classe di addetti",DCSI_CPI_ENVIROM,1.0,01/22/2026 14:16:43,
742_1137_DF_DCSI_CPI_ENVIROM_3,IT1,1.0,Strategies for environmental sustainability - Nace 4 digit,Strategie per la sostenibilità ambientale - Classe di Ateco (4 digit),DCSI_CPI_ENVIROM,1.0,01/22/2026 14:23:32,
742_1137_DF_DCSI_CPI_ENVIROM_4,IT1,1.0,Strategies for environmental sustainability - Economic sectors - prov.,Strategie per la sostenibilità ambientale - Macro settori economici - prov,DCSI_CPI_ENVIROM,1.0,01/27/2026 09:34:26,
742_1137_DF_DCSI_CPI_ENVIROM_5,IT1,1.0,Types of investment - Economic sectors - prov.,Tipologie di investimento - Macrosettori economici - prov,DCSI_CPI_ENVIROM,1.0,01/28/2026 09:03:09,
742_1137_DF_DCSI_CPI_ENVIROM_6,IT1,1.0,"Types of investment - Nace sectors, class of persons employed - reg.","Tipologie di investimento - Sezioni Ateco, classe di addetti - reg.",DCSI_CPI_ENVIROM,1.0,01/28/2026 09:10:53,
742_1137_DF_DCSI_CPI_ENVIROM_7,IT1,1.0,"Types of investment - Nace 2 digit, class of persons employed","Tipologie di investimento - Divisione di Ateco (2 digit), classe di addetti",DCSI_CPI_ENVIROM,1.0,01/28/2026 09:32:17,
742_1137_DF_DCSI_CPI_ENVIROM_8,IT1,1.0,Types of investment - Nace 4 digit,Tipologie di investimento - Classe di Ateco (4 digit),DCSI_CPI_ENVIROM,1.0,01/28/2026 09:41:31,
742_1137_DF_DCSI_CPI_ENVIROM_9,IT1,1.0,Actions to reduce consumption - Economic sectors - prov.,Azioni per ridurre i consumi - Macrosettori economici - prov,DCSI_CPI_ENVIROM,1.0,01/28/2026 09:49:49,
742_1138_DF_DCSI_CPI_LABCOLL_1,IT1,1.0,Strategies to improve occupational well-being and collective interest - Economic sectors - prov.,Strategie per il benessere lavorativo e di interesse collettivo - Macrosettori economici - prov.,DCSI_CPI_LABCOLL,1.0,2026-02-13T09:59:24.316Z,
742_1138_DF_DCSI_CPI_LABCOLL_10,IT1,1.0,"Measures adopted to support parenting and work-family balance - Nace sectors, class of persons employed - reg.","Azioni intraprese a sostegno della genitorialità - Sezioni Ateco, classe di addetti - reg.",DCSI_CPI_LABCOLL,1.0,2026-02-16T09:58:37.069Z,
742_1138_DF_DCSI_CPI_LABCOLL_11,IT1,1.0,Measures adopted to support parenting and work-family balance - Nace 4 digit,Azioni intraprese a sostegno della genitorialità - Classe di Ateco (4 digit),DCSI_CPI_LABCOLL,1.0,2026-02-16T10:03:40.549Z,
742_1138_DF_DCSI_CPI_LABCOLL_12,IT1,1.0,"Measures adopted to support parenting and work-family balance - Nace 2 digit, class of persons employed","Azioni intraprese a sostegno della genitorialità - Divisione di Ateco (2 digit), classe di addetti",DCSI_CPI_LABCOLL,1.0,2026-02-16T10:09:11.992Z,
742_1138_DF_DCSI_CPI_LABCOLL_13,IT1,1.0,Measures to be adopted to support parenting and work-family balance - Economic sectors - prov.,Azioni da intraprendere a sostegno della genitorialità - Macrosettori economici - prov.,DCSI_CPI_LABCOLL,1.0,2026-02-23T09:45:00.577Z,
742_1138_DF_DCSI_CPI_LABCOLL_14,IT1,1.0,"Measures to be adopted to support parenting and work-family balance - Nace sectors, class of persons employed - reg.","Azioni da intraprendere a sostegno della genitorialità - Sezioni Ateco, classe di addetti - reg.",DCSI_CPI_LABCOLL,1.0,2026-02-23T09:50:59.432Z,
742_1138_DF_DCSI_CPI_LABCOLL_15,IT1,1.0,"Measures to be adopted to support parenting and work-family balance - Nace 2 digit, class of persons employed","Azioni da intraprendere a sostegno della genitorialità - Divisione di Ateco (2 digit), classe di addetti",DCSI_CPI_LABCOLL,1.0,2026-02-23T09:59:41.851Z,
742_1138_DF_DCSI_CPI_LABCOLL_16,IT1,1.0,Measures to be adopted to support parenting and work-family balance - Nace 4 digit,Azioni da intraprendere a sostegno della genitorialità - Classe di Ateco (4 digit),DCSI_CPI_LABCOLL,1.0,2026-02-23T10:05:01.329Z,
742_1138_DF_DCSI_CPI_LABCOLL_17,IT1,1.0,Initiatives of collective interest - Economic sectors - prov.,Iniziative di interesse collettivo - Macrosettori economici - prov.,DCSI_CPI_LABCOLL,1.0,2026-02-23T10:12:03.960Z,
742_1138_DF_DCSI_CPI_LABCOLL_18,IT1,1.0,"Initiatives of collective interest - Nace sectors, class of persons employed - reg.","Iniziative di interesse collettivo - Sezioni Ateco, classe di addetti - reg.",DCSI_CPI_LABCOLL,1.0,2026-02-23T10:17:44.373Z,
742_1138_DF_DCSI_CPI_LABCOLL_19,IT1,1.0,Initiatives of collective interest - Nace 4 digit,Iniziative di interesse collettivo - Classe di Ateco (4 digit),DCSI_CPI_LABCOLL,1.0,2026-02-23T10:21:33.936Z,
742_1138_DF_DCSI_CPI_LABCOLL_2,IT1,1.0,"Strategies to improve occupational well-being and collective interest - Nace sectors, class of persons employed - reg.","Strategie per il benessere lavorativo e di interesse collettivo - Sezioni Ateco, classe di addetti - reg.",DCSI_CPI_LABCOLL,1.0,2026-02-13T10:08:38.052Z,
742_1138_DF_DCSI_CPI_LABCOLL_20,IT1,1.0,"Initiatives of collective interest - Nace 2 digit, class of persons employed","Iniziative di interesse collettivo - Divisione di Ateco (2 digit), classe di addetti",DCSI_CPI_LABCOLL,1.0,2026-02-23T10:26:57.766Z,
742_1138_DF_DCSI_CPI_LABCOLL_3,IT1,1.0,"Strategies to improve occupational well-being and collective interest - Nace 2 digit, class of persons employed","Strategie per il benessere lavorativo e di interesse collettivo - Divisione di Ateco (2 digit), classe di addetti",DCSI_CPI_LABCOLL,1.0,2026-02-13T10:23:22.780Z,
742_1138_DF_DCSI_CPI_LABCOLL_4,IT1,1.0,Strategies to improve occupational well-being and collective interest - Nace 4 digit,Strategie per il benessere lavorativo e di interesse collettivo - Classe di Ateco (4 digit),DCSI_CPI_LABCOLL,1.0,2026-02-13T10:28:53.124Z,
742_1138_DF_DCSI_CPI_LABCOLL_5,IT1,1.0,Occupational well-being - Economic sectors - prov.,Benessere lavorativo - Macrosettori economici - prov.,DCSI_CPI_LABCOLL,1.0,2026-02-16T08:39:21.670Z,
742_1138_DF_DCSI_CPI_LABCOLL_6,IT1,1.0,"Occupational well-being - Nace sectors, class of persons employed - reg.","Benessere lavorativo - Sezioni Ateco, classe di addetti - reg.",DCSI_CPI_LABCOLL,1.0,2026-02-16T09:21:09.338Z,
742_1138_DF_DCSI_CPI_LABCOLL_7,IT1,1.0,Occupational well-being - Nace 4 digit,Benessere lavorativo - Classe di Ateco (4 digit),DCSI_CPI_LABCOLL,1.0,2026-02-16T09:45:44.205Z,
742_1138_DF_DCSI_CPI_LABCOLL_8,IT1,1.0,"Occupational well-being - Nace 2 digit, class of persons employed","Benessere lavorativo - Divisione di Ateco (2 digit), classe di addetti",DCSI_CPI_LABCOLL,1.0,2026-02-16T09:41:00.389Z,
742_1138_DF_DCSI_CPI_LABCOLL_9,IT1,1.0,Measures adopted to support parenting and work-family balance - Economic sectors - prov.,Azioni intraprese a sostegno della genitorialità - Macrosettori economici - prov.,DCSI_CPI_LABCOLL,1.0,2026-03-11T08:36:03.394Z,
742_1139_DF_DCSI_CPI_LOCSEC_1,IT1,1.0,Strategies for the benefit of the territory and for security - Economic sectors - prov.,Strategie a beneficio del territorio e per la sicurezza - Macrosettori economici - prov.,DCSI_CPI_LOCSEC,1.0,2026-02-26T09:37:07.381Z,
742_1139_DF_DCSI_CPI_LOCSEC_10,IT1,1.0,"Factors for the success of the iniziative - Nace sectors, class of persons employed - reg.","Fattori di successo delle iniziative - Sezioni Ateco, classe di addetti - reg.",DCSI_CPI_LOCSEC,1.0,2026-02-26T15:02:45.335Z,
742_1139_DF_DCSI_CPI_LOCSEC_11,IT1,1.0,"Factors for the success of the iniziative - Nace 2 digit, class of persons employed","Fattori di successo delle iniziative - Divisione di Ateco (2 digit), classe di addetti",DCSI_CPI_LOCSEC,1.0,2026-02-26T15:06:51.117Z,
742_1139_DF_DCSI_CPI_LOCSEC_12,IT1,1.0,Factors for the success of the iniziative - Nace 4 digit,Fattori di successo delle iniziative - Classe di Ateco (4 digit),DCSI_CPI_LOCSEC,1.0,2026-02-26T15:10:42.893Z,
742_1139_DF_DCSI_CPI_LOCSEC_13,IT1,1.0,Safety aspects - Economic sectors - prov.,Aspetti connessi alla sicurezza - Macrosettori economici - prov.,DCSI_CPI_LOCSEC,1.0,2026-02-26T16:06:40.926Z,
742_1139_DF_DCSI_CPI_LOCSEC_14,IT1,1.0,"Safety aspects - Nace sectors, class of persons employed - reg.","Aspetti connessi alla sicurezza - Sezioni Ateco, classe di addetti - reg.",DCSI_CPI_LOCSEC,1.0,2026-02-26T16:13:18.179Z,
742_1139_DF_DCSI_CPI_LOCSEC_15,IT1,1.0,"Safety aspects - Nace 2 digit, class of persons employed","Aspetti connessi alla sicurezza - Divisione di Ateco (2 digit), classe di addetti",DCSI_CPI_LOCSEC,1.0,2026-02-26T16:17:28.569Z,
742_1139_DF_DCSI_CPI_LOCSEC_16,IT1,1.0,Safety aspects - Nace 4 digit,Aspetti connessi alla sicurezza - Classe di Ateco (4 digit),DCSI_CPI_LOCSEC,1.0,2026-02-26T16:22:32.925Z,
742_1139_DF_DCSI_CPI_LOCSEC_17,IT1,1.0,Relevance for the safety aspects - Economic sectors - prov.,Motivi di rilevanza della sicurezza - Macrosettori economici - prov.,DCSI_CPI_LOCSEC,1.0,2026-02-27T07:28:21.611Z,
742_1139_DF_DCSI_CPI_LOCSEC_18,IT1,1.0,"Relevance for the safety aspects - Nace sectors, class of persons employed - reg.","Motivi di rilevanza della sicurezza - Sezioni Ateco, classe di addetti - reg.",DCSI_CPI_LOCSEC,1.0,2026-02-27T07:32:10.256Z,
742_1139_DF_DCSI_CPI_LOCSEC_19,IT1,1.0,"Relevance for the safety aspects - Nace 2 digit, class of persons employed","Motivi di rilevanza della sicurezza - Divisione di Ateco (2 digit), classe di addetti",DCSI_CPI_LOCSEC,1.0,2026-02-27T07:35:39.913Z,
742_1139_DF_DCSI_CPI_LOCSEC_2,IT1,1.0,"Strategies for the benefit of the territory and for security - Nace sectors, class of persons employed - reg.","Strategie a beneficio del territorio e per la sicurezza - Sezioni Ateco, classe di addetti - reg.",DCSI_CPI_LOCSEC,1.0,2026-02-26T09:49:25.897Z,
742_1139_DF_DCSI_CPI_LOCSEC_20,IT1,1.0,Relevance for the safety aspects - Nace 4 digit,Motivi di rilevanza della sicurezza - Classe di Ateco (4 digit),DCSI_CPI_LOCSEC,1.0,2026-02-27T07:38:51.956Z,
742_1139_DF_DCSI_CPI_LOCSEC_21,IT1,1.0,Actions to guarantee safety aspects - Economic sectors - prov.,Azioni per garantire la sicurezza - Macrosettori economici - prov.,DCSI_CPI_LOCSEC,1.0,2026-02-27T07:44:26.188Z,
742_1139_DF_DCSI_CPI_LOCSEC_22,IT1,1.0,"Actions to guarantee safety aspects - Nace sectors, class of persons employed - reg.","Azioni per garantire la sicurezza - Sezioni Ateco, classe di addetti - reg.",DCSI_CPI_LOCSEC,1.0,2026-02-27T07:48:30.520Z,
742_1139_DF_DCSI_CPI_LOCSEC_23,IT1,1.0,"Actions to guarantee safety aspects - Nace 2 digit, class of persons employed","Azioni per garantire la sicurezza - Divisione di Ateco (2 digit), classe di addetti",DCSI_CPI_LOCSEC,1.0,2026-02-27T07:52:34.352Z,
742_1139_DF_DCSI_CPI_LOCSEC_24,IT1,1.0,Actions to guarantee safety aspects - Nace 4 digit,Azioni per garantire la sicurezza - Classe di Ateco (4 digit),DCSI_CPI_LOCSEC,1.0,2026-02-27T07:56:15.337Z,
742_1139_DF_DCSI_CPI_LOCSEC_3,IT1,1.0,"Strategies for the benefit of the territory and for security - Nace 2 digit, class of persons employed","Strategie a beneficio del territorio e per la sicurezza - Divisione di Ateco (2 digit), classe di addetti",DCSI_CPI_LOCSEC,1.0,2026-02-26T14:10:01.044Z,
742_1139_DF_DCSI_CPI_LOCSEC_4,IT1,1.0,Strategies for the benefit of the territory and for security - Nace 4 digit,Strategie a beneficio del territorio e per la sicurezza - Classe di Ateco (4 digit),DCSI_CPI_LOCSEC,1.0,2026-02-26T14:15:05.773Z,
742_1139_DF_DCSI_CPI_LOCSEC_5,IT1,1.0,Initiatives to strengthen knowledge - Economic sectors - prov.,Iniziative per rafforzare le conoscenze - Macrosettori economici - prov.,DCSI_CPI_LOCSEC,1.0,2026-02-26T14:22:07.041Z,
742_1139_DF_DCSI_CPI_LOCSEC_6,IT1,1.0,"Initiatives to strengthen knowledge - Nace sectors, class of persons employed - reg.","Iniziative per rafforzare le conoscenze - Sezioni Ateco, classe di addetti - reg.",DCSI_CPI_LOCSEC,1.0,2026-02-26T14:26:13.648Z,
742_1139_DF_DCSI_CPI_LOCSEC_7,IT1,1.0,"Initiatives to strengthen knowledge - Nace 2 digit, class of persons employed","Iniziative per rafforzare le conoscenze - Divisione di Ateco (2 digit), classe di addetti",DCSI_CPI_LOCSEC,1.0,2026-02-26T14:30:34.981Z,
742_1139_DF_DCSI_CPI_LOCSEC_8,IT1,1.0,Initiatives to strengthen knowledge - Nace 4 digit,Iniziative per rafforzare le conoscenze - Classe di Ateco (4 digit),DCSI_CPI_LOCSEC,1.0,2026-02-26T14:47:45.886Z,
742_1139_DF_DCSI_CPI_LOCSEC_9,IT1,1.0,Factors for the success of the iniziative - Economic sectors - prov.,Fattori di successo delle iniziative - Macrosettori economici - prov.,DCSI_CPI_LOCSEC,1.0,2026-02-26T14:57:04.545Z,
742_1142_DF_CPI_INNOVDIG_1,IT1,1.0,Innovation and digital platforms - Economic sectors - prov. (2018 - 2022),Innovazione e piattaforme digitali - Macrosettori economici - prov (2018 - 2022),CPI_INNOVDIG,1.0,12/17/2025 08:39:25,
742_1142_DF_CPI_INNOVDIG_10,IT1,1.0,"Digital platforms - Nace sectors, class of persons employed - reg. (2018 - 2022)","Piattaforme digitali - Sezioni Ateco, classe di addetti - reg. (2018 - 2022)",CPI_INNOVDIG,1.0,12/18/2025 09:44:50,
742_1142_DF_CPI_INNOVDIG_11,IT1,1.0,"Digital platforms - Nace 2 digit, class of persons employed (2018 - 2022)","Piattaforme digitali - Divisione di Ateco (2 digit), classe di addetti (2018 - 2022)",CPI_INNOVDIG,1.0,12/18/2025 10:00:14,
742_1142_DF_CPI_INNOVDIG_12,IT1,1.0,Digital platforms - Nace 4 digit (2018 - 2022),Piattaforme digitali - Classe di Ateco (4 digit) (2018 - 2022),CPI_INNOVDIG,1.0,12/23/2025 11:47:41,
742_1142_DF_CPI_INNOVDIG_13,IT1,1.0,Consequences of digital mediation platforms use - Economic sectors - prov.,Conseguenze dell'utilizzo di piattaforme digitali - Macrosettori economici - prov,CPI_INNOVDIG,1.0,12/18/2025 11:00:37,
742_1142_DF_CPI_INNOVDIG_14,IT1,1.0,"Consequences of digital mediation platforms use - Nace sectors, class of persons employed - reg.","Conseguenze dell'utilizzo di piattaforme digitali - Sezioni Ateco, classe di addetti - reg.",CPI_INNOVDIG,1.0,12/18/2025 11:07:46,
742_1142_DF_CPI_INNOVDIG_15,IT1,1.0,"Consequences of digital mediation platforms use - Nace 2 digit, class of persons employed","Conseguenze dell'utilizzo di piattaforme digitali - Divisione di Ateco (2 digit), classe di addetti",CPI_INNOVDIG,1.0,12/18/2025 11:40:12,
742_1142_DF_CPI_INNOVDIG_16,IT1,1.0,Consequences of digital mediation platforms use - Nace 4 digit,Conseguenze dell'utilizzo di piattaforme digitali - Classe di Ateco (4 digit),CPI_INNOVDIG,1.0,12/29/2025 10:05:45,
742_1142_DF_CPI_INNOVDIG_2,IT1,1.0,"Innovation and digital platforms - Nace sectors, class of persons employed - reg. (2018 - 2022)","Innovazione e piattaforme digitali - Sezioni Ateco, classe di addetti - reg. (2018 - 2022)",CPI_INNOVDIG,1.0,12/17/2025 08:45:23,
742_1142_DF_CPI_INNOVDIG_3,IT1,1.0,"Innovation and digital platforms - Nace 2 digit, class of persons employed (2018 - 2022)","Innovazione e piattaforme digitali - Divisione di Ateco (2 digit), classe di addetti (2018 - 2022)",CPI_INNOVDIG,1.0,12/17/2025 08:51:50,
742_1142_DF_CPI_INNOVDIG_4,IT1,1.0,Innovation and digital platforms - Nace 4 digit (2018 - 2022),Innovazione e piattaforme digitali - Classe di Ateco (4 digit) (2018 - 2022),CPI_INNOVDIG,1.0,12/17/2025 09:19:01,
742_1142_DF_CPI_INNOVDIG_5,IT1,1.0,Innovation projects - Economic sectors - prov. (2018 - 2022),Progetti di innovazione - Macrosettori economici - prov. (2018 - 2022),CPI_INNOVDIG,1.0,12/18/2025 08:26:12,
742_1142_DF_CPI_INNOVDIG_6,IT1,1.0,"Innovation projects - Nace sectors, class of persons employed - reg. (2018 - 2022)","Progetti di innovazione - Sezioni Ateco, classe di addetti - reg. (2018 - 2022)",CPI_INNOVDIG,1.0,12/18/2025 08:32:40,
742_1142_DF_CPI_INNOVDIG_7,IT1,1.0,"Innovation projects - Nace 2 digit, class of persons employed (2018 - 2022)","Progetti di innovazione - Divisione di Ateco (2 digit), classe di addetti (2018 - 2022)",CPI_INNOVDIG,1.0,12/18/2025 08:39:16,
742_1142_DF_CPI_INNOVDIG_8,IT1,1.0,Innovation projects - Nace 4 digit (2018 - 2022),Progetti di innovazione - Classe di Ateco (4 digit) (2018 - 2022),CPI_INNOVDIG,1.0,12/23/2025 11:18:00,
742_1142_DF_CPI_INNOVDIG_9,IT1,1.0,Digital platforms - Economic sectors - prov. (2018 - 2022),Piattaforme digitali - Macrosettori economici - prov (2018 - 2022),CPI_INNOVDIG,1.0,12/18/2025 09:20:35,
742_1145_DF_CPI_CLOUDINV_1,IT1,1.0,"Management software, cloud, digital investments - Economic sectors - prov. (2018 - 2022)","Software gestionali, cloud, investimenti digitali - Macrosettori economici - prov. (2018 - 2022)",CPI_CLOUDINV,1.0,11/13/2025 11:19:00,
742_1145_DF_CPI_CLOUDINV_10,IT1,1.0,"Cloud services - Nace sectors, class of persons employed - reg. (2018 - 2022)","Servizi cloud - Sezioni Ateco, classe di addetti - reg. (2018 - 2022)",CPI_CLOUDINV,1.0,11/21/2025 07:33:10,
742_1145_DF_CPI_CLOUDINV_11,IT1,1.0,"Cloud services - Nace 2 digit, class of persons employed (2018 - 2022)","Servizi cloud - Divisione di Ateco (2 digit), classe di addetti (2018 - 2022)",CPI_CLOUDINV,1.0,11/21/2025 07:43:49,
742_1145_DF_CPI_CLOUDINV_12,IT1,1.0,Cloud services - Nace 4 digit (2018 - 2022),Servizi cloud - Classe di Ateco (4 digit) (2018 - 2022),CPI_CLOUDINV,1.0,11/21/2025 07:59:58,
742_1145_DF_CPI_CLOUDINV_13,IT1,1.0,Investments made - Economic sectors - prov. (2018 - 2022),Investimenti effettuati - Macrosettori economici - prov. (2018 - 2022),CPI_CLOUDINV,1.0,11/21/2025 11:17:11,
742_1145_DF_CPI_CLOUDINV_14,IT1,1.0,"Investments made - Nace sectors, class of persons employed - reg. (2018 - 2022)","Investimenti effettuati - Sezioni Ateco, classe di addetti - reg. (2018 - 2022)",CPI_CLOUDINV,1.0,11/21/2025 11:31:53,
742_1145_DF_CPI_CLOUDINV_15,IT1,1.0,"Investments made - Nace 2 digit, class of persons employed (2018 - 2022)","Investimenti effettuati - Divisione di Ateco (2 digit), classe di addetti (2018 - 2022)",CPI_CLOUDINV,1.0,12/12/2025 13:52:35,
742_1145_DF_CPI_CLOUDINV_16,IT1,1.0,Investments made - Nace 4 digit (2018 - 2022),Investimenti effettuati - Classe di Ateco (4 digit) (2018 - 2022),CPI_CLOUDINV,1.0,12/12/2025 14:01:56,
742_1145_DF_CPI_CLOUDINV_17,IT1,1.0,Investments to be made - Economic sectors - prov. (2018 - 2022),Investimenti previsti - Macrosettori economici - prov (2018 - 2022),CPI_CLOUDINV,1.0,12/12/2025 14:12:13,
742_1145_DF_CPI_CLOUDINV_18,IT1,1.0,"Investments to be made - Nace sectors, class of persons employed - reg. (2018 - 2022)","Investimenti previsti - Sezioni Ateco, classe di addetti - reg. (2018 - 2022)",CPI_CLOUDINV,1.0,12/15/2025 08:47:30,
742_1145_DF_CPI_CLOUDINV_19,IT1,1.0,"Investments to be made - Nace 2 digit, class of persons employed (2018 - 2022)","Investimenti previsti - Divisione di Ateco (2 digit), classe di addetti (2018 - 2022)",CPI_CLOUDINV,1.0,12/15/2025 08:58:42,
742_1145_DF_CPI_CLOUDINV_2,IT1,1.0,"Management software, cloud, digital investments - Nace sectors, class of persons employed - reg. (2018 - 2022)","Software gestionali, cloud, investimenti digitali - Sezioni Ateco, classe di addetti - reg. (2018 - 2022)",CPI_CLOUDINV,1.0,11/13/2025 13:39:27,
742_1145_DF_CPI_CLOUDINV_20,IT1,1.0,Investments to be made - Nace 4 digit (2018 - 2022),Investimenti previsti - Classe di Ateco (4 digit) (2018 - 2022),CPI_CLOUDINV,1.0,12/15/2025 09:05:38,
742_1145_DF_CPI_CLOUDINV_21,IT1,1.0,Consequences of the digitisation processes - Economic sectors - prov.,Conseguenze dei processi di digitalizzazione - Macrosettori economici - prov,CPI_CLOUDINV,1.0,12/15/2025 09:25:58,
742_1145_DF_CPI_CLOUDINV_22,IT1,1.0,"Consequences of the digitisation processes - Nace sectors, class of persons employed - reg.","Conseguenze dei processi di digitalizzazione - Sezioni Ateco, classe di addetti - reg.",CPI_CLOUDINV,1.0,12/15/2025 09:35:48,
742_1145_DF_CPI_CLOUDINV_23,IT1,1.0,"Consequences of the digitisation processes - Nace 2 digit, class of persons employed","Conseguenze dei processi di digitalizzazione - Divisione di Ateco (2 digit), classe di addetti",CPI_CLOUDINV,1.0,12/15/2025 10:10:19,
742_1145_DF_CPI_CLOUDINV_24,IT1,1.0,Consequences of the digitisation processes - Nace 4 digit,Conseguenze dei processi di digitalizzazione - Classe di Ateco (4 digit),CPI_CLOUDINV,1.0,12/15/2025 10:16:55,
742_1145_DF_CPI_CLOUDINV_3,IT1,1.0,"Management software, cloud, digital investments - Nace 2 digit, class of persons employed (2018-2022)","Software gestionali, cloud, investimenti digitali - Divisione di Ateco (2 digit), classe di addetti (2018-2022)",CPI_CLOUDINV,1.0,11/13/2025 13:41:48,
742_1145_DF_CPI_CLOUDINV_4,IT1,1.0,"Management software, cloud, digital investments - Nace 4 digit (2018 - 2022)","Software gestionali, cloud, investimenti digitali - Classe di Ateco (4 digit) (2018 - 2022)",CPI_CLOUDINV,1.0,11/13/2025 13:59:10,
742_1145_DF_CPI_CLOUDINV_5,IT1,1.0,Business management software - Economic sectors - prov. (2018 - 2022),Software per la gestione aziendale - Macrosettori economici - prov. (2018 - 2022),CPI_CLOUDINV,1.0,11/18/2025 10:34:29,
742_1145_DF_CPI_CLOUDINV_6,IT1,1.0,"Business management software - Nace sectors, class of persons employed - reg. (2018 - 2022)","Software per la gestione aziendale - Sezioni Ateco, classe di addetti - reg. (2018 - 2022)",CPI_CLOUDINV,1.0,11/18/2025 12:24:53,
742_1145_DF_CPI_CLOUDINV_7,IT1,1.0,"Business management software - Nace 2 digit, class of persons employed (2018 - 2022)","Software per la gestione aziendale - Divisione di Ateco (2 digit), classe di addetti (2018 - 2022)",CPI_CLOUDINV,1.0,11/19/2025 10:03:48,
742_1145_DF_CPI_CLOUDINV_8,IT1,1.0,Business management software - Nace 4 digit (2018 - 2022),Software per la gestione aziendale - Classe di Ateco (4 digit) (2018 - 2022),CPI_CLOUDINV,1.0,11/20/2025 09:12:38,
742_1145_DF_CPI_CLOUDINV_9,IT1,1.0,Cloud services - Economic sectors - prov. (2018 - 2022),Servizi cloud - Macrosettori economici - prov. (2018 - 2022),CPI_CLOUDINV,1.0,11/20/2025 14:28:32,
742_1146_DF_CPI_TRAINDIG_1,IT1,1.0,Training and digital skills - Economic sectors - prov.,Formazione e competenze digitali - Macrosettori economici - prov,CPI_TRAINDIG,1.0,12/29/2025 10:18:20,
742_1146_DF_CPI_TRAINDIG_10,IT1,1.0,"Skills adequately held - COMPP - Nace sectors, class of persons employed - reg.","Competenze digitali possedute - COMPP - Sezioni Ateco, classe di addetti - reg.",CPI_TRAINDIG,1.0,01/07/2026 10:30:45,
742_1146_DF_CPI_TRAINDIG_11,IT1,1.0,"Skills adequately held - COMPP - Nace 2 digit, class of persons employed","Competenze digitali possedute - COMPP - Divisione di Ateco (2 digit), classe di addetti",CPI_TRAINDIG,1.0,01/07/2026 10:45:01,
742_1146_DF_CPI_TRAINDIG_12,IT1,1.0,Skills adequately held - COMPP - Nace 4 digit,Competenze digitali possedute - COMPP - Classe di Ateco (4 digit),CPI_TRAINDIG,1.0,01/07/2026 10:51:11,
742_1146_DF_CPI_TRAINDIG_13,IT1,1.0,Relevant skills - COMPR - Economic sectors - prov.,Competenze digitali rilevanti - COMPR - Macrosettori economici - prov,CPI_TRAINDIG,1.0,01/07/2026 11:07:42,
742_1146_DF_CPI_TRAINDIG_14,IT1,1.0,"Relevant skills - COMPR - Nace sectors, class of persons employed - reg.","Competenze digitali rilevanti - COMPR - Sezioni Ateco, classe di addetti - reg.",CPI_TRAINDIG,1.0,01/07/2026 11:14:20,
742_1146_DF_CPI_TRAINDIG_15,IT1,1.0,"Relevant skills - COMPR - Nace 2 digit, class of persons employed","Competenze digitali rilevanti - COMPR - Divisione di Ateco (2 digit), classe di addetti",CPI_TRAINDIG,1.0,03/11/2026 08:21:26,
742_1146_DF_CPI_TRAINDIG_16,IT1,1.0,Relevant skills - COMPR - Nace 4 digit,Competenze digitali rilevanti - COMPR - Classe di Ateco (4 digit),CPI_TRAINDIG,1.0,01/19/2026 08:49:01,
742_1146_DF_CPI_TRAINDIG_17,IT1,1.0,Tasks relevant to the business - MANS - Economic sectors - prov.,Mansioni professionali rilevanti - MANS - Macrosettori economici - prov,CPI_TRAINDIG,1.0,01/19/2026 09:00:13,
742_1146_DF_CPI_TRAINDIG_18,IT1,1.0,"Tasks relevant to the business - MANS - Nace sectors, class of persons employed - reg.","Mansioni professionali rilevanti - MANS - Sezioni Ateco, classe di addetti - reg.",CPI_TRAINDIG,1.0,01/19/2026 09:07:44,
742_1146_DF_CPI_TRAINDIG_19,IT1,1.0,"Tasks relevant to the business - MANS - Nace 2 digit, class of persons employed","Mansioni professionali rilevanti - MANS - Divisione di Ateco (2 digit), classe di addetti",CPI_TRAINDIG,1.0,01/19/2026 14:48:51,
742_1146_DF_CPI_TRAINDIG_2,IT1,1.0,"Training and digital skills - Nace sectors, class of persons employed - reg.","Formazione e competenze digitali - Sezioni Ateco, classe di addetti - reg.",CPI_TRAINDIG,1.0,12/29/2025 10:26:40,
742_1146_DF_CPI_TRAINDIG_20,IT1,1.0,Tasks relevant to the business - MANS - Nace 4 digit,Mansioni professionali rilevanti - MANS - Classe di Ateco (4 digit),CPI_TRAINDIG,1.0,01/19/2026 14:55:26,
742_1146_DF_CPI_TRAINDIG_21,IT1,1.0,Actions to deal with the consequences - AZI - Economic sectors - prov.,Azioni per affrontare le conseguenze - AZI - Macrosettori economici - prov,CPI_TRAINDIG,1.0,01/19/2026 15:02:45,
742_1146_DF_CPI_TRAINDIG_22,IT1,1.0,"Actions to deal with the consequences - AZI - Nace sectors, class of persons employed - reg.","Azioni per affrontare le conseguenze - AZI - Sezioni Ateco, classe di addetti - reg.",CPI_TRAINDIG,1.0,01/19/2026 15:08:27,
742_1146_DF_CPI_TRAINDIG_23,IT1,1.0,"Actions to deal with the consequences - AZI - Nace 2 digit, class of persons employed","Azioni per affrontare le conseguenze - AZI - Divisione di Ateco (2 digit), classe di addetti",CPI_TRAINDIG,1.0,01/20/2026 07:52:10,
742_1146_DF_CPI_TRAINDIG_24,IT1,1.0,Actions to deal with the consequences - AZI - Nace 4 digit,Azioni per affrontare le conseguenze - AZI - Classe di Ateco (4 digit),CPI_TRAINDIG,1.0,01/20/2026 08:02:53,
742_1146_DF_CPI_TRAINDIG_3,IT1,1.0,"Training and digital skills - Nace 2 digit, class of persons employed","Formazione e competenze digitali - Divisione di Ateco (2 digit), classe di addetti",CPI_TRAINDIG,1.0,12/29/2025 10:35:21,
742_1146_DF_CPI_TRAINDIG_4,IT1,1.0,Training and digital skills - Nace 4 digit,Formazione e competenze digitali - Classe di Ateco (4 digit),CPI_TRAINDIG,1.0,12/29/2025 10:42:26,
742_1146_DF_CPI_TRAINDIG_5,IT1,1.0,Training activities - FORM - Economic sectors - prov.,Attività di formazione - FORM - Macrosettori economici - prov,CPI_TRAINDIG,1.0,01/07/2026 08:43:53,
742_1146_DF_CPI_TRAINDIG_6,IT1,1.0,"Training activities - FORM - Nace sectors, class of persons employed - reg.","Attività di formazione - FORM - Sezioni Ateco, classe di addetti - reg.",CPI_TRAINDIG,1.0,01/07/2026 08:54:36,
742_1146_DF_CPI_TRAINDIG_7,IT1,1.0,"Training activities - FORM - Nace 2 digit, class of persons employed","Attività di formazione - FORM - Divisione di Ateco (2 digit), classe di addetti",CPI_TRAINDIG,1.0,01/07/2026 09:11:22,
742_1146_DF_CPI_TRAINDIG_8,IT1,1.0,Training activities - FORM - Nace 4 digit,Attività di formazione - FORM - Classe di Ateco (4 digit),CPI_TRAINDIG,1.0,01/07/2026 09:17:17,
742_1146_DF_CPI_TRAINDIG_9,IT1,1.0,Skills adequately held - COMPP - Economic sectors - prov.,Competenze digitali possedute - COMPP - Macrosettori economici - prov,CPI_TRAINDIG,1.0,01/07/2026 10:15:19,
74_171,IT1,1.0,Administrative justice proceedings,Procedimenti di giustizia amministrativa,DCAR_PROC_AMM,1.0,03/09/2023 10:55:56,
74_171_DF_DCAR_PROC_AMM_1,IT1,1.0,Proceedings,Procedimenti,DCAR_PROC_AMM,1.0,03/09/2023 10:57:52,
74_171_DF_DCAR_PROC_AMM_2,IT1,1.0,Council of state,Consiglio di stato,DCAR_PROC_AMM,1.0,03/09/2023 10:59:49,
74_171_DF_DCAR_PROC_AMM_3,IT1,1.0,Council of administrative justice for the Sicilian Region,Consiglio di giustizia amministrativa per la Regione siciliana,DCAR_PROC_AMM,1.0,03/09/2023 11:01:19,
74_171_DF_DCAR_PROC_AMM_4,IT1,1.0,Broken time series,Serie interrotte,DCAR_PROC_AMM,1.0,03/09/2023 11:02:47,
74_172,IT1,1.0,Administrative justice decisions,Decisioni di giustizia amministrativa,DCAR_DEC_AMM,1.0,2023-09-29T09:11:59.875Z,
74_172_DF_DCAR_DEC_AMM_1,IT1,1.0,Decisions,Decisioni,DCAR_DEC_AMM,1.0,2023-09-29T08:04:50.991Z,
74_172_DF_DCAR_DEC_AMM_2,IT1,1.0,Council of state - broken time series,Consiglio di stato - serie interrotte,DCAR_DEC_AMM,1.0,2023-09-29T09:11:59.875Z,
750_1117,IT1,1.0,"Agriculture, forestry and fishing accounts in the 2014 version","Conti della branca agricoltura, silvicoltura e pesca - versione 2014",DCCN_VAAGSIPET_B14,1.0,05/31/2022 15:45:29,METADATA_URL
750_1117_DF_DCCN_VAAGSIPET_B14_1,IT1,1.0,Production and value added at basic prices - editions from June 2015 to Mayh 2019,Produzione e valore aggiunto ai prezzi base - edizioni giugno 2015 - maggio 2019,DCCN_VAAGSIPET_B14478480,1.0,05/31/2022 15:45:29,METADATA_URL
750_1117_DF_DCCN_VAAGSIPET_B14_2,IT1,1.0,Products and cost items - editions from June 2015 to Mayh 2019,Prodotti e voci di costo - edizioni giugno 2015 - maggio 2019,DCCN_VAAGSIPET_B14,1.0,05/31/2022 15:45:29,METADATA_URL
750_1118,IT1,1.0,"Agriculture, forestry and fishing accounts in the 2011 version","Conti della branca agricoltura, silvicoltura e pesca - versione 2011",DCCN_VAAGSIPET_B11,1.0,08/27/2021 09:09:41,METADATA_URL
760_1140,IT1,1.0,System of Health Accounts (SHA) in the 2014 version,Sistema dei conti della sanità - versione 2014,DCCN_SHA_B14,1.0,05/31/2022 15:49:12,METADATA_URL
760_1140_DF_DCCN_SHA_B14_1,IT1,1.0,Health expenditure by health care function and financing scheme- editions June 2018 and June 2019,Spesa sanitaria per tipo di funzione di assistenza sanitaria e finanziamento - edizioni giugno 2018 e giugno 2019,DCCN_SHA_B1476072,1.0,05/31/2022 15:49:12,METADATA_URL
760_1140_DF_DCCN_SHA_B14_2,IT1,1.0,Health expenditure by health care function and health care provider - editions June 2018 and June 2019,Spesa sanitaria per tipo di funzione di assistenza sanitaria e soggetto erogatore - edizioni giugno 2018 e giugno 2019,DCCN_SHA_B14338694,1.0,05/31/2022 15:49:12,METADATA_URL
760_1140_DF_DCCN_SHA_B14_3,IT1,1.0,Health expenditure by health care provider and financing scheme - editions June 2018 and June 2019,Spesa sanitaria per soggetto erogatore e tipo di finanziamento - edizioni giugno 2018 e giugno 2019,DCCN_SHA_B14825941,1.0,05/31/2022 15:49:12,METADATA_URL
76_177,IT1,1.0,Protests,Protesti,DCAR_PROTESTI,1.0,2026-01-08T10:02:53.783Z,
76_177_DF_DCAR_PROTESTI_1,IT1,1.0,Protests,Protesti,DCAR_PROTESTI,1.0,2026-01-08T10:02:53.783Z,
76_177_DF_DCAR_PROTESTI_2,IT1,1.0,Territory of registration,Territorio di iscrizione,DCAR_PROTESTI,1.0,2026-01-08T10:02:53.783Z,
77_47,IT1,1.0,Notarial deeds,Atti notarili,DCAR_ATT_NOTAR,1.0,2026-07-06T14:01:36.268Z,
77_47_DF_DCAR_ATT_NOTAR_1,IT1,1.0,Notarial deeds,Atti notarili,DCAR_ATT_NOTAR,1.0,2026-07-06T14:01:36.268Z,
77_68,IT1,1.0,Agreements contained in notarial deeds,Convenzioni contenute negli atti notarili,DCAR_CONV_ATT_NOT,1.0,2026-07-06T14:03:31.939Z,
77_68_DF_DCAR_CONV_ATT_NOT_1,IT1,1.0,Agreements contained in notarial deeds,Convenzioni contenute negli atti notarili,DCAR_CONV_ATT_NOT,1.0,2026-07-06T14:03:31.939Z,
78_1112,IT1,1.0,Women who have suffered violence - demographic characteristics and habits,Donne che hanno subito violenza - caratteristiche demografiche e abitudini,DCCV_VIOL_CARAT,1.0,2023-03-13T09:44:43.101Z,
78_1112_DF_DCCV_VIOL_CARAT_1,IT1,1.0,Type of perpetrator and region,Tipo di autore e regione,DCCV_VIOL_CARAT,1.0,2025-06-07T16:10:42.446Z,
78_1112_DF_DCCV_VIOL_CARAT_10,IT1,1.0,"Type of perpetrator, educational attainment level of the woman","Tipo di autore, titolo di studio della donna",DCCV_VIOL_CARAT,1.0,2025-06-07T16:26:55.900Z,
78_1112_DF_DCCV_VIOL_CARAT_11,IT1,1.0,"Type of perpetrator, labour status of the woman","Tipo di autore, condizione professionale della donna",DCCV_VIOL_CARAT,1.0,2025-06-07T16:28:28.411Z,
78_1112_DF_DCCV_VIOL_CARAT_2,IT1,1.0,Detailed type of violence and type of perpetrator,Dettaglio tipo di violenza e tipo di autore,DCCV_VIOL_CARAT,1.0,2025-06-07T16:12:24.038Z,
78_1112_DF_DCCV_VIOL_CARAT_3,IT1,1.0,"Citizenship, age","Cittadinanza, età",DCCV_VIOL_CARAT,1.0,2025-06-07T16:14:10.183Z,
78_1112_DF_DCCV_VIOL_CARAT_4,IT1,1.0,"Citizenship, labour status","Cittadinanza, condizione professionale",DCCV_VIOL_CARAT,1.0,2025-06-07T16:15:50.553Z,
78_1112_DF_DCCV_VIOL_CARAT_5,IT1,1.0,"Citizenship, educational attainment level","Cittadinanza, titolo di studio",DCCV_VIOL_CARAT,1.0,2025-06-07T16:17:29.673Z,
78_1112_DF_DCCV_VIOL_CARAT_6,IT1,1.0,"Citizenship, marital status","Cittadinanza, stato civile",DCCV_VIOL_CARAT,1.0,2025-06-07T16:19:05.122Z,
78_1112_DF_DCCV_VIOL_CARAT_7,IT1,1.0,"Citizenship, limitations in usual activities","Cittadinanza, presenza di limitazioni nelle attività quotidiane",DCCV_VIOL_CARAT,1.0,2025-06-07T16:20:41.794Z,
78_1112_DF_DCCV_VIOL_CARAT_8,IT1,1.0,"Type of perpetrator, age of the woman","Tipo di autore, età della donna",DCCV_VIOL_CARAT,1.0,2025-06-07T16:23:42.339Z,
78_1112_DF_DCCV_VIOL_CARAT_9,IT1,1.0,"Type of perpetrator, marital status of the woman","Tipo di autore, stato civile della donna",DCCV_VIOL_CARAT,1.0,2025-06-07T16:25:21.230Z,
78_1121,IT1,1.0,Victims contacting helpline 1522 (anti-violence and stalking number),Vittime che si rivolgono al 1522 (numero antiviolenza e stalking),DCCV_1522_VITTIME,1.0,2025-08-04T15:15:31.690Z,
78_1121_DF_DCCV_1522_VITTIME_1,IT1,1.0,"Victims - sex, age class, geographical areas","Vittime – sesso, classi età, regione",DCCV_1522_VITTIME,1.0,2025-08-04T15:15:31.690Z,
78_1121_DF_DCCV_1522_VITTIME_10,IT1,1.0,"Victims - sex, reason for the 1522 contact , geographical areas","Vittime - sesso, motivo contatto, regione",DCCV_1522_VITTIME,1.0,2025-08-04T15:15:31.690Z,
78_1121_DF_DCCV_1522_VITTIME_11,IT1,1.0,"Victims - sex, child presence","Vittime - sesso, presenza figli",DCCV_1522_VITTIME,1.0,2025-08-04T15:15:31.690Z,
78_1121_DF_DCCV_1522_VITTIME_12,IT1,1.0,"Victims - sex, witnessed violence","Vittime con figli -sesso, violenza assistita/subita figli",DCCV_1522_VITTIME,1.0,2025-08-04T15:15:31.690Z,
78_1121_DF_DCCV_1522_VITTIME_13,IT1,1.0,"Victims - sex, witnessed violence, reaction of witnessed violence","Vittime con figli che assistono - sesso, violenza assistita figli, reazioni figli",DCCV_1522_VITTIME,1.0,2025-08-04T15:15:31.690Z,
78_1121_DF_DCCV_1522_VITTIME_14,IT1,1.0,"Victims - sex, type of violence, feelings of victims","Vittime - sesso, tipo violenza, stato d’animo della vittima",DCCV_1522_VITTIME,1.0,2025-08-04T15:15:31.690Z,
78_1121_DF_DCCV_1522_VITTIME_2,IT1,1.0,"Victims - sex, age class, citizenship","Vittime – sesso, classi età, cittadinanza",DCCV_1522_VITTIME,1.0,2025-08-04T15:15:31.690Z,
78_1121_DF_DCCV_1522_VITTIME_3,IT1,1.0,"Victims - sex, educational level, complaints and reason for withdrawal","Vittime – sesso, titolo di studio, denuncia e motivo del ritiro",DCCV_1522_VITTIME,1.0,2025-08-04T15:15:31.690Z,
78_1121_DF_DCCV_1522_VITTIME_4,IT1,1.0,"Victims - sex, marital status, type of violence","Vittime – sesso, stato civile, tipo violenza",DCCV_1522_VITTIME,1.0,2025-08-04T15:15:31.690Z,
78_1121_DF_DCCV_1522_VITTIME_5,IT1,1.0,"Victims - sex, marital status, geographical areas","Vittime – sesso, stato civile, regione",DCCV_1522_VITTIME,1.0,2025-08-04T15:15:31.690Z,
78_1121_DF_DCCV_1522_VITTIME_6,IT1,1.0,"Victims - sex, professional status, complaints/not complaints","Vittime - sesso, stato occupazionale, denuncia/non denuncia",DCCV_1522_VITTIME,1.0,2025-08-04T15:15:31.690Z,
78_1121_DF_DCCV_1522_VITTIME_7,IT1,1.0,"Victims - sex, complaints/not complaints, geographical areas","Vittime - sesso, denuncia/non denuncia, regione",DCCV_1522_VITTIME,1.0,2025-08-04T15:15:31.690Z,
78_1121_DF_DCCV_1522_VITTIME_8,IT1,1.0,"Victims - sex, type of violence, geographical areas","Vittime - sesso, tipo violenza, regione",DCCV_1522_VITTIME,1.0,2025-08-04T15:15:31.690Z,
78_1121_DF_DCCV_1522_VITTIME_9,IT1,1.0,"Victims - sex, type of violence, professional status","Vittime - sesso, tipo violenza, stato occupazionale",DCCV_1522_VITTIME,1.0,2025-08-04T15:15:31.690Z,
78_1161,IT1,1.0,Opinions about gender roles and about violence against women - adults,Opinioni su ruoli di genere e su violenza contro le donne – adulti,DCCV_RUOLIGEN,1.0,2023-03-10T15:11:55.227Z,
78_1161_DF_DCCV_RUOLIGEN_1,IT1,1.0,Agreement or acceptability of at least one stereotype - age,Accordo o accettabilità di almeno uno stereotipo - età,DCCV_RUOLIGEN,1.0,2025-06-09T06:46:07.686Z,
78_1161_DF_DCCV_RUOLIGEN_10,IT1,1.0,Acceptability of intimate partner violence - age,Accettabilità violenza nella coppia - età,DCCV_RUOLIGEN,1.0,2025-06-09T07:05:41.722Z,
78_1161_DF_DCCV_RUOLIGEN_11,IT1,1.0,Acceptability of intimate partner violence – educational level,Accettabilità violenza nella coppia - titolo di studio,DCCV_RUOLIGEN,1.0,2025-06-09T07:07:42.193Z,
78_1161_DF_DCCV_RUOLIGEN_12,IT1,1.0,Acceptability of intimate partner violence - geographical areas,Accettabilità violenza nella coppia - reg.,DCCV_RUOLIGEN,1.0,2025-06-09T07:10:12.382Z,
78_1161_DF_DCCV_RUOLIGEN_13,IT1,1.0,Perceived spread of violence against women - age,Percezione diffusione violenza nella coppia - età,DCCV_RUOLIGEN,1.0,2025-06-09T07:12:35.171Z,
78_1161_DF_DCCV_RUOLIGEN_14,IT1,1.0,Perceived spread of violence against women – educational level,Percezione diffusione violenza nella coppia - titolo di studio,DCCV_RUOLIGEN,1.0,2025-06-09T07:20:54.215Z,
78_1161_DF_DCCV_RUOLIGEN_15,IT1,1.0,Perceived spread of violence against women - geographical areas,Percezione diffusione violenza nella coppia - reg.,DCCV_RUOLIGEN,1.0,2025-06-09T07:23:44.230Z,
78_1161_DF_DCCV_RUOLIGEN_16,IT1,1.0,Indication of some causes of intimate partner violence - age,Indicazione di alcune cause della violenza nella coppia - età,DCCV_RUOLIGEN,1.0,2025-06-09T07:25:52.549Z,
78_1161_DF_DCCV_RUOLIGEN_17,IT1,1.0,Indication of some causes of intimate partner violence - educational level,Indicazione di alcune cause della violenza nella coppia - titolo di studio,DCCV_RUOLIGEN,1.0,2025-06-09T07:28:00.144Z,
78_1161_DF_DCCV_RUOLIGEN_18,IT1,1.0,Indication of some causes of intimate partner violence – geographical areas,Indicazione di alcune cause della violenza nella coppia - reg.,DCCV_RUOLIGEN,1.0,2025-06-09T07:29:55.749Z,
78_1161_DF_DCCV_RUOLIGEN_19,IT1,1.0,What would suggest to a woman who suffered intimate partner violence - age,Cosa si consiglierebbe a una donna che ha subito violenza dal compagno - età,DCCV_RUOLIGEN,1.0,2025-06-09T07:31:57.715Z,
78_1161_DF_DCCV_RUOLIGEN_2,IT1,1.0,Agreement or acceptability of at least one stereotype – educational level,Accordo o accettabilità di almeno uno stereotipo - titolo di studio,DCCV_RUOLIGEN,1.0,2025-06-09T06:48:24.396Z,
78_1161_DF_DCCV_RUOLIGEN_20,IT1,1.0,What would suggest to a woman who suffered intimate partner violence – educational level,Cosa si consiglierebbe a una donna che ha subito violenza dal compagno - titolo di studio,DCCV_RUOLIGEN,1.0,2025-06-09T07:34:04.313Z,
78_1161_DF_DCCV_RUOLIGEN_21,IT1,1.0,What would suggest to a woman who suffered intWhat would suggest to a woman who suffered intimate partner violence - geographical areas,Cosa si consiglierebbe a una donna che ha subito violenza dal compagno - reg.,DCCV_RUOLIGEN,1.0,2025-06-09T07:35:55.865Z,
78_1161_DF_DCCV_RUOLIGEN_3,IT1,1.0,Agreement or acceptability of at least one stereotype – geographical areas,Accordo o accettabilità di almeno uno stereotipo - reg.,DCCV_RUOLIGEN,1.0,2025-06-09T06:50:41.975Z,
78_1161_DF_DCCV_RUOLIGEN_4,IT1,1.0,Opinions about traditional roles - age,Opinioni su ruoli tradizionali - età,DCCV_RUOLIGEN,1.0,2025-06-09T06:52:52.984Z,
78_1161_DF_DCCV_RUOLIGEN_5,IT1,1.0,Opinions about traditional roles - educational level,Opinioni su ruoli tradizionali - titolo di studio,DCCV_RUOLIGEN,1.0,2025-06-09T06:54:48.634Z,
78_1161_DF_DCCV_RUOLIGEN_6,IT1,1.0,Opinions about traditional roles – geographical areas,Opinioni su ruoli tradizionali - reg.,DCCV_RUOLIGEN,1.0,2025-06-09T06:56:57.029Z,
78_1161_DF_DCCV_RUOLIGEN_7,IT1,1.0,Opinions about sexual violence - age,Opinioni su violenza sessuale - età,DCCV_RUOLIGEN,1.0,2025-06-09T06:59:03.402Z,
78_1161_DF_DCCV_RUOLIGEN_8,IT1,1.0,Opinions about sexual violence - educational level,Opinioni su violenza sessuale - titolo di studio,DCCV_RUOLIGEN,1.0,2025-06-09T07:01:05.958Z,
78_1161_DF_DCCV_RUOLIGEN_9,IT1,1.0,Opinions about sexual violence - geographical areas,Opinioni su violenza sessuale - reg.,DCCV_RUOLIGEN,1.0,2025-06-09T07:03:26.902Z,
78_1205,IT1,1.0,Users to 1522 ( anti-violence and stalking number ),Utenti del 1522 ( numero antiviolenza e stalking ),DCCV_1522UTENTI4,1.0,2025-08-04T15:14:10.689Z,
78_1205_DF_DCCV_1522UTENTI4_1,IT1,1.0,"Purpose of the call - gender, citizenship","Motivi della chiamata, sesso, nazionalità, regione (chiamate valide)",DCCV_1522UTENTI4,1.0,2025-08-04T15:12:56.901Z,
78_1205_DF_DCCV_1522UTENTI4_10,IT1,1.0,Knowledge of the helpline service 1522 (%) - valid calls,Modalità di conoscenza del 1522 (%) - chiamate valide,DCCV_1522UTENTI4,1.0,2025-08-04T15:14:10.689Z,
78_1205_DF_DCCV_1522UTENTI4_11,IT1,1.0,"Characteristics of violence - gender, nationality, region (valid calls)","Caratteristiche della violenza - sesso, nazionalità , regione (chiamate valide)",DCCV_1522UTENTI4,1.0,2025-08-04T15:12:56.901Z,
78_1205_DF_DCCV_1522UTENTI4_12,IT1,1.0,Characteristics of violence (%) - valid calls,Caratteristiche della violenza (%) - chiamate valide,DCCV_1522UTENTI4,1.0,2025-08-04T15:14:10.689Z,
78_1205_DF_DCCV_1522UTENTI4_13,IT1,1.0,"Outcome of the call - gender, nationality, region (valid calls)","Esito della telefonata - sesso, nazionalità, regione (chiamate valide)",DCCV_1522UTENTI4,1.0,2025-08-04T15:12:56.901Z,
78_1205_DF_DCCV_1522UTENTI4_2,IT1,1.0,Purpose of the call (%),Motivo della chiamata (%),DCCV_1522UTENTI4,1.0,2025-08-04T15:14:10.689Z,
78_1205_DF_DCCV_1522UTENTI4_3,IT1,1.0,"Type of users - gender, nationality, region (valid calls)","Tipologia utenti– sesso, nazionalità, regione (chiamate valide)",DCCV_1522UTENTI4,1.0,2025-08-04T15:12:56.901Z,
78_1205_DF_DCCV_1522UTENTI4_4,IT1,1.0,Users type (%),Tipologia di utenza (%),DCCV_1522UTENTI4,1.0,2025-08-04T15:14:10.689Z,
78_1205_DF_DCCV_1522UTENTI4_5,IT1,1.0,"Disability presence - gender, region (valid calls)","Presenza disabilità - sesso , regione (chiamate valide)",DCCV_1522UTENTI4,1.0,2025-08-04T15:12:56.901Z,
78_1205_DF_DCCV_1522UTENTI4_6,IT1,1.0,Disability presence (%) - valid calls,Presenza disabilità (%) - chiamate valide,DCCV_1522UTENTI4,1.0,2025-08-04T15:14:10.689Z,
78_1205_DF_DCCV_1522UTENTI4_7,IT1,1.0,"Sexual orientation - gender, region (valid calls)","Orientamento sessuale - sesso, regione (chiamate valide)",DCCV_1522UTENTI4,1.0,2025-08-04T15:12:56.901Z,
78_1205_DF_DCCV_1522UTENTI4_8,IT1,1.0,Sexual orientation (%) - valid calls,Orientamento sessuale (%) - chiamate valide,DCCV_1522UTENTI4,1.0,2025-08-04T15:14:10.689Z,
78_1205_DF_DCCV_1522UTENTI4_9,IT1,1.0,"Knowledge of the helpline service 1522 - nationality, region (valid calls)","Modalità di conoscenza del 1522 - nazionalità , regione (chiamate valide)",DCCV_1522UTENTI4,1.0,2025-08-04T15:12:56.901Z,
78_1260,IT1,1.0,Anti - violence  centers,Centri  antiviolenza,DCCV_CAV1,1.0,2026-07-23T10:00:09.789Z,
7_1027_DF_DCCN_PEFA_B19_1,IT1,1.0,Supply and use: scheme - editions from December  2019 to December 2023,Risorse e impieghi: schema di sintesi - edizioni dicembre 2019 - dicembre 2023,DCCN_PEFA_B19,1.0,01/14/2025 09:06:12,
7_1027_DF_DCCN_PEFA_B19_2,IT1,1.0,Supply by activity and energy flow - editions from December  2019 to December 2023,Risorse per attività e tipo di flusso - edizioni dicembre 2019 - dicembre 2023,DCCN_PEFA_B19,1.0,01/14/2025 09:06:12,
7_1027_DF_DCCN_PEFA_B19_3,IT1,1.0,Use by activity and energy flow - editions from December  2019 to December 2023,Impieghi per attività e tipo di flusso - edizioni dicembre 2019 - dicembre 2023,DCCN_PEFA_B19,1.0,01/14/2025 09:06:12,
7_1027_DF_DCCN_PEFA_B19_4,IT1,1.0,Emission-relevant use by activity and energy flow (related to fuel combustion) - editions from December  2019 to December 2023,Impieghi rilevanti per le emissioni atmosferiche (impieghi da combustione) - edizioni dicembre 2019 - dicembre 2023,DCCN_PEFA_B19,1.0,01/14/2025 09:06:12,
7_1027_DF_DCCN_PEFA_B19_5,IT1,1.0,Vectors of key energy indicators - editions from December  2019 to December 2023,Vettori di indicatori chiave sui flussi di energia - edizioni dicembre 2019 - dicembre 2023,DCCN_PEFA_B19,1.0,01/14/2025 09:06:12,
7_1027_DF_DCCN_PEFA_B19_6,IT1,1.0,Bridge table: energy consumption - editions from December  2019 to December 2023,Tavola di raccordo: consumo di energia - edizioni dicembre 2019 - dicembre 2023,DCCN_PEFA_B19,1.0,01/14/2025 09:06:12,
7_1027_DF_DCCN_PEFA_B19_7,IT1,1.0,Use of energy flows by type - editions from December  2019 to December 2023,Impieghi dei flussi di energia per tipo di uso - edizioni dicembre 2019 - dicembre 2023,DCCN_PEFA_B19,1.0,01/14/2025 09:06:12,
7_1027_DF_DCCN_PEFA_B19_8,IT1,1.0,Energy intensity - editions from December  2019 to December 2023,Intensità energetica - edizioni dicembre 2019 - dicembre 2023,DCCN_PEFA_B19,1.0,01/14/2025 09:06:12,
7_1027_DF_DCCN_PEFA_B19_9,IT1,1.0,Emission intensity of energy consumption - editions from December  2019 to December 2023,Intensità di emissione  dei consumi energetici - edizioni dicembre 2019 - dicembre 2023,DCCN_PEFA_B19,1.0,01/14/2025 09:06:12,
7_1028_DF_DCCN_EGSS_B19_1,IT1,1.0,"Output, value added, exports - editions from February  2020 to December 2023","Produzione, valore aggiunto, esportazioni - edizioni febbraio 2020 - dicembre 2023",DCCN_EGSS_B19,1.0,01/08/2025 14:19:02,
7_1028_DF_DCCN_EGSS_B19_2,IT1,1.0,Employment (full time equivalent) - editions from February  2020 to December 2023,Occupazione (unità di lavoro) - edizioni febbraio 2020 - dicembre 2023,DCCN_EGSS_B19,1.0,01/08/2025 14:21:50,
7_187_DF_DCCN_CONTIEMATMREV2_B19_1,IT1,1.0,Production activities - editions from November  2019 to December 2023,Attività produttive - edizioni novembre 2019 - dicembre 2023,DCCN_CONTIEMATMREV2_B19,1.0,01/14/2025 09:57:48,
7_187_DF_DCCN_CONTIEMATMREV2_B19_2,IT1,1.0,Households - editions from November  2019 to December 2023,Famiglie - edizioni novembre 2019 - dicembre 2023,DCCN_CONTIEMATMREV2_B19,1.0,01/14/2025 10:53:33,
7_187_DF_DCCN_CONTIEMATMREV2_B19_3,IT1,1.0,Bridging items between NAMEA total and UNFCCC/CLRTAP total - editions from November  2019 to December 2023,Raccordo tra totale NAMEA e totale UNFCCC/CLRTAP - edizioni novembre 2019 - dicembre 2023,DCCN_CONTIEMATMREV2_B19,1.0,01/14/2025 11:04:33,
7_187_DF_DCCN_CONTIEMATMREV2_B19_4,IT1,1.0,Intensity of output and value added - editions from November  2019 to December 2023,Intensità della produzione e del valore aggiunto - edizioni novembre 2019 - dicembre 2023,DCCN_CONTIEMATMREV2_B19,1.0,01/14/2025 11:21:18,
7_187_DF_DCCN_CONTIEMATMREV2_B19_5,IT1,1.0,Intensity of employment - editions from November  2019 to December 2023,Intensità della occupazione - edizioni novembre 2019 - dicembre 2023,DCCN_CONTIEMATMREV2_B19,1.0,01/14/2025 11:29:14,
7_26_DF_DCCN_IMPAMB1_B19_1,IT1,1.0,Tax category - editions from October 2019 to July 2024,Categoria di imposta - edizioni ottobre 2019 - aprile 2024,DCCN_IMPAMB1_B19,1.0,2024-11-07T09:57:52.537Z,
7_26_DF_DCCN_IMPAMB1_B19_2,IT1,1.0,Paying unit - editions from October 2019 to July 2024,Unità che corrisponde l'imposta - edizioni ottobre 2019 - aprile 2024,DCCN_IMPAMB1_B19,1.0,2024-11-07T09:42:40.177Z,
7_26_DF_DCCN_IMPAMB1_B19_3,IT1,1.0,Taxes paid by economic activity - editions from October 2019 to July 2024,Gettito corrisposto dalle attività economiche - edizioni ottobre 2019 - aprile 2024,DCCN_IMPAMB1_B19,1.0,2024-11-07T10:58:53.409Z,
7_26_DF_DCCN_IMPAMB1_B19_4,IT1,1.0,CEPA class - editions from October 2019 to July 2024,Classe CEPA - edizioni ottobre 2019 - aprile 2024,DCCN_IMPAMB1_B19,1.0,2024-11-07T13:15:51.394Z,
7_26_DF_DCCN_IMPAMB1_B19_5,IT1,1.0,Use of the tax revenue - editions from October 2019 to July 2024,Destinazione del gettito - edizioni ottobre 2019 - aprile 2024,DCCN_IMPAMB1_B19,1.0,2024-11-07T15:19:25.874Z,
7_334_DF_DCCN_FLUMAT_B19_1,IT1,1.0,National economy-wide material flow indicators - editions from Februaryr 2020 to June 2024,Indicatori aggregati nazionali - edizioni febbraio 2020 - giugno 2024,DCCN_FLUMAT_B19,1.0,09/23/2025 13:39:24,
7_334_DF_DCCN_FLUMAT_B19_2,IT1,1.0,Domestic extraction of used materials - editions from Februaryr 2020 to June 2024,Estrazione interna di materiali utilizzati - edizioni febbraio 2020 - giugno 2024,DCCN_FLUMAT_B19,1.0,09/23/2025 13:39:24,
7_334_DF_DCCN_FLUMAT_B19_3,IT1,1.0,Exchanges with the rest of the world - editions from Februaryr 2020 to June 2024,Scambi con il resto del mondo - edizioni febbraio 2020 - giugno 2024,DCCN_FLUMAT_B19,1.0,09/23/2025 13:39:24,
7_334_DF_DCCN_FLUMAT_B19_4,IT1,1.0,Economy-wide material flow indicators by region - editions from Februaryr 2022 to June 2024,Indicatori aggregati regionali - edizioni febbraio 2022 - giugno 2024,DCCN_FLUMAT_B19,1.0,09/23/2025 13:39:24,
7_953,IT1,1.0,Environmental protection expenditure - editions from February  2020 to Februaryr 2024,Spese per la protezione dell'ambiente - edizioni febbraio 2020 - febbraio 2024,DCCN_SPESAPROTAMB_B19,1.0,2025-02-08T09:03:00.226Z,
7_953_DF_DCCN_SPESAPROTAMB_B19_1,IT1,1.0,National expenditure - editions from February  2020 to Februaryr 2024,Spesa nazionale - edizioni febbraio 2020 - febbraio 2024,DCCN_SPESAPROTAMB_B19,1.0,02/08/2025 08:39:47,
7_953_DF_DCCN_SPESAPROTAMB_B19_2,IT1,1.0,Economic aggregates by institutional sector - editions from February  2020 to Februaryr 2024,Aggregati economici per settore istituzionale - edizioni febbraio 2020 - febbraio 2024,DCCN_SPESAPROTAMB_B19,1.0,02/08/2025 08:47:40,
7_953_DF_DCCN_SPESAPROTAMB_B19_3,IT1,1.0,Gross fixed capital formation and ancillary output of corporations as ancillary producers by economic activity - editions from February  2020 to Februaryr 2024,Investimenti e produzione ausiliaria delle società come produttori ausiliari per attività economica - edizioni febbraio 2020 - febbraio 2024,DCCN_SPESAPROTAMB_B19,1.0,02/08/2025 08:58:35,
82_87,IT1,1.0,Aspects of daily life - Household,Aspetti della vita quotidiana - Famiglie,DCCV_AVQ_FAMIGLIE,1.0,2026-06-11T13:30:55.447Z,METADATA_URL
82_87_DF_DCCV_AVQ_FAMIGLIE_1,IT1,1.0,Couples with children,Coppie con figli,DCCV_AVQ_FAMIGLIE,1.0,2026-06-11T13:28:03.954Z,METADATA_URL
82_87_DF_DCCV_AVQ_FAMIGLIE_10,IT1,1.0,Households size,Ampiezza della famiglia,DCCV_AVQ_FAMIGLIE,1.0,2026-06-11T13:23:31.147Z,METADATA_URL
82_87_DF_DCCV_AVQ_FAMIGLIE_100,IT1,1.0,Difficulty in reaching some services,Difficoltà a raggiungere alcuni servizi,DCCV_AVQ_FAMIGLIE,1.0,2026-05-19T10:18:46.288Z,
82_87_DF_DCCV_AVQ_FAMIGLIE_101,IT1,1.0,Electricity supply - regions and type of municipality,Energia elettrica - regioni e tipo di comune,DCCV_AVQ_FAMIGLIE,1.0,2026-02-26T10:52:00.183Z,
82_87_DF_DCCV_AVQ_FAMIGLIE_102,IT1,1.0,Gas supply - regions and type of municipality,Gas - regioni e tipo di comune,DCCV_AVQ_FAMIGLIE,1.0,2026-02-26T10:53:36.082Z,
82_87_DF_DCCV_AVQ_FAMIGLIE_103,IT1,1.0,Tax forms,Modulistica fiscale,DCCV_AVQ_FAMIGLIE,1.0,2026-05-19T10:17:15.879Z,
82_87_DF_DCCV_AVQ_FAMIGLIE_104,IT1,1.0,Mobility and road conditions,Mobilità e condizioni delle strade,DCCV_AVQ_FAMIGLIE,1.0,2026-05-19T10:17:57.550Z,
82_87_DF_DCCV_AVQ_FAMIGLIE_105,IT1,1.0,Other problems,Altri problemi,DCCV_AVQ_FAMIGLIE,1.0,2026-05-19T10:17:57.550Z,
82_87_DF_DCCV_AVQ_FAMIGLIE_11,IT1,1.0,Type of households,Tipologie familiari,DCCV_AVQ_FAMIGLIE,1.0,2026-06-11T13:25:38.265Z,METADATA_URL
82_87_DF_DCCV_AVQ_FAMIGLIE_12,IT1,1.0,Type of households - regions and type of municipality,Tipologie familiari - regioni e tipo comune,DCCV_AVQ_FAMIGLIE,1.0,2026-06-11T13:26:39.033Z,METADATA_URL
82_87_DF_DCCV_AVQ_FAMIGLIE_13,IT1,1.0,Perception of the economic condition - number of components,Giudizio sulla situazione economica - ampiezza della famiglia,DCCV_AVQ_FAMIGLIE,1.0,2025-05-12T10:05:15.989Z,METADATA_URL
82_87_DF_DCCV_AVQ_FAMIGLIE_14,IT1,1.0,Perception of the economic condition - reg. and type of municipality,Giudizio sulla situazione economica - reg. e tipo di comune,DCCV_AVQ_FAMIGLIE,1.0,2025-05-12T10:05:15.989Z,METADATA_URL
82_87_DF_DCCV_AVQ_FAMIGLIE_15,IT1,1.0,Ownership of durable goods - reg. and type of municipality,Possesso di beni durevoli - reg. e tipo di comune,DCCV_AVQ_FAMIGLIE,1.0,2026-05-19T10:20:11.986Z,METADATA_URL
82_87_DF_DCCV_AVQ_FAMIGLIE_16,IT1,1.0,Outside areas and heating in the housing,Spazi esterni e riscaldamento nell'abitazione,DCCV_AVQ_FAMIGLIE,1.0,2026-02-26T10:55:21.010Z,METADATA_URL
82_87_DF_DCCV_AVQ_FAMIGLIE_17,IT1,1.0,Supply of gas mode,Modalità di fornitura del gas,DCCV_AVQ_FAMIGLIE,1.0,2026-02-26T10:53:36.082Z,METADATA_URL
82_87_DF_DCCV_AVQ_FAMIGLIE_18,IT1,1.0,Residential mobility,Cambio dell'abitazione,DCCV_AVQ_FAMIGLIE,1.0,2025-06-10T10:06:37.545Z,METADATA_URL
82_87_DF_DCCV_AVQ_FAMIGLIE_19,IT1,1.0,"House costs, water and other problems with the house","Spese, acqua e altri problemi dell'abitazione",DCCV_AVQ_FAMIGLIE,1.0,2026-02-26T10:55:21.010Z,METADATA_URL
82_87_DF_DCCV_AVQ_FAMIGLIE_2,IT1,1.0,Couples with children - reg.,Coppie con figli - reg.,DCCV_AVQ_FAMIGLIE,1.0,2026-06-11T13:28:03.954Z,METADATA_URL
82_87_DF_DCCV_AVQ_FAMIGLIE_3,IT1,1.0,Couples without children - reg.,Coppie senza figli - reg.,DCCV_AVQ_FAMIGLIE,1.0,2026-06-11T13:28:03.954Z,METADATA_URL
82_87_DF_DCCV_AVQ_FAMIGLIE_4,IT1,1.0,"Single parents - gender, age, marital status","Monogenitori - sesso, età, stato civile",DCCV_AVQ_FAMIGLIE,1.0,2026-06-11T13:30:55.447Z,METADATA_URL
82_87_DF_DCCV_AVQ_FAMIGLIE_5,IT1,1.0,"Single parents - gender, marital status, geographical areas","Monogenitori - sesso, stato civile, ripartizioni",DCCV_AVQ_FAMIGLIE,1.0,2026-06-11T13:30:55.447Z,METADATA_URL
82_87_DF_DCCV_AVQ_FAMIGLIE_6,IT1,1.0,Single parents - regions and type of municipality,Monogenitori  - regioni e tipo di comune,DCCV_AVQ_FAMIGLIE,1.0,2026-06-11T13:30:55.447Z,METADATA_URL
82_87_DF_DCCV_AVQ_FAMIGLIE_7,IT1,1.0,Single parents by number and age class of the children,Monogenitori - numero ed età dei figli,DCCV_AVQ_FAMIGLIE,1.0,2026-06-11T13:30:55.447Z,METADATA_URL
82_87_DF_DCCV_AVQ_FAMIGLIE_8,IT1,1.0,"Single persons - gender,age, marital status","Persone sole -  sesso, età, stato civile",DCCV_AVQ_FAMIGLIE,1.0,2026-06-11T13:29:29.389Z,METADATA_URL
82_87_DF_DCCV_AVQ_FAMIGLIE_9,IT1,1.0,Single persons - geographical areas and type of municipality,Persone sole - ripartizioni e tipo di comune,DCCV_AVQ_FAMIGLIE,1.0,2026-06-11T13:29:29.389Z,METADATA_URL
83_277,IT1,1.0,Agricoltural enterprises and persons employed,Imprese agricole e addetti,DICA_ASIAAGR,1.0,2026-06-05T06:10:29.499Z,
83_277_DF_DICA_ASIAAGR_1,IT1,1.0,Economic activity (Nace 5 digit),Settori economici (Ateco 5 cifre),DICA_ASIAAGR,1.0,05/04/2026 10:15:52,
83_277_DF_DICA_ASIAAGR_2,IT1,1.0,Economic activity (Nace 4 digit) - geographical areas,Settori economici (Ateco 4 cifre) - rip.,DICA_ASIAAGR,1.0,05/04/2026 10:15:52,
83_277_DF_DICA_ASIAAGR_3,IT1,1.0,Economic activity (Nace 3 digit) - provinces,Settori economici (Ateco 3 cifre) - prov.,DICA_ASIAAGR,1.0,05/04/2026 10:15:52,
83_277_DF_DICA_ASIAAGR_4,IT1,1.0,"Size classes of persons employed, economic activity (Nace 3 digit)","Classe di addetti, settori economici (Ateco 3 cifre)",DICA_ASIAAGR,1.0,05/04/2026 10:15:52,
83_277_DF_DICA_ASIAAGR_5,IT1,1.0,Size classes of persons employed - provinces,Classe di addetti - prov.,DICA_ASIAAGR,1.0,05/04/2026 10:15:52,
83_277_DF_DICA_ASIAAGR_6,IT1,1.0,"Legal form, economic activity (Nace 3 digit)","Forma giuridica, settori economici (Ateco 3 cifre)",DICA_ASIAAGR,1.0,05/04/2026 10:15:52,
83_277_DF_DICA_ASIAAGR_7,IT1,1.0,"Legal form, size classes of persons employed - regions","Forma giuridica, classe di addetti - reg.",DICA_ASIAAGR,1.0,05/04/2026 10:15:52,
83_277_DF_DICA_ASIAAGR_8,IT1,1.0,Legal form - provinces,Forma giuridica - prov,DICA_ASIAAGR,1.0,05/04/2026 10:15:52,
83_63,IT1,1.0,Aspects of daily life,Aspetti della vita quotidiana,DCCV_AVQ_PERSONE,1.0,2026-07-16T12:04:50.314Z,METADATA_URL
83_63_DF_DCCV_AVQ_PERSONE_100,IT1,1.0,Sport - detail age,Sport - età dettaglio,DCCV_AVQ_PERSONE,1.0,2026-04-01T11:09:54.852Z,
83_63_DF_DCCV_AVQ_PERSONE_101,IT1,1.0,"Sport - age, educational level","Sport - età, titolo di studio",DCCV_AVQ_PERSONE,1.0,2026-04-01T11:09:54.852Z,
83_63_DF_DCCV_AVQ_PERSONE_102,IT1,1.0,Sport - occupational status,Sport - condizione e posizione nella professione,DCCV_AVQ_PERSONE,1.0,2026-04-01T11:09:54.852Z,
83_63_DF_DCCV_AVQ_PERSONE_103,IT1,1.0,Sport - regions and type of municipality,Sport - regioni e tipo di comune,DCCV_AVQ_PERSONE,1.0,2026-04-01T11:09:54.852Z,
83_63_DF_DCCV_AVQ_PERSONE_104,IT1,1.0,Meetings with friends - detail age,Incontri con amici - età dettaglio,DCCV_AVQ_PERSONE,1.0,2026-02-26T10:57:25.210Z,
83_63_DF_DCCV_AVQ_PERSONE_105,IT1,1.0,"Meetings with friends - age, educational level","Incontri con amici - età, titolo di studio",DCCV_AVQ_PERSONE,1.0,2026-02-26T10:57:25.210Z,
83_63_DF_DCCV_AVQ_PERSONE_106,IT1,1.0,Meetings with friends - occupational status,Incontri con amici - condizione e posizione nella professione,DCCV_AVQ_PERSONE,1.0,2026-02-26T10:57:25.210Z,
83_63_DF_DCCV_AVQ_PERSONE_107,IT1,1.0,Meetings with friends - regions and type of municipality,Incontri con amici - regioni e tipo di comune,DCCV_AVQ_PERSONE,1.0,2026-02-26T10:57:25.210Z,
83_63_DF_DCCV_AVQ_PERSONE_108,IT1,1.0,Political information - detail age,Informazione politica - età dettaglio,DCCV_AVQ_PERSONE,1.0,2026-07-16T12:04:50.314Z,
83_63_DF_DCCV_AVQ_PERSONE_109,IT1,1.0,"Political information - age, educational level","Informazione politica - età, titolo di studio",DCCV_AVQ_PERSONE,1.0,2026-07-16T12:04:50.314Z,
83_63_DF_DCCV_AVQ_PERSONE_110,IT1,1.0,Political information - occupational status,Informazione politica - condizione professionale,DCCV_AVQ_PERSONE,1.0,2026-07-16T12:04:50.314Z,
83_63_DF_DCCV_AVQ_PERSONE_111,IT1,1.0,Political information - occupational position,Informazione politica - posizione nella professione,DCCV_AVQ_PERSONE,1.0,2026-07-16T12:04:50.314Z,
83_63_DF_DCCV_AVQ_PERSONE_112,IT1,1.0,Political information (means) - regions and type of municipality,Informazione politica (canale) - regioni e tipo di comune,DCCV_AVQ_PERSONE,1.0,2026-07-16T12:04:50.314Z,
83_63_DF_DCCV_AVQ_PERSONE_113,IT1,1.0,Political information (frequency) - regions and type of municipality,Informazione politica (frequenza) - regioni e tipo di comune,DCCV_AVQ_PERSONE,1.0,2026-07-16T12:04:50.314Z,
83_63_DF_DCCV_AVQ_PERSONE_114,IT1,1.0,Political information (reason) - regions and type of municipality,Informazione politica (motivo) - regioni e tipo di comune,DCCV_AVQ_PERSONE,1.0,2026-07-16T12:04:50.314Z,
83_63_DF_DCCV_AVQ_PERSONE_115,IT1,1.0,Talk and political activities - detail age - detail age,Discussione e attività politica - età dettaglio,DCCV_AVQ_PERSONE,1.0,2026-07-16T12:04:50.314Z,
83_63_DF_DCCV_AVQ_PERSONE_116,IT1,1.0,"Talk and political activities - age, educational level","Discussione e attività politica - età, titolo di studio",DCCV_AVQ_PERSONE,1.0,2026-07-16T12:04:50.314Z,
83_63_DF_DCCV_AVQ_PERSONE_117,IT1,1.0,Talk and political activities - occupational status,Discussione e attività politica - condizione professionale,DCCV_AVQ_PERSONE,1.0,2026-07-16T12:04:50.314Z,
83_63_DF_DCCV_AVQ_PERSONE_118,IT1,1.0,Talk and political activities - occupational position,Discussione e attività politica - posizione nella professione,DCCV_AVQ_PERSONE,1.0,2026-07-16T12:04:50.314Z,
83_63_DF_DCCV_AVQ_PERSONE_119,IT1,1.0,Political talk - regions and type of municipality,Discussione politica - regioni e tipo di comune,DCCV_AVQ_PERSONE,1.0,2026-07-16T12:04:50.314Z,
83_63_DF_DCCV_AVQ_PERSONE_120,IT1,1.0,Young people living in family,Giovani che vivono in famiglia,DCCV_AVQ_PERSONE,1.0,2026-06-25T10:15:24.214Z,METADATA_URL
83_63_DF_DCCV_AVQ_PERSONE_121,IT1,1.0,Young people living in family - reg.,Giovani che vivono in famiglia - reg.,DCCV_AVQ_PERSONE,1.0,2026-06-25T10:15:24.214Z,METADATA_URL
83_63_DF_DCCV_AVQ_PERSONE_122,IT1,1.0,Political activities - regions and type of municipality,Attività politica - regioni e tipo di comune,DCCV_AVQ_PERSONE,1.0,2026-07-16T12:04:50.314Z,
83_63_DF_DCCV_AVQ_PERSONE_123,IT1,1.0,Interpersonal trust - detail age,Fiducia negli altri - età dettaglio,DCCV_AVQ_PERSONE,1.0,2025-05-12T09:43:05.622Z,
83_63_DF_DCCV_AVQ_PERSONE_124,IT1,1.0,"Interpersonal trust - age, educational level","Fiducia negli altri - età, titolo di studio",DCCV_AVQ_PERSONE,1.0,2025-05-12T09:43:05.622Z,
83_63_DF_DCCV_AVQ_PERSONE_125,IT1,1.0,Interpersonal trust - occupational status,Fiducia negli altri - condizione professionale,DCCV_AVQ_PERSONE,1.0,2025-05-12T09:43:05.622Z,
83_63_DF_DCCV_AVQ_PERSONE_126,IT1,1.0,Interpersonal trust - occupational position,Fiducia negli altri - posizione nella professione,DCCV_AVQ_PERSONE,1.0,2025-05-12T09:43:05.622Z,
83_63_DF_DCCV_AVQ_PERSONE_127,IT1,1.0,Interpersonal trust - regions and type of municipality,Fiducia interpersonale - regioni e tipo di comune,DCCV_AVQ_PERSONE,1.0,2025-05-12T09:43:05.622Z,
83_63_DF_DCCV_AVQ_PERSONE_128,IT1,1.0,Interpersonal trust for some persons - regions and type of municipality,Fiducia verso particolari persone - regioni e tipo di comune,DCCV_AVQ_PERSONE,1.0,2025-05-12T09:43:05.622Z,
83_63_DF_DCCV_AVQ_PERSONE_129,IT1,1.0,Social activities - detail age,Associazionismo - età dettaglio,DCCV_AVQ_PERSONE,1.0,2026-05-19T10:05:09.745Z,
83_63_DF_DCCV_AVQ_PERSONE_130,IT1,1.0,"Social activities - age, educational level","Associazionismo - età, titolo di studio",DCCV_AVQ_PERSONE,1.0,2026-05-19T10:05:09.745Z,
83_63_DF_DCCV_AVQ_PERSONE_131,IT1,1.0,Social activities - occupational status,Associazionismo - condizione e posizione nella professione,DCCV_AVQ_PERSONE,1.0,2026-05-19T10:05:09.745Z,
83_63_DF_DCCV_AVQ_PERSONE_132,IT1,1.0,Social activities - regions and type of municipality,Associazionismo - regioni e tipo di comune,DCCV_AVQ_PERSONE,1.0,2026-05-19T10:05:09.745Z,
83_63_DF_DCCV_AVQ_PERSONE_133,IT1,1.0,Religious observances - detail age,Pratica religiosa - età dettaglio,DCCV_AVQ_PERSONE,1.0,2026-05-19T10:05:09.745Z,
83_63_DF_DCCV_AVQ_PERSONE_134,IT1,1.0,"Religious observances - age, educational level","Pratica religiosa - età, titolo di studio",DCCV_AVQ_PERSONE,1.0,2026-05-19T10:05:09.745Z,
83_63_DF_DCCV_AVQ_PERSONE_135,IT1,1.0,Religious observances - occupational status,Pratica religiosa - condizione e posizione nella professione,DCCV_AVQ_PERSONE,1.0,2026-05-19T10:05:09.745Z,
83_63_DF_DCCV_AVQ_PERSONE_136,IT1,1.0,Religious observances - regions and type of municipality,Pratica religiosa - regioni e tipo di comune,DCCV_AVQ_PERSONE,1.0,2026-05-19T10:05:09.745Z,
83_63_DF_DCCV_AVQ_PERSONE_137,IT1,1.0,Level of satisfaction (from 0 - to 10) with life as whole - detail age,Grado di soddisfazione (da 0 - a 10) per la vita nel complesso - età dettaglio,DCCV_AVQ_PERSONE,1.0,2025-05-12T09:45:02.948Z,
83_63_DF_DCCV_AVQ_PERSONE_138,IT1,1.0,"Level of satisfaction (from 0 - to 10) with life as whole - age, educational level","Grado di soddisfazione (da 0 - a 10) per la vita nel complesso - età, titolo di studio",DCCV_AVQ_PERSONE,1.0,2025-05-12T09:45:02.948Z,
83_63_DF_DCCV_AVQ_PERSONE_139,IT1,1.0,Level of satisfaction (from 0 - to 10) with life as whole - occupational status,Grado di soddisfazione (da 0 - a 10) per la vita nel complesso - condizione professione,DCCV_AVQ_PERSONE,1.0,2025-05-12T09:45:02.948Z,
83_63_DF_DCCV_AVQ_PERSONE_140,IT1,1.0,Level of satisfaction (from 0 - to 10) with life as whole - occupational position,Grado di soddisfazione (da 0 - a 10) per la vita nel complesso - posizione nella professione,DCCV_AVQ_PERSONE,1.0,2025-05-12T09:45:02.948Z,
83_63_DF_DCCV_AVQ_PERSONE_141,IT1,1.0,Level of satisfaction (from 0 - to 10) with life as whole - regions and type of municipality,Grado di soddisfazione (da 0 - a 10) per la vita nel complesso - regioni e tipo di comune,DCCV_AVQ_PERSONE,1.0,2025-05-12T09:45:02.948Z,
83_63_DF_DCCV_AVQ_PERSONE_142,IT1,1.0,Level of satisfaction (from 0 - to 10) with life as whole (average and median value) - detail age,Grado di soddisfazione (da 0 - a 10) per la vita nel complesso (valore medio e mediano) - età dettaglio,DCCV_AVQ_PERSONE,1.0,2025-05-12T09:45:02.948Z,
83_63_DF_DCCV_AVQ_PERSONE_143,IT1,1.0,"Level of satisfaction (from 0 - to 10) with life as whole (average and median value) - age, educational level","Grado di soddisfazione (da 0 - a 10) per la vita nel complesso (valore medio e mediano) - età, titolo di studio",DCCV_AVQ_PERSONE,1.0,2025-05-12T09:45:02.948Z,
83_63_DF_DCCV_AVQ_PERSONE_144,IT1,1.0,Level of satisfaction (from 0 - to 10) with life as whole (average and median value) - occupational status,Grado di soddisfazione (da 0 - a 10) per la vita nel complesso (valore medio e mediano) - condizione e posizione nella professione,DCCV_AVQ_PERSONE,1.0,2025-05-12T09:45:02.948Z,
83_63_DF_DCCV_AVQ_PERSONE_145,IT1,1.0,Level of satisfaction (from 0 - to 10) with life as whole (average and median value) - regions and type of municipality,Grado di soddisfazione (da 0 - a 10) per la vita nel complesso (valore medio e mediano) - regioni e tipo di comune,DCCV_AVQ_PERSONE,1.0,2025-05-12T09:45:02.948Z,
83_63_DF_DCCV_AVQ_PERSONE_146,IT1,1.0,Satisfaction for some aspects - detail age,Soddisfazione per alcuni aspetti - età dettaglio,DCCV_AVQ_PERSONE,1.0,2025-05-12T09:47:16.778Z,
83_63_DF_DCCV_AVQ_PERSONE_147,IT1,1.0,"Satisfaction for some aspects - age, educational level","Soddisfazione per alcuni aspetti - età, titolo di studio",DCCV_AVQ_PERSONE,1.0,2025-05-12T09:47:16.778Z,
83_63_DF_DCCV_AVQ_PERSONE_148,IT1,1.0,Satisfaction for some aspects - occupational status,Soddisfazione per alcuni aspetti - condizione professionale,DCCV_AVQ_PERSONE,1.0,2025-05-12T09:47:16.778Z,
83_63_DF_DCCV_AVQ_PERSONE_149,IT1,1.0,Satisfaction for some aspects - occupational position,Soddisfazione per alcuni aspetti - posizione nella professione,DCCV_AVQ_PERSONE,1.0,2025-05-12T09:47:16.778Z,
83_63_DF_DCCV_AVQ_PERSONE_150,IT1,1.0,Satisfaction for some aspects - regions and type of municipality,Soddisfazione per alcuni aspetti - regioni e tipo di comune,DCCV_AVQ_PERSONE,1.0,2025-05-12T09:47:16.778Z,
83_63_DF_DCCV_AVQ_PERSONE_151,IT1,1.0,Work satisfaction - detail age,Soddisfazione per il lavoro - età dettaglio,DCCV_AVQ_PERSONE,1.0,2025-05-12T09:49:04.488Z,
83_63_DF_DCCV_AVQ_PERSONE_152,IT1,1.0,"Work satisfaction - age, educational level","Soddisfazione per il lavoro - età, titolo di studio",DCCV_AVQ_PERSONE,1.0,2025-05-12T09:49:04.488Z,
83_63_DF_DCCV_AVQ_PERSONE_153,IT1,1.0,Work satisfaction - occupational status,Soddisfazione per il lavoro - condizione e posizione nella professione,DCCV_AVQ_PERSONE,1.0,2025-05-12T09:49:04.488Z,
83_63_DF_DCCV_AVQ_PERSONE_154,IT1,1.0,Work satisfaction - geographical areas and type of municipality,Soddisfazione per il lavoro - ripartizioni e tipo di comune,DCCV_AVQ_PERSONE,1.0,2025-05-12T09:49:04.488Z,
83_63_DF_DCCV_AVQ_PERSONE_155,IT1,1.0,"Train, coach and bus use - age","Treno, pullman e autobus - età",DCCV_AVQ_PERSONE,1.0,2026-05-19T09:59:49.521Z,
83_63_DF_DCCV_AVQ_PERSONE_156,IT1,1.0,"Train, coach and bus - occupational status","Treno, pullman e autobus - condizione professionale",DCCV_AVQ_PERSONE,1.0,2026-05-19T09:59:49.521Z,
83_63_DF_DCCV_AVQ_PERSONE_157,IT1,1.0,"Train, coach and bus - occupational position","Treno, pullman e autobus - posizione nella professione",DCCV_AVQ_PERSONE,1.0,2026-05-19T09:59:49.521Z,
83_63_DF_DCCV_AVQ_PERSONE_158,IT1,1.0,Train - regions and type of municipality,Treno - regioni e tipo di comune,DCCV_AVQ_PERSONE,1.0,2026-05-19T09:55:15.467Z,
83_63_DF_DCCV_AVQ_PERSONE_159,IT1,1.0,Coach - regions and type of municipality,Pullman - regioni e tipo di comune,DCCV_AVQ_PERSONE,1.0,2026-05-19T09:57:43.903Z,
83_63_DF_DCCV_AVQ_PERSONE_160,IT1,1.0,Bus - regions and type of municipality,Autobus - regioni e tipo di comune,DCCV_AVQ_PERSONE,1.0,2026-05-19T09:59:49.521Z,
83_63_DF_DCCV_AVQ_PERSONE_161,IT1,1.0,Type of requested certificate and self-certification - detail age,Tipo di certificato richiesto e autocertificazione - età dettaglio,DCCV_AVQ_PERSONE,1.0,2024-06-17T16:09:26.000Z,
83_63_DF_DCCV_AVQ_PERSONE_162,IT1,1.0,"Type of requested certificate and self-certification - age, educational level","Tipo di certificato richiesto e autocertificazione - età, titolo di studio",DCCV_AVQ_PERSONE,1.0,2024-06-17T16:09:26.000Z,
83_63_DF_DCCV_AVQ_PERSONE_163,IT1,1.0,Type of requested certificate and self-certification - occupational status,Tipo di certificato richiesto e autocertificazione - condizione professionale,DCCV_AVQ_PERSONE,1.0,2024-06-17T16:09:26.000Z,
83_63_DF_DCCV_AVQ_PERSONE_164,IT1,1.0,Type of requested certificate and self-certification - occupational position,Tipo di certificato richiesto e autocertificazione - posizione nella professione,DCCV_AVQ_PERSONE,1.0,2024-06-17T16:09:26.000Z,
83_63_DF_DCCV_AVQ_PERSONE_165,IT1,1.0,Type of requested certificate and self-certification - regions and type of municipality,Tipo di certificato richiesto e autocertificazione - regioni e tipo di comune,DCCV_AVQ_PERSONE,1.0,2024-06-17T16:09:26.000Z,
83_63_DF_DCCV_AVQ_PERSONE_166,IT1,1.0,Usual way of getting to school,Spostamenti abituali per andare a scuola,DCCV_AVQ_PERSONE,1.0,2026-05-19T10:02:41.417Z,
83_63_DF_DCCV_AVQ_PERSONE_167,IT1,1.0,Usual way of getting to school - regions and type of municipality,Spostamenti verso scuola - regioni e tipo di comune,DCCV_AVQ_PERSONE,1.0,2026-05-19T10:02:41.417Z,
83_63_DF_DCCV_AVQ_PERSONE_168,IT1,1.0,Usual way of getting to work - Age,Spostamenti per andare a lavoro - Età,DCCV_AVQ_PERSONE,1.0,2026-05-19T10:02:41.417Z,
83_63_DF_DCCV_AVQ_PERSONE_169,IT1,1.0,Usual way of getting to work - occupational level,Spostamenti per andare a lavoro - condizione nella professione,DCCV_AVQ_PERSONE,1.0,2026-05-19T10:02:41.417Z,
83_63_DF_DCCV_AVQ_PERSONE_170,IT1,1.0,Usual way of getting to work - regions and type of municipality,Spostamenti per andare a lavoro - regioni e tipo di comune,DCCV_AVQ_PERSONE,1.0,2026-05-19T10:02:41.417Z,
83_63_DF_DCCV_AVQ_PERSONE_201,IT1,1.0,Smoking habit- age detail,Abitudine al fumo - età dettaglio,DCCV_AVQ_PERSONE,1.0,2026-04-01T11:07:41.909Z,
83_63_DF_DCCV_AVQ_PERSONE_202,IT1,1.0,"Smoking habit - age, educational level","Abitudine al fumo - età, titolo di studio",DCCV_AVQ_PERSONE,1.0,2026-04-01T11:07:41.909Z,
83_63_DF_DCCV_AVQ_PERSONE_203,IT1,1.0,Smoking habit - occupational position,Abitudine al fumo - posizione nella professione,DCCV_AVQ_PERSONE,1.0,2026-04-01T11:07:41.909Z,
83_63_DF_DCCV_AVQ_PERSONE_204,IT1,1.0,Smoking habit - regions and type of municipality,Abitudine al fumo - regioni e tipo di comune,DCCV_AVQ_PERSONE,1.0,2026-04-01T11:07:41.909Z,
83_63_DF_DCCV_AVQ_PERSONE_205,IT1,1.0,Health status - age detail,Stato di salute- età dettaglio,DCCV_AVQ_PERSONE,1.0,2025-10-13T09:40:29.735Z,
83_63_DF_DCCV_AVQ_PERSONE_206,IT1,1.0,"Health status - age, educational level","Stato di salute - età, titolo di studio",DCCV_AVQ_PERSONE,1.0,2025-10-13T09:40:29.735Z,
83_63_DF_DCCV_AVQ_PERSONE_207,IT1,1.0,Health status - occupational position,Stato di salute- posizione nella professione,DCCV_AVQ_PERSONE,1.0,2025-10-13T09:40:29.735Z,
83_63_DF_DCCV_AVQ_PERSONE_208,IT1,1.0,Health status - regions and type of municipality,Stato di salute - regioni e tipo di comune,DCCV_AVQ_PERSONE,1.0,2025-10-13T09:40:29.735Z,
83_63_DF_DCCV_AVQ_PERSONE_209,IT1,1.0,Use of drugs - age detail,Consumo di farmaci - età dettaglio,DCCV_AVQ_PERSONE,1.0,2025-10-13T09:40:29.735Z,
83_63_DF_DCCV_AVQ_PERSONE_210,IT1,1.0,"Use of drugs - age, educational level","Consumo di farmaci - età, titolo di studio",DCCV_AVQ_PERSONE,1.0,2025-10-13T09:40:29.735Z,
83_63_DF_DCCV_AVQ_PERSONE_211,IT1,1.0,Use of drugs - occupational position,Consumo di farmaci - posizione nella professione,DCCV_AVQ_PERSONE,1.0,2025-10-13T09:40:29.735Z,
83_63_DF_DCCV_AVQ_PERSONE_212,IT1,1.0,Use of drugs - regions and type of municipality,Consumo di farmaci - regioni e tipo di comune,DCCV_AVQ_PERSONE,1.0,2025-10-13T09:40:29.735Z,
83_63_DF_DCCV_AVQ_PERSONE_213,IT1,1.0,First aid and holiday and night-time medical care - age detail,Ricorso al pronto soccorso e alla guardia medica - età dettaglio,DCCV_AVQ_PERSONE,1.0,2026-06-25T08:38:50.209Z,
83_63_DF_DCCV_AVQ_PERSONE_214,IT1,1.0,"First aid and holiday and night-time medical care - age, educational level","Ricorso al pronto soccorso e alla guardia medica - età, titolo di studio",DCCV_AVQ_PERSONE,1.0,2026-06-25T08:38:50.209Z,
83_63_DF_DCCV_AVQ_PERSONE_215,IT1,1.0,First aid and holiday and night-time medical care - occupational position,Ricorso al pronto soccorso e alla guardia medica - posizione nella professione,DCCV_AVQ_PERSONE,1.0,2026-06-25T08:38:50.209Z,
83_63_DF_DCCV_AVQ_PERSONE_216,IT1,1.0,First aid and holiday and night-time medical care - regions and type of municipality,Ricorso al pronto soccorso e alla guardia medica - regioni e tipo di comune,DCCV_AVQ_PERSONE,1.0,2026-06-25T08:38:50.209Z,
83_63_DF_DCCV_AVQ_PERSONE_217,IT1,1.0,Hospitalization - age detail,Ricoveri ospedalieri - età dettaglio,DCCV_AVQ_PERSONE,1.0,2026-06-25T08:38:50.209Z,
83_63_DF_DCCV_AVQ_PERSONE_218,IT1,1.0,"Hospitalization - age, educational level","Ricoveri ospedalieri - età, titolo di studio",DCCV_AVQ_PERSONE,1.0,2026-06-25T08:38:50.209Z,
83_63_DF_DCCV_AVQ_PERSONE_219,IT1,1.0,Hospitalization - occupational position,Ricoveri ospedalieri - posizione nella professione,DCCV_AVQ_PERSONE,1.0,2026-06-25T08:38:50.209Z,
83_63_DF_DCCV_AVQ_PERSONE_220,IT1,1.0,Hospitalization - regions and type of municipality,Ricoveri ospedalieri - regioni e tipo di comune,DCCV_AVQ_PERSONE,1.0,2026-06-25T08:38:50.209Z,
83_63_DF_DCCV_AVQ_PERSONE_221,IT1,1.0,Satisfaction with health care facilities - age detail,Soddisfazione per i vari aspetti del ricovero - età dettaglio,DCCV_AVQ_PERSONE,1.0,2026-06-25T08:41:18.129Z,
83_63_DF_DCCV_AVQ_PERSONE_222,IT1,1.0,"Satisfaction with health care facilities - age, educational level","Soddisfazione per i vari aspetti del ricovero - età, titolo di studio",DCCV_AVQ_PERSONE,1.0,2026-06-25T08:41:18.129Z,
83_63_DF_DCCV_AVQ_PERSONE_223,IT1,1.0,Satisfaction with health care facilities - occupational position,Soddisfazione per i vari aspetti del ricovero - posizione nella professione,DCCV_AVQ_PERSONE,1.0,2026-06-25T08:41:18.129Z,
83_63_DF_DCCV_AVQ_PERSONE_224,IT1,1.0,Entertainments - age detail,Spettacoli - dettaglio età,DCCV_AVQ_PERSONE,1.0,2026-02-26T11:18:18.971Z,
83_63_DF_DCCV_AVQ_PERSONE_225,IT1,1.0,"Entertainments - gender, age, educational level","Spettacoli - sesso, età, titolo di studio",DCCV_AVQ_PERSONE,1.0,2026-02-26T11:18:18.971Z,
83_63_DF_DCCV_AVQ_PERSONE_226,IT1,1.0,Entertainments - occupational status,Spettacoli - condizione occupazionale,DCCV_AVQ_PERSONE,1.0,2026-02-26T11:18:18.971Z,
83_63_DF_DCCV_AVQ_PERSONE_227,IT1,1.0,Entertainments - regions and type of municipality,Spettacoli - regioni e tipo di comune,DCCV_AVQ_PERSONE,1.0,2026-02-26T11:18:18.971Z,
83_63_DF_DCCV_AVQ_PERSONE_228,IT1,1.0,"Tv and radio - sex, age and educational level","Tv e radio - sesso, età, titolo di studio",DCCV_AVQ_PERSONE,1.0,2026-02-26T11:14:17.462Z,
83_63_DF_DCCV_AVQ_PERSONE_229,IT1,1.0,Tv and radio - detail age,Tv e radio - dettaglio età,DCCV_AVQ_PERSONE,1.0,2026-02-26T11:14:17.462Z,
83_63_DF_DCCV_AVQ_PERSONE_230,IT1,1.0,Tv and radio - occupational status,Tv e radio - condizione occupazionale,DCCV_AVQ_PERSONE,1.0,2026-02-26T11:14:17.462Z,
83_63_DF_DCCV_AVQ_PERSONE_231,IT1,1.0,Tv and radio - regions and type of municipality,Tv e radio - regioni e tipo di comune,DCCV_AVQ_PERSONE,1.0,2026-02-26T11:14:17.462Z,
83_63_DF_DCCV_AVQ_PERSONE_232,IT1,1.0,"Newspapers and books - sex, age and educational level","Quotidiani e libri - sesso, età, titolo di studio",DCCV_AVQ_PERSONE,1.0,2026-02-26T11:11:11.441Z,
83_63_DF_DCCV_AVQ_PERSONE_233,IT1,1.0,Newspapers and books - detail age,Quotidiani e libri - dettaglio età,DCCV_AVQ_PERSONE,1.0,2026-02-26T11:11:11.441Z,
83_63_DF_DCCV_AVQ_PERSONE_234,IT1,1.0,Newspapers and books - occupational status,Quotidiani e libri - condizione occupazionale,DCCV_AVQ_PERSONE,1.0,2026-02-26T11:11:11.441Z,
83_63_DF_DCCV_AVQ_PERSONE_235,IT1,1.0,Newspapers and books - regions and type of municipality,Quotidiani e libri - regioni e tipo di comune,DCCV_AVQ_PERSONE,1.0,2026-02-26T11:11:11.441Z,
83_63_DF_DCCV_AVQ_PERSONE_236,IT1,1.0,"Internet - sex, age, educational level","Internet - sesso, età titolo di studio",DCCV_AVQ_PERSONE,1.0,2026-02-26T11:04:31.008Z,
83_63_DF_DCCV_AVQ_PERSONE_237,IT1,1.0,Internet - age detail,Internet - dettaglio età,DCCV_AVQ_PERSONE,1.0,2026-02-26T11:04:31.008Z,
83_63_DF_DCCV_AVQ_PERSONE_238,IT1,1.0,Internet - occupational status,Internet - condizione occupazionale,DCCV_AVQ_PERSONE,1.0,2026-02-26T11:04:31.008Z,
83_63_DF_DCCV_AVQ_PERSONE_239,IT1,1.0,Internet - reg. and type of municipalities,Internet - reg. e tipo di comune,DCCV_AVQ_PERSONE,1.0,2026-02-26T11:04:31.008Z,
83_63_DF_DCCV_AVQ_PERSONE_240,IT1,1.0,"PC - sex, age, educational level","PC - sesso, età, titolo di studio",DCCV_AVQ_PERSONE,1.0,2026-02-26T11:08:30.134Z,
83_63_DF_DCCV_AVQ_PERSONE_241,IT1,1.0,PC - age detail,PC - dettaglio età,DCCV_AVQ_PERSONE,1.0,2026-02-26T11:08:30.134Z,
83_63_DF_DCCV_AVQ_PERSONE_242,IT1,1.0,PC - occupational status,PC - condizione occupazionale,DCCV_AVQ_PERSONE,1.0,2026-02-26T11:08:30.134Z,
83_63_DF_DCCV_AVQ_PERSONE_243,IT1,1.0,PC - reg. and type of municipality,PC - reg. e tipo di comune,DCCV_AVQ_PERSONE,1.0,2026-02-26T11:08:30.134Z,
83_63_DF_DCCV_AVQ_PERSONE_256,IT1,1.0,Satisfaction with health care facilities - regions and type of municipality,Soddisfazione per i vari aspetti del ricovero - regioni e tipo di comune,DCCV_AVQ_PERSONE,1.0,2026-06-25T08:41:18.129Z,
83_63_DF_DCCV_AVQ_PERSONE__YOUTH_1,IT1,1.0,"Youth - Culture sport, health and lifestyles","Giovani - Cultura sport, salute e stili di vita",DCCV_AVQ_PERSONE,1.0,2026-07-16T12:04:50.314Z,
83_85,IT1,1.0,Aspects of daily life - Persons,Aspetti della vita quotidiana - Persone,DCCV_AVQ_PERSONE1,1.0,2026-06-25T08:43:33.279Z,
83_85_DF_DCCV_AVQ_PERSONE1_100,IT1,1.0,"Registry office, local health agency - age","Anagrafe, ASL - età",DCCV_AVQ_PERSONE1,1.0,2026-05-19T10:10:51.053Z,
83_85_DF_DCCV_AVQ_PERSONE1_101,IT1,1.0,"Registry office, local health agency - occupational status","Anagrafe, ASL - condizione professionale",DCCV_AVQ_PERSONE1,1.0,2026-05-19T10:10:51.053Z,
83_85_DF_DCCV_AVQ_PERSONE1_102,IT1,1.0,"Registry office, local health agency - occupational position","Anagrafe, ASL - posizione nella professione",DCCV_AVQ_PERSONE1,1.0,2026-05-19T10:10:51.053Z,
83_85_DF_DCCV_AVQ_PERSONE1_103,IT1,1.0,Registry office - regions and type of municipality,Anagrafe - regioni e tipo di comune,DCCV_AVQ_PERSONE1,1.0,2026-05-19T10:08:07.098Z,
83_85_DF_DCCV_AVQ_PERSONE1_104,IT1,1.0,Local health agency - regions and type of municipality,ASL - regioni e tipo di comune,DCCV_AVQ_PERSONE1,1.0,2026-05-19T10:10:51.053Z,
83_85_DF_DCCV_AVQ_PERSONE1_105,IT1,1.0,"Post office, bank - age","Ufficio postale, banca - età",DCCV_AVQ_PERSONE1,1.0,2026-05-19T10:15:34.341Z,
83_85_DF_DCCV_AVQ_PERSONE1_106,IT1,1.0,"Post office, bank - occupational status","Ufficio postale, banca - condizione professionale",DCCV_AVQ_PERSONE1,1.0,2026-05-19T10:15:34.341Z,
83_85_DF_DCCV_AVQ_PERSONE1_107,IT1,1.0,"Post office, bank - occupational position","Ufficio postale, banca - posizione nella professione",DCCV_AVQ_PERSONE1,1.0,2026-05-19T10:15:34.341Z,
83_85_DF_DCCV_AVQ_PERSONE1_108,IT1,1.0,Post office - regions and type of municipality,Ufficio postale - regioni e tipo di comune,DCCV_AVQ_PERSONE1,1.0,2026-05-19T10:13:55.157Z,
83_85_DF_DCCV_AVQ_PERSONE1_109,IT1,1.0,Bank - regions and type of municipality,Banca - regioni e tipo di comune,DCCV_AVQ_PERSONE1,1.0,2026-05-19T10:15:34.341Z,
83_85_DF_DCCV_AVQ_PERSONE1_201,IT1,1.0,Persons who went on holiday - time series,Persone andate in vacanza - serie storica,DCCV_AVQ_PERSONE1,1.0,2024-04-19T09:13:25.078Z,
83_85_DF_DCCV_AVQ_PERSONE1_202,IT1,1.0,Persons who went on holiday - age class,Persone andate in vacanza - classe di età,DCCV_AVQ_PERSONE1,1.0,2024-04-19T09:13:25.078Z,
83_85_DF_DCCV_AVQ_PERSONE1_203,IT1,1.0,Persons who went on holiday - educational level,Persone andate in vacanza - titolo di studio,DCCV_AVQ_PERSONE1,1.0,2024-04-19T09:13:25.078Z,
83_85_DF_DCCV_AVQ_PERSONE1_204,IT1,1.0,Persons who went on holiday - occupational status,Persone andate in vacanza - condizione nella professione,DCCV_AVQ_PERSONE1,1.0,2024-04-19T09:13:25.078Z,
83_85_DF_DCCV_AVQ_PERSONE1_205,IT1,1.0,Persons who went on holiday - number of periods,Persone andate in vacanza - numero di periodi,DCCV_AVQ_PERSONE1,1.0,2024-04-19T09:13:25.078Z,
83_85_DF_DCCV_AVQ_PERSONE1_206,IT1,1.0,Persons who didn't go on holiday - time series,Persone non andate in vacanza - serie storica,DCCV_AVQ_PERSONE1,1.0,2024-04-19T09:13:25.078Z,
83_85_DF_DCCV_AVQ_PERSONE1_207,IT1,1.0,Persons who didn't go on holiday - age class,Persone non andate in vacanza - classe di età,DCCV_AVQ_PERSONE1,1.0,2024-04-19T09:13:25.078Z,
83_85_DF_DCCV_AVQ_PERSONE1_208,IT1,1.0,Persons who didn't go on holiday - educational level,Persone non andate in vacanza - titolo di studio,DCCV_AVQ_PERSONE1,1.0,2024-04-19T09:13:25.078Z,
83_85_DF_DCCV_AVQ_PERSONE1_209,IT1,1.0,Persons who didn't go on holiday - occupational status,Persone non andate in vacanza - condizione nella professione,DCCV_AVQ_PERSONE1,1.0,2024-04-19T09:13:25.078Z,
83_85_DF_DCCV_AVQ_PERSONE1_210,IT1,1.0,Persons who didn't go on holiday - main reasons,Persone non andate in vacanza - motivi della mancata vacanza,DCCV_AVQ_PERSONE1,1.0,2024-04-19T09:13:25.078Z,
83_85_DF_DCCV_AVQ_PERSONE1_211,IT1,1.0,Water and carbonate beverages - age detail,Acqua e bevande gassate - età dettaglio,DCCV_AVQ_PERSONE1,1.0,2026-04-01T11:02:09.764Z,
83_85_DF_DCCV_AVQ_PERSONE1_212,IT1,1.0,"Water and carbonate beverages - age, educational level","Acqua e bevande gassate - età, titolo di studio",DCCV_AVQ_PERSONE1,1.0,2026-04-01T11:02:09.764Z,
83_85_DF_DCCV_AVQ_PERSONE1_213,IT1,1.0,Water and carbonate beverages - occupational position,Acqua e bevande gassate - posizione nella professione,DCCV_AVQ_PERSONE1,1.0,2026-04-01T11:02:09.764Z,
83_85_DF_DCCV_AVQ_PERSONE1_214,IT1,1.0,Water and carbonate beverages - regions and type of municipality,Acqua e bevande gassate - regioni e tipo di comune,DCCV_AVQ_PERSONE1,1.0,2026-04-01T11:02:09.764Z,
83_85_DF_DCCV_AVQ_PERSONE1_215,IT1,1.0,Wine and beer - age detail,Vino e birra - età dettaglio,DCCV_AVQ_PERSONE1,1.0,2026-04-01T11:02:09.764Z,
83_85_DF_DCCV_AVQ_PERSONE1_216,IT1,1.0,"Wine and beer - age, educational level","Vino e birra - età, titolo di studio",DCCV_AVQ_PERSONE1,1.0,2026-04-01T11:02:09.764Z,
83_85_DF_DCCV_AVQ_PERSONE1_217,IT1,1.0,Wine and beer - occupational position,Vino e birra - posizione nella professione,DCCV_AVQ_PERSONE1,1.0,2026-04-01T11:02:09.764Z,
83_85_DF_DCCV_AVQ_PERSONE1_218,IT1,1.0,Wine and beer - regions and type of municipality,Vino e birra - regioni e tipo di comune,DCCV_AVQ_PERSONE1,1.0,2026-04-01T11:02:09.764Z,
83_85_DF_DCCV_AVQ_PERSONE1_219,IT1,1.0,"Drinks, bitter drinks and spirits - age detail","Aperitivi, amari e liquori - età dettaglio",DCCV_AVQ_PERSONE1,1.0,2026-04-01T11:02:09.764Z,
83_85_DF_DCCV_AVQ_PERSONE1_220,IT1,1.0,"Drinks, bitter drinks and spirits - age, educational level","Aperitivi, amari e liquori - età, titolo di studio",DCCV_AVQ_PERSONE1,1.0,2026-04-01T11:02:09.764Z,
83_85_DF_DCCV_AVQ_PERSONE1_221,IT1,1.0,"Drinks, bitter drinks and spirits - occupational position","Aperitivi, amari e liquori - posizione nella professione",DCCV_AVQ_PERSONE1,1.0,2026-04-01T11:02:09.764Z,
83_85_DF_DCCV_AVQ_PERSONE1_222,IT1,1.0,"Drinks, bitter drinks and spirits - regions and type of municipality","Aperitivi, amari e liquori - regioni e tipo di comune",DCCV_AVQ_PERSONE1,1.0,2026-04-01T11:02:09.764Z,
83_85_DF_DCCV_AVQ_PERSONE1_223,IT1,1.0,Alcoholic beverages beetwen meals - age detail,Alcolici fuori pasto - età dettaglio,DCCV_AVQ_PERSONE1,1.0,2026-04-01T11:02:09.764Z,
83_85_DF_DCCV_AVQ_PERSONE1_224,IT1,1.0,"Alcoholic beverages beetwen meals - age, educational level","Alcolici fuori pasto - età, titolo di studio",DCCV_AVQ_PERSONE1,1.0,2026-04-01T11:02:09.764Z,
83_85_DF_DCCV_AVQ_PERSONE1_225,IT1,1.0,Alcoholic beverages beetwen meals - occupational position,Alcolici fuori pasto - posizione nella professione,DCCV_AVQ_PERSONE1,1.0,2026-04-01T11:02:09.764Z,
83_85_DF_DCCV_AVQ_PERSONE1_226,IT1,1.0,Alcoholic beverages beetwen meals - regions and type of municipality,Alcolici fuori pasto - regioni e tipo di comune,DCCV_AVQ_PERSONE1,1.0,2026-04-01T11:02:09.764Z,
83_85_DF_DCCV_AVQ_PERSONE1_227,IT1,1.0,Body mass index and weight control - gender,Indice di massa corporea e controllo del peso - sesso,DCCV_AVQ_PERSONE1,1.0,2026-04-01T11:05:46.625Z,
83_85_DF_DCCV_AVQ_PERSONE1_228,IT1,1.0,Body mass index - age detail,Indice di massa corporea - età dettaglio,DCCV_AVQ_PERSONE1,1.0,2026-04-01T11:05:46.625Z,
83_85_DF_DCCV_AVQ_PERSONE1_229,IT1,1.0,"Body mass index - age, educational level","Indice di massa corporea - età, titolo di studio",DCCV_AVQ_PERSONE1,1.0,2026-04-01T11:05:46.625Z,
83_85_DF_DCCV_AVQ_PERSONE1_230,IT1,1.0,Body mass index - occupational position,Indice di massa corporea - posizione nella professione,DCCV_AVQ_PERSONE1,1.0,2026-04-01T11:05:46.625Z,
83_85_DF_DCCV_AVQ_PERSONE1_231,IT1,1.0,Body mass index - regions and type of municipality,Indice di massa corporea - regioni e tipo di comune,DCCV_AVQ_PERSONE1,1.0,2026-04-01T11:05:46.625Z,
83_85_DF_DCCV_AVQ_PERSONE1_232,IT1,1.0,Domestic accidents - age detail,Incidenti in ambiente domestico - età dettaglio,DCCV_AVQ_PERSONE1,1.0,2026-06-25T08:43:33.279Z,
83_85_DF_DCCV_AVQ_PERSONE1_233,IT1,1.0,"Domestic accidents - age, educational level","Incidenti in ambiente domestico - età, titolo di studio",DCCV_AVQ_PERSONE1,1.0,2026-06-25T08:43:33.279Z,
83_85_DF_DCCV_AVQ_PERSONE1_234,IT1,1.0,Domestic accidents- occupational position,Incidenti in ambiente domestico - posizione nella professione,DCCV_AVQ_PERSONE1,1.0,2026-06-25T08:43:33.279Z,
83_85_DF_DCCV_AVQ_PERSONE1_235,IT1,1.0,Domestic accidents - regions and type of municipality,Incidenti in ambiente domestico - regioni e tipo di comune,DCCV_AVQ_PERSONE1,1.0,2026-06-25T08:43:33.279Z,
83_85_DF_DCCV_AVQ_PERSONE1_236,IT1,1.0,Meal habits - age detail,Abitudini nei pasti - età dettaglio,DCCV_AVQ_PERSONE1,1.0,2026-04-01T11:04:08.700Z,
83_85_DF_DCCV_AVQ_PERSONE1_237,IT1,1.0,"Meal habits - age, educational level","Abitudini nei pasti - età, titolo di studio",DCCV_AVQ_PERSONE1,1.0,2026-04-01T11:04:08.700Z,
83_85_DF_DCCV_AVQ_PERSONE1_238,IT1,1.0,Meal habits - - occupational position,Abitudini nei pasti - posizione nella professione,DCCV_AVQ_PERSONE1,1.0,2026-04-01T11:04:08.700Z,
83_85_DF_DCCV_AVQ_PERSONE1_239,IT1,1.0,Meal habits - regions and type of municipality,Abitudini nei pasti - regioni e tipo di comune,DCCV_AVQ_PERSONE1,1.0,2026-04-01T11:04:08.700Z,
83_85_DF_DCCV_AVQ_PERSONE1_240,IT1,1.0,"Coldcuts, meat, eggs, fish - age detail","Salumi, carni, uova, pesce - età dettaglio",DCCV_AVQ_PERSONE1,1.0,2026-04-01T11:04:08.700Z,
83_85_DF_DCCV_AVQ_PERSONE1_241,IT1,1.0,"Coldcuts, meat, eggs, fish - age, educational level","Salumi, carni, uova, pesce - età, titolo di studio",DCCV_AVQ_PERSONE1,1.0,2026-04-01T11:04:08.700Z,
83_85_DF_DCCV_AVQ_PERSONE1_242,IT1,1.0,"Coldcuts, meat, eggs, fish - occupational position","Salumi, carni, uova, pesce - posizione nella professione",DCCV_AVQ_PERSONE1,1.0,2026-04-01T11:04:08.700Z,
83_85_DF_DCCV_AVQ_PERSONE1_243,IT1,1.0,"Coldcuts, meat, eggs, fish - regions and type of municipality","Salumi, carni, uova, pesce - regioni e tipo di comune",DCCV_AVQ_PERSONE1,1.0,2026-04-01T11:04:08.700Z,
83_85_DF_DCCV_AVQ_PERSONE1_244,IT1,1.0,"Bread, legumes, milk and cheese - age detail","Pane, legumi, dolci, latte e formaggi - età dettaglio",DCCV_AVQ_PERSONE1,1.0,2026-04-01T11:04:08.700Z,
83_85_DF_DCCV_AVQ_PERSONE1_245,IT1,1.0,"Bread, legumes, milk and cheese - age, educational level","Pane, legumi, dolci, latte e formaggi - età, titolo di studio",DCCV_AVQ_PERSONE1,1.0,2026-04-01T11:04:08.700Z,
83_85_DF_DCCV_AVQ_PERSONE1_246,IT1,1.0,"Bread, legumes, milk and cheese - occupational position","Pane, legumi, dolci, latte e formaggi - posizione nella professione",DCCV_AVQ_PERSONE1,1.0,2026-04-01T11:04:08.700Z,
83_85_DF_DCCV_AVQ_PERSONE1_247,IT1,1.0,"Bread, legumes, milk and cheese - regions and type of municipality","Pane, legumi, dolci, latte e formaggi - regioni e tipo di comune",DCCV_AVQ_PERSONE1,1.0,2026-04-01T11:04:08.700Z,
83_85_DF_DCCV_AVQ_PERSONE1_248,IT1,1.0,"Vegetables, green and fruit - age detail","Verdure, ortaggi e frutta - età dettaglio",DCCV_AVQ_PERSONE1,1.0,2026-04-01T11:04:08.700Z,
83_85_DF_DCCV_AVQ_PERSONE1_249,IT1,1.0,"Vegetables, green and fruit - age, educational level","Verdure, ortaggi e frutta - età, titolo di studio",DCCV_AVQ_PERSONE1,1.0,2026-04-01T11:04:08.700Z,
83_85_DF_DCCV_AVQ_PERSONE1_250,IT1,1.0,"Vegetables, green and fruit - occupational position","Verdure, ortaggi e frutta - posizione nella professione",DCCV_AVQ_PERSONE1,1.0,2026-04-01T11:04:08.700Z,
83_85_DF_DCCV_AVQ_PERSONE1_251,IT1,1.0,"Vegetables, green and fruit - regions and type of municipality","Verdure, ortaggi e frutta - regioni e tipo di comune",DCCV_AVQ_PERSONE1,1.0,2026-04-01T11:04:08.700Z,
83_85_DF_DCCV_AVQ_PERSONE1_252,IT1,1.0,Oil and salt - age detail,Olio e sale - età dettaglio,DCCV_AVQ_PERSONE1,1.0,2026-04-01T11:04:08.700Z,
83_85_DF_DCCV_AVQ_PERSONE1_253,IT1,1.0,"Oil and salt - age, educational level","Olio e sale - età, titolo di studio",DCCV_AVQ_PERSONE1,1.0,2026-04-01T11:04:08.700Z,
83_85_DF_DCCV_AVQ_PERSONE1_254,IT1,1.0,Oil and salt - occupational position,Olio e sale - posizione nella professione,DCCV_AVQ_PERSONE1,1.0,2026-04-01T11:04:08.700Z,
83_85_DF_DCCV_AVQ_PERSONE1_255,IT1,1.0,Oil and salt - regions and type of municipality,Olio e sale - regioni e tipo di comune,DCCV_AVQ_PERSONE1,1.0,2026-04-01T11:04:08.700Z,
85_170,IT1,1.0,Volunteering in organizations,Volontariato in organizzazioni,DCSA_VOLON_ORG,1.0,2023-04-07T07:42:47.892Z,
85_170_DF_DCSA_VOLON_ORG_1,IT1,1.0,"Gender, membership of multiple groups or associations, main activity sector","Sesso, appartenenza a più gruppi o associazioni, settore dell'organizzazione",DCSA_VOLON_ORG,1.0,2025-06-30T12:10:31.606Z,
85_170_DF_DCSA_VOLON_ORG_2,IT1,1.0,"Gender, reason of unpaid activities","Sesso, motivo dell'attività gratuita",DCSA_VOLON_ORG,1.0,2025-06-30T12:11:50.449Z,
85_170_DF_DCSA_VOLON_ORG_3,IT1,1.0,"Gender, institutional setting","Sesso, tipo di organizzazione",DCSA_VOLON_ORG,1.0,2025-06-30T12:13:11.358Z,
85_170_DF_DCSA_VOLON_ORG_4,IT1,1.0,"Gender, personal impact","Sesso, ricadute personali",DCSA_VOLON_ORG,1.0,2025-06-30T12:14:24.540Z,
85_171,IT1,1.0,Volunteering in organizations,Volontariato in organizzazioni,DCSA_VOLON_ORG1,1.0,2026-02-20T11:14:27.932Z,
85_171_DF_DCSA_VOLON_ORG1_1,IT1,1.0,"Organization based volunteering - Gender, membership of multiple groups or associations, main activity sector","Volontariato organizzato - Sesso, appartenenza a più gruppi o associazioni, settore dell'organizzazione",DCSA_VOLON_ORG1,1.0,2026-02-20T11:14:27.932Z,
85_171_DF_DCSA_VOLON_ORG1_2,IT1,1.0,"Organization based volunteering -  Gender, institutional setting","Volontariato organizzato - Sesso, tipo di organizzazione",DCSA_VOLON_ORG1,1.0,2026-02-20T11:14:27.932Z,
85_171_DF_DCSA_VOLON_ORG1_3,IT1,1.0,"Organization based volunteering - Gender, reason of volunteering","Volontariato organizzato - Sesso, motivazioni",DCSA_VOLON_ORG1,1.0,2026-02-20T11:14:27.932Z,
85_171_DF_DCSA_VOLON_ORG1_4,IT1,1.0,"Organization based volunteering - Gender, personal impact","Volontariato organizzato - Sesso, ricadute personali",DCSA_VOLON_ORG1,1.0,2026-02-20T11:14:27.932Z,
85_83,IT1,1.0,Volunteering with or withouth organizations,Volontariato con o senza organizzazioni,DCSA_VOLON,1.0,2023-04-07T07:46:51.435Z,
85_83_DF_DCSA_VOLON_1,IT1,1.0,"Gender, age","Sesso, età",DCSA_VOLON,1.0,04/05/2023 08:29:04,
85_83_DF_DCSA_VOLON_2,IT1,1.0,"Gender, type of activity performed","Sesso, attività svolta",DCSA_VOLON,1.0,04/05/2023 09:14:11,
85_83_DF_DCSA_VOLON_3,IT1,1.0,"Gender, years of activities","Sesso, numero di anni di attività gratuita",DCSA_VOLON,1.0,04/05/2023 13:27:54,
85_83_DF_DCSA_VOLON_4,IT1,1.0,"Highest level of education attained, main status","Titolo di studio, condizione lavorativa",DCSA_VOLON,1.0,04/05/2023 15:57:11,
85_83_DF_DCSA_VOLON_5,IT1,1.0,Household number of components and assessment of economic resources,Ampiezza della famiglia e risorse economiche,DCSA_VOLON,1.0,04/06/2023 08:13:42,
85_83_DF_DCSA_VOLON_6,IT1,1.0,Regions regions and type of municipality,Regioni e tipo di comuni,DCSA_VOLON,1.0,04/06/2023 08:34:46,
85_84,IT1,1.0,Volunteering with or withouth organizations,Volontariato con o senza organizzazioni,DCSA_VOLON1,1.0,2026-02-20T12:12:37.131Z,
85_84_DF_DCSA_VOLON1_1,IT1,1.0,"Volunteering - Gender, age and form of volunteering","Volontariato - Sesso, età e tipo di volontariato",DCSA_VOLON1,1.0,2026-02-20T12:12:37.131Z,
85_84_DF_DCSA_VOLON1_2,IT1,1.0,Type of activity performed - Gender and form of volunteering,Attività volontaria - Sesso e tipo di volontariato,DCSA_VOLON1,1.0,2026-02-20T12:12:37.131Z,
85_84_DF_DCSA_VOLON1_3,IT1,1.0,Years of activities - Gender and form of volunteering,Numero di anni di attività volontaria - Sesso e tipo di volontariato,DCSA_VOLON1,1.0,2026-02-20T12:12:37.131Z,
85_84_DF_DCSA_VOLON1_4,IT1,1.0,"Volunteering  - Highest level of education attained, main status","Volontariato - Titolo di studio, condizione lavorativa",DCSA_VOLON1,1.0,2026-02-20T12:12:37.131Z,
85_84_DF_DCSA_VOLON1_5,IT1,1.0,Volunteering  - Household number of components and assessment of economic resources,Volontariato - Ampiezza della famiglia e risorse economiche,DCSA_VOLON1,1.0,2026-02-20T12:12:37.131Z,
85_84_DF_DCSA_VOLON1_6,IT1,1.0,Volunteering - Regions regions and type of municipality,Volontariato - Regioni e tipo di comuni,DCSA_VOLON1,1.0,2026-02-20T12:12:37.131Z,
8_197_DF_DCCN_PRODUTTIVITA_B19_1,IT1,1.0,Main productivity indicators - editions from November 2019 to April 2024,Indicatori di produttività - edizioni novembre 2019 - aprile 2024,DCCN_PRODUTTIVITA_B19,1.0,2024-11-05T13:35:06.228Z,
8_197_DF_DCCN_PRODUTTIVITA_B19_2,IT1,1.0,Contributions to growth of value added - editions from November 2019 to April 2024,Contributi alla crescita del valore aggiunto - edizioni novembre 2019 - aprile 2024,DCCN_PRODUTTIVITA_B19,1.0,2024-11-05T13:02:44.027Z,
8_197_DF_DCCN_PRODUTTIVITA_B19_3,IT1,1.0,Contributions to growth of labour productivity - editions from November 2019 to April 2024,Contributi alla crescita della produttività del lavoro - edizioni novembre 2019 - aprile 2024,DCCN_PRODUTTIVITA_B19,1.0,2024-11-05T14:51:28.939Z,
8_197_DF_DCCN_PRODUTTIVITA_B19_4,IT1,1.0,Series for calculation of productivity - editions from November 2019 to April 2024,Serie per il calcolo delle produttività - edizioni novembre 2019 - aprile 2024,DCCN_PRODUTTIVITA_B19,1.0,2024-11-06T09:03:58.361Z,
8_197_DF_DCCN_PRODUTTIVITA_B19_5,IT1,1.0,Contributions of each industry to labour productivity growth - editions from November 2019 to April 2024,Contributi settoriali alla variazione della produttività del lavoro - edizioni novembre 2019 - aprile 2024,DCCN_PRODUTTIVITA_B19,1.0,2024-11-06T10:05:21.553Z,
8_277,IT1,1.0,Enterprises - Ent (1 enterprise corresponds to 1 or more active legal units),Imprese - Ent (1 impresa corrisponde a 1 o più unità giuridiche attive),DICA_ASIAUE1P_ENT,1.0,2026-08-04T13:04:03.748Z,
8_277_DF_DICA_ASIAUE1P_ENT_1,IT1,1.0,Enterprises and persons employed (Ent) - Key data,Imprese e addetti (Ent) - Principali dati,DICA_ASIAUE1P_ENT,1.0,2026-08-04T13:04:03.748Z,
8_277_DF_DICA_ASIAUE1P_ENT_2,IT1,1.0,"Enterprises and persons employed (Ent) - Legal form, economic activity (Nace 5 digit) - Italy","Imprese e addetti (Ent) - Forma giuridica, settori economici (Ateco 5 cifre) - Italia",DICA_ASIAUE1P_ENT,1.0,2026-08-04T13:04:03.748Z,
8_277_DF_DICA_ASIAUE1P_ENT_3,IT1,1.0,"Enterprises and persons employed (Ent) - Legal form, economic activity (Nace 4 digit) - geographical area","Imprese e addetti (Ent) - Forma giuridica, settori economici (Ateco 4 cifre) - ripartizioni",DICA_ASIAUE1P_ENT,1.0,2026-08-04T13:04:03.748Z,
8_277_DF_DICA_ASIAUE1P_ENT_4,IT1,1.0,"Enterprises and persons employed (Ent) - Legal form, economic activity (Nace 3 digit) - regions","Imprese e addetti (Ent) - Forma giuridica, settori economici (Ateco 3 cifre) - regioni",DICA_ASIAUE1P_ENT,1.0,2026-08-04T13:04:03.748Z,
8_277_DF_DICA_ASIAUE1P_ENT_5,IT1,1.0,"Enterprises and persons employed (Ent) - Legal form, economic ativity (Nace 2 digit), size class of persons employed - geographical area","Imprese e addetti (Ent) - Forma giuridica, settori economici (Ateco 2 cifre) , classe di addetti - ripartizioni",DICA_ASIAUE1P_ENT,1.0,2026-08-04T13:04:03.748Z,
8_277_DF_DICA_ASIAUE1P_ENT_6,IT1,1.0,"Enterprises and persons employed belonging to an enterprise group (Ent) - Economic ativity (Nace 1 digit), size class of persons employed - Type of relationship","Imprese e addetti appartenenti ad un gruppo (Ent) - Settori economici (Ateco 1 cifra), classe di addetti - Tipo di relazione",DICA_ASIAUE1P_ENT,1.0,2026-08-04T13:13:46.470Z,
8_277_DF_DICA_ASIAUE1P_ENT_7,IT1,1.0,Enterprises and persons employed belonging to an enterprise group (Ent) - Economic ativity (Nace 1 digit) - Type of relationship  - regions,Imprese e addetti appartenenti ad un gruppo (Ent) - Settori economici (Ateco 1 cifra) - Tipo di relazione - regioni,DICA_ASIAUE1P_ENT,1.0,2026-08-04T13:20:47.336Z,
91_963,IT1,1.0,System of Health Accounts (SHA),Sistema dei conti della sanità,DCCN_SHA,1.0,2026-05-14T08:58:29.331Z,METADATA_URL
91_963_DF_DCCN_SHA_1,IT1,1.0,Health expenditure by health care function and financing scheme,Spesa sanitaria per tipo di funzione di assistenza sanitaria e finanziamento,DCCN_SHA,1.0,2026-05-14T08:58:29.331Z,
91_963_DF_DCCN_SHA_2,IT1,1.0,Health expenditure by health care function and health care provider,Spesa sanitaria per tipo di funzione di assistenza sanitaria e soggetto erogatore,DCCN_SHA,1.0,2026-05-14T08:58:29.331Z,
91_963_DF_DCCN_SHA_3,IT1,1.0,Health expenditure by health care provider and financing scheme,Spesa sanitaria per soggetto erogatore e tipo di finanziamento,DCCN_SHA,1.0,2026-05-14T08:58:29.331Z,
92_1225,IT1,1.0,National accounts annual main aggregates,Principali aggregati annnuali di contabilità nazionale,DCCN_ANA1,1.0,2026-07-13T15:51:21.648Z,
92_1225_DF_DCCN_ANA1_1,IT1,1.0,Output and value added by industry,Produzione e valore aggiunto per branca di attività,DCCN_ANA1,1.0,2026-07-13T15:51:21.648Z,
92_1225_DF_DCCN_ANA1_2,IT1,1.0,Compensation of employees and its components by industry,Redditi da lavoro dipendente e componenti per branca di attività,DCCN_ANA1,1.0,2026-07-13T15:51:21.648Z,
92_1225_DF_DCCN_ANA1_3,IT1,1.0,Taxes and subsidies on production by industry,Imposte e contributi alla produzione per branca di attività,DCCN_ANA1,1.0,2026-07-13T15:51:21.648Z,
92_1225_DF_DCCN_ANA1_4,IT1,1.0,Gross fixed capital formation by asset and industry,Investimenti fissi lordi per tipo di investimento e branca proprietaria,DCCN_ANA1,1.0,2026-07-13T15:51:21.648Z,
92_1225_DF_DCCN_ANA1_5,IT1,1.0,Stocks of fixed assets and consumption of fixed capital by industry,Stock di capitale e ammortamenti per tipo di investimento e branca proprietaria,DCCN_ANA1,1.0,2026-07-13T15:51:21.648Z,
92_1225_DF_DCCN_ANA1_6,IT1,1.0,Final consumption expenditure of household by expenditure item (Coicop 2018 3 digit) and durability,Spesa per consumi finali delle famiglie per voce di spesa (Coicop 2018 3 cifre) e durata,DCCN_ANA1,1.0,2026-07-13T15:51:21.648Z,
92_1225_DF_DCCN_ANA1_7,IT1,1.0,Per capita values,Valori pro capite,DCCN_ANA1,1.0,2026-07-13T15:51:21.648Z,
92_143,IT1,1.0,Main aggregates by industry (Nace Rev.1.1) - editions prior to October 2011,Principali aggregati per branca di attività -  (Nace Rev.1.1) - edizioni precedenti ottobre 2011,DCCN_AGGREGBRANCAN,1.0,09/16/2021 08:22:01,METADATA_URL
92_504,IT1,1.0,National accounts annual main aggregates - editions from September 2019 to March 2024,Principali aggregati annnuali di contabilità nazionale - edizioni settembre 2019 - marzo 2024,DCCN_ANA,1.0,2024-09-21T07:28:26.933Z,METADATA_URL
92_504_DF_DCCN_ANA_1,IT1,1.0,Output and value added by industry - editions from September 2019 to March 2024,Produzione e valore aggiunto per branca di attività - edizioni settembre 2019 - marzo 2024,DCCN_ANA,1.0,2024-09-21T12:40:35.283Z,METADATA_URL
92_504_DF_DCCN_ANA_2,IT1,1.0,Compensation of employees and its components by industry - editions from September 2019 to March 2024,Redditi da lavoro dipendente e componenti per branca di attività - edizioni settembre 2019 - marzo 2024,DCCN_ANA,1.0,2024-09-21T12:43:52.548Z,METADATA_URL
92_504_DF_DCCN_ANA_3,IT1,1.0,Taxes and subsidies on production by industry - editions from September 2019 to March 2024,Imposte e contributi alla produzione per branca di attività - edizioni settembre 2019 - marzo 2024,DCCN_ANA,1.0,2024-09-21T12:47:24.015Z,METADATA_URL
92_504_DF_DCCN_ANA_4,IT1,1.0,Gross fixed capital formation by asset and industry - editions from September 2019 to March 2024,Investimenti fissi lordi per tipo di investimento e branca proprietaria - edizioni settembre 2019 - marzo 2024,DCCN_ANA,1.0,2024-09-21T13:15:03.078Z,METADATA_URL
92_504_DF_DCCN_ANA_5,IT1,1.0,Stocks of fixed assets and consumption of fixed capital by industry,Stock di capitale e ammortamenti per tipo di investimento e branca proprietaria,DCCN_ANA,1.0,2024-09-21T12:59:33.574Z,METADATA_URL
92_504_DF_DCCN_ANA_6,IT1,1.0,Final consumption expenditure of household by expenditure item (Coicop 3 digit) and durability - editions from September 2019 to March 2024,Spesa per consumi finali delle famiglie per voce di spesa (Coicop 3 cifre) e durata - edizioni settembre 2019 - marzo 2024,DCCN_ANA,1.0,2024-09-21T13:04:03.789Z,METADATA_URL
92_504_DF_DCCN_ANA_7,IT1,1.0,Per capita values - editions from September 2019 to March 2024,Valori pro capite - edizioni settembre 2019 - marzo 2024,DCCN_ANA,1.0,2024-09-21T13:08:05.665Z,METADATA_URL
92_504_NOTE_TIME,IT1,1.0,test note time,test note time,DCCN_ANA_NOTE,1.0,2021-10-26T11:33:07.014Z,
92_505,IT1,1.0,Sequence of accounts,Sequenza dei conti,DCCN_SQCN,1.0,2026-04-03T08:07:02.028Z,
92_505_DF_DCCN_SQCN_1,IT1,1.0,Sequence of accounts,Sequenza dei conti,DCCN_SQCN,1.0,2026-04-03T08:07:02.028Z,
92_506,IT1,1.0,Gross Domestic Product and main components,Prodotto interno lordo e principali componenti,DCCN_PILN,1.0,2026-03-02T09:05:53.352Z,
92_506_DF_DCCN_PILN_1,IT1,1.0,Gross Domestic Product and main components,Prodotto interno lordo e principali componenti,DCCN_PILN,1.0,2026-03-02T09:05:53.352Z,
92_507,IT1,1.0,Regular and irregular employment,Occupazione regolare e irregolare,DCCN_OCCNSEC2010,1.0,2026-03-02T09:04:52.922Z,
92_507_DF_DCCN_OCCNSEC2010_1,IT1,1.0,"Employment in persons, full time equivalent, jobs and hours worked","Occupati, unità di lavoro, posizioni lavorative e ore lavorate",DCCN_OCCNSEC2010,1.0,2026-03-02T09:04:52.922Z,
92_507_DF_DCCN_OCCNSEC2010_2,IT1,1.0,Rate of undeclared work,Tassi di irregolarità,DCCN_OCCNSEC2010,1.0,2026-03-02T09:04:52.922Z,
92_507_DF_DCCN_OCCNSEC2010_3,IT1,1.0,Annual average population,Popolazione media annua,DCCN_OCCNSEC2010,1.0,2026-03-02T09:04:52.922Z,
93_1095,IT1,1.0,Disposable income of the households  in the italian regions,Reddito disponibile delle famiglie  nelle regioni italiane,DCCN_ISTITUZ_TNA1,1.0,2025-12-22T10:01:55.372Z,
93_1095_DF_DCCN_ISTITUZ_TNA1_1,IT1,1.0,Disposable income of the households in the italian regions,Reddito disponibile delle famiglie nelle regioni italiane,DCCN_ISTITUZ_TNA1,1.0,2025-12-22T10:01:55.372Z,
93_1227,IT1,1.0,National Accounts regional main aggregates,Principali aggregati territoriali di Contabilità Nazionale,DCCN_TNA1,1.0,2025-12-22T10:04:46.392Z,
93_1227_DF_DCCN_TNA1_1,IT1,1.0,Value added by industry,Valore aggiunto per branca di attività,DCCN_TNA1,1.0,2025-12-22T10:04:46.392Z,
93_1227_DF_DCCN_TNA1_2,IT1,1.0,Compensation of employees and its components by industry,Redditi da lavoro dipendente e componenti per branca di attività,DCCN_TNA1,1.0,2025-12-22T10:04:46.392Z,
93_1227_DF_DCCN_TNA1_3,IT1,1.0,Final consumption expenditure of households by expenditure item (Coicop 2018 2 digit) and durability,Spesa per consumi finali delle famiglie per voce di spesa (Coicop 2018 2 cifre) e durata,DCCN_TNA1,1.0,2025-12-22T10:04:46.392Z,
93_1227_DF_DCCN_TNA1_4,IT1,1.0,Final consumption expenditure of general government by function,Spesa per consumi finali della Pa per funzione di spesa,DCCN_TNA1,1.0,2025-12-22T10:04:46.392Z,
93_1227_DF_DCCN_TNA1_5,IT1,1.0,Gross fixed capital formation breakdown by industry,Investimenti fissi lordi per branca proprietaria,DCCN_TNA1,1.0,2025-12-22T10:04:46.392Z,
93_1227_DF_DCCN_TNA1_6,IT1,1.0,Per capita values,Valori pro capite,DCCN_TNA1,1.0,2025-12-22T10:04:46.392Z,
93_209,IT1,1.0,Accounts aggregates by industry (NACE Rev.1.1) - edition October 2010,Aggregati dei conti per branca di attività (NACE Rev.1.1) - edizione ottobre 2010,DCCN_AGGREGBRANCAT,1.0,09/21/2021 06:23:59,METADATA_URL
93_256,IT1,1.0,Employment breakdown by industry (NACE Rev.1.1) - edition October 2010,Occupazione per branca di attività economica (NACE Rev.1.1) - edizione ottobre 2010,DCCN_OCCUPT,1.0,09/22/2021 06:54:29,METADATA_URL
93_379,IT1,1.0,Regular and irregular employment,Occupazione regolare ed irregolare,DCCN_OCCTSEC2010,1.0,2025-12-22T10:02:37.266Z,
93_379_DF_DCCN_OCCTSEC2010_1,IT1,1.0,Employment - regions,Occupazione regionale,DCCN_OCCTSEC2010,1.0,2025-12-22T10:02:37.266Z,
93_379_DF_DCCN_OCCTSEC2010_2,IT1,1.0,Employment - provinces,Occupazione provinciale,DCCN_OCCTSEC2010,1.0,2025-12-22T10:02:37.266Z,
93_379_DF_DCCN_OCCTSEC2010_3,IT1,1.0,Rate of undeclared work,Tasso di irregolarità,DCCN_OCCTSEC2010,1.0,2025-12-22T10:02:37.266Z,
93_379_DF_DCCN_OCCTSEC2010_4,IT1,1.0,Annual average population,Popolazione media annua,DCCN_OCCTSEC2010,1.0,2025-12-22T10:02:37.266Z,
93_382,IT1,1.0,Sequence of accounts,Sequenza dei conti,DCCN_SQCT,1.0,2025-12-22T10:04:05.502Z,
93_382_DF_DCCN_SQCT_1,IT1,1.0,Sequence of accounts,Sequenza dei conti,DCCN_SQCT,1.0,2025-12-22T10:04:05.502Z,
93_48,IT1,1.0,"Agriculture, forestry and fishing accounts","Conti della branca agricoltura, silvicoltura e pesca",DCCN_VAAGSIPET,1.0,2026-06-12T09:01:06.042Z,METADATA_URL
93_48_DF_DCCN_VAAGSIPET_1,IT1,1.0,Production and value added at basic prices,Produzione e valore aggiunto ai prezzi base,DCCN_VAAGSIPET,1.0,2026-06-12T09:01:06.042Z,
93_48_DF_DCCN_VAAGSIPET_2,IT1,1.0,Products and cost items,Prodotti e voci di costo,DCCN_VAAGSIPET,1.0,2026-06-12T09:01:06.042Z,
93_498,IT1,1.0,Gross domestic product supply side,Prodotto interno lordo lato produzione,DCCN_PILT,1.0,2025-12-22T10:03:25.564Z,
93_498_DF_DCCN_PILT_1,IT1,1.0,Gross domestic product supply side,Prodotto interno lordo lato produzione,DCCN_PILT,1.0,2025-12-22T10:03:25.564Z,
93_500,IT1,1.0,National Accounts regional main aggregates - editions from January 2020 to December 2023,Principali aggregati territoriali di Contabilità Nazionale - edizioni gennaio 2020 - dicembre 2023,DCCN_TNA,1.0,2025-01-02T09:36:33.092Z,METADATA_URL
93_500_DF_DCCN_TNA_1,IT1,1.0,Value added by industry - editions from January 2020 to December 2023,Valore aggiunto per branca di attività - edizioni gennaio 2020 - dicembre 2023,DCCN_TNA,1.0,2025-01-24T16:20:09.948Z,METADATA_URL
93_500_DF_DCCN_TNA_2,IT1,1.0,Compensation of employees and its components by industry - editions from January 2020 to December 2023,Redditi da lavoro dipendente e componenti per branca di attività - edizioni gennaio 2020 - dicembre 2023,DCCN_TNA,1.0,2025-01-24T16:23:01.824Z,METADATA_URL
93_500_DF_DCCN_TNA_3,IT1,1.0,Final consumption expenditure of households by expenditure item (Coicop 2 digit) and durability - editions from January 2020 to December 2023,Spesa per consumi finali delle famiglie per voce di spesa (Coicop 2 cifre) e durata - edizioni gennaio 2020 - dicembre 2023,DCCN_TNA,1.0,2025-01-24T16:26:33.976Z,METADATA_URL
93_500_DF_DCCN_TNA_4,IT1,1.0,Final consumption expenditure of general government by function - editions from January 2020 to December 2023,Spesa per consumi finali della Pa per funzione di spesa - edizioni gennaio 2020 - dicembre 2023,DCCN_TNA,1.0,2025-01-24T16:28:11.755Z,METADATA_URL
93_500_DF_DCCN_TNA_5,IT1,1.0,Gross fixed capital formation breakdown by industry - editions from January 2020 to December 2023,Investimenti fissi lordi per branca proprietaria - edizioni gennaio 2020 - dicembre 2023,DCCN_TNA,1.0,2025-01-24T16:31:27.763Z,METADATA_URL
93_500_DF_DCCN_TNA_6,IT1,1.0,Per capita values - editions from January 2020 to December 2023,Valori pro capite - edizioni gennaio 2020 - dicembre 2023,DCCN_TNA,1.0,2025-01-24T16:34:00.684Z,METADATA_URL
94_1063,IT1,1.0,Non-financial  assets  and sequence of accounts by institutional sector,Stock  di attività non finanziarie  e sequenza dei conti per settore istituzionale,DCCN_ISTITUZ_ANA1,1.0,2026-04-03T08:04:23.816Z,
94_1063_DF_DCCN_ISTITUZ_ANA1_1,IT1,1.0,Sequence of accounts,Sequenza dei conti,DCCN_ISTITUZ_ANA1,1.0,2026-04-03T08:04:23.816Z,
94_1063_DF_DCCN_ISTITUZ_ANA1_2,IT1,1.0,Key indicators on households as consumers and non-financial corporations,Indicatori su famiglie consumatrici e società non finanziarie,DCCN_ISTITUZ_ANA1,1.0,2026-04-03T08:04:23.816Z,
94_1063_DF_DCCN_ISTITUZ_ANA1_3,IT1,1.0,Value added and compensation of employees breakdown by industry,Valore aggiunto e redditi da lavoro dipendente per branca di attività economica,DCCN_ISTITUZ_ANA1,1.0,2026-04-03T08:04:23.816Z,
94_1063_DF_DCCN_ISTITUZ_ANA1_4,IT1,1.0,Gross fixed capital formation by asset,Investimenti fissi lordi per tipo di investimento,DCCN_ISTITUZ_ANA1,1.0,2026-04-03T08:04:23.816Z,
94_1063_DF_DCCN_ISTITUZ_ANA1_5,IT1,1.0,Stock of non-financial assets,Stock di attività non finanziarie,DCCN_ISTITUZ_ANA1,1.0,2026-04-03T08:04:23.816Z,
94_251,IT1,1.0,Sequence of accounts - editions until September 2015,Sequenza dei conti - edizioni fino a settembre 2015,DCCN_SEQCONTIASA,1.0,09/22/2021 07:24:19,METADATA_URL
94_335,IT1,1.0,Employment breakdown by industry - editions March 2012 and March 2013,Occupazione per branca di attività - edizioni marzo 2012 e marzo 2013,DCCN_OCCUPIREV2,1.0,08/26/2021 08:56:43,METADATA_URL
94_571,IT1,1.0,"Sequence of accounts and non-financial assets, by institutional sector","Sequenza dei conti e stock di attività non finanziarie, per settore istituzionale",DCCN_ISTITUZ_ANA,1.0,08/25/2021 07:31:15,METADATA_URL
94_805,IT1,1.0,Employment breakdown  by industry,Occupazione  per branca di attività,DCCN_OCCSISEC2010,1.0,2026-04-22T09:05:44.858Z,
94_805_DF_DCCN_OCCSISEC2010_1,IT1,1.0,Employment breakdown by industry,Occupazione per branca di attività,DCCN_OCCSISEC2010,1.0,2026-04-22T09:05:44.858Z,
94_805_DF_DCCN_OCCSISEC2010_2,IT1,1.0,Employment by subsector,Occupazione per sottosettore,DCCN_OCCSISEC2010,1.0,2026-04-22T09:05:44.858Z,
95_42,IT1,1.0,Quarterly account,Conto trimestrale,DCCN_FPQ,1.0,2026-07-01T08:05:41.005Z,
95_42_DF_DCCN_FPQ_1,IT1,1.0,Economic account,Conto economico,DCCN_FPQ,1.0,2026-07-01T08:05:41.005Z,
95_42_DF_DCCN_FPQ_2,IT1,1.0,Indicators (GDP ratio),Indicatori (in rapporto al PIL),DCCN_FPQ,1.0,2026-07-01T08:05:41.005Z,
95_815,IT1,1.0,Annual non-financial accounts by subsectors,Conto annuale per sottosettore,DCCN_FPA,1.0,2026-05-25T08:17:39.322Z,METADATA_URL
95_815_DF_DCCN_FPA_1,IT1,1.0,Economic account by subsector,Conto economico per sottosettore,DCCN_FPA,1.0,2026-05-25T08:17:39.322Z,
95_815_DF_DCCN_FPA_2,IT1,1.0,Indicators (GDP ratio),Indicatori (in rapporto al PIL),DCCN_FPA,1.0,2026-05-25T08:17:39.322Z,METADATA_URL
95_815_DF_DCCN_FPA_3,IT1,1.0,"Compensation of employees, wages and salaries per capita by subsector",Redditi e retribuzione pro capite per sottosettore,DCCN_FPA,1.0,2026-05-25T08:17:39.322Z,
95_815_DF_DCCN_FPA_4,IT1,1.0,Gross fixed capital formation by subsector,Investimenti fissi lordi per sottosettore,DCCN_FPA,1.0,2026-05-25T08:17:39.322Z,
95_815_DF_DCCN_FPA_5,IT1,1.0,Taxes and social contributions by subsector,Imposte e contributi sociali per sottosettore,DCCN_FPA,1.0,2026-05-25T08:17:39.322Z,
95_815_DF_DCCN_FPA_6,IT1,1.0,Generation of final consumption expenditure,Formazione della spesa per consumi finali,DCCN_FPA,1.0,2026-05-25T08:17:39.322Z,
95_94,IT1,1.0,Annual expenditure by subsector,Uscite annuali per sottosettore,DCCN_OTEPPA,1.0,2026-04-22T09:06:26.693Z,
95_94_DF_DCCN_OTEPPA_1,IT1,1.0,Consumption expenditure by function (COFOG 2 and 3 digit),Spesa per consumi per funzione (COFOG 2 e 3 cifre),DCCN_OTEPPA,1.0,2026-04-22T09:06:26.693Z,
95_94_DF_DCCN_OTEPPA_2,IT1,1.0,Expenditure items by function (COFOG 2 and 3 digit),Voci di uscita per funzione (COFOG 2 e 3 cifre),DCCN_OTEPPA,1.0,2025-12-16T14:12:48.858Z,
96_1068,IT1,1.0,Social protection accounts in the 2014 version,Conti della Protezione sociale versione 2014,DCCN_PROTSOC_B14,1.0,05/24/2022 15:37:17,METADATA_URL
96_1068_DF_DCCN_PROTSOC_B14_1,IT1,1.0,Consolidated accounts - editions from May 2015 to April 2019,Conti economici consolidati - edizioni maggio 2015 e aprile 2019,DCCN_PROTSOC_B14330145,1.0,05/24/2022 15:37:17,METADATA_URL
96_1068_DF_DCCN_PROTSOC_B14_2,IT1,1.0,"Social benefits by policy area, risk and need - editions from May 2015 to April 2019","Prestazioni secondo evento, rischio e bisogno - edizioni maggio 2015 e aprile 2019",DCCN_PROTSOC_B14,1.0,05/24/2022 15:37:17,METADATA_URL
96_1069,IT1,1.0,Social protection accounts in the 2011 Version,Conti della Protezione sociale versione 2011,DCCN_PROTSOC_B11,1.0,10/12/2021 07:22:20,METADATA_URL
97_1027,IT1,1.0,Physical energy flow accounts (PEFA),Conti dei flussi fisici di energia (PEFA),DCCN_PEFA,1.1,2026-05-06T09:02:46.632Z,METADATA_URL
97_1027_DF_DCCN_PEFA_1,IT1,1.0,Supply and use: scheme,Risorse e impieghi: schema di sintesi,DCCN_PEFA,1.1,2026-05-06T09:02:46.632Z,
97_1027_DF_DCCN_PEFA_2,IT1,1.0,Supply by activity and energy flow,Risorse per attività e tipo di flusso,DCCN_PEFA,1.1,2026-05-06T09:02:46.632Z,
97_1027_DF_DCCN_PEFA_3,IT1,1.0,Use by activity and energy flow,Impieghi per attività e tipo di flusso,DCCN_PEFA,1.1,2026-05-06T09:02:46.632Z,
97_1027_DF_DCCN_PEFA_4,IT1,1.0,Emission-relevant use by activity and energy flow (related to fuel combustion),Impieghi rilevanti per le emissioni atmosferiche (impieghi da combustione),DCCN_PEFA,1.1,2026-05-06T09:02:46.632Z,
97_1027_DF_DCCN_PEFA_5B,IT1,1.0,Vectors of key energy indicators,Vettori di indicatori chiave sui flussi di energia,DCCN_PEFA,1.1,2026-05-06T09:02:46.632Z,
97_1027_DF_DCCN_PEFA_6,IT1,1.0,Bridge table: energy consumption,Tavola di raccordo: consumo di energia,DCCN_PEFA,1.1,2026-05-06T09:02:46.632Z,
97_1027_DF_DCCN_PEFA_7,IT1,1.0,Use of energy flows by type,Impieghi dei flussi di energia per tipo di uso,DCCN_PEFA,1.1,2026-05-06T09:02:46.632Z,
97_1027_DF_DCCN_PEFA_8,IT1,1.0,Energy intensity,Intensità energetica,DCCN_PEFA,1.1,2026-05-06T09:02:46.632Z,
97_1027_DF_DCCN_PEFA_9,IT1,1.0,Emission intensity of energy consumption,Intensità di emissione  dei consumi energetici,DCCN_PEFA,1.1,2026-05-06T09:02:46.632Z,
97_1028,IT1,1.0,Environmental goods and services accounts,Conti dei beni e servizi ambientali,DCCN_EGSS,1.0,2025-02-06T11:07:31.069Z,METADATA_URL
97_1028_DF_DCCN_EGSS_1,IT1,1.0,"Output, value added, exports","Produzione, valore aggiunto, esportazioni",DCCN_EGSS,1.0,02/06/2025 11:07:31,
97_1028_DF_DCCN_EGSS_2,IT1,1.0,Employment (full time equivalent),Occupazione (unità di lavoro),DCCN_EGSS,1.0,02/06/2025 11:07:31,
97_187,IT1,1.0,NAMEA air emissions (NACE Rev.2),Emissioni atmosferiche NAMEA (NACE Rev.2),DCCN_CONTIEMATMREV2,1.1,2025-12-11T10:07:52.550Z,METADATA_URL
97_187_DF_DCCN_CONTIEMATMREV2_1,IT1,1.0,Production activities,Attività produttive,DCCN_CONTIEMATMREV2,1.1,2025-12-11T10:07:52.550Z,
97_187_DF_DCCN_CONTIEMATMREV2_2,IT1,1.0,Households,Famiglie,DCCN_CONTIEMATMREV2,1.1,2025-12-11T10:07:52.550Z,
97_187_DF_DCCN_CONTIEMATMREV2_3,IT1,1.0,Bridging items between NAMEA total and UNFCCC/CLRTAP total,Raccordo tra totale NAMEA e totale UNFCCC/CLRTAP,DCCN_CONTIEMATMREV2,1.1,2025-12-11T10:07:52.550Z,
97_187_DF_DCCN_CONTIEMATMREV2_4,IT1,1.0,Intensity of output and value added,Intensità della produzione e del valore aggiunto,DCCN_CONTIEMATMREV2,1.1,2025-12-11T10:07:52.550Z,
97_187_DF_DCCN_CONTIEMATMREV2_5,IT1,1.0,Intensity of employment,Intensità della occupazione,DCCN_CONTIEMATMREV2,1.1,2025-12-11T10:07:52.550Z,
97_26,IT1,1.0,Environmental tax revenue,Gettito delle imposte ambientali,DCCN_IMPAMB1,1.0,2026-07-07T08:10:52.524Z,METADATA_URL
97_26_DF_DCCN_IMPAMB1_1,IT1,1.0,Tax category,Categoria di imposta,DCCN_IMPAMB1,1.0,2026-07-07T08:10:52.524Z,
97_26_DF_DCCN_IMPAMB1_2,IT1,1.0,Paying unit,Unità che corrisponde l'imposta,DCCN_IMPAMB1,1.0,2026-07-07T08:10:52.524Z,
97_26_DF_DCCN_IMPAMB1_3,IT1,1.0,Taxes paid by economic activity,Gettito corrisposto dalle attività economiche,DCCN_IMPAMB1,1.0,2026-07-07T08:10:52.524Z,
97_26_DF_DCCN_IMPAMB1_4,IT1,1.0,CEPA class,Classe CEPA,DCCN_IMPAMB1,1.0,2026-07-07T08:10:52.524Z,
97_26_DF_DCCN_IMPAMB1_5,IT1,1.0,Use of the tax revenue,Destinazione del gettito,DCCN_IMPAMB1,1.0,2026-07-07T08:10:52.524Z,
97_334,IT1,1.0,National materials' use accounts,Conti dei flussi di materia,DCCN_FLUMAT,1.0,2026-07-15T10:02:59.643Z,METADATA_URL
97_334_DF_DCCN_FLUMAT_1,IT1,1.0,National economy-wide material flow indicators,Indicatori aggregati nazionali,DCCN_FLUMAT,1.0,2026-07-15T10:02:59.643Z,
97_334_DF_DCCN_FLUMAT_2,IT1,1.0,Domestic extraction of used materials,Estrazione interna di materiali utilizzati,DCCN_FLUMAT,1.0,2026-07-15T10:02:59.643Z,
97_334_DF_DCCN_FLUMAT_3,IT1,1.0,Exchanges with the rest of the world,Scambi con il resto del mondo,DCCN_FLUMAT,1.0,2026-07-15T10:02:59.643Z,
97_334_DF_DCCN_FLUMAT_4,IT1,1.0,Economy-wide material flow indicators by region,Indicatori aggregati regionali,DCCN_FLUMAT,1.0,2026-07-15T10:02:59.643Z,
97_366,IT1,1.0,Social protection accounts,Conti della Protezione sociale,DCCN_PROTSOC,1.0,2026-04-22T09:07:01.083Z,
97_366_DF_DCCN_PROTSOC_1,IT1,1.0,Consolidated accounts,Conti economici consolidati,DCCN_PROTSOC,1.0,2026-04-22T09:07:01.083Z,
97_366_DF_DCCN_PROTSOC_2,IT1,1.0,"Social benefits by policy area, risk and need","Prestazioni secondo evento, rischio e bisogno",DCCN_PROTSOC,1.0,2026-04-22T09:07:01.083Z,
97_79,IT1,1.0,NAMEA air emissions (NACE Rev.1.1),Emissioni atmosferiche NAMEA (NACE Rev.1.1),DCCN_CONTIEMATM,1.0,09/21/2021 07:07:54,METADATA_URL
97_932,IT1,1.0,Energy use accounts 2014 version,Conti dell'impiego di energia versione 2014,DCCN_PRODENER,1.0,09/22/2021 07:13:29,METADATA_URL
97_953,IT1,1.0,Environmental protection expenditure,Spese per la protezione dell'ambiente,DCCN_SPESAPROTAMB,1.0,2025-02-18T09:00:00.843Z,
97_953_DF_DCCN_SPESAPROTAMB_1,IT1,1.0,National expenditure,Spesa nazionale,DCCN_SPESAPROTAMB,1.0,2025-02-18T09:00:00.843Z,
97_953_DF_DCCN_SPESAPROTAMB_2,IT1,1.0,Economic aggregates by institutional sector,Aggregati economici per settore istituzionale,DCCN_SPESAPROTAMB,1.0,2025-02-18T09:00:00.843Z,
97_953_DF_DCCN_SPESAPROTAMB_3,IT1,1.0,"Gross fixed capital formation, intermediate consumption and ancillary output of corporations as ancillary producers by economic activity","Investimenti, consumi intermedi e produzione ausiliaria delle società come produttori ausiliari per attività economica",DCCN_SPESAPROTAMB,1.0,2025-02-18T09:00:00.843Z,
98_1066,IT1,1.0,Productivity measures - Accounts in the 2014 version,Misure di produttività - Conti versione 2014,DCCN_PRODUTTIVITA_B14,1.0,09/22/2021 07:22:29,METADATA_URL
98_1066_DF_DCCN_PRODUTTIVITA_B14_1,IT1,1.0,Main productivity indicators - editions from March 2015 to March 2019,Indicatori di produttività - edizioni marzo 2015 - marzo 2019,DCCN_PRODUTTIVITA_B14803649,1.0,03/10/2022 10:16:36,METADATA_URL
98_1066_DF_DCCN_PRODUTTIVITA_B14_2,IT1,1.0,Contributions to growth of value added - editions from March 2015 to March 2019,Contributi alla crescita del valore aggiunto - edizioni marzo 2015 - marzo 2019,DCCN_PRODUTTIVITA_B14972708,1.0,03/10/2022 10:32:30,METADATA_URL
98_1066_DF_DCCN_PRODUTTIVITA_B14_3,IT1,1.0,Contributions to growth of labour productivity - editions from March 2015 to March 2019,Contributi alla crescita della produttività del lavoro - edizioni marzo 2015 - marzo 2019,DCCN_PRODUTTIVITA_B14314547,1.0,03/10/2022 10:52:27,METADATA_URL
98_1066_DF_DCCN_PRODUTTIVITA_B14_4,IT1,1.0,Series for calculation of productivity - editions from March 2015 to March 2019,Serie per il calcolo delle produttività - edizioni marzo 2015 - marzo 2019,DCCN_PRODUTTIVITA_B14473313,1.0,03/10/2022 11:22:18,METADATA_URL
98_1066_DF_DCCN_PRODUTTIVITA_B14_5,IT1,1.0,Contributions of each industry to labour productivity growth - editions from March 2015 to March 2019,Contributi settoriali alla variazione della produttività del lavoro - edizioni marzo 2015 - marzo 2019,DCCN_PRODUTTIVITA_B14104430,1.0,03/10/2022 11:35:10,METADATA_URL
98_1067,IT1,1.0,Productivity measures - Accounts in the 2011 version,Misure di produttività - Conti versione 2011,DCCN_PRODUTTIVITA_B11,1.0,09/22/2021 07:19:09,METADATA_URL
98_197,IT1,1.0,Productivity measures,Misure di produttività,DCCN_PRODUTTIVITA,1.0,2026-04-02T10:08:30.293Z,METADATA_URL
98_197_DF_DCCN_PRODUTTIVITA_1,IT1,1.0,Main productivity indicators,Indicatori di produttività,DCCN_PRODUTTIVITA,1.0,2026-04-02T10:08:30.293Z,
98_197_DF_DCCN_PRODUTTIVITA_2,IT1,1.0,Contributions to growth of value added,Contributi alla crescita del valore aggiunto,DCCN_PRODUTTIVITA,1.0,2026-04-02T10:08:30.293Z,
98_197_DF_DCCN_PRODUTTIVITA_3,IT1,1.0,Contributions to growth of labour productivity,Contributi alla crescita della produttività del lavoro,DCCN_PRODUTTIVITA,1.0,2026-04-02T10:08:30.293Z,
98_197_DF_DCCN_PRODUTTIVITA_4,IT1,1.0,Series for calculation of productivity,Serie per il calcolo delle produttività,DCCN_PRODUTTIVITA,1.0,2026-04-02T10:08:30.293Z,
98_197_DF_DCCN_PRODUTTIVITA_5,IT1,1.0,Contributions of each industry to labour productivity growth,Contributi settoriali alla variazione della produttività del lavoro,DCCN_PRODUTTIVITA,1.0,2026-04-02T10:08:30.293Z,
9_951,IT1,1.0,Mining and quarrying,Cave e miniere,DCCV_CAVE_MIN,1.0,2026-03-13T15:15:18.213Z,
9_951_DF_DCCV_CAVE_MIN_1,IT1,1.0,Extractive sites,Siti estrattivi,DCCV_CAVE_MIN,1.0,2026-03-13T15:15:18.213Z,
9_951_DF_DCCV_CAVE_MIN_2,IT1,1.0,Non-energetic  mineral resources extracted (units of weight),Risorse minerali non energetiche estratte (in unità di peso),DCCV_CAVE_MIN,1.0,2026-03-13T15:15:18.213Z,
9_951_DF_DCCV_CAVE_MIN_3,IT1,1.0,Non-energetic mineral resources extracted (units of volume),Risorse minerali non energetiche estratte (in unità di volume),DCCV_CAVE_MIN,1.0,2026-03-13T15:15:18.213Z,
9_951_DF_DCCV_CAVE_MIN_4,IT1,1.0,Natural mineral waters extracted for production purposes (in units of weight and volume),Acque minerali naturali estratte a fini di produzione (in unità di peso e volume),DCCV_CAVE_MIN,1.0,2026-03-13T15:15:18.213Z,
9_951_DF_DCCV_CAVE_MIN_5,IT1,1.0,Extraction Intencity Indicator (in unit of weihgt and volume),Indicatore Intesità di Estrazione (in unità di peso e volume),DCCV_CAVE_MIN,1.0,2026-03-13T15:15:18.213Z,
BULK_MS_VIDEO,IT1,1.0,The statistical machines 2016,Le macchine della statistica 2016,VIRTUALDSD,1.0,,
CATCUBE,IT1,1.0,Cubes list,Lista Cubi,VIRTUALDSD,1.0,,
CPI,IT1,1.0,Consumer prices,Prezzi al consumo,ECOFIN_DSD,1.0,,
DCAT_CENSAGRIC2020_AGE_INF,IT1,1.0,Farms by type of computerization and age of the manager,Aziende per tipo di informatizzazione ed età del capo azienda,DCAT_CENSAGRIC2020_AGE_INF,1.0,07/19/2024 13:07:18,
DCAT_CENSAGRIC2020_GAIN,IT1,1.0,Farms with gainful activities,Aziende con attività connesse,DCAT_CENSAGRIC2020_GAIN,1.0,12/03/2024 16:29:52,
DCCV_CARGEOMOR_COM,IT1,1.0,Areas at hydrogeological risk,Superfici esposte a rischio idrogeologico,DCCV_CARGEOMOR_COM,1.0,2023-06-21T12:50:40.730Z,
DCCV_CARGEOMOR_ST_COM,IT1,1.0,Total area,Superfici territoriali,DCCV_CARGEOMOR_ST_COM,1.0,09/03/2025 13:46:09,
DCSS_BULK_ABITAZIONI,IT1,1.0,Conventional dwellings,Abitazioni,VIRTUALDSD,1.0,,
DCSS_BULK_CONVIVENZE,IT1,1.0,Institutional households,Convivenze anagrafiche,VIRTUALDSD,1.0,,
DCSS_BULK_FAMIGLIE,IT1,1.0,Private households by number of members,Famiglie per numero di componenti,VIRTUALDSD,1.0,,
DCSS_BULK_FAM_POP,IT1,1.0,Number of private households and resident population in private household,Numero di famiglie e popolazione residente in famiglia,VIRTUALDSD,1.0,,
DCSS_BULK_ISTR_LAV_PEN_2,IT1,1.0,"Education, work, commuting and citizenship","Istruzione, lavoro, spostamenti pendolari e cittadinanza",VIRTUALDSD,1.0,,
DCSS_BULK_POP_CAMPI_ATTR,IT1,1.0,Authorized and not authorized settlement,"Campi attrezzati, insediamenti tollerati e spontanei",VIRTUALDSD,1.0,,
DCSS_BULK_POP_DEMCITMIG,IT1,1.0,Demographic characteristics and citizenship,Caratteristiche demografiche e cittadinanza,VIRTUALDSD,1.0,,
DCSS_BULK_SENZA_TETTO,IT1,1.0,Primary and secondary homeless,Senza tetto e senza fissa dimora,VIRTUALDSD,1.0,,
DF_BES_TERRIT,IT1,1.0,Bes at local level,Bes dei territori,BES_TERRIT,1.1,2025-06-30T15:22:06.201Z,
DF_BES_TERRIT_0,IT1,1.0,All indicators by individual territory,Indicatori per singolo territorio,BES_TERRIT,1.1,2025-06-30T15:22:06.201Z,
DF_BES_TERRIT_0T,IT1,1.0,All indicators - All territories,Indicatori e territorio,BES_TERRIT,1.1,2025-06-30T15:22:06.201Z,
DF_BES_TERRIT_1,IT1,1.0,Health,Salute,BES_TERRIT,1.1,2025-06-30T15:22:06.201Z,
DF_BES_TERRIT_10,IT1,1.0,Environment,Ambiente,BES_TERRIT,1.1,2025-06-30T15:22:06.201Z,
DF_BES_TERRIT_11,IT1,1.0,"Innovation, research and creativity","Innovazione, ricerca e creatività",BES_TERRIT,1.1,2025-06-30T15:22:06.201Z,
DF_BES_TERRIT_12,IT1,1.0,Quality of services,Qualità dei servizi,BES_TERRIT,1.1,2025-06-30T15:22:06.201Z,
DF_BES_TERRIT_2,IT1,1.0,Education and training,Istruzione e formazione,BES_TERRIT,1.1,2025-06-30T15:22:06.201Z,
DF_BES_TERRIT_3,IT1,1.0,Work and life balance,Lavoro e conciliazione dei tempi di vita,BES_TERRIT,1.1,2025-06-30T15:22:06.201Z,
DF_BES_TERRIT_4,IT1,1.0,Economic well-being,Benessere economico,BES_TERRIT,1.1,2025-06-30T15:22:06.201Z,
DF_BES_TERRIT_5,IT1,1.0,Social relationships,Relazioni sociali,BES_TERRIT,1.1,2025-06-30T15:22:06.201Z,
DF_BES_TERRIT_6,IT1,1.0,Politics and Institutions,Politica e istituzioni,BES_TERRIT,1.1,2025-06-30T15:22:06.201Z,
DF_BES_TERRIT_7,IT1,1.0,Safety,Sicurezza,BES_TERRIT,1.1,2025-06-30T15:22:06.201Z,
DF_BES_TERRIT_9,IT1,1.0,Landscape and cultural heritage,Paesaggio e patrimonio culturale,BES_TERRIT,1.1,2025-06-30T15:22:06.201Z,
DF_BULK_2014TABLES,IT1,1.0,2014 tables,Tavole 2014,VIRTUALDSD,1.0,,
DF_BULK_AGRMULTI_INN_1,IT1,1.0,Innovation,Innovazione,VIRTUALDSD,1.0,,
DF_BULK_AGRMULTI_RISK_1,IT1,1.0,Risk management,Gestione del rischio,VIRTUALDSD,1.0,,
DF_BULK_AGRMULTI_SUST_1,IT1,1.0,Sustainability,Sostenibilità,VIRTUALDSD,1.0,,
DF_BULK_AGRMULTI_WATER_1,IT1,1.0,Water resources,Risorse idriche,VIRTUALDSD,1.0,,
DF_BULK_ANIMALFEED,IT1,1.0,Animal feeds broken time series 2003-2014,Mangimi serie interrotte 2003-2014,VIRTUALDSD,1.0,,
DF_BULK_BANKRUPTCI,IT1,1.0,Bankruptcies broken time series 1990-2007,Fallimenti serie interrotte 1990-2007,VIRTUALDSD,1.0,,
DF_BULK_CAG2000_1,IT1,1.0,Agricultural Census 2000,Censimento agricoltura 2000,VIRTUALDSD,1.0,,
DF_BULK_CAG2010_DICA_ALLEVAMENTI,IT1,1.0,Livestock,Consistenza degli allevamenti,VIRTUALDSD,1.0,,
DF_BULK_CAG2010_DICA_ALLEVAMENTIBIO,IT1,1.0,Certified organic livestock,Consistenza degli allevamenti biologici certificati,VIRTUALDSD,1.0,,
DF_BULK_CAG2010_DICA_ALLEVAMENTIDOP,IT1,1.0,PDO and/or PGI livestock,Consistenza degli allevamenti DOP e/o IGP,VIRTUALDSD,1.0,,
DF_BULK_CAG2010_DICA_ALLEVAMENTIUBI,IT1,1.0,Livestock by agricultural unit location,Consistenza degli allevamenti per ubicazione delle unità agricole,VIRTUALDSD,1.0,,
DF_BULK_CAG2010_DICA_ATTIVCON,IT1,1.0,Other gainful activities related to the farms,Attività remunerative connesse alle aziende,VIRTUALDSD,1.0,,
DF_BULK_CAG2010_DICA_ATTIVCONBIO,IT1,1.0,Other gainful activities related to the organic farms,Attività remunerative connesse alle aziende biologiche,VIRTUALDSD,1.0,,
DF_BULK_CAG2010_DICA_CAPOAZ,IT1,1.0,Farm manager,Capo azienda,VIRTUALDSD,1.0,,
DF_BULK_CAG2010_DICA_CAPOAZBIO,IT1,1.0,Farm manager of organic farms,Capo azienda delle aziende biologiche,VIRTUALDSD,1.0,,
DF_BULK_CAG2010_DICA_COMMERCIALIZ,IT1,1.0,Marketing of the farms,Commercializzazione delle aziende,VIRTUALDSD,1.0,,
DF_BULK_CAG2010_DICA_COMMERCIALIZBIO,IT1,1.0,Marketing of the organic farms,Commercializzazione delle aziende biologiche,VIRTUALDSD,1.0,,
DF_BULK_CAG2010_DICA_CONTOTERZ,IT1,1.0,Third parties work of the farms,Contoterzismo delle aziende,VIRTUALDSD,1.0,,
DF_BULK_CAG2010_DICA_CONTOTERZBIO,IT1,1.0,Third parties work of the organic farms,Contoterzismo delle aziende biologiche,VIRTUALDSD,1.0,,
DF_BULK_CAG2010_DICA_CONTRICAUT,IT1,1.0,Other economic items of the farms,Altre informazioni economiche delle aziende agricole,VIRTUALDSD,1.0,,
DF_BULK_CAG2010_DICA_CONTRICAUTBIO,IT1,1.0,Other economic items of the organic farms,Altre informazioni economiche delle aziende agricole biologiche,VIRTUALDSD,1.0,,
DF_BULK_CAG2010_DICA_GAEZALL,IT1,1.0,Animal housing,Stabulazione del bestiame,VIRTUALDSD,1.0,,
DF_BULK_CAG2010_DICA_GAEZALLBIO,IT1,1.0,Animal housing of organic farms,Stabulazione del bestiame delle aziende biologiche,VIRTUALDSD,1.0,,
DF_BULK_CAG2010_DICA_GAEZEXP,IT1,1.0,Solid dung and slurry esported from the farm,Letame e liquame portati fuori dall'azienda,VIRTUALDSD,1.0,,
DF_BULK_CAG2010_DICA_GAEZEXPBIO,IT1,1.0,Solid dung and slurry esported from the organic farm,Letame e liquame portati fuori dall'azienda biologica,VIRTUALDSD,1.0,,
DF_BULK_CAG2010_DICA_GAEZIMP,IT1,1.0,Manure storage and treatment facilities,Impianti di stoccaggio e trattamento degli effluenti zootecnici,VIRTUALDSD,1.0,,
DF_BULK_CAG2010_DICA_GAEZIMPBIO,IT1,1.0,Manure storage and treatment facilities of organic farms,Impianti di stoccaggio e trattamento degli effluenti zootecnici delle aziende biologiche,VIRTUALDSD,1.0,,
DF_BULK_CAG2010_DICA_GAEZPAS,IT1,1.0,Animal grazing,Pascolo del bestiame,VIRTUALDSD,1.0,,
DF_BULK_CAG2010_DICA_GAEZPASBIO,IT1,1.0,Animal grazing of organic farms,Pascolo del bestiame delle aziende biologiche,VIRTUALDSD,1.0,,
DF_BULK_CAG2010_DICA_GCSCON,IT1,1.0,Production methods for arable land,Metodi di produzione dei seminativi,VIRTUALDSD,1.0,,
DF_BULK_CAG2010_DICA_GCSCONBIO,IT1,1.0,Production methods for arable land of organic farms,Metodi di produzione dei seminativi delle aziende biologiche,VIRTUALDSD,1.0,,
DF_BULK_CAG2010_DICA_GCSGES,IT1,1.0,Production methods for permanent crops,Metodi di produzione delle legnose agrarie,VIRTUALDSD,1.0,,
DF_BULK_CAG2010_DICA_GCSGESBIO,IT1,1.0,Production methods for permanent crops of organic farms,Metodi di produzione delle legnose agrarie delle aziende biologiche,VIRTUALDSD,1.0,,
DF_BULK_CAG2010_DICA_GCSZOO,IT1,1.0,Manure application,Applicazione degli effluenti zootecnici,VIRTUALDSD,1.0,,
DF_BULK_CAG2010_DICA_GCSZOOBIO,IT1,1.0,Manure application of organic farms,Applicazione degli effluenti zootecnici delle aziende biologiche,VIRTUALDSD,1.0,,
DF_BULK_CAG2010_DICA_IMPENRIN,IT1,1.0,Renewable energy production equipments of the farms,Impianti di produzione di energia rinnovabile delle aziende,VIRTUALDSD,1.0,,
DF_BULK_CAG2010_DICA_IMPENRINBIO,IT1,1.0,Renewable energy production equipments of the organic farms,Impianti di produzione di energia rinnovabile delle aziende agricole biologiche,VIRTUALDSD,1.0,,
DF_BULK_CAG2010_DICA_IRRIGAB,IT1,1.0,Farms and irrigable area,Aziende e superficie irrigabile,VIRTUALDSD,1.0,,
DF_BULK_CAG2010_DICA_IRRIGAB_BIO,IT1,1.0,Organic farms and irrigable area,Aziende biologiche e superficie irrigabile,VIRTUALDSD,1.0,,
DF_BULK_CAG2010_DICA_IRRIGATFG,IT1,1.0,"Farms, irrigated area and volume of water used for irrigation","Aziende, superficie irrigata e volumi irrigui",VIRTUALDSD,1.0,,
DF_BULK_CAG2010_DICA_IRRIGATFG_BIO,IT1,1.0,"Organic farms, irrigated area and volume of water used for irrigation","Aziende biologiche, superficie irrigata e volumi irrigui",VIRTUALDSD,1.0,,
DF_BULK_CAG2010_DICA_MANODOPALTR1,IT1,1.0,Other labour force of farms,Altra manodopera aziendale,VIRTUALDSD,1.0,,
DF_BULK_CAG2010_DICA_MANODOPALTRBIO,IT1,1.0,Other labour force of organic farms,Altra manodopera delle aziende biologiche,VIRTUALDSD,1.0,,
DF_BULK_CAG2010_DICA_MANODOPFAM,IT1,1.0,Family labour force,Manodopera familiare,VIRTUALDSD,1.0,,
DF_BULK_CAG2010_DICA_MANODOPFAMBIO,IT1,1.0,Family labour force of organic farms,Manodopera familiare delle aziende biologiche,VIRTUALDSD,1.0,,
DF_BULK_CAG2010_DICA_NOTAUS2,IT1,1.0,Additional characteristics,Altre caratteristiche,VIRTUALDSD,1.0,,
DF_BULK_CAG2010_DICA_NOTAUSBIO,IT1,1.0,Additional characteristics of organic farms,Altre caratteristiche delle aziende biologiche,VIRTUALDSD,1.0,,
DF_BULK_CAG2010_DICA_NOTAUSDOP,IT1,1.0,Additional characteristics of PDO and/or PGI farms,Altre caratteristiche delle aziende DOP e/o IGP,VIRTUALDSD,1.0,,
DF_BULK_CAG2010_DICA_NOTGEN,IT1,1.0,Farm characteristics,Caratteristiche delle aziende,VIRTUALDSD,1.0,,
DF_BULK_CAG2010_DICA_NOTGENBIO,IT1,1.0,Characteristics of organic farms,Caratteristiche delle aziende biologiche,VIRTUALDSD,1.0,,
DF_BULK_CAG2010_DICA_NOTGENDOP,IT1,1.0,Characteristics of PDO and/or PGI farms,Caratteristiche delle aziende DOP e/o IGP,VIRTUALDSD,1.0,,
DF_BULK_CAG2010_DICA_SERIESTOR1,IT1,1.0,Historical series,Serie storiche,VIRTUALDSD,1.0,,
DF_BULK_CAG2010_DICA_TIPOLOGIA,IT1,1.0,Typology of the farms,Caratteristiche tipologiche,VIRTUALDSD,1.0,,
DF_BULK_CAG2010_DICA_UTILTERR,IT1,1.0,Land use,Utilizzazione del terreno delle aziende,VIRTUALDSD,1.0,,
DF_BULK_CAG2010_DICA_UTILTERRBIO,IT1,1.0,Use of land managed with organic method,Utilizzazione del terreno condotto con metodo biologico,VIRTUALDSD,1.0,,
DF_BULK_CAG2010_DICA_UTILTERRDOP,IT1,1.0,Use of land for PDO and/or PGI crops,Utilizzazione del terreno per coltivazioni DOP e/o IGP,VIRTUALDSD,1.0,,
DF_BULK_CAG2010_DICA_UTILTERRUBI,IT1,1.0,Land use by agricultural unit location,Utilizzazione del terreno per ubicazione delle unità agricole,VIRTUALDSD,1.0,,
DF_BULK_CAG2010_DICA_VITE,IT1,1.0,Informations on vineyard and related propagation material,Notizie sulla vite e relativo materiale di propagazione,VIRTUALDSD,1.0,,
DF_BULK_CAUSESOFDE,IT1,1.0,Causes of death - Short_list V2024-01-30,Cause di morte - Short_list V2024-01-30,VIRTUALDSD,1.0,,
DF_BULK_CEN2011_DICA_ACD,IT1,1.0,Enterprises' employment,Occupazione delle imprese,VIRTUALDSD,1.0,,
DF_BULK_CEN2011_DICA_ADIPP,IT1,1.0,Enterprises' persons employees by social security contribution allowance,Dipendenti delle imprese per tipologia di beneficiari di sgravi contributivi,VIRTUALDSD,1.0,,
DF_BULK_CEN2011_DICA_ADIPW,IT1,1.0,Enterprises' persons employees (15vc),Dipendenti delle imprese (15vc),VIRTUALDSD,1.0,,
DF_BULK_CEN2011_DICA_ADIPW1,IT1,1.0,Enterprises' persons employees,Dipendenti delle imprese,VIRTUALDSD,1.0,,
DF_BULK_CEN2011_DICA_AESTC,IT1,1.0,Enterprises' outworkers by class of annual income and work period,Lavoratori esterni delle imprese per periodo di attività e compensi percepiti,VIRTUALDSD,1.0,,
DF_BULK_CEN2011_DICA_AESTL,IT1,1.0,Enterprises' outworkers by type of outworker,Lavoratori esterni delle imprese per tipologia di lavoratore,VIRTUALDSD,1.0,,
DF_BULK_CEN2011_DICA_AIND,IT1,1.0,Enterprises' self employers,Indipendenti delle imprese,VIRTUALDSD,1.0,,
DF_BULK_CEN2011_DICA_AINT,IT1,1.0,Enterprises' temporary workers,Lavoratori temporanei delle imprese,VIRTUALDSD,1.0,,
DF_BULK_CEN2011_DICA_ASIAUE1,IT1,1.0,Enterprises and human resources,Imprese e risorse umane,VIRTUALDSD,1.0,,
DF_BULK_CEN2011_DICA_ASIAUEABR,IT1,1.0,Abruzzo,Abruzzo,VIRTUALDSD,1.0,,
DF_BULK_CEN2011_DICA_ASIAUEBAS1,IT1,1.0,Basilicata PROVA,Basilicata PROVA,VIRTUALDSD,1.0,,
DF_BULK_CEN2011_DICA_ASIAUEBAS2,IT1,1.0,Basilicata,Basilicata,VIRTUALDSD,1.0,,
DF_BULK_CEN2011_DICA_ASIAUECAL,IT1,1.0,Calabria,Calabria,VIRTUALDSD,1.0,,
DF_BULK_CEN2011_DICA_ASIAUECAM,IT1,1.0,Campania,Campania,VIRTUALDSD,1.0,,
DF_BULK_CEN2011_DICA_ASIAUEEMI,IT1,1.0,Emilia-Romagna,Emilia-Romagna,VIRTUALDSD,1.0,,
DF_BULK_CEN2011_DICA_ASIAUEFRI,IT1,1.0,Friuli-Venezia Giulia,Friuli-Venezia Giulia,VIRTUALDSD,1.0,,
DF_BULK_CEN2011_DICA_ASIAUELAZ,IT1,1.0,Lazio,Lazio,VIRTUALDSD,1.0,,
DF_BULK_CEN2011_DICA_ASIAUELIG,IT1,1.0,Liguria,Liguria,VIRTUALDSD,1.0,,
DF_BULK_CEN2011_DICA_ASIAUELOM,IT1,1.0,Lombardia,Lombardia,VIRTUALDSD,1.0,,
DF_BULK_CEN2011_DICA_ASIAUEMAR,IT1,1.0,Marche,Marche,VIRTUALDSD,1.0,,
DF_BULK_CEN2011_DICA_ASIAUEMOL,IT1,1.0,Molise,Molise,VIRTUALDSD,1.0,,
DF_BULK_CEN2011_DICA_ASIAUEOCC,IT1,1.0,Enterprises' employment,Occupazione nelle Imprese,VIRTUALDSD,1.0,,
DF_BULK_CEN2011_DICA_ASIAUEPIE,IT1,1.0,Piemonte,Piemonte,VIRTUALDSD,1.0,,
DF_BULK_CEN2011_DICA_ASIAUEPUG,IT1,1.0,Puglia,Puglia,VIRTUALDSD,1.0,,
DF_BULK_CEN2011_DICA_ASIAUESAR,IT1,1.0,Sardegna,Sardegna,VIRTUALDSD,1.0,,
DF_BULK_CEN2011_DICA_ASIAUESIC,IT1,1.0,Sicilia,Sicilia,VIRTUALDSD,1.0,,
DF_BULK_CEN2011_DICA_ASIAUETAA,IT1,1.0,Trentino Alto Adige / Südtirol,Trentino Alto Adige / Südtirol,VIRTUALDSD,1.0,,
DF_BULK_CEN2011_DICA_ASIAUETOS,IT1,1.0,Toscana,Toscana,VIRTUALDSD,1.0,,
DF_BULK_CEN2011_DICA_ASIAUEUMB,IT1,1.0,Umbria,Umbria,VIRTUALDSD,1.0,,
DF_BULK_CEN2011_DICA_ASIAUEVDA,IT1,1.0,Valle d'Aosta / Vallée d'Aoste,Valle d'Aosta / Vallée d'Aoste,VIRTUALDSD,1.0,,
DF_BULK_CEN2011_DICA_ASIAUEVEN,IT1,1.0,Veneto,Veneto,VIRTUALDSD,1.0,,
DF_BULK_CEN2011_DICA_ASIAUL,IT1,1.0,Local units and local units' persons employed - Data until municipal level and by 2001 Local labour market area,Unità locali e addetti delle unità locali - Dati sino al livello comunale e per Sistema locale del lavoro 2001,VIRTUALDSD,1.0,,
DF_BULK_CEN2011_DICA_ASIAULOCC,IT1,1.0,Enterprises' employment of local units,Occupazione delle unità locali delle imprese,VIRTUALDSD,1.0,,
DF_BULK_CEN2011_DICA_IPICTDCOM,IT1,1.0,Endowment of ICT resources - municipal level,Dotazione di risorse ICT - dati comunali,VIRTUALDSD,1.0,,
DF_BULK_CEN2011_DICA_IPICTDNP,IT1,1.0,Endowment of ICT resources,Dotazione di risorse ICT,VIRTUALDSD,1.0,,
DF_BULK_CEN2011_DICA_IPICTUCOM,IT1,1.0,Use of ICT resources - municipal level,Utilizzo di risorse ICT - dati comunali,VIRTUALDSD,1.0,,
DF_BULK_CEN2011_DICA_IPICTUNP,IT1,1.0,Use of ICT resources,Utilizzo di risorse ICT,VIRTUALDSD,1.0,,
DF_BULK_CEN2011_DICA_IPIF,IT1,1.0,"Qualification 2011, 2015","Attività formativa del personale 2011, 2015",VIRTUALDSD,1.0,,
DF_BULK_CEN2011_DICA_IPO,IT1,1.0,"Employment by contract type, working time and age class 2011, 2015","Occupazione per tipologia contrattuale, regime orario e classe di età 2011, 2015",VIRTUALDSD,1.0,,
DF_BULK_CEN2011_DICA_IPQLTFCOM,IT1,1.0,Environmental sustainability - municipal level,Sostenibilità ambientale - dati comunali,VIRTUALDSD,1.0,,
DF_BULK_CEN2011_DICA_IPQLTFNP,IT1,1.0,Environmental sustainability,Sostenibilità ambientale,VIRTUALDSD,1.0,,
DF_BULK_CEN2011_DICA_IPQLTGCOM,IT1,1.0,Health and safety at work and transparency - municipal level,Salute e sicurezza nei luoghi di lavoro e trasparenza - dati comunali,VIRTUALDSD,1.0,,
DF_BULK_CEN2011_DICA_IPQLTGNP,IT1,1.0,Health and safety at work and transparency,Salute e sicurezza nei luoghi di lavoro e trasparenza,VIRTUALDSD,1.0,,
DF_BULK_CEN2011_DICA_IPSTRIPCOM,IT1,1.0,"Institutions, human resources and gender - municipal level 2011, 2015","Istituzioni, risorse umane e genere - dati comunali 2011, 2015",VIRTUALDSD,1.0,,
DF_BULK_CEN2011_DICA_IPSTRIPNP,IT1,1.0,"Institutions, human resources and gender 2011, 2015","Istituzioni, risorse umane e genere 2011, 2015",VIRTUALDSD,1.0,,
DF_BULK_CEN2011_DICA_IPSTRULCOM,IT1,1.0,"Local units, human resources and gender - municipal level 2011, 2015","Unità locali, risorse umane e genere - dati comunali 2011, 2015",VIRTUALDSD,1.0,,
DF_BULK_CEN2011_DICA_IPSTRULNP,IT1,1.0,"Local units, human resources and gender 2011, 2015","Unità locali, risorse umane e genere 2011, 2015",VIRTUALDSD,1.0,,
DF_BULK_CEN2011_DICA_IPSUL,IT1,1.0,"Local units, related functions and services","Unità locali, funzioni e servizi offerti",VIRTUALDSD,1.0,,
DF_BULK_CEN2011_DICA_MPSCUM,IT1,1.0,Human capital - Data until regional level,Capitale umano - Dati sino al livello regionale,VIRTUALDSD,1.0,,
DF_BULK_CEN2011_DICA_MPSFIN1,IT1,1.0,Finance - Data until provincial level,Finanza - Dati sino al livello provinciale,VIRTUALDSD,1.0,,
DF_BULK_CEN2011_DICA_MPSINN1,IT1,1.0,Innovation - Data until regional level,Innovazione - Dati sino al livello regionale,VIRTUALDSD,1.0,,
DF_BULK_CEN2011_DICA_MPSINT1,IT1,1.0,Internalisation - Data until regional level,Internazionalizzazione - Dati sino al livello regionale,VIRTUALDSD,1.0,,
DF_BULK_CEN2011_DICA_MPSMER,IT1,1.0,Competitiveness and market - Data until provincial level,Competitività e mercato - Dati sino al livello provinciale,VIRTUALDSD,1.0,,
DF_BULK_CEN2011_DICA_MPSPCGDEM,IT1,1.0,Ownership and governance - demographic characteristics,"Proprietà, controllo, gestione - caratteristiche demografiche",VIRTUALDSD,1.0,,
DF_BULK_CEN2011_DICA_MPSPCGEVP1,IT1,1.0,Ownership and governance - past events,"Proprietà, controllo, gestione - eventi precedenti",VIRTUALDSD,1.0,,
DF_BULK_CEN2011_DICA_MPSPCGTOT1,IT1,1.0,Ownership and governance,"Proprietà, controllo, gestione",VIRTUALDSD,1.0,,
DF_BULK_CEN2011_DICA_MPSRLZ1,IT1,1.0,Inter-enterprise relations - Data until regional level,Relazioni tra imprese - Dati sino al livello regionale,VIRTUALDSD,1.0,,
DF_BULK_CEN2011_DICA_N01BCOM,IT1,1.0,Economic and financial resources - municipal level,Risorse economiche - dati comunali,VIRTUALDSD,1.0,,
DF_BULK_CEN2011_DICA_N01C,IT1,1.0,"Human resources 2011, 2015","Risorse umane 2011, 2015",VIRTUALDSD,1.0,,
DF_BULK_CEN2011_DICA_N01CB,IT1,1.0,"Human resources, economic and financial resources",Risorse umane e risorse economiche,VIRTUALDSD,1.0,,
DF_BULK_CEN2011_DICA_N01CCOM,IT1,1.0,Human resources - municipal level,Risorse umane - dati comunali,VIRTUALDSD,1.0,,
DF_BULK_CEN2011_DICA_N01GCOM,IT1,1.0,Institution characteristics - municipal level,Caratteristiche istituzione - dati comunali,VIRTUALDSD,1.0,,
DF_BULK_CEN2011_DICA_N01P,IT1,1.0,Period of legal form acquisition,Periodo assunzione forma giuridica,VIRTUALDSD,1.0,,
DF_BULK_CEN2011_DICA_N01PB,IT1,1.0,"Period of legal form acquisition, economic and financial resources",Periodo assunzione forma giuridica e risorse economiche,VIRTUALDSD,1.0,,
DF_BULK_CEN2011_DICA_N01PCOM,IT1,1.0,Period of legal form acquisition - municipal level,Periodo assunzione forma giuridica - dati comunali,VIRTUALDSD,1.0,,
DF_BULK_CEN2011_DICA_N01SS,IT1,1.0,"Prevalent and secondary activity 2011, 2015","Attività prevalente e secondaria 2011, 2015",VIRTUALDSD,1.0,,
DF_BULK_CEN2011_DICA_N02M,IT1,1.0,"Mission 2011, 2015","Mission 2011, 2015",VIRTUALDSD,1.0,,
DF_BULK_CEN2011_DICA_N02MCOM,IT1,1.0,Mission - municipal level,,VIRTUALDSD,1.0,,
DF_BULK_CEN2011_DICA_N02S,IT1,1.0,Offered services,Servizi offerti,VIRTUALDSD,1.0,,
DF_BULK_CEN2011_DICA_N02SCOM,IT1,1.0,Offered services - municipal level,Servizi offerti - dati comunali,VIRTUALDSD,1.0,,
DF_BULK_CEN2011_DICA_N03ACOM,IT1,1.0,Type of business activity - municipal level,Tipo di attività economica - dati comunali,VIRTUALDSD,1.0,,
DF_BULK_CEN2011_DICA_N03B,IT1,1.0,Economic and financial resources,Risorse economiche,VIRTUALDSD,1.0,,
DF_BULK_CEN2011_DICA_N03FCOM,IT1,1.0,Prevalent type of financing - municipal level,Tipologia di finanziamento prevalente - dati comunali,VIRTUALDSD,1.0,,
DF_BULK_CEN2011_DICA_N03G,IT1,1.0,"Institution characteristics 2011, 2015","Caratteristiche istituzione 2011, 2015",VIRTUALDSD,1.0,,
DF_BULK_CEN2011_DICA_N03OCOM,IT1,1.0,Scope of the institution - municipal level,Orientamento dell'istituzione - dati comunali,VIRTUALDSD,1.0,,
DF_BULK_CEN2011_DICA_N03S,IT1,1.0,Offered services,Servizi offerti,VIRTUALDSD,1.0,,
DF_BULK_CEN2011_DICA_N04E,IT1,1.0,Revenues,Entrate,VIRTUALDSD,1.0,,
DF_BULK_CEN2011_DICA_N04ECOM,IT1,1.0,Revenues - municipal level,Entrate - dati comunali,VIRTUALDSD,1.0,,
DF_BULK_CEN2011_DICA_N04U,IT1,1.0,Expenditures,Uscite,VIRTUALDSD,1.0,,
DF_BULK_CEN2011_DICA_N04UCOM,IT1,1.0,Expenditures - municipal level,Uscite - dati comunali,VIRTUALDSD,1.0,,
DF_BULK_CEN2011_DICA_N05B,IT1,1.0,Economic and financial resources,Risorse economiche,VIRTUALDSD,1.0,,
DF_BULK_CEN2011_DICA_N05C,IT1,1.0,Categories of occupations,Categorie professionali,VIRTUALDSD,1.0,,
DF_BULK_CEN2011_DICA_N05CB,IT1,1.0,"Categories of occupations, economic and financial resources",Categorie professionali e risorse economiche,VIRTUALDSD,1.0,,
DF_BULK_CEN2011_DICA_N05CCOM,IT1,1.0,Categories of occupations - municipal level,Categorie professionali - dati comunali,VIRTUALDSD,1.0,,
DF_BULK_CEN2011_DICA_N05GCOM,IT1,1.0,Employees and outworkers institutions - municipal level,Istituzioni lavoratori dipendenti e lavoratori esterni - dati comunali,VIRTUALDSD,1.0,,
DF_BULK_CEN2011_DICA_N05W,IT1,1.0,"Employees and outworkers 2011, 2015","Lavoratori dipendenti e lavoratori esterni 2011, 2015",VIRTUALDSD,1.0,,
DF_BULK_CEN2011_DICA_N05WCOM,IT1,1.0,Type of contract and working-time regime of employees - municipal level,Tipo contratto e regime orario dei dipendenti - dati comunali,VIRTUALDSD,1.0,,
DF_BULK_CEN2011_DICA_N06ECOM,IT1,1.0,Highest level of education attained of volunteers - municipal level,Titolo di studio dei volontari - dati comunali,VIRTUALDSD,1.0,,
DF_BULK_CEN2011_DICA_N06GCOM,IT1,1.0,Institutions with volunteers - municipal level,Istituzioni con volontari - dati comunali,VIRTUALDSD,1.0,,
DF_BULK_CEN2011_DICA_N06I,IT1,1.0,Institutions with volunteers,Istituzioni con volontari,VIRTUALDSD,1.0,,
DF_BULK_CEN2011_DICA_N06PCOM,IT1,1.0,Professional status of volunteers - municipal level,Condizione occupazionale dei volontari - dati comunali,VIRTUALDSD,1.0,,
DF_BULK_CEN2011_DICA_N06T,IT1,1.0,Volunteers,Volontari,VIRTUALDSD,1.0,,
DF_BULK_CEN2011_DICA_N06YCOM,IT1,1.0,Age class of volunteers - municipal level,Classe di età dei volontari - dati comunali,VIRTUALDSD,1.0,,
DF_BULK_CEN2011_DICA_N07A,IT1,1.0,Structure,Struttura,VIRTUALDSD,1.0,,
DF_BULK_CEN2011_DICA_N07ACOM,IT1,1.0,Structure - municipal level,Struttura - dati comunali,VIRTUALDSD,1.0,,
DF_BULK_CEN2011_DICA_N07B,IT1,1.0,Expenditure and revenues,Entrate ed uscite,VIRTUALDSD,1.0,,
DF_BULK_CEN2011_DICA_N07BCOM,IT1,1.0,Expenditure and revenues - municipal level,Entrate ed uscite - dati comunali,VIRTUALDSD,1.0,,
DF_BULK_CEN2011_DICA_N08C,IT1,1.0,Type of direct appeals for fundraising,Tipologia di contatti diretti per raccolta fondi,VIRTUALDSD,1.0,,
DF_BULK_CEN2011_DICA_N08CCOM,IT1,1.0,Type of direct appeals for fundraising - municipal level,Tipologia di contatti diretti per raccolta fondi - dati comunali,VIRTUALDSD,1.0,,
DF_BULK_CEN2011_DICA_N08M,IT1,1.0,Type of fundraising,Modalità raccolta fondi,VIRTUALDSD,1.0,,
DF_BULK_CEN2011_DICA_N08MCOM,IT1,1.0,Type of fundraising - municipal level,Modalità raccolta fondi - dati comunali,VIRTUALDSD,1.0,,
DF_BULK_CEN2011_DICA_N08S,IT1,1.0,Communication tools,Strumenti comunicazione,VIRTUALDSD,1.0,,
DF_BULK_CEN2011_DICA_N08SCOM,IT1,1.0,Communication tools - municipal level,Strumenti comunicazione - dati comunali,VIRTUALDSD,1.0,,
DF_BULK_CEN2011_DICA_N09AG,IT1,1.0,Membership to other institutions,Forme aggregative,VIRTUALDSD,1.0,,
DF_BULK_CEN2011_DICA_N09AGCOM,IT1,1.0,Membership to other institutions - municipal level,Forme aggregative - dati comunali,VIRTUALDSD,1.0,,
DF_BULK_CEN2011_DICA_N09AZ,IT1,1.0,Territorial level of action,Ambito azione,VIRTUALDSD,1.0,,
DF_BULK_CEN2011_DICA_N09AZCOM,IT1,1.0,Territorial level of action - municipal level,Ambito azione - dati comunali,VIRTUALDSD,1.0,,
DF_BULK_CEN2011_DICA_N09CC,IT1,1.0,"Contracts, conventions","Contratti, convenzioni",VIRTUALDSD,1.0,,
DF_BULK_CEN2011_DICA_N09CCCOM,IT1,1.0,"Contracts, conventions - municipal level","Contratti, convenzioni - dati comunali",VIRTUALDSD,1.0,,
DF_BULK_CEN2011_DICA_N09PI,IT1,1.0,"Covenants, agreements","Patti, intese",VIRTUALDSD,1.0,,
DF_BULK_CEN2011_DICA_N09PICOM,IT1,1.0,"Covenants, agreements - municipal level","Patti, intese - dati comunali",VIRTUALDSD,1.0,,
DF_BULK_CEN2011_DICA_N10G,IT1,1.0,Human resources,Risorse umane,VIRTUALDSD,1.0,,
DF_BULK_CEN2011_DICA_N10GCOM,IT1,1.0,Human resources - municipal level,Risorse umane - dati comunali,VIRTUALDSD,1.0,,
DF_BULK_CEN2011_DICA_N10N,IT1,1.0,"Period of legal form acquisition, number","Periodo assunzione forma giuridica, numerosità",VIRTUALDSD,1.0,,
DF_BULK_CEN2011_DICA_N10NCOM,IT1,1.0,"Period of legal form acquisition, number - municipal level","Periodo assunzione forma giuridica, numerosità - dati comunali",VIRTUALDSD,1.0,,
DF_BULK_CEN2011_DICA_N11EU1,IT1,1.0,"Period of activity, expenditures, revenues","Modalità di attività, entrate, uscite",VIRTUALDSD,1.0,,
DF_BULK_CEN2011_DICA_N11G1,IT1,1.0,Structure,Struttura,VIRTUALDSD,1.0,,
DF_BULK_CEN2011_DICA_N12G,IT1,1.0,"Period of legal form acquisition, institution scope","Periodo assunzione forma giuridica, orientamento istituzione",VIRTUALDSD,1.0,,
DF_BULK_CEN2011_DICA_N12SS,IT1,1.0,"Secondary activity, offered services","Attività secondaria, servizi offerti",VIRTUALDSD,1.0,,
DF_BULK_CEN2011_DICA_N13F,IT1,1.0,"Membership to other institutions, communication tools","Adesione forme aggregative, strumenti comunicazione",VIRTUALDSD,1.0,,
DF_BULK_CEN2011_DICA_N13G,IT1,1.0,"Period of legal form acquisition, type of memberships","Periodo assunzione forma giuridica, tipologia affiliazioni",VIRTUALDSD,1.0,,
DF_BULK_CEN2011_DICA_N14E,IT1,1.0,Revenues,Entrate,VIRTUALDSD,1.0,,
DF_BULK_CEN2011_DICA_N14G,IT1,1.0,Type of vulnerabillty,Tipologia di disagio,VIRTUALDSD,1.0,,
DF_BULK_CEN2011_DICA_N14S,IT1,1.0,Secondary activity,Attività secondaria,VIRTUALDSD,1.0,,
DF_BULK_CEN2011_DICA_TRASVABR,IT1,1.0,Abruzzo,Abruzzo,VIRTUALDSD,1.0,,
DF_BULK_CEN2011_DICA_TRASVBAS,IT1,1.0,Basilicata,Basilicata,VIRTUALDSD,1.0,,
DF_BULK_CEN2011_DICA_TRASVCAL,IT1,1.0,Calabria,Calabria,VIRTUALDSD,1.0,,
DF_BULK_CEN2011_DICA_TRASVCAM,IT1,1.0,Campania,Campania,VIRTUALDSD,1.0,,
DF_BULK_CEN2011_DICA_TRASVEMI,IT1,1.0,Emilia-Romagna,Emilia-Romagna,VIRTUALDSD,1.0,,
DF_BULK_CEN2011_DICA_TRASVFRI,IT1,1.0,Friuli-Venezia Giulia,Friuli-Venezia Giulia,VIRTUALDSD,1.0,,
DF_BULK_CEN2011_DICA_TRASVLAZ,IT1,1.0,Lazio,Lazio,VIRTUALDSD,1.0,,
DF_BULK_CEN2011_DICA_TRASVLIG,IT1,1.0,Liguria,Liguria,VIRTUALDSD,1.0,,
DF_BULK_CEN2011_DICA_TRASVLOM,IT1,1.0,Lombardia,Lombardia,VIRTUALDSD,1.0,,
DF_BULK_CEN2011_DICA_TRASVMAR,IT1,1.0,Marche,Marche,VIRTUALDSD,1.0,,
DF_BULK_CEN2011_DICA_TRASVMOL,IT1,1.0,Molise,Molise,VIRTUALDSD,1.0,,
DF_BULK_CEN2011_DICA_TRASVNPPROV,IT1,1.0,"Sector of activity (ICNPO), legal form and size class of persons employed - Data until municipal level","Settore di attività (ICNPO), forma giuridica e classe di addetti - Dati fino al livello comunale",VIRTUALDSD,1.0,,
DF_BULK_CEN2011_DICA_TRASVPIE,IT1,1.0,Piemonte,Piemonte,VIRTUALDSD,1.0,,
DF_BULK_CEN2011_DICA_TRASVPROV,IT1,1.0,Units and human resources,Sedi e risorse umane,VIRTUALDSD,1.0,,
DF_BULK_CEN2011_DICA_TRASVPUG,IT1,1.0,Puglia,Puglia,VIRTUALDSD,1.0,,
DF_BULK_CEN2011_DICA_TRASVSAR,IT1,1.0,Sardegna,Sardegna,VIRTUALDSD,1.0,,
DF_BULK_CEN2011_DICA_TRASVSIC,IT1,1.0,Sicilia,Sicilia,VIRTUALDSD,1.0,,
DF_BULK_CEN2011_DICA_TRASVTAA,IT1,1.0,Trentino Alto Adige / Südtirol,Trentino Alto Adige / Südtirol,VIRTUALDSD,1.0,,
DF_BULK_CEN2011_DICA_TRASVTOS,IT1,1.0,Toscana,Toscana,VIRTUALDSD,1.0,,
DF_BULK_CEN2011_DICA_TRASVUMB,IT1,1.0,Umbria,Umbria,VIRTUALDSD,1.0,,
DF_BULK_CEN2011_DICA_TRASVVDA,IT1,1.0,Valle d'Aosta / Vallée d'Aoste,Valle d'Aosta / Vallée d'Aoste,VIRTUALDSD,1.0,,
DF_BULK_CEN2011_DICA_TRASVVEN,IT1,1.0,Veneto,Veneto,VIRTUALDSD,1.0,,
DF_BULK_COECLASS,IT1,1.0,Classifications,Classificazioni,VIRTUALDSD,1.0,,
DF_BULK_COECPA,IT1,1.0,"Classification of Products by Activities, CPA and MIGs",Classificazioni delle merci secondo le attività economiche (CPAteco 2007) e RPI,VIRTUALDSD,1.0,,
DF_BULK_COECTCI,IT1,1.0,Standard international trade classification (SITC),Classificazione tipo del commercio internazionale (CTCI),VIRTUALDSD,1.0,,
DF_BULK_COEINDEXES,IT1,1.0,Indexes,Numeri indici,VIRTUALDSD,1.0,,
DF_BULK_COENOTES,IT1,1.0,Notes on data and methodological notes,Note sui dati e note metodologiche,VIRTUALDSD,1.0,,
DF_BULK_COENST,IT1,1.0,Standard goods classification for transport statistics (NST-2007),Nomenclatura uniforme delle merci per le statistiche dei trasporti (NST 2007),VIRTUALDSD,1.0,,
DF_BULK_COEPORTAL,IT1,1.0,External Trade statistics - Data portal home page,Statistiche del commercio estero - Home page del portale,VIRTUALDSD,1.0,,
DF_BULK_COESH6,IT1,1.0,Combined Nomenclature (CN),Nomenclatura combinata (NC8) - sistema armonizzato (SH6),VIRTUALDSD,1.0,,
DF_BULK_COMP_FRA_IND_MUN,IT1,1.0,,Nota metodologica - Indice composito di fragilità comunale,VIRTUALDSD,1.0,,
DF_BULK_CPO2011_CUBO_LOC_TEST,IT1,1.0,Cubo_loc_TEST,Cubo_loc_TEST,VIRTUALDSD,1.0,,
DF_BULK_CPO2011_DCCV_OCCUP16,IT1,1.0,prova dim16,prova dim16,VIRTUALDSD,1.0,,
DF_BULK_CPO2011_DCCV_OCCUPATIT,IT1,1.0,Employment,Occupati,VIRTUALDSD,1.0,,
DF_BULK_CPO2011_DCCV_OCCUP_15,IT1,1.0,PROVA DIM15,PROVA DIM15,VIRTUALDSD,1.0,,
DF_BULK_CPO2011_DCSP_NIC1B2015,IT1,1.0,NIC - Monthly data from 2016 onwards,NIC - Dati mensili dal 2016,VIRTUALDSD,1.0,,
DF_BULK_CPO2011_DCSP_NICUNOBB2010,IT1,1.0,NIC – Monthly data from 2011 onwards,NIC – Dati mensili dal 2011,VIRTUALDSD,1.0,,
DF_BULK_CPO2011_DICA_ABIT_PR,IT1,1.0,Conventional dwellings occupied by resident persons,Abitazioni occupate da persone residenti,VIRTUALDSD,1.0,,
DF_BULK_CPO2011_DICA_ABIT_PR_COM,IT1,1.0,Conventional dwellings occupied by resident persons - Municipal data,Abitazioni occupate da persone residenti - Dati comunali,VIRTUALDSD,1.0,,
DF_BULK_CPO2011_DICA_ABIT_PR_COM1,IT1,1.0,Conventional dwellings occupied by resident persons - Municipal data,Abitazioni occupate da persone residenti - Dati comunali,VIRTUALDSD,1.0,,
DF_BULK_CPO2011_DICA_ALLOGGI,IT1,1.0,Housing units,Alloggi,VIRTUALDSD,1.0,,
DF_BULK_CPO2011_DICA_ALLOGGI_TEST,IT1,1.0,Housing units - TEST,Alloggi - TEST,VIRTUALDSD,1.0,,
DF_BULK_CPO2011_DICA_CARATT_ATTL,IT1,1.0,Characteristics of occupation,Caratteristiche dell'attività lavorativa,VIRTUALDSD,1.0,,
DF_BULK_CPO2011_DICA_CARATT_ATTL_COM,IT1,1.0,Employed persons by industry (branch of economic activity) - Municipal data,Occupati per sezioni di attività economica - Dati comunali,VIRTUALDSD,1.0,,
DF_BULK_CPO2011_DICA_CARATT_ATTL_TS,IT1,1.0,Employed persons and unemployed persons never worked before by certificate or degree obtained,Occupati e in cerca di prima occupazione per titolo di studio,VIRTUALDSD,1.0,,
DF_BULK_CPO2011_DICA_COMPOP,IT1,1.0,Number of municipalities and resident population - Provisional data,Numero di comuni e popolazione residente - Dati provvisori,VIRTUALDSD,1.0,,
DF_BULK_CPO2011_DICA_COMPOPDEF,IT1,1.0,Number of municipalities and resident population - Final data,Numero di comuni e popolazione residente - Dati definitivi,VIRTUALDSD,1.0,,
DF_BULK_CPO2011_DICA_CONDPROF,IT1,1.0,Current activity status of resident population,Condizione professionale o non professionale della popolazione residente,VIRTUALDSD,1.0,,
DF_BULK_CPO2011_DICA_CONDPROF_COP,IT1,1.0,Current activity status of partners in a couple,Condizione professionale o non professionale dei componenti della coppia,VIRTUALDSD,1.0,,
DF_BULK_CPO2011_DICA_CONDPROF_NUC,IT1,1.0,Current activity status of lone parents,Condizione professionale o non professionale dei nuclei familiari costituiti da un solo genitore,VIRTUALDSD,1.0,,
DF_BULK_CPO2011_DICA_CONDPROF_TEST,IT1,1.0,Current activity status of resident population_TEST,Condizione professionale o non professionale della popolazione residente_TEST,VIRTUALDSD,1.0,,
DF_BULK_CPO2011_DICA_CONV,IT1,1.0,Institutional households,Convivenze,VIRTUALDSD,1.0,,
DF_BULK_CPO2011_DICA_COPPIE1,IT1,1.0,Couple families,Coppie,VIRTUALDSD,1.0,,
DF_BULK_CPO2011_DICA_EDIFICI1,IT1,1.0,Buildings,Edifici,VIRTUALDSD,1.0,,
DF_BULK_CPO2011_DICA_EDIFICI1_COM,IT1,1.0,Utilized buildings,Edifici per stato d'uso,VIRTUALDSD,1.0,,
DF_BULK_CPO2011_DICA_EDIFICIRES,IT1,1.0,Residential buildings,Edifici residenziali,VIRTUALDSD,1.0,,
DF_BULK_CPO2011_DICA_FAMST_CARATT,IT1,1.0,,Famiglie con almeno uno straniero residente,VIRTUALDSD,1.0,,
DF_BULK_CPO2011_DICA_FAMST_CARATT1,IT1,1.0,Private households with at least one foreign member by type of private household,Famiglie con almeno uno straniero residente per tipologia della famiglia,VIRTUALDSD,1.0,,
DF_BULK_CPO2011_DICA_FAM_ABITBS,IT1,1.0,Private households by conventional dwelling characteristics and goods and services,Famiglie per caratteristiche dell'abitazione e beni e servizi posseduti,VIRTUALDSD,1.0,,
DF_BULK_CPO2011_DICA_FAM_ABITED,IT1,1.0,Private households by conventional dwelling and building characteristics,Famiglie in abitazione per caratteristiche dell'abitazione e dell'edificio,VIRTUALDSD,1.0,,
DF_BULK_CPO2011_DICA_FAM_CARATT,IT1,1.0,Private households characteristics,Caratteristiche delle famiglie,VIRTUALDSD,1.0,,
DF_BULK_CPO2011_DICA_FAM_CARATT1,IT1,1.0,Private households by tenure status of the household,Famiglie per titolo di godimento,VIRTUALDSD,1.0,,
DF_BULK_CPO2011_DICA_FAM_CARATT4,IT1,1.0,Private households by type of private household,Famiglie per tipologia di famiglia,VIRTUALDSD,1.0,,
DF_BULK_CPO2011_DICA_FAM_CARATT5,IT1,1.0,Private household by characteristic of reference person,Famiglie per caratteristiche della persona di riferimento,VIRTUALDSD,1.0,,
DF_BULK_CPO2011_DICA_FAM_CARATT_TEST_NOTA,IT1,1.0,Private households characteristics - test nota,Caratteristiche delle famiglie - test nota,VIRTUALDSD,1.0,,
DF_BULK_CPO2011_DICA_FORMAZIONE1,IT1,1.0,Resident  population who has attained or attend vocational training courses,Popolazione  residente che ha concluso o frequenta corsi di formazione professionale,VIRTUALDSD,1.0,,
DF_BULK_CPO2011_DICA_GRADOISTR,IT1,1.0,Educational attainment of resident population aged 6 years and over,Grado di istruzione della popolazione residente di 6 anni e più,VIRTUALDSD,1.0,,
DF_BULK_CPO2011_DICA_GRADOISTR1,IT1,1.0,Detailed educational attainment of resident population aged 6 years and over,Grado di istruzione dettagliato della popolazione residente di 6 anni e più,VIRTUALDSD,1.0,,
DF_BULK_CPO2011_DICA_INDIC_EDU,IT1,1.0,Educational attainment status rate,Indicatori relativi all'istruzione,VIRTUALDSD,1.0,,
DF_BULK_CPO2011_DICA_INDIC_LAV,IT1,1.0,Current activity status rate,Indicatori relativi al lavoro,VIRTUALDSD,1.0,,
DF_BULK_CPO2011_DICA_ISCRFREQ,IT1,1.0,Resident population who attend or enrolled at the school,Popolazione residente che frequenta o è iscritta ad un corso regolare di studi,VIRTUALDSD,1.0,,
DF_BULK_CPO2011_DICA_LCAB_AE,IT1,1.0,Conventional dwellings and buildings by type of locality,Abitazioni ed edifici per tipo di località abitata,VIRTUALDSD,1.0,,
DF_BULK_CPO2011_DICA_LCAB_PF,IT1,1.0,Resident population and private households by type of locality,Popolazione residente e famiglie per tipo di località abitata,VIRTUALDSD,1.0,,
DF_BULK_CPO2011_DICA_NUCLEI,IT1,1.0,Family nuclei,Nuclei familiari,VIRTUALDSD,1.0,,
DF_BULK_CPO2011_DICA_PEND,IT1,1.0,Commuting for studying or working,Spostamenti per studio o lavoro,VIRTUALDSD,1.0,,
DF_BULK_CPO2011_DICA_POPALED,IT1,1.0,"Resident population, dwellings and buildings - Provisional data","Popolazione residente, alloggi ed edifici - Dati provvisori",VIRTUALDSD,1.0,,
DF_BULK_CPO2011_DICA_POPINALL,IT1,1.0,Resident population in private household living in a housing unit,Popolazione residente in famiglia che vive in alloggio,VIRTUALDSD,1.0,,
DF_BULK_CPO2011_DICA_POPINCV,IT1,1.0,Population in institutional household,Popolazione in convivenza,VIRTUALDSD,1.0,,
DF_BULK_CPO2011_DICA_POPINFM,IT1,1.0,Resident population in private household,Popolazione residente in famiglia,VIRTUALDSD,1.0,,
DF_BULK_CPO2011_DICA_POPINFM1,IT1,1.0,Resident population in private household by type of private household,Popolazione residente in famiglia per tipologia della famiglia,VIRTUALDSD,1.0,,
DF_BULK_CPO2011_DICA_POPLEGALE,IT1,1.0,Resident population - Final data,Popolazione residente - Dati definitivi,VIRTUALDSD,1.0,,
DF_BULK_CPO2011_DICA_POP_RESPRE,IT1,1.0,Resident population and present population,Popolazione residente e popolazione presente,VIRTUALDSD,1.0,,
DF_BULK_CPO2011_DICA_POP_RSPR_CITT1,IT1,1.0,Resident population by citizenship - municipalities,Popolazione residente per cittadinanza - comuni,VIRTUALDSD,1.0,,
DF_BULK_CPO2011_DICA_POP_RSPR_CITT2,IT1,1.0,Resident population by citizenship,Popolazione residente per cittadinanza,VIRTUALDSD,1.0,,
DF_BULK_CPO2011_DICA_POP_RS_DMP1,IT1,1.0,Resident population: place of birth and previous place of usual residence,Popolazione residente: luogo di nascita e dimora precedente,VIRTUALDSD,1.0,,
DF_BULK_CPO2011_DICA_STANZE,IT1,1.0,Rooms in conventional dwellings occupied by resident persons,Stanze in abitazioni occupate da persone residenti,VIRTUALDSD,1.0,,
DF_BULK_CPO2011_DICA_TITPOST,IT1,1.0,Resident population with  post-university specialization or post-diploma AFAM,Popolazione residente che ha conseguito titoli di studio post-laurea o post-diploma AFAM,VIRTUALDSD,1.0,,
DF_BULK_CPO2011_DICA_TITSTUDIO,IT1,1.0,Certificate or degree obtained by resident population 6 years and over,Titolo di studio della popolazione residente di 6 anni e più,VIRTUALDSD,1.0,,
DF_BULK_CPO2011_DS_POP_INFAMCONV_TEST,IT1,1.0,ds pop in fam conv,ds pop in fam conv,VIRTUALDSD,1.0,,
DF_BULK_CPO2011_DS_SSA_TEST,IT1,1.0,ds  serie storiche alloggi,ds  serie storiche alloggi,VIRTUALDSD,1.0,,
DF_BULK_CPO2011_DS_SSF_TEST,IT1,1.0,ds  serie storiche famiglie,ds  serie storiche famiglie,VIRTUALDSD,1.0,,
DF_BULK_CPO2011_DS_SSP_TEST,IT1,1.0,ds  serie storiche popolazione,ds  serie storiche popolazione,VIRTUALDSD,1.0,,
DF_BULK_CPO2011_DS_SS_TEST,IT1,1.0,ds  serie storiche,ds  serie storiche,VIRTUALDSD,1.0,,
DF_BULK_CPO2011_DS_STRANIERI_TEST,IT1,1.0,ds stranieri,ds stranieri,VIRTUALDSD,1.0,,
DF_BULK_CPO2011_DS_TEST_PUT,IT1,1.0,ds test put,ds test put,VIRTUALDSD,1.0,,
DF_BULK_CRIMESINTO,IT1,1.0,"Crimes in total and crimes committed by known offender, by type of crime – Years 1983-2003","Delitti in totale e delitti commessi da autori noti, per tipo di delitto – Anni 1983-2003",VIRTUALDSD,1.0,,
DF_BULK_CRIMESPERS,IT1,1.0,"Crimes, persons and convicted persons series 1985-2008","Delitti, persone e condannati serie 1985-2008",VIRTUALDSD,1.0,,
DF_BULK_DCCN_FPA,IT1,1.0,Transition between working balance and net borrowing,Raccordo tra fabbisogno del settore pubblico ed indebitamento netto delle amministrazioni pubbliche,VIRTUALDSD,1.0,,
DF_BULK_DCIS_SPESESERSOC1,IT1,1.0,Social services and benefits of municipalities - BULKDOWNLOAD,Interventi e servizi sociali dei comuni -  BULKDOWNLOAD,VIRTUALDSD,1.0,,
DF_BULK_DCSC_CAPACOFTUR,IT1,1.0,Capacity of collective tourist accommodation by type of accommodation and municipality,Capacità degli esercizi ricettivi per tipo di alloggio e per comune,VIRTUALDSD,1.0,,
DF_BULK_DCSC_OCCUPCOLLE,IT1,1.0,Occupancy in collective accommodation establishments at municipality level by type of accomodation and residence of guests,"Movimento dei clienti (arrivi e presenze) negli esercizi ricettivi per tipologia ricettiva, residenza dei clienti e comune di destinazione",VIRTUALDSD,1.0,,
DF_BULK_DCSC_TURISAREA,IT1,1.0,"Occupancy in collective accommodation establishments by touristical areas and classifications (brands, degree of urbanisation, coastal municipalities and other classification","Movimento dei clienti (arrivi e presenze) negli esercizi ricettivi per aree e classificazioni territoriali (brand turistici, urbanizzazione, comuni costieri e altre classificazioni)",VIRTUALDSD,1.0,,
DF_BULK_DCSP_FOI1B2010_TB4,IT1,1.0,Splicing coefficient table from previous base to base 2010,Tabelle dei coefficienti di raccordo dalla base precedente alla base 2010,VIRTUALDSD,1.0,,
DF_BULK_DCSP_FOI1B2015_NUTS3,IT1,1.0,Splicing coefficients from base 1995 to base 2010 and from base 2010 to base 2015,Tabella dei coefficienti di raccordo dalla base precedente alla base 2010 e alla base 2015 - per provincia,VIRTUALDSD,1.0,,
DF_BULK_DCSP_FOI1B2015_TB4,IT1,1.0,Splicing coefficients from base 1995 to base 2010 and from base 2010 to base 2015,,VIRTUALDSD,1.0,,
DF_BULK_DCSP_FOI1B2025_TB1,IT1,1.0,Splicing coefficient table previous base from 1995 to 2010 - from 2010 to 2015 - from 2015 to 2025 - Codes Ecoicop 2,Tabelle dei coefficienti di raccordo dalla base 1995 al 2010 - base 2010 al 2015 - base 2015 al 2025 - Codici Ecoicop 2,VIRTUALDSD,1.0,,
DF_BULK_DCSP_NIC1B2015_NUTS1,IT1,1.0,Splicing coefficient table from base December 1998 to base 2010 and from base 2010 to base 2015,Tabella dei coefficienti di raccordo da base dicembre 1998 a base 2010 e da base 2010 a base 2015 - per ripartizione,VIRTUALDSD,1.0,,
DF_BULK_DCSP_NIC1B2015_NUTS2,IT1,1.0,Splicing coefficient table from base December 1998 to base 2010 and from base 2010 to base 2015 - by region,Tabella dei coefficienti di raccordo da base dicembre 1998 a base 2010 e da base 2010 a base 2015 - per regione,VIRTUALDSD,1.0,,
DF_BULK_DCSP_NIC1B2015_NUTS3,IT1,1.0,Splicing coefficient table from previous base to base 2010 and from base 2010 to base 2015 - by province,"Tabella dei coefficienti di raccordo dalla base precedente alla base 2010 e dalla base 2010 alla base 2015, per provincia",VIRTUALDSD,1.0,,
DF_BULK_DCSP_NIC1B2015_RECONNIC,IT1,1.0,Reconstruction of Italian Consumer Price Indices for whole nation (NIC) in reference base year 2015 for the period 1996-2015,RICOSTRUZIONE STORICA DEGLI INDICI DEI PREZZI AL CONSUMO PER L'INTERA COLLETTIVITA' (NIC) IN BASE 2015 =100 PER GLI ANNI 1996-2015,VIRTUALDSD,1.0,,
DF_BULK_DCSP_NIC1B2015_SPLICECO,IT1,1.0,CPI by special aggregates - Splicing coefficients ECOICOP group level from base December 1998 to base 2010 and from base 2010 to 2015 for geographic area,Tabella dei coefficienti di raccordo da base Dicembre 1998 a base 2010 e da base 2010 a base 2015 per ECOICOP per area geografica,VIRTUALDSD,1.0,,
DF_BULK_DCSP_NIC1B2015_SPLICI,IT1,1.0,CPI by special aggregates - Splicing coefficients table for geographic area from base 2010 to base 2015,Tabella dei coefficienti di raccordo da base 2010 a base 2015 per aggregati speciali e per area geografica,VIRTUALDSD,1.0,,
DF_BULK_DCSP_NIC1B2015_TB2,IT1,1.0,Correspondence table and splicing coefficient from base 1995 to base 2010 and from base 2010 to base 2015,Tabella di corrispondenza classificazione e coefficienti di raccordo da base 1995 a base 2010 e da base 2010 a base 2015,VIRTUALDSD,1.0,,
DF_BULK_DCSP_NIC1B2015_TB3,IT1,1.0,CPI by special aggregates - Splicing coefficients from base 1995 to base 2010 and from base 2010 to 2015,Aggregati speciali NIC  - Coefficienti di raccordo da base 1995 a base 2010 e da base 2010 a base 2015,VIRTUALDSD,1.0,,
DF_BULK_DCSP_NIC1B2025_TB1,IT1,1.0,Splicing coefficient table previous base from 1995 to 2010 - from 2010 to 2015 - from 2015 to 2025 - Codes Ecoicop 2,Tabelle dei coefficienti di raccordo dalla base 1995 al 2010 - base 2010 al 2015 - base 2015 al 2025 - Codici Ecoicop 2,VIRTUALDSD,1.0,,
DF_BULK_DCSP_NIC1B2025_TB2,IT1,1.0,Splicing coefficient table previous base from 1995 to 2010 - from 2010 to 2015 - from 2015 to 2025 - Product typology,Tabelle dei coefficienti di raccordo dalla base 1995 al 2010 - base 2010 al 2015 - base 2015 al 2025 - Tipologie di prodotto,VIRTUALDSD,1.0,,
DF_BULK_DCSP_NIC1B2025_TB3,IT1,1.0,Splicing coefficient table from base 2015 to base 2025 by region (ECOICOP v2),Tabelle dei coefficienti di raccordo da base 2015 a base 2025 per regione (Ecoicopv2),VIRTUALDSD,1.0,,
DF_BULK_DCSP_NICDUEB2010_CPI,IT1,1.0,Reconstruction of Italian Consumer Price Indices for whole nation (NIC) in reference base year 2010 for the period 1996-2010,Ricostruzione storica degli indici dei prezzi al consumo per l'intera collettività (NIC) in base 2010=100 per gli anni 1996-2010,VIRTUALDSD,1.0,,
DF_BULK_DCSP_NICDUEB2010_TB2,IT1,1.0,Correspondence table and splicing coefficient from base 1995 to base 2010,Tabella di corrispondenza classificazione e coefficienti di raccordo da base 1995 a base 2010,VIRTUALDSD,1.0,,
DF_BULK_DCSP_NICDUEB2010_TB3,IT1,1.0,Splicing coefficient table from previous base to base 2010,"Tabelle dei coefficienti di raccordo dalla base precedente a base 2010 per ripartizione geografica, regione, provincia e aggregati speciali",VIRTUALDSD,1.0,,
DF_BULK_DCSP_NICUNOBB2010_CPI,IT1,1.0,Reconstruction of Italian Consumer Price Indices for whole nation (NIC) in reference base year 2010 for the period 1996-2010,Ricostruzione storica degli indici dei prezzi al consumo per l'intera collettività (NIC) in base 2010=100 per gli anni 1996-2010,VIRTUALDSD,1.0,,
DF_BULK_DCSP_NICUNOBB2010_NIC,IT1,1.0,NIC Special Aggregates Detail,Dettaglio composizione degli aggregati speciali NIC,VIRTUALDSD,1.0,,
DF_BULK_DCSP_NICUNOBB2010_TB2,IT1,1.0,Correspondence table and splicing coefficient from base 1995 to base 2010,Tabella di corrispondenza classificazione e coefficienti di raccordo da base 1995 a base 2010,VIRTUALDSD,1.0,,
DF_BULK_DCSP_NICUNOBB2010_TB3,IT1,1.0,Splicing coefficient table from previous base to base 2010,"Tabelle dei coefficienti di raccordo dalla base precedente a base 2010 per ripartizione geografica, regione, provincia e aggregati speciali",VIRTUALDSD,1.0,,
DF_BULK_DIPS_SIR_IND_TERR_DRT,IT1,1.0,Methodological note - enterprises,Nota metodologica - imprese,VIRTUALDSD,1.0,,
DF_BULK_DIPS_SIR_IND_TERR_DRT_OCC_RBI,IT1,1.0,Methodological note - employment in enterprises,Nota metodologica - occupazione nelle imprese,VIRTUALDSD,1.0,,
DF_BULK_DIVORCESSE,IT1,1.0,Divorces series 1980-2007,Divorzi serie 1980-2007,VIRTUALDSD,1.0,,
DF_BULK_ENTERPRISE,IT1,1.0,Enterprises - Employment from 2018 to 2024,Imprese - Occupazione dal 2018 al 2024,VIRTUALDSD,1.0,,
DF_BULK_ENT_GEN,IT1,1.0,Female employment rate (gender equality) 2022 and 2023,Quota occupazione femminile (parità di genere) 2022 e 2023,VIRTUALDSD,1.0,,
DF_BULK_ENT_PERS_EMPL,IT1,1.0,,Tavole aggiuntive per imprese e addetti_1997_2011,VIRTUALDSD,1.0,,
DF_BULK_FARMSTRUCT,IT1,1.0,Farm structure broken time series 2003-2007,Struttura delle aziende agricole serie interrotte 2003-2007,VIRTUALDSD,1.0,,
DF_BULK_FISHERYBRO,IT1,1.0,Fishery broken time series 2001-2019,Pesca serie interrotte 2001-2019,VIRTUALDSD,1.0,,
DF_BULK_FLOWERSBRO,IT1,1.0,Flowers broken time series 2002-2007,Fiori serie interrotte 2002-2007,VIRTUALDSD,1.0,,
DF_BULK_FORESTRYBR,IT1,1.0,Forestry broken time series 2001-2015,Foreste o silvicoltura serie interrotte 2001-2015,VIRTUALDSD,1.0,,
DF_BULK_GLOSSARYDE,IT1,1.0,Glossario Popolazione residente - bilancio,Glossario Popolazione residente - bilancio,VIRTUALDSD,1.0,,
DF_BULK_GLOSSARYST,IT1,1.0,Glossario Stranieri residenti - Bilancio,Glossario Stranieri residenti - Bilancio,VIRTUALDSD,1.0,,
DF_BULK_HIGHSCHOOL,IT1,1.0,High school graduates series 1998-2007,Diplomati serie 1998-2007,VIRTUALDSD,1.0,,
DF_BULK_HOURLYWAGE,IT1,1.0,Hourly wages and wages per employee (base 2000),Retribuzione oraria e per dipendente (base 2000),VIRTUALDSD,1.0,,
DF_BULK_HUNTINGBRO,IT1,1.0,Hunting broken time series 2001-2008,Caccia serie interrotte 2001-2008,VIRTUALDSD,1.0,,
DF_BULK_HVD,IT1,1.0,HVD,HVD,VIRTUALDSD,1.0,,
DF_BULK_LOCALUNITS,IT1,1.0,Local units - Employment from 2018 to 2023,Unità locali - Occupazione dal 2018 al 2023,VIRTUALDSD,1.0,,
DF_BULK_NOTASULTAS,IT1,1.0,Note on the standardised mortality rate,Nota sul tasso standardizzato di mortalità,VIRTUALDSD,1.0,,
DF_BULK_PEND_LAV_2021_1,IT1,1.0,Commuting matrix for work,Matrice di pendolarismo per lavoro,VIRTUALDSD,1.0,,
DF_BULK_PEND_LAV_2021_2,IT1,1.0,Commuting matrix for work - info,Matrice di pendolarismo per lavoro - leggimi,VIRTUALDSD,1.0,,
DF_BULK_PERMANENTC,IT1,1.0,Permanent crops broken time series 2002-2017,Coltivazioni legnose agrarie serie interrotte 2002-2017,VIRTUALDSD,1.0,,
DF_BULK_POPOLAZION,IT1,1.0,POPULATION  BY LABOUR STATUS AND GENDER - summary table - quarterly data,Popolazione  per condizione professionale e sesso – Tabella di sintesi - Dati trimestrali,VIRTUALDSD,1.0,,
DF_BULK_PREVIOUSBA,IT1,1.0,Previous basis,Basi precedenti,VIRTUALDSD,1.0,,
DF_BULK_PROCEEDING,IT1,1.0,Proceedings and decisions series 1980-2008,Procedimenti e decisioni serie 1980-2008,VIRTUALDSD,1.0,,
DF_BULK_PROTECTION,IT1,1.0,"Protection, Fostering and Adoption of minor children and Civil proceedings broken time series 1990-2007","Tutela, affidamento e adozioni dei minori e Procedimenti civili serie interrrotte 1990-2007",VIRTUALDSD,1.0,,
DF_BULK_PROTESTSSE,IT1,1.0,Protests series 1990-2009,Protesti serie 1990-2009,VIRTUALDSD,1.0,,
DF_BULK_PUBLISHEDB,IT1,1.0,Published books series 1984-2009,Opere librarie pubblicate serie 1984-2009,VIRTUALDSD,1.0,,
DF_BULK_REPORTSOFP,IT1,1.0,"Reports of persons, in total and minors, suspected to have committed crime, by type of crime – Years 1983-2003","Segnalazioni relative a persone e a minori denunciati, per tipo di delitto – Anni 1983-2003",VIRTUALDSD,1.0,,
DF_BULK_SCHOOLSSER,IT1,1.0,Schools series 2002-2009,Scuole serie 2002-2009,VIRTUALDSD,1.0,,
DF_BULK_SEEDSBROKE,IT1,1.0,Seeds broken time series 2003-2010,Sementi serie interrotte 2003-2010,VIRTUALDSD,1.0,,
DF_BULK_SEPARATION,IT1,1.0,Separations series 1980-2007,Separazioni serie 1980-2007,VIRTUALDSD,1.0,,
DF_BULK_STATEARCHI,IT1,1.0,State Archives 2008,Archivi di stato 2008,VIRTUALDSD,1.0,,
DF_BULK_STATEOWNED,IT1,1.0,State owned libraries series 1985-2008,Biblioteche pubbliche statali serie 1985-2008,VIRTUALDSD,1.0,,
DF_BULK_STIMEPERGR,IT1,1.0,Estimates for large municipalities and sampling errors - annual average update ​,Stime per grandi comuni e errori campionari- aggiornamento media annua,VIRTUALDSD,1.0,,
DF_BULK_SUBCOM1991,IT1,1.0,Census of population and housing 1991,Censimento della popolazione e delle abitazioni 1991,VIRTUALDSD,1.0,,
DF_BULK_SUBCOM2001,IT1,1.0,Census of population and housing 2001,Censimento della popolazione e delle abitazioni 2001,VIRTUALDSD,1.0,,
DF_BULK_SUBCOM2011,IT1,1.0,Census of population and housing 2011,Censimento della popolazione e delle abitazioni 2011,VIRTUALDSD,1.0,,
DF_BULK_SUBCOM2021,IT1,1.0,Dati comuni capoluogo delle citta' metropolitane_,Dati comuni capoluogo delle citta' metropolitane_,VIRTUALDSD,1.0,,
DF_BULK_SUBCOM2023,IT1,1.0,Dati comuni capoluogo delle città metropolitane,Dati comuni capoluogo delle città metropolitane,VIRTUALDSD,1.0,,
DF_BULK_SUBREG2021,IT1,1.0,Regional data,Dati regionali,VIRTUALDSD,1.0,,
DF_BULK_SUBREG2023,IT1,1.0,Regional data,Dati regionali,VIRTUALDSD,1.0,,
DF_BULK_SUBREG_CORRIS,IT1,1.0,Correspondence between the code and the name of the Region,Corrispondenza tra il codice e il nome della Regione,VIRTUALDSD,1.0,,
DF_BULK_SUICIDESAN,IT1,1.0,Suicides and suicide attempts broken time series 1985-2008,Suicidi e tentativi di suicidio serie interrotte 1985-2008,VIRTUALDSD,1.0,,
DF_BULK_SUICIDI,IT1,1.0,Suicide and associated comorbidity - metadata,Suicidi e malattie associate - metadati,VIRTUALDSD,1.0,,
DF_BULK_SURVEYCALE,IT1,1.0,Survey calendar (Estimate of crop),Calendario della rilevazione (Estimative),VIRTUALDSD,1.0,,
DF_BULK_UNIVERSITY,IT1,1.0,University series 2002-2007,Università serie 2002-2007,VIRTUALDSD,1.0,,
DF_BULK_UNIVERSITY_DEGREE,IT1,1.0,University graduates series 1998-2007,Laureati serie 1998-2007,VIRTUALDSD,1.0,,
DF_BULK_WAGESACCOR,IT1,1.0,Wages according to collective labour agreements (base 2000),Retribuzioni contrattuali (base 2000),VIRTUALDSD,1.0,,
DF_CENSAGRIC2020_AGE_TRA,IT1,1.0,Farms with agricultural training by age of the manager,Aziende con corsi di formazione per età del capo azienda,DCAT_CENSAGRIC2020_AGE,1.0,07/19/2024 12:55:41,
DF_COMP_FRA_IND_MUNICIPAL_01,IT1,1.0,Composite fragility index - all municipalities,Indice composito di fragilità e sue componenti - livello comunale,COMP_FRA_IND_MUNICIPAL,1.0,2025-12-17T11:19:00.542Z,
DF_COMP_FRA_IND_MUNICIPAL_02,IT1,1.0,Composite fragility index - by single municipality,Indice composito di fragilità e sue componenti - per singolo comune,COMP_FRA_IND_MUNICIPAL,1.0,2025-12-17T11:19:00.542Z,
DF_DCAT_CENSAGRIC2020_AGE,IT1,1.0,"Farms and utilized agricultural area and organic farms, by age of the manager","Aziende e superficie utilizzata e aziende biologiche, per età del capo azienda",DCAT_CENSAGRIC2020_AGE,1.0,07/29/2024 10:43:26,
DF_DCAT_CENSAGRIC2020_AGE_ASS,IT1,1.0,Farms by type of association and age of the manager,Aziende per tipo di associazionismo ed età del capo azienda,DCAT_CENSAGRIC2020_AGE_ASS,1.0,07/19/2024 08:43:04,
DF_DCAT_CENSAGRIC2020_AGE_EDU,IT1,1.0,Farms by educational level and age of the manager,Aziende per titolo di studio ed età del capo azienda,DCAT_CENSAGRIC2020_AGE_EDU,1.0,07/19/2024 08:45:41,
DF_DCAT_CENSAGRIC2020_AGE_GAIN,IT1,1.0,Farms with gainful activities by age of the manager,Aziende con attività connesse per età del capo azienda,DCAT_CENSAGRIC2020_AGE_GAIN,1.0,07/19/2024 08:52:56,
DF_DCAT_CENSAGRIC2020_AGE_GAIN_SPA2023_1,IT1,1.0,Farms with gainful activities,Aziende con attività connesse,DCAT_CENSAGRIC2020_AGE_GAIN,1.0,2026-03-25T10:06:29.308Z,
DF_DCAT_CENSAGRIC2020_AGE_INV,IT1,1.0,Farms by type of investment and age of the manager,Aziende per tipo di investimento ed età del capo azienda,DCAT_CENSAGRIC2020_AGE_INV,1.0,07/19/2024 09:08:00,
DF_DCAT_CENSAGRIC2020_AGE_INV_SPA2023_1,IT1,1.0,Farms with investments,Aziende con investimenti,DCAT_CENSAGRIC2020_AGE_INV,1.0,2026-03-25T10:14:55.374Z,
DF_DCAT_CENSAGRIC2020_AGE_MANDUR,IT1,1.0,Farms by management duration and age of the manager,Aziende per durata della conduzione ed età del capo azienda,DCAT_CENSAGRIC2020_AGE_MANDUR,1.0,07/19/2024 13:23:16,
DF_DCAT_CENSAGRIC2020_AGE_MANTOV,IT1,1.0,Farms by entity from which the management of the farm is taken over by age of the manager,"Aziende per soggetto da cui è stata rilevata la conduzione, per età del capo azienda",DCAT_CENSAGRIC2020_AGE_MANTOV,1.0,07/29/2024 13:05:09,
DF_DCAT_CENSAGRIC2020_AGE_MAR,IT1,1.0,Farms by type of marketing channel and age of the manager,Aziende per tipo di commercializzazione ed età del capo azienda,DCAT_CENSAGRIC2020_AGE_MAR,1.0,07/29/2024 10:52:22,
DF_DCAT_CENSAGRIC2020_AGE_OWN,IT1,1.0,Farms and areas by ownership and age of the manager,Aziende e superifici per titolo di possesso ed età del capo azienda,DCAT_CENSAGRIC2020_AGE_OWN,1.0,07/19/2024 08:48:43,
DF_DCAT_CENSAGRIC2020_AGE_SELF,IT1,1.0,Farms by self-consumption of final production and age of the manager,Aziende per autoconsumo della produzione finale ed età del capo azienda,DCAT_CENSAGRIC2020_AGE_SELF,1.0,07/19/2024 08:36:16,
DF_DCAT_CENSAGRIC2020_AU_CATTLE_1,IT1,1.0,Agricultural units and number of heads by type of livestock and altimetric zone,Unità agricole e numero di capi per tipo di allevamento e zona altimetrica,DCAT_CENSAGRIC2020_UA_CATTLE,1.0,04/19/2024 10:31:00,
DF_DCAT_CENSAGRIC2020_CATTLE_ALL,IT1,1.0,Farms and herd by type of livestock,Aziende e capi per tipo di allevamento,DCAT_CENSAGRIC2020_CATTLE,1.0,10/28/2024 11:21:38,
DF_DCAT_CENSAGRIC2020_CATTLE_SPA2023_1,IT1,1.0,Farms and herd by type of livestock,Aziende e capi per tipo di allevamento,DCAT_CENSAGRIC2020_CATTLE,1.0,2026-03-11T16:49:20.922Z,
DF_DCAT_CENSAGRIC2020_CROPS_ALL,IT1,1.0,Farms with utilised agricultural area by type of crops,Aziende con superficie agricola utilizzata per tipo di coltivazione,DCAT_CENSAGRIC2020_CROPS,1.0,11/27/2024 13:51:54,
DF_DCAT_CENSAGRIC2020_CROPS_SPA2023_1,IT1,1.0,Farms and agricoltural area by crops,Aziende con superficie agricola utilizzata per tipo di coltivazione,DCAT_CENSAGRIC2020_CROPS,1.0,2026-04-17T10:33:43.744Z,
DF_DCAT_CENSAGRIC2020_ECSIZE_ALL,IT1,1.0,Economic size and farm typology,Dimensione economica e orientamento tecnico economico,DCAT_CENSAGRIC2020_ECSIZE,1.0,12/03/2024 16:58:02,
DF_DCAT_CENSAGRIC2020_INV_ALL,IT1,1.0,Farms with investments,Aziende con investimenti,DCAT_CENSAGRIC2020_INV,1.0,12/03/2024 16:44:24,
DF_DCAT_CENSAGRIC2020_IRRCROPS_SPA2023_1,IT1,1.0,Farms and irrigated areas by crops,Aziende e superfici irrigate per tipo di coltivazione,DCAT_CENSAGRIC2020_IRRCROPS,1.0,2026-05-27T13:39:48.855Z,
DF_DCAT_CENSAGRIC2020_IRRSIS,IT1,1.0,Farms and irrigated areas by irrigation system,Aziende e superfici irrigate per sistema di irrigazione,DCAT_CENSAGRIC2020_IRRSIS,1.0,11/28/2024 13:27:32,
DF_DCAT_CENSAGRIC2020_IRRSIS_SPA2023,IT1,1.0,Farms and irrigated areas by irrigation system,Aziende e superfici irrigate per sistema di irrigazione,DCAT_CENSAGRIC2020_IRRSIS,1.0,2026-04-24T15:11:23.068Z,
DF_DCAT_CENSAGRIC2020_IRRSOU,IT1,1.0,Farms and irrigated areas by source of supply,Aziende e superfici irrigate per fonte di approvvigionamento,DCAT_CENSAGRIC2020_IRRSOU,1.0,11/28/2024 13:37:32,
DF_DCAT_CENSAGRIC2020_IRRSOU_SPA2023_1,IT1,1.0,Farms and irrigated areas by source of supply,Aziende e superfici irrigate per fonte di approvvigionamento,DCAT_CENSAGRIC2020_IRRSOU,1.0,2026-04-13T14:28:13.776Z,
DF_DCAT_CENSAGRIC2020_LABCAT_ALL,IT1,1.0,Farms and labour days by gender and labor category,Aziende e giornate di lavoro per sesso e categoria di manodopera,DCAT_CENSAGRIC2020_LABCAT,1.0,11/28/2024 14:53:11,
DF_DCAT_CENSAGRIC2020_LABCAT_SPA2023_1,IT1,1.0,Farms and labour days by gender and labor category,Aziende e giornate di lavoro per sesso e categoria di manodopera,DCAT_CENSAGRIC2020_LABCAT,1.0,2026-05-27T14:10:19.665Z,
DF_DCAT_CENSAGRIC2020_LEGOWN_ALL,IT1,1.0,Farms and areas by legal form and ownership,Aziende e superfici per forma giuridica e titolo di possesso,DCAT_CENSAGRIC2020_LEGOWN,1.0,12/03/2024 16:16:27,
DF_DCAT_CENSAGRIC2020_LEGOWN_SPA2023_1,IT1,1.0,Farms and areas by legal form and ownership,Aziende e superfici per forma giuridica e titolo di possesso,DCAT_CENSAGRIC2020_LEGOWN,1.0,2026-03-24T11:48:29.861Z,
DF_DCAT_CENSAGRIC2020_ORG_CATTLE_ALL,IT1,1.0,Farms and herd by type of organic livestock,Aziende e capi per tipo di allevamento biologico,DCAT_CENSAGRIC2020_CATTLE,1.0,11/28/2024 17:30:39,
DF_DCAT_CENSAGRIC2020_ORG_CROPS,IT1,1.0,Organic farms and area by organic crops,Aziende con superfice biologica per tipo di coltivazione,DCAT_CENSAGRIC2020_CROPS,1.0,11/28/2024 15:59:57,
DF_DCAT_CENSAGRIC2020_QUAL_ALL,IT1,1.0,"Number of farm managers and working days by qualification, workforce category, gender, age of the manager","Numero e giornate di lavoro del capo azienda per titolo di studio, categoria di manodopera del capo azienda, sesso, età del capo azienda",DCAT_CENSAGRIC2020_QUAL,1.0,11/28/2024 14:42:12,
DF_DCAT_CENSAGRIC2020_QUAL_SPA2023_1,IT1,1.0,"Number of farm managers and working days by qualification, workforce category, gender, age of the manager","Numero e giornate di lavoro del capo azienda per titolo di studio, categoria di manodopera del capo azienda, sesso, età del capo azienda",DCAT_CENSAGRIC2020_QUAL,1.0,2026-03-27T15:41:48.026Z,
DF_DCAT_CENSAGRIC2020_SAUAZONE_SPA2023_1,IT1,1.0,Farms by class of agricoltural area (UAA),Aziende per classi di superfici (SAU),DCAT_CENSAGRIC2020_SAU_AZONE,1.0,03/25/2026 10:37:28,
DF_DCAT_CENSAGRIC2020_SAU_AZONE_ALL,IT1,1.0,Farms by class of agricoltural area (UAA) and altimetric zone,Aziende per classi di superfici (SAU) e zona altimetrica,DCAT_CENSAGRIC2020_SAU_AZONE,1.0,11/27/2024 15:02:31,
DF_DCAT_CENSAGRIC2020_SAU_SELF,IT1,1.0,Farms by level of self-consumption,Aziende per quota di autoconsumo,DCAT_CENSAGRIC2020_SAU_SELF,1.0,12/03/2024 17:04:38,
DF_DCAT_CENSAGRIC2020_SAU_SELF_SPA2023_1,IT1,1.0,Farms by level of self-consumption and agricoltural areas,Aziende per quota di autoconsumo e classe di superficie,DCAT_CENSAGRIC2020_SAU_SELF,1.0,2026-04-24T15:15:15.118Z,
DF_DCAT_CENSAGRIC2020_SAU_SUBC,IT1,1.0,Farms by type of subcontracting and areas class,Aziende per tipo di contoterzismo e classe di superfice,DCAT_CENSAGRIC2020_SAU_SUBC,1.0,11/28/2024 15:08:44,
DF_DCAT_CENSAGRIC2020_SAU_SUBC_SPA2023_1,IT1,1.0,Farms with subcontracting and areas class,Aziende con contoterzismo e classe di superfice,DCAT_CENSAGRIC2020_SAU_SUBC,1.0,2026-04-17T10:05:23.694Z,
DF_DCAT_CENSAGRIC2020_SAU_TURN,IT1,1.0,Farms by source of revenue and areas class,Aziende per fonte di ricavo e classe di superfice,DCAT_CENSAGRIC2020_SAU_TURN,1.0,12/03/2024 17:14:05,
DF_DCAT_CENSAGRIC2020_SAU_TURN_1,IT1,1.0,Farms by source of revenue and areas class,Aziende per fonte di ricavo e classe di superficie,DCAT_CENSAGRIC2020_SAU_TURN,1.0,2026-04-24T15:18:48.180Z,
DF_DCAT_CENSAGRIC2020_SURF_ALL,IT1,1.0,Farms and areas,Aziende agricole e superfici,DCAT_CENSAGRIC2020_SURF,1.0,11/26/2024 15:12:34,
DF_DCAT_CENSAGRIC2020_SURF_IRRCROPS,IT1,1.0,Farms and irrigated areas by crops,Aziende e superfici irrigate per tipo di coltivazione,DCAT_CENSAGRIC2020_IRRCROPS,1.0,12/03/2024 17:59:22,
DF_DCAT_CENSAGRIC2020_SURF_IRR_CONS,IT1,1.0,"Farms and areas irrigable, irrigated, irrigation consultancy","Aziende e superfici irrigabili, irrigate, consulenza irrigua",DCAT_CENSAGRIC2020_SURF,1.0,11/27/2024 15:34:56,
DF_DCAT_CENSAGRIC2020_SURF_SPA2023_1,IT1,1.0,Farms and areas,Aziende agricole e superfici,DCAT_CENSAGRIC2020_SURF,1.0,2026-06-08T15:45:10.313Z,
DF_DCAT_CENSAGRIC2020_SURF_SPA2023_2,IT1,1.0,"Farms and areas irrigable, irrigated, irrigation consultancy","Aziende e superfici irrigabili, irrigate, consulenza irrigua",DCAT_CENSAGRIC2020_SURF,1.0,2026-04-02T09:18:22.593Z,
DF_DCAT_CENSAGRIC2020_TRAI_ALL,IT1,1.0,"Company managers with training courses, by gender and age","Capi azienda con corsi di formazione, per sesso ed età",DCAT_CENSAGRIC2020_TRAI,1.0,11/28/2024 14:47:12,
DF_DCAT_CENSAGRIC2020_TRAI_SPA2023,IT1,1.0,"Company managers with training courses, by gender and age","Capi azienda con corsi di formazione, per sesso ed età",DCAT_CENSAGRIC2020_TRAI,1.0,2026-04-24T15:26:23.706Z,
DF_DCAT_CENSAGRIC2020_UA_CROPS_1,IT1,1.0,Agricultural units and areas by altimetric zone,Unità agricole e superfici per zona altimentrica,DCAT_CENSAGRIC2020_UA_CROPS,1.0,04/05/2024 08:38:50,
DF_DCAT_CENSAGRIC2020_UA_CROPS_2,IT1,1.0,Agricultural units and agricoltural area by crops and altimetric zone,Unità agricole con superficie agricola utilizzata per tipo di coltivazione e zona altimetrica,DCAT_CENSAGRIC2020_UA_CROPS,1.0,04/05/2024 08:07:44,
DF_DCSE_CPA_AT2007_COE_OPT_A_REG_ALL_PROV_LAZIO,IT1,1.0,CPA annual data at provincial level - from 1991 - Lazio,CPAteco 2007 dato annuale a livello provinciale - dal 1991 - Lazio,DCSE_CPA_ATECO2007_COE_OPT,1.0,,
DF_DCSE_CPA_AT2007_COE_OPT_A_REG_ALL_REG,IT1,1.0,CPA annual data at provincial level - from 1991 - Regions,CPAteco 2007 dato annuale a livello provinciale - dal 1991 - Regioni,DCSE_CPA_ATECO2007_COE_OPT,1.0,,
DF_DCSE_CPA_ATECO2007_COE_A_M_CONJ_FIL1,IT1,1.0,CPA annual and monthly data at nationall level (filter 1),CPA Ateco 2007 dati annuali e mensili a livello nazionale (filtro 1),DCSE_CPA_ATECO2007_COE_OPT,1.0,,
DF_DCSE_CPA_ATECO2007_COE_A_M_CONJ_FIL2,IT1,1.0,CPA annual and monthly data at nationall level (filter 2),CPA Ateco 2007 dati annuali e mensili a livello nazionale (filtro 2),DCSE_CPA_ATECO2007_COE_OPT,1.0,,
DF_DCSE_CPA_ATECO2007_COE_A_Q_CONJ_PROV_LAZIO,IT1,1.0,CPA annual and quarterly data at provincial level - Lazio,CPA Ateco 2007 dati annuali e trimestrali a livello provinciale - Lazio,DCSE_CPA_ATECO2007_COE_OPT,1.0,,
DF_DCSE_CPA_ATECO2007_COE_A_Q_CONJ_REG,IT1,1.0,CPA annual and quarterly data at regional level,CPA Ateco 2007 dati annuali e trimestrali a livello regionale,DCSE_CPA_ATECO2007_COE_OPT,1.0,,
DF_DCSE_NC8_A_M_CONJ_2_EXP1,IT1,1.0,Combined Nomenclature (CN8) (value - quantity) monthly data (Filter EXP1),Nomenclatura combinata (NC8) (quantità e valore) dati mensili (Filtro EXP1),DCSE_NC8_VQ_OPT,1.0,,
DF_DCSE_NC8_A_M_CONJ_2_EXP2,IT1,1.0,Combined Nomenclature (CN8) (value - quantity) monthly data (Filter EXP2),Nomenclatura combinata (NC8) (quantità e valore) dati mensili (Filtro EXP1),DCSE_NC8_VQ_OPT,1.0,,
DF_DCSS_ABITAZIONI_TV_1,IT1,1.0,Occupancy status of conventional dwellings - municipalities,Abitazioni occupate e non occupate - comuni,DCSS_ABITAZIONI_TV,1.0,2026-06-26T08:07:18.285Z,
DF_DCSS_ABITAZIONI_TV_2,IT1,1.0,Occupied conventional dwellings by type of ownership - municipalities,"Abitazioni occupate a titolo di proprietà, affitto, altro titolo - comuni",DCSS_ABITAZIONI_TV,1.0,2026-06-26T08:09:21.253Z,
DF_DCSS_BEST_PPC_1_GC,IT1,1.0,Private households by perception of crime risk in the area where they live - provinces and large cities,Famiglie per percezione del rischio di criminalità nella zona in cui abitano - province e grandi comuni,DCSS_BEST_PPC_TV,1.0,2026-04-29T06:15:31.798Z,
DF_DCSS_BEST_PPC_2_GC,IT1,1.0,Population aged 14 years and over by life satisfaction - provinces and large cities,Persone di 14 anni e più per livello di soddisfazione della vita - province e grandi comuni,DCSS_BEST_PPC_TV,1.0,2026-04-29T06:15:31.798Z,
DF_DCSS_BEST_PPC_3_GC,IT1,1.0,Population aged 14 years and over who have family members you can count on - provinces and large cities,Persone di 14 anni e più che hanno parenti su cui contare - province e grandi comuni,DCSS_BEST_PPC_TV,1.0,2026-04-29T06:15:31.798Z,
DF_DCSS_BEST_PPC_4_GC,IT1,1.0,Population aged 14 years and over who have friends you can count on - provinces and large cities,Persone di 14 anni e più che hanno amici su cui contare - province e grandi comuni,DCSS_BEST_PPC_TV,1.0,2026-04-29T06:15:31.798Z,
DF_DCSS_BEST_PPC_5_GC,IT1,1.0,Population aged 14 years and over who have neighbors you can count on - provinces and large cities,Persone di 14 anni e più che hanno vicini su cui contare - province e grandi comuni,DCSS_BEST_PPC_TV,1.0,2026-04-29T06:15:31.798Z,
DF_DCSS_BEST_PPC_6_GC,IT1,1.0,Population aged 14 years and over by perception of safety walking alone in the dark in the area where they live - provinces and large cities,Persone di 14 anni e più per percezione della sicurezza camminando al buio da soli nella zona in cui abitano - province e grandi comuni,DCSS_BEST_PPC_TV,1.0,2026-04-29T06:15:31.798Z,
DF_DCSS_CARS_1,IT1,1.0,Owned cars by citizenship of the owner - municipalities,Automobili di proprietà per cittadinanza del proprietario - comuni,DCSS_CARS,1.0,2026-02-01T11:12:25.224Z,
DF_DCSS_CARS_2,IT1,1.0,Owned cars by number of household members - municipalities,Automobili di proprietà per numero di componenti della famiglia - comuni,DCSS_CARS,1.0,2026-02-01T11:12:25.224Z,
DF_DCSS_CARS_3,IT1,1.0,Owned cars by citizenship of household members - municipalities,Automobili di proprietà per cittadinanza dei componenti della famiglia - comuni,DCSS_CARS,1.0,2026-02-01T11:12:25.224Z,
DF_DCSS_CARS_PARK_1,IT1,1.0,Owned cars by citizenship of the owner - municipalities,Automobili di proprietà per cittadinanza del proprietario - comuni,DCSS_CARS_PARK,1.0,2026-03-17T13:35:19.311Z,
DF_DCSS_CARS_PARK_2,IT1,1.0,Owned cars by number of household members - municipalities,Automobili di proprietà per numero di componenti della famiglia - comuni,DCSS_CARS_PARK,1.0,2026-03-17T13:37:55.209Z,
DF_DCSS_CARS_PARK_3,IT1,1.0,Owned cars by citizenship of household members - municipalities,Automobili di proprietà per cittadinanza dei componenti della famiglia - comuni,DCSS_CARS_PARK,1.0,2026-03-17T13:31:27.723Z,
DF_DCSS_CARS_PARK_4,IT1,1.0,Private households by availability of car parking - provinces and large cities,Famiglie per disponibilità di posto auto privato - province e grandi comuni,DCSS_CARS_PARK,1.0,2026-03-17T13:28:20.713Z,
DF_DCSS_CARS_PARK_5,IT1,1.0,Private households with a car parking by type of parking - provinces and large cities,Famiglie che dispongono di posto auto privato per tipo di posto auto - province e grandi comuni,DCSS_CARS_PARK,1.0,2026-03-17T13:28:20.713Z,
DF_DCSS_CONVIVENZE_TV_1,IT1,1.0,"Resident population in institutional household by type of institutional household, gender, age class and citizenship - provinces and large cities","Popolazione residente in convivenza per tipo di convivenza, sesso, classi di età e cittadinanza - province e grandi comuni",DCSS_CONVIVENZE_TV,1.0,2026-04-07T06:59:51.785Z,
DF_DCSS_CONVIVENZE_TV_2,IT1,1.0,Resident population in institutional household by type of institutional household and gender - municipalities,Popolazione residente in convivenza per tipo di convivenza e sesso - comuni,DCSS_CONVIVENZE_TV,1.0,2026-04-07T06:59:51.785Z,
DF_DCSS_CONVIVENZE_TV_3,IT1,1.0,Institutional households with at least one resident person by number of members in institutional household - provinces and large cities,Convivenze anagrafiche per numero di componenti in convivenza - province e grandi comuni,DCSS_CONVIVENZE_TV,1.0,2026-04-07T06:59:51.785Z,
DF_DCSS_CONVIVENZE_TV_4,IT1,1.0,Institutional households with at least one resident person by type of institutional household - municipalities,Convivenze anagrafiche per tipo di convivenza - comuni,DCSS_CONVIVENZE_TV,1.0,2026-04-07T06:59:51.785Z,
DF_DCSS_EMPLP_1_COM,IT1,1.0,Employed persons by gender and status in employment - municipalities,Occupati per sesso e posizione nella professione - comuni,DCSS_EMPLP_TV,1.0,04/28/2025 13:12:24,
DF_DCSS_EMPLP_2_COM,IT1,1.0,Employed persons by gender and industry (branch of economic activity) - municipalities,Occupati per sesso e settori di attività economica - comuni,DCSS_EMPLP_TV,1.0,04/28/2025 13:12:24,
DF_DCSS_FAMIGLIE_TV_1,IT1,1.0,Private households by number of members - municipalities,Famiglie per numero di componenti - comuni,DCSS_FAMIGLIE_TV,1.0,2026-07-14T14:50:04.386Z,
DF_DCSS_FAMIGLIE_TV_2,IT1,1.0,Private household with at least a resident foreign one persons  - municipalities,Famiglie con almeno uno straniero residente  - comuni,DCSS_FAMIGLIE_TV,1.0,2026-03-24T09:11:36.019Z,
DF_DCSS_FAMIGLIE_TV_3,IT1,1.0,Private households with all foreign members - municipalities,Famiglie con tutti i componenti stranieri - comuni,DCSS_FAMIGLIE_TV,1.0,2026-03-24T09:11:36.019Z,
DF_DCSS_FAMILY_NUCLEI_1_GC,IT1,1.0,Family nuclei by type of family and number of children - provinces and large cities,Nuclei familiari per tipo di nucleo e numero di figli - province e grandi comuni,DCSS_FAMILY_NUCLEI_TV,1.0,04/28/2025 13:25:43,
DF_DCSS_FAMILY_NUCLEI_2_GC,IT1,1.0,"Couples by type of couple, conjugal status and presence of children - provinces and large cities","Coppie per tipo di coppia, stato coniugale e presenza di figli - province e grandi comuni",DCSS_FAMILY_NUCLEI_TV,1.0,04/28/2025 13:25:43,
DF_DCSS_FAMILY_NUCLEI_3_GC,IT1,1.0,"Cuoples by age class of partner 1, of partner 2 and presence of children - provinces and large cities","Coppie per classe di età del partner 1, del partner 2 e presenza di figli - province e grandi comuni",DCSS_FAMILY_NUCLEI_TV,1.0,04/28/2025 13:25:43,
DF_DCSS_FAMILY_NUCLEI_4_GC,IT1,1.0,"Lone parent families by type of family, sex and age class of the parent - provinces and large cities","Nuclei familiari monogenitore per tipo di nucleo, sesso e classe di età del genitore - province e grandi comuni",DCSS_FAMILY_NUCLEI_TV,1.0,04/28/2025 13:25:43,
DF_DCSS_FAM_POP_TV_1,IT1,1.0,Number of private households and resident population in private household - municipalities,Numero di famiglie e popolazione residente in famiglia - comuni,DCSS_FAM_POP_TV,1.0,2026-03-24T08:57:12.056Z,
DF_DCSS_FAM_POP_TV_2,IT1,1.0,Average number of members per private household - municipalities,Numero medio di componenti per famiglia - comuni,DCSS_FAM_POP_TV,1.0,2026-03-24T08:57:12.056Z,
DF_DCSS_FORPOP_1_GC,IT1,1.0,Foreign population by legal marital status - provinces and large cities,Popolazione straniera per stato civile - province e grandi comuni,DCSS_FORPOP_TV,1.0,04/28/2025 12:47:25,
DF_DCSS_FORPOP_2_GC,IT1,1.0,Foreign population by position in the private household or not in the private household - provinces and large cities,Popolazione straniera per posizione in famiglia o non in famiglia - province e grandi comuni,DCSS_FORPOP_TV,1.0,04/28/2025 12:47:25,
DF_DCSS_FORPOP_3_GC,IT1,1.0,Foreign population by position in family nucleus - provinces and large cities,Popolazione straniera per posizione nel nucleo - province e grandi comuni,DCSS_FORPOP_TV,1.0,04/28/2025 12:47:25,
DF_DCSS_FPHH_FNCL_1_GC,IT1,1.0,"Foreign resident population in private household by gender, age class and type of private households - provinces and large cities","Popolazione straniera residente in famiglia per sesso, classe di età e tipologia della famiglia - province e grandi comuni",DCSS_FPHH_FNCL_TV,1.0,04/28/2025 13:36:15,
DF_DCSS_FPHH_FNCL_2_GC,IT1,1.0,Private household with at least a resident foreign one person by type of private households - provinces and large cities,Famiglie con almeno uno straniero residente per tipologia di famiglia - province e grandi comuni,DCSS_FPHH_FNCL_TV,1.0,04/28/2025 13:36:15,
DF_DCSS_FPHH_FNCL_3_GC,IT1,1.0,Family nuclei with at least one foreign by type of family nuclei and geographical area of citizenship of reference person - provinces and large cities,Nuclei familiari con almeno uno straniero residente per tipologia di nucleo e area geografica di cittadinanza della persona di riferimento - province e grandi comuni,DCSS_FPHH_FNCL_TV,1.0,04/28/2025 13:36:15,
DF_DCSS_HCUE_COM_1_COM,IT1,1.0,Population by legal marital status - municipalities,Popolazione per stato civile - comuni,DCSS_HCUE_COM_TV,1.1,2026-07-21T07:31:38.348Z,
DF_DCSS_HCUE_COM_2_COM,IT1,1.0,Population by position in private household or not in private household - municipalities,Popolazione per posizione in famiglia o non in famiglia - comuni,DCSS_HCUE_COM_TV,1.1,2026-07-21T07:31:38.348Z,
DF_DCSS_HCUE_COM_3_COM,IT1,1.0,Population by place  of birth - municipalities,Popolazione per paese di nascita - comuni,DCSS_HCUE_COM_TV,1.1,2026-07-21T07:31:38.348Z,
DF_DCSS_HCUE_COM_4_COM,IT1,1.0,Private households by type of private household - municipalities,Famiglie per tipo di famiglia - comuni,DCSS_HCUE_COM_TV,1.1,2026-07-21T07:31:38.348Z,
DF_DCSS_HCUE_COM_5_COM,IT1,1.0,Family nuclei by type of family nucleus - municipalities,Nuclei familiari per tipo di nucleo familiare - comuni,DCSS_HCUE_COM_TV,1.1,2026-07-21T07:31:38.348Z,
DF_DCSS_HCUE_COM_6_COM,IT1,1.0,Family nuclei by number of members - municipalities,Nuclei familiari per numero di componenti - comuni,DCSS_HCUE_COM_TV,1.1,2026-07-21T07:31:38.348Z,
DF_DCSS_HCUE_COM_7_COM,IT1,1.0,Occupied and unoccupied conventional dwellings by type of building - municipalities,Abitazioni occupate e non occupate per tipo di edificio - comuni,DCSS_HCUE_COM_TV,1.1,2026-07-21T07:31:38.348Z,
DF_DCSS_HCUE_COM_8_COM,IT1,1.0,Living quarters - municipalities,Alloggi occupati - comuni,DCSS_HCUE_COM_TV,1.1,2026-07-21T07:31:38.348Z,
DF_DCSS_HUDW_1_COM,IT1,1.0,Private households by tenure status of households - municipalities,Famiglie per titolo di godimento - comuni,DCSS_HUDW_TV,1.0,2026-07-21T07:20:19.740Z,
DF_DCSS_HUDW_2_PROV,IT1,1.0,Conventional dwellings by period of construction and occupancy status of conventional dwellings - regions and provinces,Abitazioni per epoca di costruzione e stato di occupazione - regioni e province,DCSS_HUDW_TV,1.0,2026-07-21T07:20:19.740Z,
DF_DCSS_HUDW_3_PROV,IT1,1.0,Occupied conventional dwellings by resident persons by useful floor space groups and number of occupants - regions and provinces,Abitazioni occupate da almeno una persona residente per classi di superficie e numero di occupanti - regioni e province,DCSS_HUDW_TV,1.0,2026-07-21T07:20:19.740Z,
DF_DCSS_HUDW_4_PROV,IT1,1.0,Occupied conventional dwellings by resident persons by density standard (floor space) - regions and provinces,Abitazioni occupate da almeno una persona residente per densità abitativa - regioni e province,DCSS_HUDW_TV,1.0,2026-07-21T07:20:19.740Z,
DF_DCSS_HUDW_5_PROV,IT1,1.0,Occupied conventional dwellings by resident persons by type of heating - regions and provinces,Abitazioni occupate da almeno una persona residente per tipo di impianto di riscaldamento - regioni e province,DCSS_HUDW_TV,1.0,2026-07-21T07:20:19.740Z,
DF_DCSS_HUDW_6_COM,IT1,1.0,Private households by type of living quarter - municipalities,Famiglie per tipo di alloggio - comuni,DCSS_HUDW_TV,1.0,2026-07-21T07:20:19.740Z,
DF_DCSS_ISTR_LAV_PEN_2_TV_1,IT1,1.0,Resident population 9 years and over by educational attainment and age - municipalities,Popolazione residente di 9 anni e più per grado di istruzione ed età - comuni,DCSS_ISTR_LAV_PEN_2_TV,1.0,2026-03-04T08:21:56.059Z,
DF_DCSS_ISTR_LAV_PEN_2_TV_2,IT1,1.0,Resident population 9 years and over by educational attainment and citizenship - municipalities,Popolazione residente di 9 anni e più per grado di istruzione e cittadinanza - comuni,DCSS_ISTR_LAV_PEN_2_TV,1.0,2026-03-04T08:21:56.059Z,
DF_DCSS_ISTR_LAV_PEN_2_TV_3,IT1,1.0,Resident population 15 years and over by current activity status and age - municipalities,Popolazione residente di 15 anni e più per condizione professionale ed età - comuni,DCSS_ISTR_LAV_PEN_2_TV,1.0,2026-03-04T08:21:56.059Z,
DF_DCSS_ISTR_LAV_PEN_2_TV_4,IT1,1.0,Resident population 15 years and over by current activity status and citizenship - municipalities,Popolazione residente di 15 anni e più per condizione professionale e cittadinanza - comuni,DCSS_ISTR_LAV_PEN_2_TV,1.0,2026-03-04T08:21:56.059Z,
DF_DCSS_ISTR_LAV_PEN_2_TV_5,IT1,1.0,Resident population commuting daily for studying or working - municipalities,Popolazione residente che si sposta giornalmente per studio o lavoro - comuni,DCSS_ISTR_LAV_PEN_2_TV,1.0,2026-03-04T08:21:56.059Z,
DF_DCSS_LCAS_FRISC_1,IT1,1.0,Employed persons working from home by number of days and sex - provinces and large cities,Occupati per utilizzo di lavoro da casa e sesso - province e grandi comuni,DCSS_LCAS_FRISC,1.0,2026-04-14T07:47:20.651Z,
DF_DCSS_LCAS_FRISC_2,IT1,1.0,Employed persons working from home by number of days and age class - provinces and large cities,Occupati per utilizzo di lavoro da casa e classi di età - province e grandi comuni,DCSS_LCAS_FRISC,1.0,2026-04-14T07:47:20.651Z,
DF_DCSS_LCAS_FRISC_3,IT1,1.0,Resident population aged 14 and over by training and educational attainment and gender - provinces and large cities,Popolazione residente di 14 anni e più per frequenza di un corso di formazione/aggiornamento professionale e sesso - province e grandi comuni,DCSS_LCAS_FRISC,1.0,2026-04-14T07:47:20.651Z,
DF_DCSS_LCAS_FRISC_4,IT1,1.0,"Resident population up to age 8 by day nursery, nursery school, primary school attendance and gender - provinces and large cities",Popolazione residente fino a 8 anni per frequenza di asilo nido/scuola dell'infanzia/scuola primaria e sesso - province e grandi comuni,DCSS_LCAS_FRISC,1.0,2026-04-14T07:47:20.651Z,
DF_DCSS_LCAS_FRISC_5,IT1,1.0,Resident population aged 9 and over by enrolment in a regular course of study  - provinces and large cities,Popolazione residente di 9 anni e più per iscrizione a un corso regolare di studi  - province e grandi comuni,DCSS_LCAS_FRISC,1.0,2026-04-14T07:47:20.651Z,
DF_DCSS_MIGR_BACKG_PAR_TV_10_COM,IT1,1.0,"Foreign population born in Italy and abroad by educational attainment, citizenship and place of birth of parents - municipalities","Popolazione straniera nata in italia e all'estero per grado di istruzione, cittadinanza e luogo di nascita dei genitori - comuni",DCSS_MIGR_BACKG_PAR_TV,1.0,11/14/2025 13:21:21,
DF_DCSS_MIGR_BACKG_PAR_TV_1_COM,IT1,1.0,"Italian population by birth, by acquisition and foreign/stateless population by place of birth of parents - municipalities","Popolazione italiana dalla nascita, italiana per acquisizione e straniera/apolide per luogo di nascita dei genitori - comuni",DCSS_MIGR_BACKG_PAR_TV,1.0,2025-11-14T13:21:21.348Z,
DF_DCSS_MIGR_BACKG_PAR_TV_2_COM,IT1,1.0,Italian population born in Italy by place of birth of parents - municipalities,Popolazione italiana nata in Italia per luogo di nascita dei genitori - comuni,DCSS_MIGR_BACKG_PAR_TV,1.0,2025-11-14T13:21:21.348Z,
DF_DCSS_MIGR_BACKG_PAR_TV_3_COM,IT1,1.0,Italian population born abroad (immigrant) by place of birth of parents - municipalities,Popolazione italiana nata all'estero (immigrata) per luogo di nascita dei genitori - comuni,DCSS_MIGR_BACKG_PAR_TV,1.0,2025-11-14T13:21:21.348Z,
DF_DCSS_MIGR_BACKG_PAR_TV_4_COM,IT1,1.0,Italian population by acquisition born in Italy by previous citizenship and place of birth of parents - municipalities,Popolazione italiana per acquisizione nata in Italia per cittadinanza precedente e luogo di nascita dei genitori - comuni,DCSS_MIGR_BACKG_PAR_TV,1.0,2025-11-14T13:21:21.348Z,
DF_DCSS_MIGR_BACKG_PAR_TV_5_COM,IT1,1.0,Italian population by acquisition born abroad (immigrant) by previous citizenship and place of birth of parents - municipalities,Popolazione italiana per acquisizione nata all'estero (immigrata) per cittadinanza precedente e luogo di nascita dei genitori - comuni,DCSS_MIGR_BACKG_PAR_TV,1.0,2025-11-14T13:21:21.348Z,
DF_DCSS_MIGR_BACKG_PAR_TV_6_COM,IT1,1.0,Foreign population born in Italy by citizenship and place of birth of parents - municipalities,Popolazione straniera nata in Italia per cittadinanza e luogo di nascita dei genitori - comuni,DCSS_MIGR_BACKG_PAR_TV,1.0,2025-11-14T13:21:21.348Z,
DF_DCSS_MIGR_BACKG_PAR_TV_7_COM,IT1,1.0,Foreign population born abroad (immigrant) by citizenship and place of birth of parents - municipalities,Popolazione straniera nata all'estero (immigrata) per cittadinanza e luogo di nascita dei genitori - comuni,DCSS_MIGR_BACKG_PAR_TV,1.0,2025-11-14T13:21:21.348Z,
DF_DCSS_MIGR_BACKG_PAR_TV_8_COM,IT1,1.0,Italian population born in Italy and abroad by educational attainment and place of birth of parents - municipalities,Popolazione italiana nata in Italia e all'estero per grado di istruzione e luogo di nascita dei genitori - comuni,DCSS_MIGR_BACKG_PAR_TV,1.0,11/14/2025 13:21:21,
DF_DCSS_MIGR_BACKG_PAR_TV_9_COM,IT1,1.0,"Italian population by acquisition born in Italy and abroad by educational attainment, previous citizenship and place of birth of parents - municipalities","Popolazione italiana per acquisizione nata in Italia e all'estero per grado di istruzione, cittadinanza precedente e luogo di nascita dei genitori - comuni",DCSS_MIGR_BACKG_PAR_TV,1.0,11/14/2025 13:21:21,
DF_DCSS_POPHH_PHH_1_GC,IT1,1.0,"Resident population in private household by gender, age class and private household status - provinces and large cities","Popolazione residente in famiglia per sesso, classe di età, e posizione nella famiglia - province e grandi comuni",DCSS_POPHH_PHH_TV,1.0,04/28/2025 13:18:55,
DF_DCSS_POPHH_PHH_2_COM,IT1,1.0,Resident population in private household by type of private households - municipalities,Popolazione residente in famiglia per tipologia della famiglia - comuni,DCSS_POPHH_PHH_TV,1.0,04/28/2025 13:18:55,
DF_DCSS_POPHH_PHH_3_GC,IT1,1.0,Resident population in private household by number of members and type of private households - provinces and large cities,Popolazione residente in famiglia per numero di componenti e tpologia della famiglia - province e grandi comuni,DCSS_POPHH_PHH_TV,1.0,04/28/2025 13:18:55,
DF_DCSS_POPHH_PHH_4_COM,IT1,1.0,Private households by type of private households - municipalities,Famiglie per tipologia della famiglia - comuni,DCSS_POPHH_PHH_TV,1.0,04/28/2025 13:18:55,
DF_DCSS_POPHH_PHH_5_GC,IT1,1.0,Private households by number of members and type of private households - provinces and large cities,Famiglie per numero di componenti e tipologia della famiglia - province e grandi comuni,DCSS_POPHH_PHH_TV,1.0,04/28/2025 13:18:55,
DF_DCSS_POPRESABR_1_GC,IT1,1.0,"Population that has resided abroad by age class, year of arrival and place of usual residence one year prior compared to the current place of residence - provinces and large cities","Popolazione che è stata residente all'estero per classi di età,  anno di arrivo e luogo di dimora abituale 1 anno prima rispetto alla dimora attuale - province e grandi comuni",DCSS_POPRESABR_TV,1.0,04/28/2025 13:04:06,
DF_DCSS_POPRESABR_2_GC,IT1,1.0,Population that has resided abroad by year of arrival and place of birth - provinces and large cities,Popolazione che è stata residente all'estero per anno di arrivo e luogo di nascita - province e grandi comuni,DCSS_POPRESABR_TV,1.0,04/28/2025 13:04:06,
DF_DCSS_POPRESABR_3_GC,IT1,1.0,Population that has resided abroad by year of arrival and geographical area of citizenship - provinces and large cities,Popolazione che è stata residente all'estero per anno di arrivo e area geografica di cittadinanza - province e grandi comuni,DCSS_POPRESABR_TV,1.0,04/28/2025 13:04:06,
DF_DCSS_POPRESABR_4_REGIO,IT1,1.0,"Population that has resided abroad by year of arrival,  place of birthand and geographical area of citizenship - regions","Popolazione che è stata residente all'estero per anno di arrivo, luogo di nascita e area geografica di cittadinanza - regioni",DCSS_POPRESABR_TV,1.0,04/28/2025 13:04:06,
DF_DCSS_POPRES_SERIES_TV_1,IT1,1.0,Resident population -Time series,Popolazione residente - Serie storica,DCSS_POP_DEMCITMIG_TV,1.0,2025-12-17T16:23:10.239Z,
DF_DCSS_POP_CAMPI_ATTR_TV_1,IT1,1.0,Population living in authorized and not authorized settlement - municipalities,"Popolazione che vive nei campi attrezzati, negli insediamenti tollerati e spontanei - comuni",DCSS_POP_CAMPI_ATTR_TV,1.0,2026-04-07T07:07:04.014Z,
DF_DCSS_POP_DEMCITMIG_SETA_1,IT1,1.0,"Resident population by single age, gender and citizenship - municipalities","Popolazione residente per singole età, sesso e cittadinanza - comuni",DCSS_POP_DEMCITMIG_SETA_TV,1.0,2025-12-17T17:46:52.722Z,
DF_DCSS_POP_DEMCITMIG_TV_1,IT1,1.0,Resident population by age groups (five-year) and gender - municipalities,Popolazione residente per classi di età (quinquennali) e sesso - comuni,DCSS_POP_DEMCITMIG_TV,1.0,2025-12-17T16:32:51.235Z,
DF_DCSS_POP_DEMCITMIG_TV_2,IT1,1.0,"Resident population by age groups (ten-year), gender and citizenship - municipalities","Popolazione residente per classi di età (decennali), sesso e cittadinanza - comuni",DCSS_POP_DEMCITMIG_TV,1.0,2025-12-17T16:32:51.235Z,
DF_DCSS_POP_DEMCITMIG_TV_3,IT1,1.0,Resident foreign population by geographical area and countries of citizenship - municipalities,Popolazione straniera residente per area geografica e paesi di cittadinanza - comuni,DCSS_POP_DEMCITMIG_TV,1.0,2025-12-17T16:32:51.235Z,
DF_DCSS_POP_DEMCITMIG_TV_4,IT1,1.0,"Resident foreign population by main countries of citizenship - municipalities with more than 20,000 inhab.",Popolazione straniera residente per principali paesi di cittadinanza - comuni con più di 20.000 ab.,DCSS_POP_DEMCITMIG_TV,1.0,2026-02-18T20:15:28.124Z,
DF_DCSS_POP_DEMCITMIG_TV_5,IT1,1.0,Demographic indicators - municipalities,Indicatori demografici - comuni,DCSS_POP_DEMCITMIG_TV,1.0,2025-12-17T16:32:51.235Z,
DF_DCSS_POP_LEGALE_TV,IT1,1.0,Population de jure as published in GU Serie Generale n.53 del 03-03-2023 - Suppl. Ordinario n.10,Popolazione legale pubblicata nella GU Serie Generale n.53 del 03-03-2023 - Suppl. Ordinario n.10,DCSS_POP_LEGALE_TV,1.0,05/19/2025 07:20:45,
DF_DCSS_RESPOP_PL1Y_1_GC,IT1,1.0,Resident population by age class and place of usual residence one year prior compared to the current place of residence - provinces and large cities,Popolazione residente per classe di età e luogo di dimora abituale 1 anno prima rispetto alla dimora attuale - province e grandi comuni,DCSS_RESPOP_PL1Y_TV,1.0,04/28/2025 12:53:36,
DF_DCSS_RESPOP_PL1Y_2_GC,IT1,1.0,Resident population citizenship and place of usual residence one year prior compared to the current place of residence - provinces and large cities,Popolazione residente per cittadinanza e luogo di dimora abituale 1 anno prima rispetto alla dimora attuale - province e grandi comuni,DCSS_RESPOP_PL1Y_TV,1.0,04/28/2025 12:53:36,
DF_DCSS_RESPOP_PL1Y_3_GC,IT1,1.0,Resident population by age class and place of usual residence 1 year earlier - provinces and large cities,Popolazione residente per classe di età e luogo di dimora abituale 1 anno prima - province e grandi comuni,DCSS_RESPOP_PL1Y_TV,1.0,04/28/2025 12:53:36,
DF_DCSS_RESPOP_PL1Y_4_GC,IT1,1.0,Resident population by citizenship and place of usual residence one year prior - provinces and large cities,Popolazione residente per cittadinanza e luogo di dimora abituale 1 anno prima - province e grandi comuni,DCSS_RESPOP_PL1Y_TV,1.0,04/28/2025 12:53:36,
DF_DCSS_RESPOP_PL1Y_5_GC,IT1,1.0,Resident population by educational attainment and place of usual residence one year prior compared to the current place of residence - provinces and large cities,Popolazione residente per grado di istruzione e luogo di dimora abituale 1 anno prima rispetto alla dimora attuale - province e grandi comuni,DCSS_RESPOP_PL1Y_TV,1.0,04/28/2025 12:53:36,
DF_DCSS_RESPOP_PL1Y_6_GC,IT1,1.0,Resident population by current activity status and place of usual residence one year prior compared to the current place of residence - provinces and large cities,Popolazione residente per condizione professionale e luogo di dimora abituale 1 anno prima rispetto alla dimora attuale - province e grandi comuni,DCSS_RESPOP_PL1Y_TV,1.0,04/28/2025 12:53:36,
DF_DCSS_SENZA_TETTO_TV_1,IT1,1.0,Primary and secondary homeless persons - municipalities,Persone senza tetto e senza fissa dimora - comuni,DCSS_SENZA_TETTO_TV,1.0,2026-04-07T06:40:03.070Z,
DF_DIFF_REPORT,IT1,1.0,Dissemination report Dataflow,Dataflow per la diffusione di report,DSD_DIFF_REPORT,1.0,,
DF_DIPS_SIR_IND_TERR_DRT_MUN_1,IT1,1.0,All indicators - All territories,Indicatori e territorio,DIPS_SIR_IND_TERR_DRT,1.0,2023-11-24T09:29:21.551Z,METADATA_URL
DF_DIPS_SIR_IND_TERR_DRT_MUN_2,IT1,1.0,All indicators by individual territory,Indicatori per singolo territorio,DIPS_SIR_IND_TERR_DRT,1.0,2023-11-24T09:31:12.724Z,METADATA_URL
DF_DIPS_SIR_IND_TERR_DRT_OCC_RBI_MUN_1,IT1,1.0,All indicators - All territories (persons employed - enterprises),Indicatori e territorio (addetti - imprese),DIPS_SIR_IND_TERR_DRT_OCC_RBI,1.0,11/24/2023 10:13:40,
DF_DIPS_SIR_IND_TERR_DRT_OCC_RBI_MUN_2,IT1,1.0,All indicators by individual territory (persons employed - enterprises),Indicatori per singolo territorio (addetti - imprese),DIPS_SIR_IND_TERR_DRT_OCC_RBI,1.0,11/24/2023 10:21:14,
DF_DIPS_SIR_IND_TERR_DRT_OCC_RBI_MUN_3,IT1,1.0,All indicators - All territories (self-employed - enterprises),Indicatori e territorio (indipendenti),DIPS_SIR_IND_TERR_DRT_OCC_RBI,1.0,11/24/2023 10:25:53,
DF_DIPS_SIR_IND_TERR_DRT_OCC_RBI_MUN_4,IT1,1.0,All indicators by individual territory (self-employed),Indicatori per singolo territorio (indipendenti),DIPS_SIR_IND_TERR_DRT_OCC_RBI,1.0,11/24/2023 10:24:55,
DF_DIPS_SIR_IND_TERR_DRT_OCC_RBI_MUN_5,IT1,1.0,All indicators - All territories (employees),Indicatori e territorio (dipendenti),DIPS_SIR_IND_TERR_DRT_OCC_RBI,1.0,11/24/2023 10:28:34,
DF_DIPS_SIR_IND_TERR_DRT_OCC_RBI_MUN_6,IT1,1.0,All indicators by individual territory (employees),Indicatori per singolo territorio (dipendenti),DIPS_SIR_IND_TERR_DRT_OCC_RBI,1.0,11/24/2023 10:30:56,
DF_DIPS_SIR_IND_TERR_DRT_OCC_RBI_SLL_1,IT1,1.0,All indicators - All Labour Market Areas (LMAs),Indicatori per Sistemi Locali del Lavoro (SLL),DIPS_SIR_IND_TERR_DRT_OCC_RBI,1.0,11/24/2023 09:48:03,
DF_DIPS_SIR_IND_TERR_DRT_OCC_RBI_SLL_2,IT1,1.0,Indicators by Labour Market Area (LMA),Indicatori per singolo Sistema Locale del Lavoro (SLL),DIPS_SIR_IND_TERR_DRT_OCC_RBI,1.0,11/24/2023 09:48:03,
DF_DIPS_SIR_IND_TERR_DRT_SLL_1,IT1,1.0,All indicators - All Labour Market Areas (LMAs),Indicatori per Sistemi Locali del Lavoro (SLL),DIPS_SIR_IND_TERR_DRT,1.0,2023-11-24T09:33:13.210Z,METADATA_URL
DF_DIPS_SIR_IND_TERR_DRT_SLL_2,IT1,1.0,Indicators by Labour Market Area (LMA),Indicatori per singolo Sistema Locale del Lavoro (SLL),DIPS_SIR_IND_TERR_DRT,1.0,2023-11-24T09:45:49.514Z,METADATA_URL
DF_TEST_DCIS_ABORTISPONTL,IT1,1.0,DF test,DF TEST IT,TEST_DCIS_ABORTISPONTL,1.0,02/15/2023 11:27:00,
DF_TST,IT1,1.0,Crops in Italy,,VIRTUALDSD,1.0,,
EMP,IT1,1.0,Employment,Occupazione,ECOFIN_DSD,1.0,,
FSI07,IT1,1.0,Financial Soundness Indicators,Indicatori di solidità finanziaria,ECOFIN_DSD,1.0,,
GGO,IT1,1.0,General government operations,Operazioni del governo,ECOFIN_DSD,1.0,2026-05-26T06:38:00.424Z,
IND,IT1,1.0,Index of industrial production,Indice della produzione industriale,ECOFIN_DSD,1.0,,
MET,IT1,1.0,Merchandise trade,Commercio,ECOFIN_DSD,1.0,,
NAG_08,IT1,1.0,National accounts - 2008 methodology,Conti nazionali - metodologia 2008,ECOFIN_DSD,1.0,,
POP,IT1,1.0,Population,Popolazione,ECOFIN_DSD,1.0,,
PPI,IT1,1.0,Producer prices,Prezzi alla produzione,ECOFIN_DSD,1.0,,
SDDS_PLUS_CPI_DF_167_744_1,IT1,1.0,Consumer prices,Prezzi al consumo,DCSP_NIC1B2025,1.0,2026-04-28T14:26:19.387Z,
SDDS_PLUS_NAG_08_DF_163_156_1,IT1,1.0,National accounts (GDP) - at current prices,Conti nazionali - prezzi correnti,DCCN_SQCQ,1.0,2026-05-29T10:02:45.900Z,
SDDS_PLUS_NAG_08_DF_163_156_2,IT1,1.0,National accounts (GDP) - chained volume in monetary terms,Conti nazionali - valori concatenati,DCCN_SQCQ,1.0,2026-07-30T08:01:18.028Z,
SDDS_PLUS_POP_DF_22_315_1,IT1,1.0,Population,Popolazione,DCIS_POPORESBIL1,1.0,2026-03-31T07:56:14.009Z,
TEST_LINKED_DF_DCSP_PREZZIAGR_1,IT1,1.0,TEST_LINKED_DF_DCSP_PREZZIAGR_1,,VIRTUALDSD,1.0,,
UEM,IT1,1.0,Unemployment,Disoccupazione,ECOFIN_DSD,1.0,,
WOE,IT1,1.0,Contractual wages,Retribuzioni contrattuali,ECOFIN_DSD,1.0,,
